Date,Open,High,Low,Close
1/3/1975,173,175.5,170.5,174.7
1/6/1975,172,174.5,167.5,174.4
1/7/1975,171,174,168.5,173.4
1/8/1975,176,180,176,177.4
1/9/1975,179,179.1,177,178.3
1/10/1975,177,181.3,176.5,181.3
1/13/1975,181,181,178.6,178.6
1/14/1975,177,178.6,176.5,178.6
1/15/1975,178.8,179.4,177.3,177.3
1/16/1975,177,177,174.6,175.1
1/17/1975,174.7,175.8,172.1,172.1
1/20/1975,173.6,176.2,173.6,176.2
1/21/1975,173.7,173.7,173.7,173.7
1/22/1975,175.9,175.9,174.3,174.3
1/23/1975,177,178.9,176.4,176.4
1/24/1975,179,180,177.8,179.5
1/27/1975,180,180,176.8,176.8
1/28/1975,177.3,177.3,175.4,176
1/29/1975,177.4,179.1,177.4,179.1
1/30/1975,179.7,180.7,178,178.3
1/31/1975,178,178.4,177,178
2/3/1975,179.1,179.7,178.1,178.3
2/4/1975,176.5,177.5,175.6,177.3
2/5/1975,177.2,177.7,176.5,176.7
2/6/1975,174.9,176.7,174.1,176.3
2/7/1975,177.2,177.4,176.4,177.3
2/10/1975,176,176.4,175.5,175.6
2/11/1975,176.3,177.1,171.3,176.8
2/13/1975,180.5,186.7,180.2,185.8
2/14/1975,186,186.8,182.5,184.9
2/18/1975,182,185.7,181.7,185.4
2/19/1975,186,188,185.5,185.6
2/20/1975,185.7,188.4,185.4,187.7
2/21/1975,188,188.5,185,186
2/24/1975,186.7,187.5,186.7,186.9
2/25/1975,189,189,184.1,184.4
2/26/1975,185.5,185.7,183.2,185.2
2/27/1975,184.2,184.9,181.4,182.5
2/28/1975,183,183,181,183
3/3/1975,183.3,187.5,182.2,182.6
3/4/1975,181.5,185,177,177
3/5/1975,177,180.1,176.4,178.7
3/6/1975,179.8,181.4,179.8,180.6
3/7/1975,179.5,179.5,176.8,178
3/10/1975,177.1,177.8,176.1,177.2
3/11/1975,179.1,180.5,178.7,180
3/12/1975,178,178.7,177.6,178.1
3/13/1975,178.9,180,178.9,179.5
3/14/1975,178.4,178.7,178.1,178.7
3/17/1975,178.5,179.3,177.6,179
3/18/1975,179,179.5,178.3,178.6
3/19/1975,179.2,179.4,178.5,179.2
3/20/1975,178.8,178.8,175,175.5
3/21/1975,176.5,177,175.5,175.6
3/24/1975,176.8,178.8,175.2,175.9
3/25/1975,177.2,177.2,175.7,176.2
3/26/1975,176.5,178.2,176.5,178.1
3/27/1975,177.8,178,175.4,176
3/31/1975,178.2,179.7,178,179.5
4/1/1975,179.7,179.7,178.4,179.1
4/2/1975,179.6,179.9,177.9,178.1
4/3/1975,177.5,177.5,176,177.1
4/4/1975,175.5,175.9,173.3,173.8
4/7/1975,174.5,174.5,173,174.1
4/8/1975,175.2,175.6,174.4,174.5
4/9/1975,174,174.7,173.3,174.5
4/10/1975,173.7,173.7,172.1,173.1
4/11/1975,173.3,173.3,172.2,172.7
4/14/1975,169,169.7,165.8,166.2
4/15/1975,163,165.7,162.3,164.6
4/16/1975,166.5,167.4,166.1,166.5
4/17/1975,167.5,170.2,166.9,169.5
4/18/1975,170.8,171,168.4,169
4/21/1975,166,166.4,164.9,165.7
4/22/1975,165.1,168,165,166.7
4/23/1975,166.9,169.5,165.8,168.8
4/24/1975,168.5,168.5,166.5,167
4/25/1975,166.5,167.2,166,166.8
4/28/1975,166.4,167.7,166.3,166.3
4/29/1975,167.5,168.4,167.3,167.8
4/30/1975,167.3,168,166.5,166.8
5/1/1975,167,167,165.5,165.5
5/2/1975,166.2,166.5,165,165
5/5/1975,164.2,164.2,163.4,163.5
5/6/1975,164.5,167.4,164.1,164.9
5/7/1975,165.1,166.5,165.1,166.1
5/8/1975,166.4,167.5,166.4,167.3
5/9/1975,166.7,166.7,165.9,166.6
5/12/1975,166,166,165.6,165.9
5/13/1975,166.5,166.8,166,166.7
5/14/1975,167.4,171.3,167,169.3
5/15/1975,166.5,166.7,165.7,165.9
5/16/1975,166.5,168.5,166.2,166.9
5/19/1975,167.6,169.4,167.6,167.7
5/20/1975,167.2,168.5,167.2,168.2
5/21/1975,169,172.8,168.7,172.2
5/22/1975,175.7,176.9,173.3,173.5
5/23/1975,174.8,175.2,173.3,174.7
5/27/1975,173.5,173.6,172,172
5/28/1975,172,172.4,169.6,170
5/29/1975,171.9,172.1,169.1,170.1
5/30/1975,169.1,169.7,168.2,169
6/2/1975,164.5,165.5,162.4,165.2
6/3/1975,167,167.8,166.4,167.5
6/4/1975,167.5,167.5,165.7,165.9
6/5/1975,166,168.2,165.7,167.4
6/6/1975,167.4,167.6,166.8,167.2
6/9/1975,167.7,168.5,167,168.5
6/10/1975,168.3,168.3,167,167.3
6/11/1975,167,168.2,166,167.1
6/12/1975,167,167.6,166.5,166.5
6/13/1975,166.5,166.5,165.7,165.9
6/16/1975,165.8,166,164,164.4
6/17/1975,164.9,166.2,164.9,166
6/18/1975,165.6,165.7,164.3,165.4
6/19/1975,164.6,168.5,163.4,164.3
6/20/1975,163.9,164.5,163.9,164.3
6/23/1975,163.8,164,163.3,163.5
6/24/1975,163.5,164.7,163.4,164.5
6/25/1975,165,166.4,165,166.3
6/26/1975,165.6,166.2,165.2,166
6/27/1975,165.7,175,165.7,167.9
6/30/1975,168.4,173.3,160,167.8
7/1/1975,168.3,169.9,167.1,168.1
7/2/1975,166.5,167.2,166.1,166.3
7/3/1975,166,166.5,165.3,166.4
7/7/1975,165.5,165.8,163.6,164
7/8/1975,164.3,167.1,164.3,166.7
7/9/1975,167.5,167.7,162,166.9
7/10/1975,165.9,165.9,164.6,165.3
7/11/1975,166,175.2,165.9,167.4
7/14/1975,167.8,168.3,166.5,167
7/15/1975,166.2,166.5,165.8,165.9
7/16/1975,165.3,165.7,165,165.3
7/17/1975,165.5,165.8,164.6,165.3
7/18/1975,164.4,166,164,165.4
7/21/1975,164.2,165.7,164.1,165.1
7/22/1975,166.4,166.8,161.4,166.4
7/23/1975,165.2,165.6,164.7,165.5
7/24/1975,165.8,166.3,165.5,166
7/25/1975,166.2,167.9,166.1,167.9
7/28/1975,167.1,170.1,167.1,169.8
7/29/1975,170.4,170.8,167.6,167.7
7/30/1975,175.2,175.4,173.4,173.8
7/31/1975,173.5,174.3,173,173.4
8/1/1975,173.8,173.9,173.4,173.4
8/4/1975,173.1,173.9,173.1,173.1
8/5/1975,172.7,172.7,171.5,171.6
8/6/1975,171.3,171.7,170.5,171
8/7/1975,172,172,171,171.3
8/8/1975,171,171,165.5,166.6
8/11/1975,166,168,166,166.7
8/12/1975,168,169.2,167.7,168.4
8/13/1975,168,168,160.4,165
8/14/1975,165.1,166.3,163,163.9
8/15/1975,165,166.8,164.9,166.8
8/18/1975,166.9,166.9,162.2,162.2
8/19/1975,165.8,166.4,165.3,166.2
8/20/1975,167,167.8,166.5,167
8/21/1975,166.5,166.7,165.6,166.3
8/22/1975,166.6,166.7,165.8,165.8
8/25/1975,165.9,166.3,165.7,166
8/26/1975,166.1,166.5,165.3,165.9
8/27/1975,165.6,166.3,164.8,166.3
8/28/1975,166.3,166.8,165.3,165.5
8/29/1975,165.5,167,162.5,162.8
9/2/1975,152.8,153.3,152.8,152.8
9/3/1975,151,154.4,150.8,153.7
9/4/1975,155.8,156.3,154.8,155.2
9/5/1975,155.6,156,155.4,156
9/8/1975,155.4,155.4,152.8,153
9/9/1975,148,151.9,148,151.8
9/10/1975,152.9,153.2,150.3,150.4
9/11/1975,149.5,150.2,148.5,149.6
9/12/1975,149.6,150.2,149.5,149.7
9/15/1975,150,150.2,149.8,150
9/16/1975,149.1,149.4,147.5,147.7
9/17/1975,145,145.5,143,144.3
9/18/1975,143.2,143.2,136.7,137.8
9/19/1975,135.4,141.2,135,138.4
9/22/1975,139,139.1,133.8,134.8
9/23/1975,129,132.1,129,131.2
9/24/1975,135.8,137.5,134.2,137.5
9/25/1975,135.8,137.8,135.4,137
9/26/1975,136.1,139.3,136.1,139
9/29/1975,138.2,141.3,138.2,139.8
9/30/1975,141.5,143.9,141.5,142.2
10/1/1975,145,145.8,143.6,144.2
10/2/1975,145,146.2,142.5,143.4
10/3/1975,140.7,141.5,138.9,139.9
10/6/1975,139.4,142.7,139.2,142.6
10/7/1975,143.8,144.7,143.3,143.7
10/8/1975,141.6,141.7,138.5,139.6
10/9/1975,141.2,141.7,140,141.7
10/10/1975,142.3,144,142.2,143.6
10/14/1975,142.2,143.3,140.7,142.9
10/15/1975,144,144.5,142.5,142.9
10/16/1975,144.7,145.5,143.8,144
10/17/1975,146,147.4,145.7,146.1
10/20/1975,146.4,146.8,145.5,146.8
10/21/1975,147.9,148,144.6,145.2
10/22/1975,145.6,146.6,144.8,146.5
10/23/1975,145.9,145.9,143.9,145.1
10/24/1975,144,145,143.5,144.1
10/27/1975,143.5,143.6,142.7,143
10/28/1975,142.8,143.4,142,143.3
10/29/1975,143,144.3,142.5,144.1
10/30/1975,145,145,143.5,143.6
10/31/1975,143.3,143.3,142.3,142.8
11/3/1975,143.5,143.7,142.3,143.3
11/5/1975,145.3,149.1,145.2,148.4
11/6/1975,147.4,147.6,146,146
11/7/1975,145.2,146.3,144.6,146.1
11/10/1975,144.5,145.3,144.5,144.7
11/12/1975,144,144.5,143.3,144
11/13/1975,144.2,144.4,142.8,142.9
11/14/1975,143.3,143.3,141,141.6
11/17/1975,141.8,142,139.1,139.3
11/18/1975,140.3,140.4,138.1,140.3
11/19/1975,141.9,143,141.1,142.9
11/20/1975,142,142.9,141.8,141.8
11/21/1975,141.8,141.8,140.6,141.1
11/24/1975,140.8,141.3,140,141.3
11/25/1975,141.3,141.8,140.2,140.3
11/26/1975,140.5,140.5,139.5,139.6
11/28/1975,138.6,139.4,138.2,138.8
12/1/1975,138.8,138.8,138,138.4
12/2/1975,139.2,141.3,138.8,140
12/3/1975,140.5,140.6,138.9,139
12/4/1975,139.6,140.3,139,139
12/5/1975,138.6,138.8,137.8,138.7
12/8/1975,138.2,138.2,136.7,136.9
12/9/1975,136.9,138.7,136.7,138.2
12/10/1975,138.8,140.3,138.7,139.9
12/11/1975,140.5,141.4,140,140
12/12/1975,139,139.3,138.5,138.9
12/15/1975,139,139,137.5,138.1
12/16/1975,138.7,139.4,138.6,138.9
12/17/1975,138.6,139.6,138.6,139.2
12/18/1975,139.7,139.9,138.2,139.1
12/19/1975,139.2,147.9,139.2,146.1
12/22/1975,143.9,145.7,143.7,143.7
12/23/1975,142.5,143,141.3,141.9
12/24/1975,141.4,142.1,141.4,141.7
12/29/1975,142.4,143,141.7,141.9
12/30/1975,141.6,142.1,141.2,141.8
12/31/1975,141.3,141.4,140.8,141
1/2/1976,140.8,141.5,140.6,141.2
1/5/1976,139.5,140.2,138.7,139.6
1/6/1976,139.3,140.5,139.3,140.1
1/7/1976,139.2,139.6,138.9,139.4
1/8/1976,137.2,137.3,135.5,136.1
1/9/1976,136.5,137.3,136.5,136.9
1/12/1976,137.3,137.3,136.8,136.9
1/13/1976,134,134,131.4,132
1/14/1976,130.8,133,130.6,133
1/15/1976,132.8,133.2,131.3,131.5
1/16/1976,130.5,131.4,130,131
1/19/1976,129.6,130.1,127.6,127.6
1/20/1976,126.1,126.3,123.4,124.1
1/21/1976,124.6,125.9,123.4,123.7
1/22/1976,125.3,126.8,124.3,125.5
1/23/1976,129,129.6,127.6,127.9
1/26/1976,126.3,127.2,124.8,125.5
1/27/1976,126.1,126.3,125.6,125.9
1/28/1976,127.7,128.2,127.1,128.2
1/29/1976,130,130.5,128.8,129
1/30/1976,128.5,129.6,128.4,129
2/2/1976,130.5,131.4,130.5,131.3
2/3/1976,133,133,130.6,131.1
2/4/1976,130.2,130.4,129,129.2
2/5/1976,128.8,129.5,128.5,129.2
2/6/1976,130.7,131.6,130.4,131.2
2/9/1976,130.8,131,129.6,130.2
2/10/1976,130.7,131.2,128.6,130.6
2/11/1976,130.5,131.3,129.9,130.1
2/12/1976,130.8,131.8,130.4,130.5
2/13/1976,131.2,132,130.3,131
2/17/1976,129.5,130.1,129.1,130
2/18/1976,131.1,131.2,130.2,130.3
2/19/1976,130.6,131,130.2,130.5
2/20/1976,131,131.8,130.9,131.6
2/23/1976,131.1,131.6,131.1,131.5
2/24/1976,132.5,134.2,132.3,134.2
2/25/1976,134.6,134.7,133.5,133.6
2/26/1976,132.6,132.7,132,132.4
2/27/1976,132.6,133.2,132.2,132.6
3/1/1976,132.5,132.5,131.9,132.3
3/2/1976,131.5,132,131.4,131.8
3/3/1976,133,133,132.2,132.2
3/4/1976,132.5,133.4,132.5,133.2
3/5/1976,134.2,135,134,134.5
3/8/1976,133.6,133.7,133.1,133.5
3/9/1976,133.5,134.1,133.4,133.7
3/10/1976,134.6,134.7,134.2,134.2
3/11/1976,134.2,134.3,133.6,133.8
3/12/1976,133.6,133.9,133.5,133.5
3/15/1976,134,134.6,133.4,133.5
3/16/1976,133.6,133.6,132.8,133.3
3/17/1976,133.3,134.5,133.3,134.4
3/18/1976,135,135.3,134.1,134.3
3/19/1976,134.3,135,134.2,134.8
3/22/1976,134.3,134.4,134,134.2
3/23/1976,133.3,133.9,133.3,133.9
3/24/1976,133.9,134.5,133.4,133.4
3/25/1976,132.7,133.5,132.7,133.1
3/26/1976,132.5,132.5,129.2,129.2
3/29/1976,129.8,129.8,127.5,128.1
3/30/1976,128,130.5,127.9,130.1
3/31/1976,130,130.3,129.2,129.7
4/1/1976,129.7,129.8,128.6,129.7
4/2/1976,129.3,129.7,129.1,129.6
4/5/1976,127.9,128.3,127.3,128.1
4/6/1976,128.8,129,128.2,128.5
4/7/1976,127.8,128.8,127.8,128
4/8/1976,128.8,129.8,128.8,129.4
4/9/1976,128.4,128.4,127.1,127.5
4/12/1976,127.3,128.6,127.1,128.5
4/13/1976,128.7,131,128.4,128.5
4/14/1976,128.1,128.8,128,128.1
4/15/1976,128.3,128.8,126.9,128.1
4/19/1976,128.1,128.9,127.8,128.8
4/20/1976,128.6,129.4,128.3,128.9
4/21/1976,127.9,128.4,127.6,127.8
4/22/1976,127.8,128.3,127.7,127.9
4/23/1976,127.8,128.2,127.7,127.9
4/26/1976,128.2,128.8,128.2,128.6
4/27/1976,129,130.1,129,129.2
4/28/1976,128.9,128.9,128.4,128.5
4/29/1976,128.3,129.5,128.3,128.5
4/30/1976,128.9,129.6,128.8,128.9
5/3/1976,128.8,129,128.5,128.9
5/4/1976,128.5,128.6,128,128.2
5/5/1976,128,128.6,127.5,128.3
5/6/1976,127.6,129.8,126.7,129.4
5/7/1976,128.9,129,128.5,129
5/10/1976,129,129.5,128.6,128.7
5/11/1976,128.4,128.6,128.2,128.6
5/12/1976,128.6,128.8,128.4,128.5
5/13/1976,128.2,128.4,128.1,128.2
5/14/1976,128.2,128.3,128,128.2
5/17/1976,128.2,128.3,128.1,128.1
5/18/1976,127.9,128,127.8,127.8
5/19/1976,126,126,126,126
5/20/1976,126.1,126.5,125.7,126.1
5/21/1976,126.3,126.5,126.2,126.2
5/24/1976,125.8,126,124.8,125.5
5/25/1976,124.6,125.1,124.1,124.9
5/26/1976,125.1,127.2,125.1,126.9
5/27/1976,127,127.1,126.4,126.8
5/28/1976,127.4,127.8,127.1,127.3
6/1/1976,127.8,130.1,127.8,129.4
6/2/1976,129.2,132.5,128.5,131.2
6/3/1976,129,129.6,128.8,129.3
6/4/1976,128.5,128.6,127.9,128
6/7/1976,128,129.5,128,128.8
6/8/1976,129,129.3,128.3,128.6
6/9/1976,128.5,128.6,127.7,128.1
6/10/1976,128.5,128.6,127.8,127.8
6/11/1976,127.5,127.5,126.5,126.9
6/14/1976,127,127.3,126.6,127.2
6/15/1976,127.2,127.2,126.9,127.1
6/16/1976,126.5,126.6,126.2,126.5
6/17/1976,126.9,127.5,126.9,127.1
6/18/1976,127.3,127.5,127.1,127.2
6/21/1976,126.8,127.3,126.8,127.2
6/22/1976,126.8,127,126,126
6/23/1976,125.6,125.7,125.2,125.6
6/24/1976,125.7,127.6,125,125.7
6/25/1976,125.7,126.1,125.4,125.5
6/28/1976,125.1,126.1,123.7,124
6/29/1976,124.4,124.4,124,124.2
6/30/1976,124.5,124.8,123.5,123.9
7/1/1976,123.6,123.6,123.1,123.6
7/2/1976,123.8,124.5,123.6,124.1
7/6/1976,123.7,124.5,123.7,124.2
7/7/1976,124,124.1,123.8,123.9
7/8/1976,123.8,124.1,123.6,123.7
7/9/1976,123.2,123.2,122.8,122.8
7/12/1976,122.4,122.4,121.9,122.2
7/13/1976,122.5,123.1,122.3,123
7/14/1976,123,123.2,122.8,123.1
7/15/1976,122.1,122.2,117.5,117.5
7/16/1976,118.2,118.9,116.4,117.9
7/19/1976,113,114.3,112.6,112.6
7/20/1976,105.5,109.3,105,108.9
7/21/1976,112,113.2,112,112.8
7/22/1976,111.1,111.6,110.8,111
7/23/1976,110.3,111.2,110.3,111.2
7/26/1976,111.4,112.6,111.2,112.1
7/27/1976,114.3,114.9,113.1,113.1
7/28/1976,114.2,114.5,111.5,112.9
7/29/1976,113.7,114,113.2,113.7
7/30/1976,114.6,114.8,113.8,114.2
8/2/1976,113.7,113.9,113.1,113.3
8/3/1976,113,114.1,112.4,113.9
8/4/1976,114.4,115.2,114.1,114.3
8/5/1976,113.5,113.9,113,113.3
8/6/1976,113.8,114,113.5,113.8
8/9/1976,113.3,113.6,113.3,113.6
8/10/1976,114.6,115.1,114.3,114.7
8/11/1976,115,115,114.3,114.5
8/12/1976,114.5,114.5,113.8,113.9
8/13/1976,113.8,114.5,113.8,114.5
8/16/1976,114.2,114.3,114,114
8/17/1976,113.6,113.6,112,112.2
8/18/1976,109,109.2,107,108.8
8/19/1976,109.5,110.4,108.9,108.9
8/20/1976,108.5,109.1,108.2,108.6
8/23/1976,106,106.5,104.3,104.5
8/24/1976,104.6,104.7,103.3,103.4
8/25/1976,102,106.2,100,106.1
8/26/1976,105.7,105.7,104.4,104.9
8/27/1976,104.7,104.7,102.8,103.1
8/30/1976,102,102.8,101.6,102.8
8/31/1976,102.5,104.9,102.2,103.2
9/1/1976,104.3,105.7,104.1,105.4
9/2/1976,106,106.5,105.3,105.4
9/3/1976,106.4,108.1,106.4,108
9/7/1976,113.5,114,110.3,111.8
9/8/1976,112,112.5,111.2,112.4
9/9/1976,112.7,114.1,111.8,113.9
9/10/1976,116,118.9,115.6,118.4
9/13/1976,114,115.9,114,114.7
9/14/1976,112.3,113.2,110.8,110.8
9/15/1976,110.3,114,110,112.3
9/16/1976,115.4,115.8,113.7,114
9/17/1976,120.1,121,117.3,117.5
9/20/1976,115.5,115.8,114.9,115
9/21/1976,118.4,120.5,118.3,119.1
9/22/1976,118.9,118.9,116.6,118.5
9/23/1976,117.7,118.7,116.8,117.8
9/24/1976,119,119.5,118,118.6
9/27/1976,119.2,119.2,117.5,117.7
9/28/1976,116.5,116.9,115.4,116.2
9/29/1976,116.2,116.5,115.5,116.1
9/30/1976,116.1,116.2,115,116.1
10/1/1976,115.8,116.2,115.7,116
10/4/1976,114.1,114.8,112.9,114.2
10/5/1976,114.4,115,113.9,114.5
10/6/1976,114.8,116.8,114.7,116.6
10/7/1976,116.1,116.1,115.5,115.5
10/8/1976,114.4,114.5,113.5,114
10/11/1976,113.8,114.9,113.4,114.6
10/12/1976,115.2,115.2,114.5,114.7
10/13/1976,114.6,115.3,114.5,115
10/14/1976,115.1,115.2,114.1,114.9
10/15/1976,115,117.2,115,117
10/18/1976,116.7,117.3,116.5,116.9
10/19/1976,115.7,115.9,115.3,115.3
10/20/1976,115.2,115.3,114.9,114.9
10/21/1976,115.7,116.6,115.6,116.3
10/22/1976,115.8,116,115.7,115.8
10/25/1976,115.9,117.1,115.8,116.9
10/26/1976,117.6,118.6,117.5,118.4
10/27/1976,117.8,120.5,117.7,120
10/28/1976,123.8,126,123.1,125.8
10/29/1976,123.5,125.1,123.2,123.8
11/1/1976,122.8,123.9,122.8,123.7
11/3/1976,125.9,127.1,125.1,125.2
11/4/1976,125,126.2,124.3,126
11/5/1976,126.9,128.2,126.9,128
11/8/1976,132.3,133.1,131.7,133
11/9/1976,130.8,134.3,130.6,133.2
11/10/1976,136.7,137.7,136.1,137.1
11/11/1976,135.2,136.9,133.8,135.8
11/12/1976,136.3,137.2,136,136.9
11/15/1976,139.5,141,135.5,135.9
11/16/1976,134.2,135.3,133,133.3
11/17/1976,132,134.2,131.5,131.8
11/18/1976,129,130,128,128.6
11/19/1976,131,132,130.2,130.8
11/22/1976,133.9,135.2,133.6,135.1
11/23/1976,134,134.4,132,132.4
11/24/1976,130.6,132.7,129.6,132.5
11/26/1976,130.7,131.3,129,129.7
11/29/1976,130.1,131.6,129,131.2
11/30/1976,131.5,132.8,131.4,132.6
12/1/1976,131.9,132.5,131.3,132.2
12/2/1976,133,133,131.5,132.1
12/3/1976,131.5,133.9,131.5,133.3
12/6/1976,135.1,136.6,135.1,136
12/7/1976,136.4,137.2,134.2,134.8
12/8/1976,137.4,138.4,136.6,138.1
12/9/1976,137.5,139.1,136.9,138.6
12/10/1976,138.1,139.9,138.1,139
12/13/1976,137.4,137.6,135.2,136.4
12/14/1976,135.5,137,135.1,137
12/15/1976,136,136.6,133,133.5
12/16/1976,135,135.5,134.3,134.9
12/17/1976,133.8,133.9,131.5,132
12/20/1976,132.5,133,132.3,132.4
12/21/1976,134.5,135.4,133.8,135.2
12/22/1976,134.8,135.5,134,134.4
12/23/1976,133.5,134.1,133,133.9
12/27/1976,133.8,134.6,133.8,134.2
12/28/1976,134.9,135.4,134.2,134.5
12/29/1976,135.2,135.8,134.9,135.1
12/30/1976,135.5,136.3,135.4,135.7
1/3/1977,135.5,136.4,135.3,136
1/4/1977,137,137.7,136.3,136.4
1/5/1977,135,135.1,132.8,133.2
1/6/1977,133.3,133.7,132.8,133.6
1/7/1977,134,134.1,133,133.1
1/10/1977,131.7,131.8,127.5,127.6
1/11/1977,130.1,131.1,128.6,130.7
1/12/1977,131,131.7,129.8,131.7
1/13/1977,132.3,133,131.7,132
1/14/1977,131.8,132,131.2,131.6
1/17/1977,132,133.3,131.6,132.8
1/18/1977,133.1,133.7,132.3,132.5
1/19/1977,132.8,133.4,132.6,133.1
1/20/1977,133.7,133.9,132.8,133.1
1/21/1977,133.2,133.2,130.9,132.6
1/24/1977,132.6,133.1,132.2,132.8
1/25/1977,133.8,134.6,133.6,134.5
1/26/1977,133,133,131.5,131.7
1/27/1977,132.5,132.7,131,131.2
1/28/1977,132.2,132.9,132.1,132.9
1/31/1977,133.2,134,133.1,134
2/1/1977,134,134.1,133.5,133.5
2/2/1977,133,134,132.8,133.9
2/3/1977,134.3,134.5,133.6,133.6
2/4/1977,133.1,134,133,134
2/7/1977,134.8,136.7,134.7,136.4
2/8/1977,136,136.4,135.3,135.6
2/9/1977,137.3,138.1,137,137.1
2/10/1977,137,137.2,136.2,136.4
2/11/1977,135.7,137,135.7,137
2/14/1977,137.5,137.7,136.5,136.6
2/15/1977,136.7,137,136,136.3
2/16/1977,137,137.5,136.9,137.3
2/17/1977,137.9,137.9,137.2,137.7
2/18/1977,138,138.4,137.6,138.3
2/22/1977,139.1,140,138.8,139.8
2/23/1977,140,141.8,139.8,140.7
2/24/1977,142,142.6,140.4,142.1
2/25/1977,141.3,142.5,140.8,142.3
2/28/1977,144,145.4,143.8,144.6
3/1/1977,143,143.6,142.4,143.6
3/2/1977,146.3,147.4,144.6,147.4
3/3/1977,145.9,146.7,145.1,146.1
3/4/1977,146.7,148.5,146,148.2
3/7/1977,149.5,150.4,148,148.1
3/8/1977,148.5,149.7,146.5,148.1
3/9/1977,146.5,148,146.2,148
3/10/1977,147.4,148.7,146.4,146.7
3/11/1977,147.5,147.5,145.5,146.1
3/14/1977,146.3,146.7,145,145.7
3/15/1977,146.6,148.1,146.6,148.1
3/16/1977,148.5,149.2,147.5,149.1
3/17/1977,149.8,150.6,149.3,150.2
3/18/1977,151.5,151.5,150,151
3/21/1977,152.5,153.7,152.2,153.7
3/22/1977,151,151.6,150.7,151
3/23/1977,153.6,154.7,153,153.8
3/24/1977,152.9,153.3,152.6,153
3/25/1977,154.1,154.5,153,153.3
3/28/1977,150,150.8,148.8,149.8
3/29/1977,148.6,148.8,146.3,148.6
3/30/1977,151.2,151.9,150.8,151.5
3/31/1977,149.5,151.2,149.3,151
4/1/1977,150.5,152.6,150,152.2
4/4/1977,152.3,152.6,151,151.1
4/5/1977,149.6,150,147.3,147.7
4/6/1977,149.5,149.9,148.5,149
4/7/1977,149.6,150.2,148.6,149.5
4/11/1977,149.6,150.8,149.6,150.7
4/12/1977,151.4,151.5,150.9,151.3
4/13/1977,154.5,154.7,152.8,153.8
4/14/1977,153.7,153.7,152.6,153.3
4/15/1977,151.6,152.8,151.5,152.7
4/18/1977,152.3,153.1,152,152.3
4/19/1977,151.3,152,151.1,151.1
4/20/1977,150.6,150.7,148,149.2
4/21/1977,148.7,150.1,148.7,150
4/22/1977,151.2,151.4,149.8,150.1
4/25/1977,150,150,148.3,148.3
4/26/1977,148,148.2,146.1,146.7
4/27/1977,148.1,148.2,146.3,146.9
4/28/1977,146.5,146.8,144.8,146.2
4/29/1977,146.8,148.2,146.8,148
5/2/1977,147.9,149.7,147.9,149.6
5/3/1977,148.8,149.1,147.6,147.9
5/4/1977,148,148.6,147.7,148
5/5/1977,146.7,147.8,146.3,147.6
5/6/1977,148.2,149,147.9,148.5
5/9/1977,148.1,148.3,147.3,148.2
5/10/1977,148,148.5,147.7,148
5/11/1977,147.9,148.4,147.3,147.5
5/12/1977,147.4,148.4,146.5,148
5/13/1977,148.7,149,147.8,148.3
5/16/1977,148.1,148.6,147.8,148.5
5/17/1977,148,148.6,147.5,147.5
5/18/1977,146.8,147.3,146.4,146.8
5/19/1977,146.5,147.9,146.2,147
5/20/1977,147.2,147.7,146.8,146.9
5/23/1977,146.8,146.8,144.9,145.3
5/24/1977,145.3,145.5,143.3,144
5/25/1977,144.6,144.9,143.9,144.1
5/26/1977,143.6,143.9,142,142.6
5/27/1977,143.5,144.8,143.5,144.5
5/31/1977,143.9,144.5,143.6,144.3
6/1/1977,144.8,145.6,144.6,145
6/2/1977,143.4,143.7,142.5,143.5
6/3/1977,143,143.6,142,143.5
6/6/1977,143.5,144.6,143.5,144.2
6/7/1977,144.5,144.5,143.5,143.7
6/8/1977,143.2,143.7,142.6,142.8
6/9/1977,142.2,142.3,140.6,140.7
6/10/1977,141.1,142.3,140.5,142.1
6/13/1977,139.7,140.1,138.5,138.7
6/14/1977,138,138.6,137.6,137.9
6/15/1977,139.5,140.7,139,140.5
6/16/1977,141.3,141.7,139.6,140.3
6/17/1977,139.7,140.7,139.3,140.7
6/20/1977,141.2,141.6,140.7,141.1
6/21/1977,142.6,142.8,141.7,141.7
6/22/1977,140.7,140.9,140.1,140.7
6/23/1977,141,141.7,141,141.7
6/24/1977,141.7,142.2,141.5,141.9
6/27/1977,142.9,144.6,142.8,144.6
6/28/1977,144,144.3,142.8,143
6/29/1977,143.3,143.9,142.8,143.7
6/30/1977,143.7,144.2,143.6,143.6
7/1/1977,143.5,143.7,142.1,142.1
7/5/1977,142.2,142.2,140.5,140.9
7/6/1977,141.2,141.7,140.9,141.4
7/7/1977,141.9,142.2,141.6,141.9
7/8/1977,142.6,142.9,142.2,142.5
7/11/1977,142,142,141.3,141.6
7/12/1977,142.4,143.7,142.2,143.6
7/13/1977,143.8,145.5,143.3,145
7/15/1977,145.3,146,144.3,144.7
7/18/1977,144.1,145.8,143.8,145.8
7/19/1977,146.2,146.8,145.1,145.2
7/20/1977,145.1,145.7,144.4,144.8
7/21/1977,144.6,144.8,144.1,144.2
7/22/1977,145.1,145.7,145,145.3
7/25/1977,147,147.4,146.9,147.3
7/26/1977,146.4,147,146.2,146.7
7/27/1977,146.2,146.7,145.3,145.4
7/28/1977,147.3,147.6,145.7,146.4
7/29/1977,147,148,146.5,147.1
8/1/1977,147.2,148.3,146.5,148.2
8/2/1977,148.6,149.1,148.1,148.3
8/3/1977,148.5,149.6,148.5,149.1
8/4/1977,149.9,150.2,148.5,148.6
8/5/1977,148.4,149.3,148,149.2
8/8/1977,149,149.3,148.3,149.3
8/9/1977,149.3,150,148.5,148.5
8/10/1977,149.3,149.4,148.3,148.6
8/11/1977,148.1,148.9,147.8,148.6
8/12/1977,148,148.1,145.8,146
8/15/1977,146.6,146.7,144,144.7
8/16/1977,145.6,146.2,144.9,145.9
8/17/1977,146.3,146.6,145.7,146.4
8/18/1977,145.9,147.1,145.5,147
8/19/1977,146.9,147.3,146.7,146.8
8/22/1977,146.5,146.6,145.7,146.2
8/23/1977,145.8,146.5,145.2,146.4
8/24/1977,146.2,147.3,146.2,146.9
8/25/1977,146.9,146.9,146.1,146.4
8/26/1977,146.7,148.6,146.7,148.6
8/29/1977,148.1,148.6,148,148.1
8/30/1977,148.5,149.2,148.4,148.5
8/31/1977,148.8,148.9,147.9,148.1
9/1/1977,147.7,148.4,147.4,148.3
9/2/1977,148.5,150.8,148.5,150.8
9/6/1977,150.1,150.3,149.2,149.3
9/7/1977,149.6,151.2,149.5,150.6
9/8/1977,150.1,150.3,149.1,149.4
9/9/1977,149.4,150.5,149.4,150.4
9/12/1977,150.8,151.2,150.2,150.3
9/13/1977,149.8,150.3,149.7,150
9/14/1977,150.2,151,150.1,150.4
9/15/1977,150.7,150.7,149.6,150.3
9/16/1977,150.8,151.9,150.5,151.5
9/19/1977,152.1,152.8,151.9,152
9/20/1977,151.9,153.6,151.7,153.5
9/21/1977,154.1,154.3,153.3,154
9/22/1977,154.3,154.6,153.8,154.1
9/23/1977,153.6,154,152.7,154
9/26/1977,155.3,156.1,155.2,155.9
9/27/1977,155.3,155.6,154.8,155.3
9/28/1977,156.5,156.9,155.6,155.6
9/29/1977,155.8,156.4,154.6,156
9/30/1977,156.5,157.1,156.3,156.4
10/3/1977,157.8,158,157.5,157.8
10/4/1977,157.3,158,156.8,157.8
10/5/1977,157.6,157.6,156.6,156.8
10/6/1977,156,156.7,155.4,155.5
10/7/1977,155.9,157.7,155.6,157.3
10/10/1977,159.3,159.9,159,159
10/11/1977,159,160.4,158.7,160.2
10/12/1977,159.7,160.9,159.5,160
10/13/1977,160.2,160.5,158.3,159.5
10/14/1977,159.9,162.2,159.7,162.1
10/17/1977,163.3,164.2,162.4,164.1
10/18/1977,162.6,163.7,162.3,162.6
10/19/1977,164.4,164.7,160.1,160.2
10/20/1977,161.5,162.8,160.8,162.5
10/21/1977,163.3,164.4,162.3,164.3
10/24/1977,165.2,166.8,165.1,166.6
10/25/1977,165.7,166.6,164.9,166.5
10/26/1977,165.6,165.7,164,164.1
10/27/1977,163.4,163.4,160.5,161.7
10/28/1977,162.7,163,161.8,162
10/31/1977,162.3,163.7,162.1,162.7
11/1/1977,163.8,164.1,162.8,163.6
11/2/1977,162.9,163.5,161.7,163.4
11/3/1977,164.8,166.2,164.8,166.1
11/4/1977,166.4,168.5,166.2,168.3
11/7/1977,167.6,167.9,166.2,166.2
11/8/1977,164.6,167.7,164.6,167.5
11/9/1977,169.7,169.9,168.2,168.2
11/10/1977,168.6,168.9,167.6,168.7
11/11/1977,169.6,169.8,168.2,168.9
11/14/1977,166.7,166.7,164,164.3
11/15/1977,164.5,164.6,161.5,163.5
11/16/1977,160.9,161.4,157.5,158.4
11/17/1977,159,160.8,158.1,160.6
11/18/1977,161.1,162.4,161,161.5
11/21/1977,157.2,157.5,154.7,155.2
11/22/1977,155.3,157.1,154.8,155.9
11/23/1977,159.5,159.7,158.3,158.6
11/25/1977,158.1,159.5,157.6,159.5
11/28/1977,160.9,161.7,160,160.8
11/29/1977,162,165.1,160.8,165.1
11/30/1977,162.1,162.9,162.1,162.3
12/1/1977,162.9,162.9,159.5,159.6
12/2/1977,159.8,160.8,159.8,160.1
12/5/1977,161,162.1,160.9,161.7
12/6/1977,162.8,163.1,161,161.8
12/7/1977,162.1,164.2,161.9,163.6
12/8/1977,162.3,163.3,161.5,162
12/9/1977,160.8,161.2,159.7,160
12/12/1977,160.4,160.5,157.1,157.2
12/13/1977,158.1,159.6,158,159.5
12/14/1977,161.4,161.6,159.5,161.5
12/15/1977,160.8,161.6,159.4,161.5
12/16/1977,160.7,162,160.7,161.6
12/19/1977,161.2,161.8,160.2,160.8
12/20/1977,161.2,161.7,160,161.5
12/21/1977,161.7,162.2,160.4,161.2
12/22/1977,161,163.7,160.2,162.9
12/23/1977,163,164.7,162.9,164.7
12/27/1977,164.7,166.4,164.7,166.2
12/28/1977,165.8,166.7,165.6,166.2
12/29/1977,167.4,167.8,167.2,167.7
12/30/1977,166.5,167.9,165.9,167.5
1/3/1978,169.9,173.5,169.9,173
1/4/1978,174.1,174.1,167.5,168
1/5/1978,166,171.6,165.5,170.8
1/6/1978,170.8,171.8,168.5,171.3
1/9/1978,170.4,173.4,170.3,173.3
1/10/1978,174.5,175.2,172.6,172.8
1/11/1978,173.5,175,172.5,175
1/12/1978,175,175.2,171.8,172.6
1/13/1978,173.2,176.2,172.8,175.5
1/16/1978,176.3,176.6,174.8,176.2
1/17/1978,173.5,174.1,172.6,173.9
1/18/1978,172.7,173.7,171.7,172.3
1/19/1978,173.8,174,173.1,173.7
1/23/1978,176,177.9,175.6,176.8
1/24/1978,177.7,177.7,175.9,176.7
1/25/1978,177.5,178.3,176.4,176.6
1/26/1978,176.2,176.3,174.8,176.2
1/27/1978,176.2,177.1,174.5,174.8
1/30/1978,177.8,178.7,176,176.7
1/31/1978,178,179,177.7,178.9
2/1/1978,179.4,179.4,177.6,178
2/2/1978,176.8,177.3,175.2,176.2
2/3/1978,176.9,177.3,176.6,176.7
2/6/1978,177.4,177.7,177.1,177.5
2/8/1978,176.3,176.7,175.4,175.9
2/9/1978,174.5,176.5,173.6,176.4
2/10/1978,176.4,178.5,176.2,178
2/13/1978,179,180.1,178.9,179.7
2/14/1978,179.5,179.8,178.4,179.2
2/15/1978,180.7,182,180,182
2/16/1978,181.8,182.9,180.9,182.5
2/17/1978,181,182.7,180.8,181.2
2/21/1978,183,184,182.5,183
2/22/1978,182.8,183.4,181.4,182
2/23/1978,184,184.9,183.7,184.6
2/24/1978,185.3,185.8,180.9,181.5
2/27/1978,182.5,183.1,180.9,182.7
2/28/1978,183.7,184.5,183.2,184.4
3/1/1978,184.9,184.9,182.7,184
3/2/1978,185.5,186,184.6,185
3/3/1978,184.5,185.2,183.7,184.6
3/6/1978,184.8,187.2,184.8,187.1
3/7/1978,187,189.9,186.7,189.2
3/8/1978,191.7,192.8,190.3,190.7
3/9/1978,188.7,190.1,188,188.1
3/10/1978,186.9,188.9,186.1,188.9
3/13/1978,187,189.5,186.3,189.4
3/14/1978,189.2,189.8,186,186.2
3/15/1978,187.2,187.6,182.7,183.7
3/16/1978,185,186,182.8,185.7
3/17/1978,184,184.5,181.3,181.9
3/20/1978,180.3,180.8,176,176
3/21/1978,176.2,178.6,176.2,177.2
3/22/1978,179,181.2,178.8,180.3
3/23/1978,179.6,180.9,178.1,180.8
3/27/1978,181.3,183.7,181.2,183.2
3/28/1978,183.5,184.1,181.4,182.6
3/29/1978,181.1,181.1,179,179.3
3/30/1978,181.5,183.7,180.9,182.9
3/31/1978,184,187.2,183.6,186.2
4/3/1978,185.7,185.9,178.5,179.8
4/4/1978,182,182.3,176,179.2
4/5/1978,179.5,181.2,178.2,180.4
4/6/1978,182,182.7,180.6,182.5
4/7/1978,180.5,180.8,179.2,179.5
4/10/1978,179.8,180.6,179.4,180.5
4/11/1978,181,183,179.2,182
4/12/1978,181,181.8,179.9,181.2
4/13/1978,179.9,179.9,178.6,179.6
4/14/1978,179.4,179.7,177.3,178.3
4/17/1978,175.3,175.5,172.7,173
4/18/1978,174,174.8,173.6,174.6
4/19/1978,175.5,175.9,174.2,174.3
4/20/1978,168.7,171.7,168,171.4
4/21/1978,171.5,172.5,171.2,171.5
4/24/1978,169,169.9,168.2,168.4
4/25/1978,168.2,169.4,166.8,168.4
4/26/1978,169.7,170,168,169.4
4/27/1978,170.5,171.8,170.5,171.7
4/28/1978,171.5,171.8,170.5,170.6
5/1/1978,170.3,170.5,169.3,169.8
5/2/1978,169.5,170.8,169.2,170.7
5/3/1978,171,172.7,171,172.2
5/4/1978,174,174.9,173.9,174.1
5/5/1978,173.6,174.3,173.3,174
5/8/1978,173.2,173.2,172.3,172.6
5/9/1978,172.9,173.9,172.6,172.8
5/10/1978,173.8,175,173.6,174.9
5/11/1978,177,177,174,174.4
5/12/1978,175.3,175.4,174.2,174.4
5/15/1978,175.1,176.7,175,176.6
5/16/1978,176.8,178.1,175.4,177.6
5/17/1978,177.2,178.5,176.9,177.2
5/18/1978,177.5,179,177.4,179
5/19/1978,179.2,179.5,178.2,178.6
5/22/1978,179.2,180,178.9,179.9
5/23/1978,179.8,182.2,179.7,181.8
5/24/1978,180,180.7,179.3,179.4
5/25/1978,179.4,180.4,178,180.3
5/26/1978,179,180.1,178.5,179.8
5/30/1978,185,187,184.8,186.6
5/31/1978,187.9,188.4,186.7,187
6/1/1978,185.5,187.3,185.5,186.7
6/2/1978,187.2,188.4,185.2,185.2
6/5/1978,185.5,185.7,183.5,184
6/6/1978,184.1,184.7,182.5,184.3
6/7/1978,184.7,185.5,182.5,182.7
6/8/1978,185,185.1,183.9,184
6/9/1978,183.1,184.1,182.2,183.5
6/12/1978,182.9,183.7,181.9,183.3
6/13/1978,184.2,185.6,184.1,185.5
6/14/1978,186,186.4,184.7,185
6/15/1978,184.2,186.1,184,185.9
6/16/1978,186.4,187.5,186.1,187.5
6/19/1978,186.6,189,186.3,188.3
6/20/1978,188.9,189.3,187.6,187.7
6/21/1978,188.2,189.1,187.3,187.6
6/22/1978,187,188,186.1,188
6/23/1978,187.5,188.6,187.3,187.4
6/26/1978,187.4,187.8,186.2,186.5
6/27/1978,187,187.1,185.3,186.5
6/28/1978,187.4,187.4,185.9,186
6/29/1978,186,186,183.6,183.9
6/30/1978,184.2,184.6,182.8,183.7
7/3/1978,184.5,185.2,184.2,184.8
7/5/1978,185.8,185.8,184.4,184.9
7/6/1978,184.2,184.2,183.2,183.9
7/7/1978,185,186.6,184.7,186.5
7/10/1978,187,188,186.9,187.2
7/11/1978,186.7,186.7,186,186.6
7/12/1978,187.1,187.5,186.7,187.2
7/13/1978,187.5,188,186.1,186.1
7/14/1978,186.5,186.8,185.8,186.6
7/17/1978,185.6,185.8,183.9,184.8
7/18/1978,185.1,186.2,184.6,186
7/19/1978,186,187.8,185.7,187.4
7/20/1978,188.5,192.6,188.4,192.2
7/21/1978,192.2,197.5,191.8,196.3
7/24/1978,196.4,197,193.5,193.8
7/25/1978,193,197,192.9,195.5
7/26/1978,196,196,192.3,195
7/27/1978,193.8,198.5,193,198.2
7/28/1978,207.2,209,205.8,206.9
7/31/1978,207.8,210,206,209.8
8/1/1978,214,214.3,207,207.5
8/2/1978,208.9,209.9,207.4,208.4
8/3/1978,209.6,209.6,205,205.7
8/4/1978,206,209.8,205.8,209.6
8/7/1978,209.6,213.4,208.5,213.1
8/8/1978,213,215.6,211,214
8/9/1978,214.3,215.1,210.6,210.8
8/10/1978,210.1,215.5,209.9,215.3
8/11/1978,216.5,218,215.5,216
8/14/1978,219.5,220.6,218.1,220.3
8/15/1978,219,219.2,216.1,218
8/16/1978,219.3,221.5,216.2,217.3
8/17/1978,214,214.5,211.5,211.7
8/18/1978,217,217,209.5,212.7
8/21/1978,209.6,213,208.4,212.7
8/22/1978,212.5,212.8,209.3,209.5
8/23/1978,201.5,207.7,201.5,207.1
8/24/1978,206.7,207.9,204.7,204.8
8/25/1978,203.1,203.9,201.9,202.6
8/28/1978,203.1,204.9,202.6,202.8
8/29/1978,203.8,211.5,202.5,211.4
8/30/1978,210.5,212.5,208.9,211.6
8/31/1978,213,213.5,210.3,210.6
9/1/1978,212,215.7,211.6,215.5
9/5/1978,215,218.6,213.4,217.6
9/6/1978,216.5,217.7,216.2,216.5
9/7/1978,215.8,216.3,211.1,211.3
9/8/1978,211.3,211.8,207.6,210.2
9/11/1978,209.7,211.6,208.1,210.4
9/12/1978,211,212.8,210.7,211.5
9/13/1978,211.5,216,211.5,215.6
9/14/1978,214.6,215.7,212.6,214.2
9/15/1978,215,216.9,213.5,214.5
9/18/1978,213,219.3,212.5,219.3
9/19/1978,215.9,218,213.8,214.4
9/20/1978,217.7,219.7,217.2,219.4
9/21/1978,220.5,221.3,218.8,220.1
9/22/1978,218,223.3,217.5,222.8
9/25/1978,221.1,224.5,221.1,221.7
9/26/1978,223.5,224.6,219.2,219.7
9/27/1978,220.2,222.4,215,222.3
9/28/1978,221.2,223.6,220.3,221.4
9/29/1978,221.3,221.6,220.1,220.9
10/2/1978,220.5,223.4,220.2,223.1
10/3/1978,223.5,226.6,223.4,226.4
10/4/1978,227.6,228.2,225.6,227
10/5/1978,227.8,228,226,227.2
10/6/1978,227,227.3,225.3,225.5
10/9/1978,225.9,227.3,224.5,227.1
10/10/1978,229,229.7,227.8,227.9
10/11/1978,230,230.8,229.5,230.7
10/12/1978,230,230.5,226.1,226.3
10/13/1978,228.8,228.8,226.4,226.9
10/16/1978,226.4,229.7,225.2,229.6
10/17/1978,231,231.9,229.7,231.1
10/18/1978,232,232.8,229.2,230.9
10/19/1978,228.5,229.3,227.5,227.7
10/20/1978,230.5,231.1,229.6,230
10/23/1978,230.5,230.5,227.6,227.8
10/24/1978,227.3,230.2,226.7,229.8
10/25/1978,232.4,235.7,232.1,235.5
10/26/1978,235.8,238.2,234.7,236.5
10/27/1978,237,239.7,235.5,239.4
10/30/1978,244,249.4,242.8,247
10/31/1978,246.7,246.7,237.8,240.7
11/1/1978,230.7,230.7,230.7,230.7
11/2/1978,220.7,223.7,220.7,220.7
11/3/1978,213,218,212.5,215
11/6/1978,210,213.6,209,213.2
11/8/1978,223.2,223.2,218,218.3
11/9/1978,215.8,216,208.3,208.5
11/10/1978,209.5,210.5,205.4,210.2
11/13/1978,208,212.7,207.5,211.2
11/14/1978,211.2,212.3,208.5,209
11/15/1978,207,207.7,199,199.1
11/16/1978,195,200.1,194.2,199.3
11/17/1978,198.5,201.8,196.7,200
11/20/1978,198.5,200.9,197.8,198.3
11/21/1978,199.7,203.5,196.7,197.9
11/22/1978,198.5,201.6,197.1,201.4
11/24/1978,202.6,203.6,200.3,201.4
11/27/1978,199.5,199.5,196.5,196.6
11/28/1978,196.2,196.8,192,192.6
11/29/1978,197,202.5,195.1,195.4
11/30/1978,196,197.8,194.4,196.4
12/1/1978,196,200.4,195.8,200.1
12/4/1978,202,203.1,199.5,199.9
12/5/1978,199.4,200.8,198.4,199.1
12/6/1978,198.8,201.1,197.8,200.9
12/7/1978,202.3,202.6,200.7,202.2
12/8/1978,204.1,207.8,203.8,207.6
12/11/1978,208.5,211.6,205.5,206.2
12/12/1978,204,209,203.5,208.3
12/13/1978,205.6,207.5,204.4,204.6
12/14/1978,206,207.7,205.4,207.1
12/15/1978,208.7,210.4,206.9,208.1
12/18/1978,217,218,214.8,217.6
12/19/1978,219.5,224.2,215.5,223.7
12/20/1978,220.4,220.5,217.6,217.6
12/21/1978,214.2,217.8,213.8,217.6
12/22/1978,218.4,218.7,216.2,216.7
12/26/1978,217.1,221.7,216.2,221.6
12/27/1978,223,226.5,222.8,224.8
12/28/1978,225.5,227.5,222,225.1
12/29/1978,226.5,229.6,226.5,229
1/2/1979,229.1,229.7,223.7,224.1
1/3/1979,221.8,223.2,219.5,223
1/4/1979,224,227.9,223.7,226.9
1/5/1979,226,227.4,224.6,224.8
1/8/1979,224,228,223.6,226.7
1/9/1979,226.2,226.4,221.8,222
1/10/1979,221.5,223.6,221.3,223.4
1/11/1979,222.6,223,218.4,218.6
1/12/1979,218,219.6,217.5,219.4
1/15/1979,217.5,221,216.6,220
1/16/1979,220.5,230,220.5,226.3
1/17/1979,227,231.5,226.8,227.4
1/18/1979,229.3,233.7,229.3,230.8
1/19/1979,232.8,233,229.8,232.6
1/22/1979,235,236,231,231.3
1/23/1979,230,233.6,229.5,233.3
1/24/1979,235.5,238.5,235.3,238.2
1/25/1979,234.6,236.3,233.2,234.5
1/26/1979,234.8,236.8,234.1,235.8
1/29/1979,235.7,237.5,231.8,232.2
1/30/1979,237.2,238.1,234.9,238
1/31/1979,238.5,239.3,235.9,236.6
2/1/1979,235,235.6,232.6,235.2
2/2/1979,233,243.5,232,242.5
2/5/1979,244.5,251.5,244.5,250.4
2/6/1979,246.8,252.5,246,247
2/7/1979,257,257,254.1,257
2/8/1979,256.5,256.8,247,247
2/9/1979,250,251.1,240,247.3
2/12/1979,251,251.2,245.5,248.6
2/13/1979,244,245.9,240.5,241.9
2/14/1979,242,251.5,241.5,249
2/15/1979,249,253.3,247.5,248
2/16/1979,249.8,252.5,248.5,250.6
2/20/1979,249,255,248.5,252.7
2/21/1979,252.5,254.8,251.2,252.6
2/22/1979,254,258.8,253,253.8
2/23/1979,255,257,253.7,255.7
2/26/1979,253.5,254.3,246.7,247.7
2/27/1979,249,252.5,248.5,251.2
2/28/1979,254,257,252,252.9
3/1/1979,250.7,252.9,249.8,252
3/2/1979,249.5,250.6,242,243.2
3/5/1979,240,240,235,236.7
3/6/1979,241,241.3,238.7,239.7
3/7/1979,242.4,243.4,237.8,242.5
3/8/1979,240,240.7,239.1,240.1
3/9/1979,241.1,242.7,241,241.6
3/12/1979,241.6,242.8,237.8,240.2
3/13/1979,239,241.7,238,240.3
3/14/1979,240,241.2,239,240.3
3/15/1979,240,246,239.4,244
3/16/1979,244,245.6,243.4,243.7
3/19/1979,242.5,244.2,242.5,244.1
3/20/1979,242.8,244.7,239.1,239.5
3/21/1979,240.3,243,240,243
3/22/1979,243.4,244,241.1,242.1
3/23/1979,243,244.5,241.4,241.8
3/26/1979,247,247.5,245.4,246.2
3/27/1979,243,244.3,242.4,242.8
3/28/1979,244.2,244.8,242.3,242.3
3/29/1979,245.5,246,242.5,243.9
3/30/1979,244,244,241,243.8
4/2/1979,243.8,244.7,242.6,243.8
4/3/1979,243.2,244.4,242,242.8
4/4/1979,243.3,246,241.3,245.3
4/5/1979,244.3,245.2,243.1,243.5
4/6/1979,243,244.4,241.8,244.3
4/9/1979,243.7,244.5,242.7,243.2
4/10/1979,243.2,243.4,241.8,242.4
4/11/1979,240.7,241,235,235.3
4/12/1979,236,236.5,234.9,235.6
4/16/1979,235,235.4,231.8,233.1
4/17/1979,234,235.9,233,235.6
4/18/1979,235.6,243,235.5,242.5
4/19/1979,243,244.3,239.3,240.5
4/20/1979,238.5,239.9,237.5,239
4/23/1979,238.7,243.9,237.8,243.8
4/24/1979,242.4,244.8,241.2,244.2
4/25/1979,244,246.8,243.9,245.4
4/26/1979,245,246.3,244.2,245.1
4/27/1979,246.5,248.8,246.4,248.6
4/30/1979,246.3,250.7,246.2,249.2
5/1/1979,250,250.5,247.6,247.8
5/2/1979,248,249.8,247.9,248.5
5/3/1979,248,249.6,247.7,249.5
5/4/1979,249.5,251.5,249,250.3
5/7/1979,252,253.8,251.5,251.7
5/8/1979,250.7,251,246.1,247.7
5/9/1979,248.7,252.5,248.2,252.3
5/10/1979,254,255.3,252.3,252.6
5/11/1979,253.6,253.8,249.1,249.8
5/14/1979,252.7,254.4,251.9,254.2
5/15/1979,257,257.9,255.5,255.8
5/16/1979,258.1,258.9,255,258.7
5/17/1979,259.5,260,257.3,259.7
5/18/1979,258,260.5,257,260
5/21/1979,264,268.2,262.7,267.5
5/22/1979,268,268.5,265.3,265.8
5/23/1979,264.8,267,263.5,264.7
5/24/1979,264,266.2,263.6,265.6
5/25/1979,271,271.9,269,270.5
5/29/1979,274,276.5,264.5,269.6
5/30/1979,274.4,278.6,272.5,276.3
5/31/1979,281.5,282,277.6,281.1
6/1/1979,280.5,280.6,275,276.9
6/4/1979,275.8,280.5,275.3,279.9
6/5/1979,280,284.4,278.7,283.9
6/6/1979,284.4,285,282.5,284.3
6/7/1979,278.6,281.9,278,281.6
6/8/1979,282.2,286.1,282.1,284.6
6/11/1979,286,286.7,284.1,284.6
6/12/1979,281,282.3,278.4,279.4
6/13/1979,278.4,283.4,278.4,283
6/14/1979,282,283.8,280.8,281.1
6/15/1979,283,283.9,282.2,283.1
6/18/1979,281.8,281.8,279.5,281.2
6/19/1979,282.2,285.2,282,285
6/20/1979,283.5,285.7,282.4,282.6
6/21/1979,284.5,286.3,283.7,284.5
6/22/1979,285.8,287.5,284,284.6
6/25/1979,287,287.3,285.1,286.5
6/26/1979,284,284.4,280,281.9
6/27/1979,283.7,284.3,279.5,280
6/28/1979,280.9,280.9,275.5,280.3
6/29/1979,278.5,284.3,278.3,283.8
7/2/1979,284.3,285.6,282.3,284
7/3/1979,283.9,285.9,282.9,285.8
7/5/1979,290,293.1,289.3,292.8
7/6/1979,292,292.8,287.9,290.9
7/9/1979,290.1,293.5,288.5,293
7/10/1979,292.1,293.4,291.3,292.3
7/11/1979,291.8,293.4,290.6,293.2
7/12/1979,292,293.6,290.5,291.2
7/13/1979,287,291,286.5,290.8
7/16/1979,292.8,297.7,292.5,297
7/17/1979,297.8,300,296.7,299
7/18/1979,304,304,300.5,301.8
7/19/1979,300.8,301.7,298.9,301.4
7/20/1979,298.5,302.8,298.2,302.5
7/23/1979,304.5,306.8,304,305.7
7/24/1979,307.8,307.8,304.5,307.1
7/25/1979,303.5,305.1,303.1,304.9
7/26/1979,306,307.1,304,305.6
7/27/1979,306.3,306.9,305.2,305.9
7/30/1979,314.6,314.8,307.3,307.3
7/31/1979,307,309.8,297.3,297.3
8/1/1979,299,302.4,295,300.9
8/2/1979,301,301.5,293,295.5
8/3/1979,296,297.4,295.2,295.8
8/6/1979,292,292,288,290.4
8/7/1979,292,294.4,291.3,294.2
8/8/1979,296,304,295.8,303
8/9/1979,306.5,311.4,304.8,309.1
8/10/1979,310.1,314.5,308,312.7
8/13/1979,310,310,303.1,305.8
8/14/1979,299.8,310.9,298.5,308.8
8/15/1979,309,312.9,306.6,309.6
8/16/1979,306.5,310.5,305.5,310.2
8/17/1979,309,311,307,307.3
8/20/1979,305.3,308.3,305.3,307
8/21/1979,308.8,316.7,308.4,316.2
8/22/1979,320,322.7,317.5,320.4
8/23/1979,319.5,324.9,318.1,324.7
8/24/1979,324,326,320.5,320.7
8/27/1979,322,324.5,321.1,323.9
8/28/1979,326,327.5,322.5,326.8
8/29/1979,324.8,327,324.5,326
8/30/1979,328,330,328,329.2
8/31/1979,324,327.9,321,326.7
9/4/1979,334,335.4,330.5,330.6
9/5/1979,340,340.6,335.9,340.6
9/6/1979,346.5,348,330.6,339
9/7/1979,337,347,334,346.3
9/10/1979,347,349.5,342.5,348.9
9/11/1979,346.8,349.8,345.3,346
9/12/1979,344.5,347,341.5,343.3
9/13/1979,340.5,353.3,340,352.9
9/14/1979,354,359.2,352.9,354.4
9/17/1979,360.5,364.4,359,364.4
9/18/1979,374.4,374.4,374.4,374.4
9/19/1979,379,385.5,366,384.8
9/20/1979,387,396.8,375,381.5
9/21/1979,378,389,370.5,384.2
9/24/1979,388,391.8,381,383.2
9/25/1979,382,388.5,377.5,381
9/26/1979,379,391,378.7,389
9/27/1979,396,409,396,408
9/28/1979,409,409,403,404.5
10/1/1979,416.5,424.5,414,424.5
10/2/1979,444.5,444.5,404.5,421
10/3/1979,413,417.5,401,402.5
10/4/1979,395,395,382.5,382.5
10/5/1979,379.5,396.2,379,393
10/8/1979,378,383.8,373,374.5
10/9/1979,390,399.5,389,399.5
10/10/1979,420,424.5,414.1,424.5
10/11/1979,400,414,394,396
10/12/1979,401,407.9,396.5,404
10/15/1979,410,413,402,407
10/16/1979,407,407,384,396
10/17/1979,389.5,394,377,393
10/18/1979,383,394.5,381,393.5
10/19/1979,396,405,396,400
10/22/1979,402,403,393,396.8
10/23/1979,392,394.8,387.5,392.5
10/24/1979,396,405.5,396,402.5
10/25/1979,394.7,394.7,394.7,394.7
10/26/1979,382,382.8,375,377.7
10/29/1979,377,381,375.5,379.5
10/30/1979,380,387.3,380,383.5
10/31/1979,385,388.5,384.5,385.7
11/1/1979,381.5,389,365,372
11/2/1979,375,379,373,378.5
11/5/1979,384,387.3,382.7,383.3
11/6/1979,388.5,399,388,397.5
11/7/1979,401.5,403.5,392.5,396
11/8/1979,395,395.8,389.5,394
11/9/1979,394.5,399.5,391.2,391.2
11/12/1979,396,399.5,394.5,397
11/13/1979,392,392,385,387
11/14/1979,394,395,391.5,392.4
11/15/1979,389,389,385.7,388.3
11/16/1979,392.5,394.3,390.3,391.2
11/19/1979,393,394,388.5,388.7
11/20/1979,390,397.5,388.3,393.5
11/21/1979,400,400,392.5,394.2
11/23/1979,392.2,395.4,392.2,394.6
11/26/1979,396.5,397.5,390,390.8
11/27/1979,395,398.5,393.8,398.2
11/28/1979,407,413.5,406,411
11/29/1979,422,426,419,419.5
11/30/1979,426,432.8,425.8,430.5
12/3/1979,440,444.5,439,443.7
12/4/1979,441,443.3,436,438.5
12/5/1979,435.5,444.5,435,444
12/6/1979,446,447.8,436,436.7
12/7/1979,438.8,443,433,436
12/10/1979,440.5,447,439,446
12/11/1979,457,461,453.8,460
12/12/1979,459,463.2,455.7,459.3
12/13/1979,467,474.5,466.5,472
12/14/1979,470,478,464.5,474.5
12/17/1979,480.5,483.3,478,479
12/18/1979,488,492.5,485.5,492
12/19/1979,500,500.3,467,480
12/20/1979,485,485.5,475,481
12/21/1979,479.5,495.5,469,495.5
12/26/1979,496,515,495.8,514.3
12/27/1979,522,530,517,523.5
12/28/1979,525,527.5,512,525
12/31/1979,535,543,533,541
1/2/1980,566,566,566,566
1/3/1980,591,591,591,591
1/4/1980,589,626.5,574,611
1/7/1980,627,636,618,634
1/8/1980,618,623,609,609
1/9/1980,607,619,604,605
1/10/1980,608,610,597,603
1/11/1980,620,628,620,628
1/14/1980,653,653,653,653
1/15/1980,690.5,690.5,680,690.5
1/16/1980,740.5,740.5,740.5,740.5
1/17/1980,722,790.5,720,790.5
1/18/1980,815,840.5,815,823
1/21/1980,873,873,815,834
1/22/1980,784,784,784,784
1/23/1980,734,740,734,734
1/24/1980,710,723,684,684
1/25/1980,688,697,634,635
1/28/1980,635,645,607,639
1/29/1980,700,704,664,702
1/30/1980,702,726,680,681
1/31/1980,681,708,658,704
2/1/1980,700,715,688,704
2/4/1980,691,695,673,677
2/5/1980,683,702,683,702
2/6/1980,727,727,727,727
2/7/1980,720,728,708,710
2/8/1980,717,722,708.5,717.5
2/11/1980,742.5,742.5,725,726
2/12/1980,723,727,715,718.5
2/13/1980,717,721,699,709
2/14/1980,706,709,684,690.5
2/15/1980,691,693.5,673,680.5
2/19/1980,678,678,655.5,655.5
2/20/1980,630.5,675,630.5,673
2/21/1980,669,683,655,666.5
2/22/1980,651,656,641.5,641.5
2/25/1980,635,666.5,617,659
2/26/1980,654,656,634,635.5
2/27/1980,640,657,634,639
2/28/1980,659,660,645,650.5
2/29/1980,645,655,637,640
3/3/1980,643,647,625.5,641
3/4/1980,638,654.5,636,651.5
3/5/1980,655,660,640,643
3/6/1980,633,636,618,618
3/7/1980,607,621,599,605
3/10/1980,599,600,567.5,567.5
3/11/1980,560,575,557,570.5
3/12/1980,583,591,576,581.5
3/13/1980,555,559.5,544,544
3/14/1980,523,543,516,530
3/17/1980,485,495,480,480
3/18/1980,472,494,463,488.5
3/19/1980,530,538.5,513,538.5
3/20/1980,556,565,536,538.5
3/21/1980,528,569,520.2,565
3/24/1980,560,572,532,549
3/25/1980,548,548,523,529
3/26/1980,504,509.5,504,504
3/27/1980,480,481,453,463
3/28/1980,500,533.5,491,525
3/31/1980,505.1,530,504,519
4/1/1980,525,528.5,504,515
4/2/1980,516,517,499,506
4/3/1980,495,503,483,501.5
4/7/1980,505,526.5,502,526.5
4/8/1980,538,551.5,535,551.5
4/9/1980,567,570,546,550
4/10/1980,538,556.5,535,544.5
4/11/1980,545,547,535,544
4/14/1980,542,542,519,519.5
4/15/1980,505,534,501,530
4/16/1980,534.5,547,514,516
4/17/1980,522,527,511,522
4/18/1980,526.5,527,518,520
4/21/1980,512,515,495,497
4/22/1980,510,516,506,510
4/23/1980,515,518,512.5,515
4/24/1980,523,539,522,538
4/25/1980,563,563,537,547
4/28/1980,535,536,522,522
4/29/1980,524,535,517,529
4/30/1980,525,525,504,507
5/1/1980,500,521,482,520
5/2/1980,515,526.5,511,516
5/5/1980,524.5,524.5,516,523
5/6/1980,517,517,508,510
5/7/1980,508,522,506,517
5/8/1980,519.5,521,512,512.5
5/9/1980,509,516.5,504.5,515.7
5/12/1980,514,518,509,510
5/13/1980,515,523,512.7,520
5/14/1980,525,530,522.5,524.5
5/15/1980,518,521,511.2,514.5
5/16/1980,517,519.5,513.5,514.8
5/19/1980,516,516.3,505,511
5/20/1980,508,512.5,502.5,512
5/21/1980,513,516.5,505.5,506.5
5/22/1980,500,517,495,515
5/23/1980,512,515.5,509,510
5/27/1980,513.6,525,513.5,524
5/28/1980,524,527.5,516,519.2
5/29/1980,529,538.5,526.5,537.5
5/30/1980,542,562.5,541,555
6/2/1980,580,580,566.5,576.5
6/3/1980,564,572,560,569
6/4/1980,582,594,581,592.5
6/5/1980,595,611,588.5,597
6/6/1980,607,617.5,604,616
6/9/1980,634,640,630.5,633.5
6/10/1980,616,617.5,608.5,608.5
6/11/1980,600,616,593,594.5
6/12/1980,593.5,611,593,609
6/13/1980,619.5,621,610,613
6/16/1980,606,606.5,597,598
6/17/1980,597,608.5,597,606.5
6/18/1980,608.5,617,602,603
6/19/1980,606.5,614,603,613
6/20/1980,614,615,608.5,609.5
6/23/1980,603.8,611,602,610
6/24/1980,606,625,606,624
6/25/1980,631,635.5,622,623.5
6/26/1980,631,635,627,633
6/27/1980,647,658,643.5,657.5
6/30/1980,665,666,652.5,654
7/1/1980,670,677,665.5,676
7/2/1980,674.5,674.5,662,667.5
7/3/1980,664,680.5,663,676
7/7/1980,671,690,670,684
7/8/1980,694,696,677,678.5
7/9/1980,682,683,662,666.5
7/10/1980,668,674,653,672
7/11/1980,668,676,667,670.5
7/14/1980,649,656,645.5,645.5
7/15/1980,620.5,624.5,620.5,620.5
7/16/1980,630,632,622,628.5
7/17/1980,632,632,619,620.2
7/18/1980,609,617.1,604,614
7/21/1980,622,622,611.5,613.5
7/22/1980,610,638.5,609,638
7/23/1980,634,647,627,631.5
7/24/1980,635,647.5,633,639.5
7/25/1980,651,655,648,653
7/28/1980,641,650,639,648
7/29/1980,645,651,637,637.5
7/30/1980,658.5,660,636,636
7/31/1980,639,645,625,642
8/1/1980,643,645,636,640
8/4/1980,645.5,652.5,645,650
8/5/1980,657,657,643,649.5
8/6/1980,651,655,645.5,654
8/7/1980,652,657.5,647.5,656
8/8/1980,651,654.9,646,647
8/11/1980,633,637.5,622,623
8/12/1980,623,636,620,633
8/13/1980,635,637,627,635
8/14/1980,638,648,636.5,647.4
8/15/1980,643.5,646,634,635
8/18/1980,625,642,622.5,640.5
8/19/1980,644,646,638,642
8/20/1980,648,667,646,667
8/21/1980,661,670.5,657.5,659
8/22/1980,654,662,654,658
8/25/1980,655,656.5,642,643.3
8/26/1980,649,652.5,647,651
8/27/1980,654,658,652.5,653.5
8/28/1980,658,658,650,654
8/29/1980,653,657,650.2,656
9/2/1980,656,664,656,660
9/3/1980,657,660.5,656,658
9/4/1980,661,675,661,673
9/5/1980,677,678,669,670
9/8/1980,690,695,689.5,695
9/9/1980,697,698.5,689.5,693.5
9/10/1980,710,716,701,703.5
9/11/1980,696,717,696,713.5
9/12/1980,718,720,702,704
9/15/1980,696,696,680,685
9/16/1980,688,701,685.5,700
9/17/1980,702,704,691,692
9/18/1980,693,696.5,688.5,693
9/19/1980,693,709,693,708
9/22/1980,729,733,727,733
9/23/1980,735,748.5,728.5,731.5
9/24/1980,735,736.5,723.5,729.5
9/25/1980,710,730,710,728.5
9/26/1980,722,724,703.5,703.5
9/29/1980,703,703,678.5,678.5
9/30/1980,683,689.5,678,688.5
10/1/1980,699,700,693.1,696.5
10/2/1980,689,689,673,685
10/3/1980,675,686,669,684.5
10/6/1980,688,698,686.5,693.5
10/7/1980,689,696,686,688
10/8/1980,688,692.5,686,690
10/9/1980,700,708.5,697,699.5
10/10/1980,698,701.5,695.5,700
10/13/1980,696,696.5,686,691.7
10/14/1980,676,692,675,691.5
10/15/1980,687,694,685,686
10/16/1980,684,688.5,676,677.5
10/17/1980,679.5,682,661,665
10/20/1980,668,669,653,667
10/21/1980,663,671,657,668
10/22/1980,670,673.5,659,660
10/23/1980,648,650,635,635
10/24/1980,636,642,634,639
10/27/1980,641,644.5,633.5,640.5
10/28/1980,640,643,635,642
10/29/1980,651,652.5,644,645
10/30/1980,649,651,646.2,647.5
10/31/1980,638,644,627,642
11/3/1980,640,658.9,640,655
11/5/1980,664,665,641,643
11/6/1980,638,639,618,618
11/7/1980,593,611,593,607
11/10/1980,617,618.5,607,609.5
11/11/1980,601,618,594,617
11/12/1980,616,626,612.5,618.5
11/13/1980,623,626.5,610,611
11/14/1980,613,622.5,608,621
11/17/1980,612,620,610,617
11/18/1980,619,624.9,618,621.5
11/19/1980,636,636,629,634
11/20/1980,634,646,630.5,645
11/21/1980,638.5,645,636.2,638.5
11/24/1980,631,634,614,618
11/25/1980,608,630.5,608,628
11/26/1980,627.5,631.5,617.5,622.6
11/28/1980,640,645.5,636.5,644.5
12/1/1980,656,658,645.8,647
12/2/1980,650,650.5,638.5,641.5
12/3/1980,647,649.5,644.2,647.3
12/4/1980,653,653,639,639.5
12/5/1980,635,640.5,627,638
12/8/1980,631,635.5,628,630.4
12/9/1980,621,624.5,606.5,608
12/10/1980,608,612,583,583
12/11/1980,571.5,573,558,558
12/12/1980,562,590.5,560,587
12/15/1980,582.9,596,581,587.5
12/16/1980,576,581.5,563,580
12/17/1980,585,599.5,583,588
12/18/1980,586,590,580.5,583
12/19/1980,586.5,608,584,607.5
12/22/1980,606,615,597.5,604
12/23/1980,610,619,607,616
12/24/1980,614,618,611,617
12/29/1980,608,610,593.5,595
12/30/1980,596,599,586,595
12/31/1980,596,604.9,593,599.5
1/2/1981,593.5,595.5,587,594.5
1/5/1981,600.5,612,599.5,601.5
1/6/1981,609,610.5,600,605
1/7/1981,590,593.5,580,580
1/8/1981,578,583.5,572.5,577.5
1/9/1981,582,585,570,581
1/12/1981,564,567.5,559,566.5
1/13/1981,570,570,563,565.5
1/14/1981,557,574,555,573.5
1/15/1981,570.5,577.8,561,562
1/16/1981,560,574,558,567.5
1/19/1981,559,573,559,565.5
1/20/1981,564,573.5,561.5,571
1/21/1981,580,581,566.5,568
1/22/1981,565,567.1,551,557
1/23/1981,552,556.5,548,552.5
1/26/1981,527.5,531,527.5,527.5
1/27/1981,522,528,514.5,520.5
1/28/1981,522.5,524.8,505,507
1/29/1981,508.5,530,498,529
1/30/1981,517,527,510,512.5
2/2/1981,505,508,490,492.5
2/3/1981,496.5,509,494,505
2/4/1981,518,521,494,500
2/5/1981,509,512,497,510
2/6/1981,513,518,505,514
2/9/1981,524,528,519,527.5
2/10/1981,529.5,530.5,517,517.5
2/11/1981,507,510,503.5,507
2/12/1981,497,505,490,504
2/13/1981,499,506,494,501
2/17/1981,509,516,505,507
2/18/1981,512,513,498,500.5
2/19/1981,514,517.5,506.8,515.5
2/20/1981,522,522,512.5,514.5
2/23/1981,513,514,500.5,505
2/24/1981,508,511.5,505.5,511
2/25/1981,508.5,510,501.5,504
2/26/1981,495,500,492.2,499
2/27/1981,491,497,485,486.5
3/2/1981,471,472,462.5,465
3/3/1981,469.5,478,468.2,476
3/4/1981,474,476,453,461
3/5/1981,457,469,455,466.5
3/6/1981,464,474.8,461.8,467
3/9/1981,475,480,472,475
3/10/1981,490,495,481,485.5
3/11/1981,477.5,479,472.7,478
3/12/1981,479,485.5,477.5,485
3/13/1981,494,497.3,487.5,488.5
3/16/1981,502,504,493.5,495.5
3/17/1981,498,511,490.5,509
3/18/1981,508,516,505.5,508.5
3/19/1981,509,513,505,512
3/20/1981,511,537,510,537
3/23/1981,531,541,519.5,527
3/24/1981,531,544.5,529.5,536.5
3/25/1981,535,536,527,532
3/26/1981,534,554,532,545
3/27/1981,541,543,524,529.3
3/30/1981,538,538,518,524.5
3/31/1981,525.5,527,515,525.5
4/1/1981,524,531.5,521,528
4/2/1981,532,532.8,525.5,528.5
4/3/1981,532,536.5,531,532.5
4/6/1981,545,545.5,536.5,538
4/7/1981,524,526.8,517,522.5
4/8/1981,518,525.5,517,524.5
4/9/1981,516,517,500.5,501.5
4/10/1981,503,505,494,496
4/13/1981,479,488,476,487
4/14/1981,492,495.5,488.5,492
4/15/1981,484,485,480.5,482.3
4/16/1981,490,498,488.5,495.5
4/20/1981,489,497,479.5,495.7
4/21/1981,488,501,487,497.5
4/22/1981,508,509,494.5,496
4/23/1981,496,501,492.5,498
4/24/1981,500,504,490,491.3
4/27/1981,493.5,493.5,486.5,491
4/28/1981,486,491.5,485,489.8
4/29/1981,479,485,478,484.5
4/30/1981,487,490,481,489
5/1/1981,488,497.5,487,496
5/4/1981,486,488,481.5,486.5
5/5/1981,478,487.5,478,486.5
5/6/1981,489.5,489.5,483,484.5
5/7/1981,481,487.5,480,487
5/8/1981,489,497.5,488.6,496.5
5/11/1981,502.5,503,487,488
5/12/1981,488.5,492.5,482,491.5
5/13/1981,490,490,481,482
5/14/1981,480,487.5,475,486.5
5/15/1981,486,489,478,479.5
5/18/1981,485,486.5,477.2,485
5/19/1981,484,484.5,477.5,478.5
5/20/1981,479,483,477,482.5
5/21/1981,474,476.3,466,468
5/22/1981,471,473.3,467.8,471
5/26/1981,465,470.3,464,465.5
5/27/1981,465,472.5,464,469.7
5/28/1981,488,495,486.5,494.5
5/29/1981,493,494.8,490.7,492.5
6/1/1981,495.5,497.5,485.5,487.5
6/2/1981,485,489,483.5,487
6/3/1981,487,488.2,480.5,481.5
6/4/1981,473,478,469,476
6/5/1981,472,473.4,461.5,462.5
6/8/1981,472,487.5,470,473
6/9/1981,474,475.5,464.8,469
6/10/1981,472,478,472,477
6/11/1981,473,476.5,472,476
6/12/1981,480,484.8,474.5,476
6/15/1981,484,485,471,472
6/16/1981,474,475,469.5,472.5
6/17/1981,470,473,468,469
6/18/1981,467,468.5,465.5,467
6/19/1981,465.5,469,464.5,467.5
6/22/1981,470,473.5,468.8,472.3
6/23/1981,474.5,475.5,469.5,471.2
6/24/1981,469,469.7,460,460.5
6/25/1981,460,460,444.5,451
6/26/1981,446,451.5,443,447
6/29/1981,434,435.5,429.5,432
6/30/1981,427,432.5,427,428.5
7/1/1981,426.5,431.5,417.5,419
7/2/1981,418.8,421.5,412,416.5
7/6/1981,407,409.5,398.5,404
7/7/1981,410,412.5,406,409.5
7/8/1981,402.5,408,397,407
7/9/1981,409.5,417.5,407,415.5
7/10/1981,419,423.5,418,422
7/13/1981,419,419.5,408,409
7/14/1981,406.5,416.5,402.2,414.5
7/15/1981,413,421.5,411.5,414
7/16/1981,421,422.5,415.5,417.5
7/17/1981,418,426,415.5,420
7/20/1981,417,417.5,409.5,411
7/21/1981,406.5,412.5,406,411.5
7/22/1981,410,414,407.2,408
7/23/1981,410,411.5,406.5,408.7
7/24/1981,407,409.5,406,408.2
7/27/1981,402,415,401.3,402
7/28/1981,402,407.7,398,406.5
7/29/1981,405,409,403,403.5
7/30/1981,421,425.4,419,424.4
7/31/1981,424.5,426.4,421.7,423.2
8/3/1981,411,412,406,406.5
8/4/1981,408,409.3,405,408.5
8/5/1981,410,410.5,407.8,409.3
8/6/1981,411,418.5,409.7,418.2
8/7/1981,414,418.2,413,414.8
8/10/1981,411,417,410,415.5
8/11/1981,417,429.5,415.5,429
8/12/1981,434,439.3,422,423
8/13/1981,427,429.5,422.6,429
8/14/1981,435,438,428,430.5
8/17/1981,432,433.8,428.5,433
8/18/1981,442,456.5,436.2,455.5
8/19/1981,455,463,450.5,456
8/20/1981,452,453,444.5,448
8/21/1981,449.5,455,448,452.5
8/24/1981,446,447,432.5,433
8/25/1981,424,430.5,423,427.5
8/26/1981,435,437,430,430.5
8/27/1981,432,439.7,427.5,436
8/28/1981,444,448.5,442,445
8/31/1981,450,450,439,443.5
9/1/1981,441,446,437.5,444.7
9/2/1981,449,454.5,446,452.5
9/3/1981,454.5,463.3,451.5,462.5
9/4/1981,458.5,460.2,453,455.5
9/8/1981,458,459,447.5,448.5
9/9/1981,451,466.5,450,463.5
9/10/1981,466,474,462.8,464.5
9/11/1981,466.9,472.5,463.8,470
9/14/1981,473,477.5,463.7,476.4
9/15/1981,473,476,468,469
9/16/1981,465,472.5,462.5,466
9/17/1981,472,476,453.5,456.5
9/18/1981,461,465.5,459,465
9/21/1981,473,482.5,472,482
9/22/1981,475,478.3,471,475
9/23/1981,470.5,470.5,466,469.5
9/24/1981,462,464.8,455.5,459.5
9/25/1981,461,464.2,437,441.5
9/28/1981,433,443.5,428,441.8
9/29/1981,444,445.5,438,441.5
9/30/1981,439,443.5,435.8,443
10/1/1981,446,448.3,438.5,440
10/2/1981,444,450,443,447.5
10/5/1981,452,454,442.5,445.5
10/6/1981,449,469,445,461.5
10/7/1981,458.5,458.5,451.5,453.5
10/8/1981,450.5,458.5,449.5,457.5
10/9/1981,462.5,464.5,455.8,457
10/12/1981,458,459.5,451.5,452
10/13/1981,452,457,448.2,456
10/14/1981,451.5,456.6,449.5,452
10/15/1981,455,455,447.5,450.2
10/16/1981,450.5,452.4,447,447.5
10/19/1981,445.5,445.5,441,442.7
10/20/1981,443,444.3,437,437.5
10/21/1981,438,439,433,438
10/22/1981,439,439.5,435.5,439.2
10/23/1981,438,438.5,433.5,436
10/26/1981,432.5,432.5,428.5,429.8
10/27/1981,432,436,430.6,435.3
10/28/1981,436.5,437,426.5,428
10/29/1981,431,435,427.5,433.3
10/30/1981,433,436.5,429.5,431.2
11/2/1981,432,436,430.5,432.5
11/3/1981,431.5,434.5,430.5,434.2
11/4/1981,434,435.3,431.5,433.3
11/5/1981,431,432.8,430.3,431.2
11/6/1981,430.5,432.2,429.8,430.9
11/9/1981,433,433,421,423.5
11/10/1981,423,424,413,414.5
11/11/1981,412,414.5,407,412.1
11/12/1981,414,417,409.2,414
11/13/1981,414,416.3,412.1,415.2
11/16/1981,403.5,406,400,401.4
11/17/1981,398,406,396.5,405
11/18/1981,406,406.5,397,398
11/19/1981,401,402,395.5,400.5
11/20/1981,401,404,397.5,398
11/23/1981,396,397,392.5,394
11/24/1981,398,402.5,397,401.8
11/25/1981,407.5,413,407.5,412.5
11/27/1981,419,420.5,417.3,419.8
11/30/1981,421,422,411.5,413.3
12/1/1981,407,412.5,406,412
12/2/1981,410.5,429.5,410.5,429
12/3/1981,425,430,420.5,428
12/4/1981,431.5,437,428,429
12/7/1981,423.7,427,421.2,424
12/8/1981,421.2,427.5,415,415.8
12/9/1981,414,417.5,411,416.8
12/10/1981,413,416.5,408.5,413.5
12/11/1981,415,418.5,411.5,412.5
12/14/1981,426.5,428,419,419.5
12/15/1981,420,423.5,418.2,423
12/16/1981,424,429,421.6,428.3
12/17/1981,423.5,426.5,421.2,422.3
12/18/1981,421.3,423.6,417,418.2
12/21/1981,416.1,418.5,405,405.8
12/22/1981,407.5,410,402,408.4
12/23/1981,405.5,408.5,403.2,408
12/24/1981,409,409.4,406,406.3
12/28/1981,404,405,396.5,397.2
12/29/1981,399,399.5,397.1,399
12/30/1981,399,403.8,398.5,403
12/31/1981,403.5,406,401.8,402.8
1/4/1982,399,408,395.5,407.3
1/5/1982,403.5,411,403,405.6
1/6/1982,404.6,406.2,402,403
1/7/1982,397.5,403.3,396.1,402
1/8/1982,401,404.2,396.5,397.5
1/11/1982,389,392,386,388
1/12/1982,392,392,388.3,390
1/13/1982,381.5,383,377,379.6
1/14/1982,375,379,374,378.6
1/15/1982,382.5,382.5,371.5,372
1/18/1982,370.5,378,370,377
1/19/1982,378,379.3,370,371.2
1/20/1982,370,374.9,369,374.5
1/21/1982,376.5,379.8,374.2,376.5
1/22/1982,377.5,384.2,374.5,378.5
1/25/1982,370.5,376,370.5,375.6
1/26/1982,377,379.5,375.8,376.4
1/27/1982,383,385.5,380.6,384.2
1/28/1982,390.5,393,390,392.4
1/29/1982,395,395.8,390,391.8
2/1/1982,387,390,385.3,389.2
2/2/1982,386.9,389.5,384.5,384.7
2/3/1982,386.5,387.3,385.2,386.8
2/4/1982,391,394.4,391,393.8
2/5/1982,392,392.6,389.2,392
2/8/1982,388,389,385.3,386.8
2/9/1982,384.5,387.9,384,387.6
2/10/1982,390,392,388.3,391.3
2/11/1982,387,388.7,382.7,384.5
2/12/1982,383.5,385.9,383,384.9
2/16/1982,382,382.8,379.3,381.8
2/17/1982,382,382.5,378.6,381.1
2/18/1982,374.5,375.9,373.9,374.1
2/19/1982,375,375.3,368.5,369.3
2/22/1982,368,371.3,367,368.8
2/23/1982,366,368.5,362.7,367.7
2/24/1982,369,372.8,366.6,372.4
2/25/1982,371,373.1,368.2,369.8
2/26/1982,367,367.7,364,364.5
3/1/1982,362.5,366.3,362.5,365.8
3/2/1982,366.5,366.5,360.2,361.6
3/3/1982,358,358.5,353.5,354.2
3/4/1982,351.5,352.5,345.5,346.8
3/5/1982,343,346.6,336,336.3
3/8/1982,335,335,323,331
3/9/1982,328.5,336.5,326.8,336
3/10/1982,337,340,332.8,338.8
3/11/1982,335,336,329.5,330
3/12/1982,324,326,317.5,319.6
3/15/1982,317,327,312.5,326.2
3/16/1982,323,328,314,314.5
3/17/1982,316.5,321.5,313.7,319.3
3/18/1982,325.3,326,320.8,325.2
3/19/1982,316,320,314.5,317.7
3/22/1982,322.5,325.2,320.3,324.6
3/23/1982,331,332,326.2,327
3/24/1982,333.5,335.5,331.8,334.2
3/25/1982,327.5,329.2,324.9,326.7
3/26/1982,322.5,324.8,320.7,322.2
3/29/1982,318.5,323.8,316.4,323.2
3/30/1982,331.5,333.4,326,326.5
3/31/1982,327,335,325.8,334.2
4/1/1982,334.5,336,328.8,332.8
4/2/1982,335,337.2,332.1,336.8
4/5/1982,343.5,355,341.2,353.3
4/6/1982,352,368.5,351,367
4/7/1982,361,365,355.5,357
4/8/1982,359,368,358,366
4/12/1982,364.5,365,355.8,357.5
4/13/1982,360.5,366.5,359,362.7
4/14/1982,374,377.5,370,376
4/15/1982,370,372.7,369,371.8
4/16/1982,370,370.8,365,366
4/19/1982,363,363.5,342,346.5
4/20/1982,348,352.5,346.5,350.5
4/21/1982,352,353.2,347.5,349.1
4/22/1982,349,351.5,348,349.6
4/23/1982,357.5,358.5,352.5,356.7
4/26/1982,365.9,365.9,355.5,356.5
4/27/1982,355,360.5,353.2,360
4/28/1982,362,362.5,355,359.1
4/29/1982,354,362,350.5,360.5
4/30/1982,364,367,335.5,346.5
5/3/1982,351,351,345,349
5/4/1982,346,348.5,343,346.5
5/5/1982,341,342.2,338.9,339.8
5/6/1982,337,342,334,335
5/7/1982,335,338.5,331,336.5
5/10/1982,331,333,329,331.5
5/11/1982,334,336.8,333,335.8
5/12/1982,334.5,336.2,333,335
5/13/1982,333,334.9,332.4,333.5
5/14/1982,333.5,341.5,333.5,340
5/17/1982,341,341.5,335.6,336.2
5/18/1982,337.5,343,337.5,342.1
5/19/1982,344.5,345.8,342,342.5
5/20/1982,344.5,345,340.5,344
5/21/1982,343,343.8,336.5,337.2
5/24/1982,328.5,330.2,327.5,328.8
5/25/1982,327.5,331.5,327.5,329.5
5/26/1982,330.5,331.1,324,324.8
5/27/1982,323.2,327,322.9,326.4
5/28/1982,333,333,328,329
6/1/1982,325.5,326,322.5,323.8
6/2/1982,323.5,327.7,323.5,326.4
6/3/1982,328,328,321,323.5
6/4/1982,324,326.8,322.5,325.3
6/7/1982,330,343,329.6,342.5
6/8/1982,338,341,334,337.3
6/9/1982,333.5,335,331.5,333.2
6/10/1982,333,334,330,332.6
6/11/1982,330,333.5,329.5,333.2
6/14/1982,326,326.5,321.5,322.5
6/15/1982,319,321.5,317.5,321
6/16/1982,321,322.9,318.5,321.4
6/17/1982,315,315.5,308,312.2
6/18/1982,311,313.3,308,308.5
6/21/1982,300,305.9,297.5,305
6/22/1982,308,312.7,301,301.5
6/23/1982,301.5,311.5,301.5,311
6/24/1982,313.5,315,307,307.5
6/25/1982,307,311,306.8,310.2
6/28/1982,306.5,314,305.5,313.7
6/29/1982,313.5,319.5,309.8,318
6/30/1982,320,322.5,315.6,317.8
7/1/1982,314,316.8,312.5,316.5
7/2/1982,317.5,317.7,313.8,315
7/6/1982,314,315.4,310.3,311.5
7/7/1982,309,313.8,308.3,313.5
7/8/1982,314.5,326.5,314.2,324.7
7/9/1982,327,349.7,327,348
7/12/1982,346,348,340.2,343.5
7/13/1982,346,362,345.5,359.5
7/14/1982,359,359.5,348.5,349.2
7/15/1982,352,355.5,342,345.7
7/16/1982,346.5,356,346.2,351.5
7/19/1982,352.5,353,344.5,346.5
7/20/1982,346.5,363,346.3,360.3
7/21/1982,367,369.7,354.5,356.2
7/22/1982,356,360,352,359.5
7/23/1982,366,367.2,355.5,361.2
7/26/1982,354,356.5,349,355.5
7/27/1982,349,355.3,349,352.2
7/28/1982,347.7,347.7,338,339.5
7/29/1982,355.5,356.8,347,351.7
7/30/1982,355.7,357.8,353.6,355.5
8/2/1982,364.5,366.5,360.8,366.1
8/3/1982,364.5,365,357,358
8/4/1982,356.8,364.4,356.2,363.1
8/5/1982,359,359.5,354,356.8
8/6/1982,356.5,359.8,354.5,355.5
8/9/1982,347.5,351.4,345.5,346.5
8/10/1982,348.5,350,341.5,343.3
8/11/1982,342,345.8,340.2,344.5
8/12/1982,343.5,350.5,343.3,348.5
8/13/1982,348.5,349.8,344,344.9
8/16/1982,348,353.5,347.3,348.4
8/17/1982,348.5,355,346.4,354.5
8/18/1982,367,372,364.5,368.9
8/19/1982,366,386,365,384.5
8/20/1982,396,401,388,396
8/23/1982,403,411.5,397,408.7
8/24/1982,418,423,409,413.2
8/25/1982,405,418,404.5,417
8/26/1982,425.5,441,424,437.5
8/27/1982,430,431.5,412.5,413
8/30/1982,409,421,405,419.5
8/31/1982,418,425.5,415,418.5
9/1/1982,413.5,416.5,408,415.5
9/2/1982,421,440.5,419,440.5
9/3/1982,462,465.5,458,465.5
9/7/1982,500,500,478,481
9/8/1982,468,509,465,497
9/9/1982,481,496,472,472
9/10/1982,458,471,447,452
9/13/1982,447.5,458,447,457
9/14/1982,461,468,443,447
9/15/1982,455.5,458,443,454.5
9/16/1982,460,463.4,450,454
9/17/1982,452,454,441,443
9/20/1982,432,437.8,428,436
9/21/1982,436,448,432.5,447
9/22/1982,454,457.8,443,445.5
9/23/1982,445,454,443.3,447.3
9/24/1982,446,446.5,423,424.3
9/27/1982,419,423.5,409,412
9/28/1982,415,423.5,414.2,420.5
9/29/1982,420.5,421.5,396,400
9/30/1982,403.5,406,398,404.8
10/1/1982,408.5,415.5,406,413
10/4/1982,400,401,390,392.5
10/5/1982,397,401.5,393.5,398.4
10/6/1982,409,414.5,403,403.8
10/7/1982,428.8,428.8,423,428.8
10/8/1982,442,444,418,424.5
10/11/1982,438,449.5,433.5,449.5
10/12/1982,447,452,437,443.5
10/13/1982,434,461,432.5,460
10/14/1982,453,465,441,445.5
10/15/1982,442,444.7,430,433
10/18/1982,434,442.5,431,439.5
10/19/1982,447.5,449,426,427
10/20/1982,430,439,424.5,437
10/21/1982,441,442,422.5,427.5
10/22/1982,432,438.5,428.5,435.5
10/25/1982,421,423.3,414,420.5
10/26/1982,419.5,427.5,415.5,426.7
10/27/1982,426,426.5,418,425
10/28/1982,421,424.5,419,422.7
10/29/1982,424.5,430,422,423
11/1/1982,431,435,428.5,432.5
11/3/1982,432.5,438.4,423.5,426
11/4/1982,425.5,430,421.5,429.3
11/5/1982,424.3,424.5,416,419
11/8/1982,410,411,405.5,407.5
11/9/1982,411,415.8,409.8,414
11/10/1982,414.5,415,401,405
11/11/1982,405,406.5,399.5,406
11/12/1982,398,411.5,398,410.5
11/15/1982,404,408.5,401,406.5
11/16/1982,408.5,414.5,407.1,411.5
11/17/1982,414,415.7,406.5,408.5
11/18/1982,408,415,408,413.2
11/19/1982,418.5,420.8,413.7,414.8
11/22/1982,412,412.5,405,406
11/23/1982,406.5,410,405,405.3
11/24/1982,407,413.3,406.3,411.5
11/26/1982,416,432,416,427.3
11/29/1982,436.5,444.5,433.5,440.6
11/30/1982,441.5,449.5,439.2,449
12/1/1982,446,448.5,439,441.7
12/2/1982,451,456.4,449,449.5
12/3/1982,450,450,442,447.8
12/6/1982,451,454.5,447.1,452
12/7/1982,462,465.5,458,458.5
12/8/1982,453,453.7,442.5,444.5
12/9/1982,448,450,439.5,449.2
12/10/1982,443.5,445.5,440,441.5
12/13/1982,443,450,441.3,449.5
12/14/1982,456,457.5,435,436.8
12/15/1982,440.5,445,438,443.7
12/16/1982,448,448,439.5,446
12/17/1982,443.5,447,439.8,444.2
12/20/1982,445.5,447.8,443.8,446.9
12/21/1982,446.5,456.5,446.1,455.5
12/22/1982,453,455.5,447,448
12/23/1982,450,454,447.3,450.8
12/27/1982,454,464,454,462.2
12/28/1982,461.5,461.8,457,460
12/29/1982,461,468.8,460,465.5
12/30/1982,465.5,466.5,449,453
1/3/1983,455,457.5,450.8,453.4
1/4/1983,456,457.7,449.5,456.7
1/5/1983,459,465,456.2,461
1/6/1983,458,460.3,455.5,456.5
1/7/1983,457,471.5,456.5,469.5
1/10/1983,478,489,474.7,483.2
1/11/1983,485.5,490.5,479,482.4
1/12/1983,481,493,480,492.6
1/13/1983,491,495,485,490
1/14/1983,484,496.5,482.5,490
1/17/1983,496,502.1,491,492.5
1/18/1983,488,505,483.8,503.8
1/19/1983,501,502,485,489.6
1/20/1983,491.5,497,487.5,492.5
1/21/1983,488,489.8,481.5,485
1/24/1983,473,486.2,473,482.5
1/25/1983,487,493.7,486,490
1/26/1983,488,491.8,484.5,491.3
1/27/1983,492,499.5,491.5,496
1/28/1983,502,503.8,497.5,502.8
1/31/1983,508,519,505.5,518.2
2/1/1983,517.5,518.5,511,511.5
2/2/1983,505,518.5,504.5,515
2/3/1983,513.5,516.5,503.5,504
2/4/1983,507,510.3,498,501
2/7/1983,497.5,503.5,496,501
2/8/1983,505,506.5,498.5,499.2
2/9/1983,497,501.3,495,498.3
2/10/1983,501,511,500.5,509.5
2/11/1983,511,513.5,507.2,510
2/14/1983,506.5,516,506.1,514.2
2/15/1983,517,520,511,511.5
2/16/1983,511,516.3,508.5,511
2/17/1983,509,513,507,508
2/18/1983,508,511.5,507.6,510.5
2/22/1983,507.5,508.8,485.5,485.5
2/23/1983,474,479.5,470,471.5
2/24/1983,476.5,479.8,472,473.7
2/25/1983,465.5,469.5,448.7,448.7
2/28/1983,423.7,423.7,423.7,423.7
3/1/1983,416,424,412,415
3/2/1983,433.5,437,426,436
3/3/1983,434,437.3,430.5,433
3/4/1983,419,421,408,420
3/7/1983,425,431,418,429.5
3/8/1983,425,426.5,418,424.5
3/9/1983,427,429,423.8,426.3
3/10/1983,437.5,439.5,431.5,433
3/11/1983,424,430,420,429.3
3/14/1983,430.5,442,428,438.5
3/15/1983,436.5,437.8,425,427.8
3/16/1983,421.5,424.5,417,419.5
3/17/1983,415.5,422,414,420.8
3/18/1983,422,423.7,411,416.5
3/21/1983,414,421.5,413,421
3/22/1983,423,424.3,418.5,419.5
3/23/1983,410,420.5,406.5,418.5
3/24/1983,417.5,418.5,410,410.5
3/25/1983,413.5,418,408,414.5
3/28/1983,408.5,414,406.5,412.3
3/29/1983,411,417,411,415.8
3/30/1983,424,425.3,419,419.5
3/31/1983,421,422.7,419.2,422
4/4/1983,422.5,434.5,422.5,433.5
4/5/1983,433,439.8,432,434.8
4/6/1983,436,437,431,435.5
4/7/1983,432,434,430.5,431
4/8/1983,426,430.8,425,427.2
4/11/1983,433.5,437.3,432.3,436.8
4/12/1983,439,439.3,434.2,437
4/13/1983,434.5,437.8,434,437.4
4/14/1983,441,443.5,438.3,443
4/15/1983,441,443,439.1,442.2
4/18/1983,447.5,450.8,443.8,449.8
4/19/1983,445,445.5,436,437.5
4/20/1983,437.5,443.7,436.4,443
4/21/1983,445,445,438,439.7
4/22/1983,440,444,440,443.3
4/25/1983,446,446.5,440.5,440.8
4/26/1983,439,442.5,438.5,442.3
4/27/1983,440.5,440.7,432.5,435
4/28/1983,435,435.8,429.5,434.2
4/29/1983,432,434.5,428.2,433.5
5/2/1983,430.7,433.4,430.7,432.3
5/3/1983,434,437.5,434,436.4
5/4/1983,436.5,438,434.1,437.7
5/5/1983,437,437.7,433.5,434.8
5/6/1983,434,440.8,433.2,439.5
5/9/1983,437.5,444.8,435,443.8
5/10/1983,442.5,452.5,442,445.3
5/11/1983,445.5,447.1,442.5,445.7
5/12/1983,441,443,439,440.4
5/13/1983,441,444.3,440.8,442.8
5/16/1983,440.5,441.7,436.8,440.2
5/17/1983,439,446.5,438.5,444.3
5/18/1983,443,446.8,441,441.2
5/19/1983,442.5,445.8,436,439.3
5/20/1983,440.5,441.7,436.8,438
5/23/1983,434,441,432.5,439
5/24/1983,438.5,440,436,437.5
5/25/1983,439.5,443.5,439,440.1
5/26/1983,440,441.5,437,437.3
5/27/1983,437,438.2,434.5,435.9
5/31/1983,445.5,446.1,417.8,418.5
6/1/1983,420,422,408,411.5
6/2/1983,418,420.8,415.2,417.8
6/3/1983,418.5,419.2,415.7,418
6/6/1983,412.5,413.8,401,407.5
6/7/1983,403,411.5,402.5,409.9
6/8/1983,407.9,409.5,406.5,408
6/9/1983,413,421,411.8,418
6/10/1983,418,418.5,409,412.4
6/13/1983,418,420,414.5,418.5
6/14/1983,414.8,418,411.8,416.2
6/15/1983,411,415.8,411,413.9
6/16/1983,417.5,423.5,416.8,419.7
6/17/1983,421.5,421.8,415,417.8
6/20/1983,416,425,416,420.3
6/21/1983,417,423.7,417,422.8
6/22/1983,421,427,421,424.2
6/23/1983,423,425.5,422.2,425.3
6/24/1983,427,428.3,425,426.8
6/27/1983,426,426,416,419
6/28/1983,419.5,421.3,414.5,417.5
6/29/1983,418.8,421.5,417.3,419.3
6/30/1983,420,420.2,415.8,418.5
7/1/1983,419.5,421.5,418.6,421.2
7/5/1983,412,416.3,411.5,416
7/6/1983,415.5,416,412.5,415.5
7/7/1983,434,437,409.5,432.8
7/8/1983,429,434.5,427.7,430.3
7/11/1983,429.3,439,429.3,432.7
7/12/1983,432.5,433,429,430
7/13/1983,428.5,430.8,426,426.5
7/14/1983,428,429.4,421,422.3
7/15/1983,423.5,433,421,421.7
7/18/1983,424,426.7,422.4,426.3
7/19/1983,425.7,426.5,423.8,424.8
7/20/1983,430,432,429,430.2
7/21/1983,431.5,432,421,423.8
7/22/1983,424,428,424,425.7
7/25/1983,420.5,429.8,419.5,428.3
7/26/1983,427.5,428.3,425.6,426.7
7/27/1983,426,429.5,424,425
7/28/1983,441,441.6,438.5,440.2
7/29/1983,436,437.5,424,427.4
8/1/1983,427,429,420.5,426.5
8/2/1983,427.5,429.2,425.5,428
8/3/1983,426,430.5,424.3,429.2
8/4/1983,428.5,429,423.5,424.4
8/5/1983,421.5,427.5,420.8,426.8
8/8/1983,424,426.3,418.5,425.3
8/9/1983,425.9,427.5,421.8,423
8/10/1983,421,431,420.1,424.9
8/11/1983,424.5,426,422.8,423.6
8/12/1983,426,428,425.1,426.2
8/15/1983,429.5,433.5,428.3,432.8
8/16/1983,433.5,436.3,431.5,432.2
8/17/1983,435,436.5,432.2,434
8/18/1983,431.5,435,431,432.7
8/19/1983,431.5,432,428.6,430.3
8/22/1983,433.5,438,433.5,437.6
8/23/1983,438.5,441,436.4,436.8
8/24/1983,436,437.5,433,433.4
8/25/1983,434.7,435.9,427,428.7
8/26/1983,430,431.4,427.2,430.8
8/29/1983,427.5,430.2,425.5,428.5
8/30/1983,429,430.2,428,428.5
8/31/1983,424,428,423.2,424.8
9/1/1983,426.3,427.5,425.5,425.8
9/2/1983,428.5,429,425.3,427
9/6/1983,428.6,429,421,422.3
9/7/1983,422,425.2,421.8,423.9
9/8/1983,424.3,424.5,422.5,424.3
9/9/1983,425.3,425.3,422.8,422.9
9/12/1983,426,426.5,410,414
9/13/1983,413.5,416.5,412.8,415.7
9/14/1983,414.8,418,407,416.5
9/15/1983,412.5,415.5,411.8,413.2
9/16/1983,414,419,413.5,418.7
9/19/1983,418.5,422.4,417,421.5
9/20/1983,420,421.3,418.6,419.2
9/21/1983,420,420.5,417.6,419.1
9/22/1983,417.5,424,414,419.5
9/23/1983,420.5,426,418,423.6
9/26/1983,424,424.3,420.7,421.9
9/27/1983,421,421.9,418.5,420.2
9/28/1983,420.8,421.7,416,417.6
9/29/1983,413,416.5,407,411.5
9/30/1983,411,413.5,401,407.8
10/3/1983,396,398.5,391,396.4
10/4/1983,399,401.4,396,398.8
10/5/1983,392.5,403.4,391,402.3
10/6/1983,401.7,402.8,398.3,400.5
10/7/1983,402,406.5,401.5,405.3
10/10/1983,407,408.8,403.8,408.4
10/11/1983,406.3,406.5,401.5,403
10/12/1983,398.5,404.3,397.7,401.8
10/13/1983,403.5,404,401.2,403.7
10/14/1983,405,405.5,402.5,403.7
10/17/1983,404.3,404.5,395,401.6
10/18/1983,400.5,403.2,399.7,400.3
10/19/1983,397,399.5,392.5,394.8
10/20/1983,394.5,398.5,392,397.5
10/21/1983,397,398.4,396.3,396.8
10/24/1983,399.5,402.5,397.3,401.8
10/25/1983,400.3,403,399.3,400.8
10/26/1983,398,398.2,388,389.3
10/27/1983,385,389.9,383.8,389
10/28/1983,390.5,392.3,388.3,389.8
10/31/1983,384,386.3,378,378.8
11/1/1983,377.8,382.5,377.2,380.8
11/2/1983,385,386.7,382.5,385.5
11/3/1983,381.7,386,377.8,385
11/4/1983,385.5,387.7,381.2,382.3
11/7/1983,380,384.5,379,383.4
11/8/1983,384.3,385,382.6,383
11/9/1983,384,386,382.8,383.5
11/10/1983,384,384.7,382.2,383.4
11/11/1983,383.5,385.9,382.7,385.7
11/14/1983,384.5,385.8,382.7,384.1
11/15/1983,384.5,385.4,383.6,384.2
11/16/1983,384,385.2,375,376.3
11/17/1983,377.5,379.5,373,378.2
11/18/1983,377.4,377.4,375.2,376.3
11/21/1983,374.5,377,373.8,376.7
11/22/1983,377,378.1,375.9,376.2
11/23/1983,376.2,376.7,375.5,375.7
11/25/1983,376.2,377.4,375.7,377.2
11/28/1983,383,401,382.5,395.2
11/29/1983,399,404.8,397.8,403.8
11/30/1983,413,414,407,409
12/1/1983,405,407.5,403,406.9
12/2/1983,409,409,403.5,404.1
12/5/1983,406,406.5,401,404.5
12/6/1983,403.5,404.8,402.6,404.4
12/7/1983,405.2,410,404.2,408.8
12/8/1983,407.3,408.2,392,394
12/9/1983,394,396.2,391,393.4
12/12/1983,395.6,397.5,394.7,395.5
12/13/1983,395,395.7,393.2,395.3
12/14/1983,392,395.2,392,393.4
12/15/1983,393.2,394.7,383,385.1
12/16/1983,382.4,386,376.5,377
12/19/1983,380.1,381.5,375.5,377.3
12/20/1983,380,384,379.5,383.4
12/21/1983,382.5,383.3,380.6,381.7
12/22/1983,383,386,380.6,385.7
12/23/1983,383.5,384.2,380.6,383.6
12/27/1983,384.5,385.3,378.5,382.9
12/28/1983,382.2,383,380.7,381.6
12/29/1983,382.5,386.5,382.4,385.5
12/30/1983,384.2,388.5,383.8,388
1/3/1984,385.5,386.4,378.5,381.7
1/4/1984,374,380,373,379.7
1/5/1984,377,380.4,376.7,377.7
1/6/1984,377,378,369.1,370
1/9/1984,366.5,369.2,364.5,367.7
1/10/1984,373.5,373.9,369.4,370.2
1/11/1984,370,373,368.3,372.9
1/12/1984,370,374.5,369,371.8
1/13/1984,375,376.5,370,372.5
1/16/1984,370.5,371.7,367,371.3
1/17/1984,369.5,371.3,368,370.8
1/18/1984,370,371,368,370.2
1/19/1984,374,378,373.5,375.3
1/20/1984,372,373,370.5,372.4
1/23/1984,372,372.8,365.2,366.3
1/24/1984,365.3,367.5,363.5,366.8
1/25/1984,367,367.9,366.2,367.5
1/26/1984,367.7,368.2,362.5,366.3
1/27/1984,366.5,372.5,365.6,369.5
1/30/1984,376,376.4,374.3,375.8
1/31/1984,377.5,381,377.4,379.2
2/1/1984,384,385.3,382.6,384.9
2/2/1984,387.5,392.3,387.5,391.8
2/3/1984,391,393,388.2,391.5
2/6/1984,385.5,387.7,384.7,387
2/7/1984,384,388.2,384,386.2
2/8/1984,391.9,395,387,387.3
2/9/1984,389,389.5,380,383.6
2/10/1984,383.5,384.4,380.8,382.5
2/13/1984,381,382.5,380.5,381.8
2/14/1984,379.5,392,379.1,387.8
2/15/1984,387.5,390.7,385.5,385.7
2/16/1984,389,389,386.2,387.4
2/17/1984,386.5,390.5,386.1,388.7
2/21/1984,393,394.5,388,392.4
2/22/1984,400.5,403.7,398.6,403.5
2/23/1984,404.3,404.5,399.5,402.8
2/24/1984,400,401.9,398.3,399.5
2/27/1984,397.5,406,396.6,405
2/28/1984,403.4,403.5,397,398.3
2/29/1984,400,401,396,398.9
3/1/1984,398.2,398.4,394,397.8
3/2/1984,400,404,399.5,403.7
3/5/1984,410,410.5,407.1,407.3
3/6/1984,405.5,408,405,407
3/7/1984,404.6,405.1,399.5,401.2
3/8/1984,398,406.5,398,405.3
3/9/1984,403,405,401.5,402.8
3/12/1984,398.8,401.2,397.5,398.3
3/13/1984,400.4,401.8,398.2,400.4
3/14/1984,402.5,402.9,395,395.8
3/15/1984,395.5,397.3,393,394.7
3/16/1984,393.5,396.4,393,395.3
3/19/1984,394.5,396.5,393.3,395.5
3/20/1984,394.5,396.5,393.4,395.3
3/21/1984,393,394.8,391.7,394
3/22/1984,392.8,393.1,387.5,387.8
3/23/1984,389,389.5,385.5,386.8
3/26/1984,388.5,389,387,388.5
3/27/1984,388.8,389.7,387,387.3
3/28/1984,386,391,386,390.3
3/29/1984,397.4,397.8,395.5,396.7
3/30/1984,396,396.2,393.5,394.3
4/2/1984,394.5,394.6,385.2,385.7
4/3/1984,386.8,388.1,384,387.5
4/4/1984,386.5,388.8,386.5,388.2
4/5/1984,387.8,388,382.8,385.4
4/6/1984,385.4,387.7,385.4,387.1
4/9/1984,388.5,389.4,386.9,388
4/10/1984,387.3,389.8,386.7,387.9
4/11/1984,389.3,390.7,387.4,388.7
4/12/1984,388,388.3,382.5,384.7
4/13/1984,384.8,387.2,383.8,387
4/16/1984,385,385.8,384.1,384.5
4/17/1984,385,386,384.8,385.6
4/18/1984,384.8,395,381.6,392
4/19/1984,389.9,390.3,386.3,388.8
4/23/1984,389.8,392.8,389.8,390.6
4/24/1984,388.6,388.9,385,386.1
4/25/1984,386.8,387.2,384.3,385.9
4/26/1984,383.5,384,378.5,381.2
4/27/1984,382,383,380.5,381.5
4/30/1984,379.5,379.9,377.8,379.6
5/1/1984,379.8,381.5,379.5,380.3
5/2/1984,380.3,382.5,379.7,381.3
5/3/1984,380.2,383.7,380.2,381.3
5/4/1984,381,382.2,377.5,378.5
5/7/1984,376.8,377.6,373.5,374.5
5/8/1984,374.5,376.6,372.7,375.9
5/9/1984,374.5,376,372.6,373.3
5/10/1984,374.3,376.5,373.5,375
5/11/1984,375.5,375.9,370,373.3
5/14/1984,375.7,376,374.3,375.5
5/15/1984,375.1,376.9,374,376.4
5/16/1984,377.8,378.8,376.6,378.1
5/17/1984,377.6,380,375.5,376.4
5/18/1984,376.3,380,376.3,379.6
5/21/1984,381.3,382.8,380,380.2
5/22/1984,380.5,381.2,378.2,380.4
5/23/1984,380,380.4,377,377.2
5/24/1984,376.5,380.5,375.5,379
5/25/1984,385.5,390.5,384.1,390
5/29/1984,385.5,387,384.5,385.2
5/30/1984,393.5,394.5,390.5,391.6
5/31/1984,390.5,395.5,390.3,393.6
6/1/1984,399.3,405.3,396,397
6/4/1984,400,402.8,396.5,402.2
6/5/1984,402,403.2,399,401.1
6/6/1984,398,400,396.8,398.9
6/7/1984,398,399.2,396,396.4
6/8/1984,393.5,393.7,389,389.5
6/11/1984,389,389.5,377.5,378.9
6/12/1984,380.3,380.8,375.3,379.5
6/13/1984,380.3,381,377.5,379.2
6/14/1984,381.3,381.8,379.5,379.9
6/15/1984,377,377.3,371.5,375.3
6/18/1984,372.6,375.9,371.7,375.7
6/19/1984,375.2,377.9,374.7,375.8
6/20/1984,375.2,376.7,373.4,376.6
6/21/1984,375,380,374.8,377.6
6/22/1984,381,381.4,376,376.6
6/25/1984,374,374,370,372.5
6/26/1984,374.5,374.6,373.2,374.5
6/27/1984,372.5,375.2,372.5,373.7
6/28/1984,375.1,377.9,374.6,376.9
6/29/1984,377.3,378.1,375.4,376.1
7/2/1984,373,374.3,372,373.6
7/3/1984,371.5,372.5,370.6,372.4
7/5/1984,366,367.5,360.5,362
7/6/1984,356.3,356.6,339,347.2
7/9/1984,336.5,350.8,336,349.8
7/10/1984,348,351,343.5,345.3
7/11/1984,340,346.5,338.2,343.3
7/12/1984,342,344.5,339,339.5
7/13/1984,342.5,349,342.5,345.8
7/16/1984,353,353.5,347.5,349.8
7/17/1984,348.5,349,346.1,347.3
7/18/1984,347.5,350.5,345.5,350.3
7/19/1984,352,353.5,347.3,348.3
7/20/1984,344.5,345.8,338,340
7/23/1984,334,338.3,333,337.8
7/24/1984,338.5,340.4,337,337.8
7/25/1984,341.5,344.5,340.7,343.7
7/26/1984,344.2,345,333.2,333.8
7/27/1984,335,343,332,342
7/30/1984,350.5,355.5,350,355.1
7/31/1984,355.3,356.3,348,350.3
8/1/1984,350.5,359,349,358
8/2/1984,357.3,361.5,354.1,357.1
8/3/1984,364,365.5,359.9,363
8/6/1984,365.5,365.5,359.4,361.5
8/7/1984,355,357.3,353.1,356.3
8/8/1984,358,358.9,355.7,356.7
8/9/1984,356.3,361.9,355.6,361.3
8/10/1984,362,362.3,354.5,354.8
8/13/1984,354.5,366,353.8,362.7
8/14/1984,364,369,362.5,366.8
8/15/1984,364.8,368,361,365.7
8/16/1984,362.5,365.3,361.7,362.2
8/17/1984,362.5,364.7,361.5,362.3
8/20/1984,360.1,361.2,354,354.8
8/21/1984,355.5,358,353.5,357.1
8/22/1984,356.9,368,355.7,365
8/23/1984,363.5,365.8,358.5,360.4
8/24/1984,360.8,363.1,359.5,362.3
8/27/1984,361.1,361.3,357,358.9
8/28/1984,359,361.8,357.7,358.7
8/29/1984,361,361.6,359.5,360
8/30/1984,358.5,358.9,356.7,358.2
8/31/1984,357.5,358.8,357,358
9/4/1984,350,351.3,346.5,347.3
9/5/1984,347.5,349.8,346.8,348.8
9/6/1984,348.3,354.5,348.3,352.7
9/7/1984,343.3,349.1,343.3,344.3
9/10/1984,346.5,349.7,345.6,347.2
9/11/1984,348.2,350.8,346.8,347.7
9/12/1984,348.2,348.6,346,346.8
9/13/1984,345.3,347.4,344.2,346.2
9/14/1984,350.8,350.8,347,348.1
9/17/1984,345,345.3,341.6,343.5
9/18/1984,343,349.8,342.5,348.3
9/19/1984,348.5,349,346.7,348
9/20/1984,346.5,354.5,344.6,349.3
9/21/1984,348,356.5,348,354.3
9/24/1984,355,355,351.8,352.3
9/25/1984,351.2,353.3,351.2,352.4
9/26/1984,353.3,356.1,348.5,348.7
9/27/1984,350,352.7,348.6,350.3
9/28/1984,349.5,351.5,348.3,351.3
10/1/1984,352,352.5,349.8,350.9
10/2/1984,351.8,354.3,351,353.4
10/3/1984,354.3,355.8,350.5,351.9
10/4/1984,352.5,353.1,351.6,352.8
10/5/1984,351,351.2,346.3,347
10/8/1984,348,348.3,346.4,347.8
10/9/1984,346,346.5,340.8,342
10/10/1984,343,344.2,342,343.6
10/11/1984,342.8,344.4,338,341.3
10/12/1984,342.4,347,342,346.3
10/15/1984,342.5,345.8,342.3,345.2
10/16/1984,344.2,344.8,342.4,343.2
10/17/1984,345.8,345.8,339,340.7
10/18/1984,341,345,340.5,344.3
10/19/1984,343.8,345.3,341.2,342.4
10/22/1984,341.6,343.1,341.1,342
10/23/1984,343.8,344.2,342.5,343.4
10/24/1984,344.3,344.5,342.7,342.9
10/25/1984,341.7,345,339.5,340.4
10/26/1984,340.8,342.5,340,340.3
10/29/1984,337.5,339.3,337.5,338
10/30/1984,338.4,339,336.3,336.5
10/31/1984,336.8,337,333.5,336
11/1/1984,335.7,339.5,335.7,338
11/2/1984,341.7,347,341.5,345.4
11/5/1984,345.8,350.5,344.5,349.8
11/6/1984,347.5,349.4,346.6,347.2
11/7/1984,351.5,353.5,347.3,352.5
11/8/1984,349,350.5,348.3,349.7
11/9/1984,347.8,349.4,347.2,347.5
11/12/1984,347.8,349.5,347.5,349.2
11/13/1984,351.2,353,346.2,347.7
11/14/1984,348.3,348.4,346.4,347.8
11/15/1984,345,346.4,344.7,345.8
11/16/1984,346.1,346.6,344,345
11/19/1984,344.3,344.7,342.6,343.3
11/20/1984,343.8,344.4,342.8,343.8
11/21/1984,342.8,343.6,340.8,342.9
11/23/1984,342.8,342.8,340.2,340.5
11/26/1984,339.3,339.3,331,331.5
11/27/1984,333,334.4,325,327.4
11/28/1984,328.2,333.5,327.5,330.8
11/29/1984,335.8,336.8,334.7,335.4
11/30/1984,333.2,334.3,331.8,333.5
12/3/1984,332.5,336.6,332.2,336.1
12/4/1984,335.8,337,334,334.1
12/5/1984,334.8,335.5,333.2,334.3
12/6/1984,335.4,335.8,333.7,334.7
12/7/1984,333.5,333.5,328,330.8
12/10/1984,330.7,331.2,328.8,329.4
12/11/1984,330.5,331.5,327.5,329.3
12/12/1984,328.7,333.5,327,329.5
12/13/1984,328.9,329.2,327,327.8
12/14/1984,324,328.2,324,325.4
12/17/1984,320.3,320.7,316.3,316.9
12/18/1984,311,314.2,309.5,311.5
12/19/1984,312.2,313.4,310,311.1
12/20/1984,307.2,311.5,306.6,309.6
12/21/1984,313,315,310.6,313.2
12/26/1984,313.8,315.6,313.5,314.2
12/27/1984,310.5,312,307.3,309.2
12/28/1984,310.9,311.5,309.3,310
12/31/1984,309.5,310,309.2,309.7
1/2/1985,307,307.5,303.8,304.2
1/3/1985,302.5,305.2,302.5,303.2
1/4/1985,304.2,305.7,299.3,299.7
1/7/1985,300,304,296.7,303.7
1/8/1985,300,305,297.5,298
1/9/1985,300,307,298.5,305.5
1/10/1985,304.5,307,303.5,304.3
1/11/1985,300,307,300,300.3
1/14/1985,300,305.3,298.3,303.9
1/15/1985,303.5,304.2,301.4,302.3
1/16/1985,303.5,304.8,302,304.5
1/17/1985,306.3,309.5,305.2,308.5
1/18/1985,308,309.3,306.6,307.2
1/21/1985,307.8,308.8,307.1,308.4
1/22/1985,307.9,308.4,303,303.9
1/23/1985,300,302.4,299.5,301.7
1/24/1985,300,302.6,299.5,299.7
1/25/1985,300,301,297.8,300.4
1/28/1985,300,303.5,296.7,302.9
1/29/1985,302.7,304.3,300.5,301.8
1/30/1985,305.3,308.5,305,307.9
1/31/1985,309.4,311,306.5,307.4
2/1/1985,306,308.1,305.5,306.5
2/4/1985,304.3,306.2,303.8,305.4
2/5/1985,305.1,305.9,304.2,305.5
2/6/1985,306.8,307,304.8,305.3
2/7/1985,305.4,305.4,301.5,302.7
2/8/1985,303,303.7,301.3,303.4
2/11/1985,302.4,308.3,301.8,307.5
2/12/1985,305.5,306,304,304.7
2/13/1985,304.5,307,304.5,305.7
2/14/1985,306.7,307.7,305.5,305.9
2/15/1985,307.5,308.5,306.5,306.9
2/19/1985,304.7,306.9,304.3,306.4
2/20/1985,305.7,306.1,304.6,306
2/21/1985,303.5,303.5,299.5,301.1
2/22/1985,299.8,303,296,296.5
2/25/1985,287.5,288,282.6,284.1
2/26/1985,285.5,291.3,285.3,290
2/27/1985,293,294.3,289.3,289.8
2/28/1985,291.5,291.5,288.6,288.7
3/1/1985,288.7,292,288,291.6
3/4/1985,289,292.5,288.9,291.9
3/5/1985,289.2,289.6,287.3,287.9
3/6/1985,287.8,295.5,287,292.9
3/7/1985,291,291.4,289.8,291
3/8/1985,291,293.3,288,288.5
3/11/1985,291,292.4,289.1,290.1
3/12/1985,288,292.5,287.5,292.3
3/13/1985,291,297.4,290.7,291.9
3/14/1985,290.8,293.2,290.6,291.8
3/15/1985,291,296.3,291,295.2
3/18/1985,295.6,304,295.6,303.8
3/19/1985,312.5,328.8,312,328.8
3/20/1985,328,335,320,324.3
3/21/1985,317,324,314.5,317.5
3/22/1985,318.5,319.4,314,316.8
3/25/1985,316.5,317,314,316.4
3/26/1985,316.5,327,316.5,324.4
3/27/1985,331.5,334,326.5,327.8
3/28/1985,331.8,332.9,328,331.4
3/29/1985,335,337.2,331.6,334.1
4/1/1985,324.5,326.2,322.5,322.7
4/2/1985,321.5,327.3,321,326.2
4/3/1985,325.7,326.2,319,320.7
4/4/1985,321,327,319.1,324
4/8/1985,322.5,329.5,319.7,329
4/9/1985,327.2,330.5,325.5,327.9
4/10/1985,328.5,333,328.4,330
4/11/1985,336.6,337.5,333.3,336.4
4/12/1985,334.5,335.2,330.5,331.6
4/15/1985,336.6,338.6,332.8,333.2
4/16/1985,334.5,334.5,328,330.8
4/17/1985,330.4,331.8,327.5,327.9
4/18/1985,332.5,333.6,327.5,330.8
4/19/1985,330.2,331.5,329.2,331.3
4/22/1985,330.9,332,329,330.1
4/23/1985,330,330.3,323.5,325.6
4/24/1985,325,326.5,323.3,325.3
4/25/1985,324.5,326.7,324,326.2
4/26/1985,325.5,326.5,323,325.2
4/29/1985,325.8,327.9,324.3,327.2
4/30/1985,326,326,315,316.5
5/1/1985,317.3,317.3,312,315.3
5/2/1985,314,316.8,313.2,316.3
5/3/1985,314.4,315.7,312.9,313.3
5/6/1985,311.5,312.8,309.7,310.5
5/7/1985,314.6,317.5,313.5,316.5
5/8/1985,315,315.7,313.5,314.2
5/9/1985,317,317.5,313.7,314.3
5/10/1985,314,318.5,313,317.5
5/13/1985,319,328.5,318,326.3
5/14/1985,324.5,329.8,324,325.8
5/15/1985,324,325.2,322.8,323.9
5/16/1985,320.5,321.8,319.7,321.5
5/17/1985,322.5,323.8,320.5,321
5/20/1985,324,324.8,312.8,314
5/21/1985,316.8,318.9,314.3,317.9
5/22/1985,319.1,319.1,315.8,316.1
5/23/1985,316.7,317.5,315,316.1
5/24/1985,315.2,315.8,313.8,314.8
5/28/1985,314,314.5,308.6,310.3
5/29/1985,311,318.5,310.7,315.5
5/30/1985,317,319,315.5,316.6
5/31/1985,316.1,323,316,319.5
6/3/1985,320.1,322.4,316.5,320.3
6/4/1985,319.3,319.9,317.6,319.1
6/5/1985,318,318.9,316.6,318.4
6/6/1985,318.3,319.7,317.5,318.9
6/7/1985,318.2,319,315.8,317.7
6/10/1985,314.5,317.5,312.5,317.2
6/11/1985,316.3,318.7,316.1,316.9
6/12/1985,317.2,318.2,316.5,316.7
6/13/1985,317,317.6,316,317.4
6/14/1985,322.5,324.5,319.8,322
6/17/1985,321,323.2,320.8,321.8
6/18/1985,325.8,331.3,325,330.5
6/19/1985,329,329.4,324.5,324.8
6/20/1985,322.5,322.6,314,316
6/21/1985,315.5,318.5,314.6,316.6
6/24/1985,316,318.9,315.8,317.9
6/25/1985,317.1,320.2,315.3,318.3
6/26/1985,318.5,320.2,317.2,317.8
6/27/1985,318,320.1,316.7,319
6/28/1985,319,320.8,317.4,317.7
7/1/1985,317.1,317.3,310.5,310.8
7/2/1985,311.8,312.5,308.3,311.4
7/3/1985,311,312.5,310.8,311.4
7/8/1985,312,317.8,310,316.6
7/9/1985,317.8,318.5,314.3,314.5
7/10/1985,316.5,317,315.2,316.2
7/11/1985,314.6,316.2,313.7,315.1
7/12/1985,315.7,320,314.3,319.2
7/15/1985,318.2,318.7,315.2,318.4
7/16/1985,317.8,323.5,317.4,321
7/17/1985,325.8,328,322.6,324
7/18/1985,324.3,324.8,318.5,318.8
7/19/1985,319.5,320.7,317.3,318.8
7/22/1985,318,322.7,317.3,322.3
7/23/1985,323,324.2,318.1,318.3
7/24/1985,318.8,319.4,317.5,319.3
7/25/1985,319.7,320.4,316.4,319.6
7/26/1985,317.5,322.3,316.6,322
7/29/1985,322.5,331,322,324.2
7/30/1985,332.2,334.5,330.8,332
7/31/1985,336.8,337.5,332.8,335.2
8/1/1985,332.5,332.5,326.5,328
8/2/1985,328.8,330.2,328,329.7
8/5/1985,330.7,333.5,328.5,330.6
8/6/1985,328.5,329.4,327,328.6
8/7/1985,329,330.4,328.9,330.2
8/8/1985,331.2,331.3,327.5,329.6
8/9/1985,330,337,329.1,336.3
8/12/1985,335.5,336,333.5,334.7
8/13/1985,336.8,337.5,333.8,334.3
8/14/1985,333.5,336.4,332.8,334.2
8/15/1985,338.5,342,337.3,340.4
8/16/1985,343.2,348.3,342.5,345.6
8/19/1985,348,350.2,344.2,345.8
8/20/1985,342.5,343.5,340.7,343
8/21/1985,341.8,347.4,341.7,346.2
8/22/1985,346,346.4,337.5,340.9
8/23/1985,341,344.2,339.8,342.7
8/26/1985,342.5,345.2,342.1,342.9
8/27/1985,342.9,344.5,341,344
8/28/1985,348,348.9,346.3,347.3
8/29/1985,344.7,345,340.5,341.6
8/30/1985,341.9,342.3,338.5,339.8
9/3/1985,335,335.8,330.5,331
9/4/1985,333,333.1,330,331.1
9/5/1985,331.8,332.2,325.7,326.3
9/6/1985,322,327.2,321,326.6
9/9/1985,324.3,327.1,323.7,325.2
9/10/1985,326,328,325.9,327.6
9/11/1985,327,327.2,324.6,326.7
9/12/1985,323.5,327.5,323,326.3
9/13/1985,327.6,328.5,323.3,324
9/16/1985,324.5,325.8,323.3,324.5
9/17/1985,323.5,324.1,320.6,321.5
9/18/1985,321.2,321.5,318.2,319.8
9/19/1985,321.3,325.3,320.7,324.6
9/20/1985,326,326.4,322.4,323.8
9/23/1985,334.5,336,330.3,333.7
9/24/1985,333.7,335,331.9,334.8
9/25/1985,333.7,336.5,332.5,334.3
9/26/1985,334.5,334.5,331.3,332.2
9/27/1985,332.5,333.5,332.4,332.9
9/30/1985,330,330.4,325.6,327.1
10/1/1985,326,327.7,324.9,327.1
10/2/1985,327,329.7,326,328.3
10/3/1985,329.5,335.7,328.1,333.9
10/4/1985,334.3,334.5,330.3,332.2
10/7/1985,331,331.3,329.3,330.5
10/8/1985,330,330.9,328.5,328.6
10/9/1985,330.5,331.7,328.4,329
10/10/1985,329,329.4,327.7,329.1
10/11/1985,329.3,331.2,328.9,330.7
10/14/1985,330,330.4,329.2,329.8
10/15/1985,330,331.4,328.8,329.1
10/16/1985,327.8,328.4,325.5,326.8
10/17/1985,328.2,329.8,328,328.4
10/18/1985,329.5,330,328.6,329.7
10/21/1985,329,329.6,327.7,329.4
10/22/1985,329.4,331.7,325.5,330.1
10/23/1985,330,330.3,328,329
10/24/1985,328.5,329.2,327.8,328.2
10/25/1985,328.2,329.8,327.5,329.4
10/28/1985,328.9,329.3,328.5,328.9
10/29/1985,329.5,329.7,327.9,329.3
10/30/1985,328.9,329.4,327.6,327.8
10/31/1985,328.2,328.4,325,326.7
11/1/1985,325.7,330.3,324.5,328.1
11/4/1985,327.2,327.5,326.6,327.1
11/5/1985,326.4,327.4,326.1,326.2
11/6/1985,326.5,326.8,325.3,325.5
11/7/1985,325,325.2,322.1,323.1
11/8/1985,323.3,325.8,322.9,325.6
11/11/1985,324.4,324.9,323.9,324.5
11/12/1985,324.8,326.4,324.1,325.8
11/13/1985,325.8,328.3,325.5,326.2
11/14/1985,326.5,327.3,325.3,325.8
11/15/1985,325.8,326.7,323.8,324.7
11/18/1985,324.8,325.3,324,324.7
11/19/1985,325.2,325.7,324.1,324.7
11/20/1985,325.8,327.5,325.7,326.8
11/21/1985,327.1,327.5,326.1,327.4
11/22/1985,326.5,329.5,326.1,327.4
11/25/1985,330.2,333.4,329.8,332.7
11/26/1985,331.7,332.5,330.9,331.2
11/27/1985,330,330.2,325.3,325.7
11/29/1985,331,331.5,326.8,327.3
12/2/1985,327.8,328.5,322.8,326.5
12/3/1985,326.2,327.1,325.7,326.7
12/4/1985,329,329,325.5,325.7
12/5/1985,325.9,327.1,325.7,326.9
12/6/1985,326.3,326.8,325.7,326.2
12/9/1985,322.5,322.9,318.3,319.8
12/10/1985,319,321.8,318.5,321.2
12/11/1985,316.5,321,315.5,320.1
12/12/1985,319.1,321.4,318.7,320.4
12/13/1985,321.6,322.3,320.5,322.2
12/16/1985,321.5,325.8,321.2,324.9
12/17/1985,325.5,325.8,323.5,323.9
12/18/1985,323.4,327.6,322.2,327.3
12/19/1985,326.8,330.8,326.3,327.2
12/20/1985,327.8,329.4,326.8,328.7
12/23/1985,329.5,331.4,327.8,328.3
12/24/1985,327.8,328.4,326.6,328.2
12/26/1985,327.6,328.3,327.5,327.7
12/27/1985,328,330,327.7,329
12/30/1985,329,331.3,328.7,330.6
12/31/1985,329.5,332.4,329.4,331.1
1/2/1986,329.8,331.1,328,328.9
1/3/1986,328.4,330.3,328.1,330
1/6/1986,330.5,330.9,329.3,330.7
1/7/1986,331.6,333,331.3,332.8
1/8/1986,333.5,336.5,333,336.1
1/9/1986,336.5,344.5,334.8,339.9
1/10/1986,341.7,343.8,338.8,343.3
1/13/1986,342.5,343.2,340.7,341.5
1/14/1986,342,344,340,341
1/15/1986,347,351.2,346.1,350.7
1/16/1986,368,369.5,355,357.6
1/17/1986,358.5,359.5,352.6,358
1/20/1986,352.5,355.5,350.8,355.1
1/21/1986,359,359.7,350.5,352.8
1/22/1986,354.3,356.1,351.2,351.5
1/23/1986,352.5,353,350,351.9
1/24/1986,355.4,359,353.8,358.4
1/27/1986,360.3,361,353.5,354.3
1/28/1986,354.2,356.2,352.5,353.7
1/29/1986,354,356.7,353.3,356.3
1/30/1986,360.7,364.2,358,359.4
1/31/1986,357.8,358,351,352.9
2/3/1986,351,352.2,347.1,347.4
2/4/1986,342.5,343,335.5,337.4
2/5/1986,340.5,341.3,338.4,339.3
2/6/1986,339.5,341.8,337.5,340.4
2/7/1986,340.5,342.8,338.8,342.5
2/10/1986,344.5,344.6,339.7,340.8
2/11/1986,339.9,342.8,337.9,341.6
2/12/1986,341,341.2,338.7,340.8
2/13/1986,336.5,337.8,334.5,335.3
2/14/1986,332,337.2,331.7,336.2
2/18/1986,336.2,341,336.2,339.7
2/19/1986,344,346.7,337.2,339
2/20/1986,340.5,341.5,338.3,341.4
2/21/1986,340.8,343.4,339.7,343.3
2/24/1986,345.5,351.3,342.4,351
2/25/1986,355,357.5,349,350
2/26/1986,348,349.9,337,338.5
2/27/1986,340,340.5,335.1,339.2
2/28/1986,340.3,341.9,338.6,341
3/3/1986,340.5,341,336.2,340.5
3/4/1986,346,347,338.3,346
3/5/1986,344.3,347.2,339.3,344.5
3/6/1986,344.2,347.5,342.7,344.3
3/7/1986,344,346.5,343,345.7
3/10/1986,342,344.5,340.8,343.3
3/11/1986,343.8,345.5,343.2,344.9
3/12/1986,346,353.3,345.1,353
3/13/1986,351.5,352.4,348.4,349.2
3/14/1986,349,350,347.4,348.9
3/17/1986,349.2,354.8,349,350.8
3/18/1986,351,352.9,348.5,350.3
3/19/1986,349.8,351.2,347,350.8
3/20/1986,351,353.5,350,352.7
3/21/1986,351.8,359.6,351.6,357.4
3/24/1986,352,354.6,349.5,351.3
3/25/1986,355,355,342.7,344
3/26/1986,344.5,345.8,341.8,344.7
3/27/1986,344,344.8,342.2,343.1
3/31/1986,346,346,334,334.8
4/1/1986,336,337.8,330.8,337
4/2/1986,337.5,340.8,337.5,339.5
4/3/1986,338.7,339.1,335.5,338.4
4/4/1986,337.4,339.7,336.8,338.4
4/7/1986,338.2,343.3,338.1,342.5
4/8/1986,343.5,344.5,336.5,342.9
4/9/1986,341.8,343.3,338.6,342.2
4/10/1986,339.8,342.8,339,341.7
4/11/1986,342.5,348.5,342.5,347.5
4/14/1986,345,345.5,342.2,344.2
4/15/1986,344,346.8,341.2,343.4
4/16/1986,342.5,342.9,339.5,341.9
4/17/1986,342,343.4,338.2,341.5
4/18/1986,344.5,352.5,344,346.7
4/21/1986,344,346,343.2,345.7
4/22/1986,346.7,350.9,346.1,349
4/23/1986,348.4,349.5,347.1,348.1
4/24/1986,347,347.4,345.3,347.1
4/25/1986,346,348.2,345.8,346.2
4/28/1986,346,346.7,344.2,345.8
4/29/1986,344,349.5,343.6,346.9
4/30/1986,347,348.8,347,348.1
5/1/1986,348,348.4,340.5,342.8
5/2/1986,343,345.6,342.5,344.7
5/5/1986,344.5,345.2,342.8,344.2
5/6/1986,341,344.2,339.5,344
5/7/1986,343.5,347.7,343.3,345.8
5/8/1986,346.3,347.3,343.8,345.5
5/9/1986,346,348.8,344.9,345.5
5/12/1986,347,347.4,344.9,345.5
5/13/1986,344.5,345.5,342.5,345.1
5/14/1986,344,344.2,343,343.1
5/15/1986,343,343.5,342.5,343.4
5/16/1986,343.5,344.4,343,343.8
5/19/1986,343,343.3,340,340.7
5/20/1986,339,340.1,337.7,339.8
5/21/1986,339.4,340,339.2,339.8
5/22/1986,339.9,343.4,339.8,342.6
5/23/1986,341.1,343.4,341.1,342.4
5/27/1986,341.5,342.7,341.3,341.8
5/28/1986,342.3,344.7,342,342.5
5/29/1986,346,347.4,345.5,347
5/30/1986,346.8,347.5,346.2,347.1
6/2/1986,346.2,346.7,344.6,345.1
6/3/1986,345.8,346.2,344.5,345.3
6/4/1986,344.8,345.4,343.6,344.8
6/5/1986,344.8,345.5,344.2,344.6
6/6/1986,345.2,345.4,344.4,344.8
6/9/1986,344.5,355,344.2,354.2
6/10/1986,352,353,350.5,351.2
6/11/1986,351.3,354.2,350.5,351.7
6/12/1986,352.8,353.2,348.8,349.8
6/13/1986,350.2,351.4,348.7,348.8
6/16/1986,339.5,348.8,336.5,337.5
6/17/1986,338.5,340.2,337.2,339.3
6/18/1986,341,342.1,340.3,340.5
6/19/1986,340.8,342.5,339.6,340.9
6/20/1986,341.1,343.4,340.3,342.7
6/23/1986,342.8,344,342.5,343.3
6/24/1986,343,345.7,342.8,345.2
6/25/1986,345.8,347.5,345.7,347.1
6/26/1986,347.5,347.8,346.4,346.6
6/27/1986,346.9,347.5,345.1,346.9
6/30/1986,348.5,350,346.6,347.7
7/1/1986,348.2,348.2,344.5,345.8
7/2/1986,345,345.4,343.3,344.9
7/3/1986,345.2,346.1,344.2,345.4
7/7/1986,345.5,346.8,345.1,345.9
7/8/1986,349.2,352,348.3,351.2
7/9/1986,351.5,351.8,348.3,349.6
7/10/1986,348.7,349.3,347.7,348.6
7/11/1986,349.5,349.9,347.5,347.8
7/14/1986,346.8,347.4,346,346.4
7/15/1986,347.3,350.5,346.9,349.1
7/16/1986,349.7,350.1,347.7,348.7
7/17/1986,348,348.9,347.5,348.7
7/18/1986,348.3,357,348.2,356.5
7/21/1986,355.5,356.3,354.2,355.6
7/22/1986,354.8,355.2,353.1,353.7
7/23/1986,351.2,351.7,344.5,349
7/24/1986,348.6,350.6,348.3,349.3
7/25/1986,349.5,350.4,348.1,348.2
7/28/1986,352.7,356.3,352.7,355.1
7/29/1986,353.8,354,351.6,352.2
7/30/1986,358.3,359.7,358,358.6
7/31/1986,367,371.3,364.8,369.7
8/1/1986,367,371,364,367.5
8/4/1986,366.5,368.2,365.1,367
8/5/1986,365.3,369.5,364.3,366.1
8/6/1986,369,370.4,366.3,367.5
8/7/1986,368.5,370.6,368.1,369.3
8/8/1986,376.5,383.9,373.7,382.5
8/11/1986,397,404.5,393,398.5
8/12/1986,391.5,394.5,390,392.4
8/13/1986,398,399.5,386.5,391.7
8/14/1986,391,394.8,389.9,393.7
8/15/1986,393,393.2,387,390.2
8/18/1986,385,385.5,381.8,382.8
8/19/1986,380.3,385,378.5,381
8/20/1986,385,386.8,382.9,385.1
8/21/1986,385.6,391.3,384.7,390.6
8/22/1986,392,393.8,377.5,379.5
8/25/1986,382,387.6,382,386.5
8/26/1986,385.7,388.8,383,385.6
8/27/1986,383,387.4,382.5,386.3
8/28/1986,390,394.4,389.2,392
8/29/1986,395,395.6,387,393.3
9/2/1986,399,413,397.1,411.5
9/3/1986,412.5,415.5,408.5,410.3
9/4/1986,407.5,422.5,407,415.5
9/5/1986,422.5,430,421,428.3
9/8/1986,423,426.3,413,416.4
9/9/1986,417,418.8,413,414.4
9/10/1986,418.6,426,403,409.8
9/11/1986,411,413.5,403,413
9/12/1986,424,430,416.5,421.5
9/15/1986,416,422.6,415,422.3
9/16/1986,425.5,425.5,417.5,420.2
9/17/1986,421,421,415.8,418.8
9/18/1986,420,425.8,418,422.6
9/19/1986,434,441.5,432.5,441
9/22/1986,443,446,438,445.2
9/23/1986,440,442.8,435.5,436
9/24/1986,439,439.4,435.1,436
9/25/1986,434,439.3,432.8,438.8
9/26/1986,437,438.1,429.5,431.5
9/29/1986,433.5,433.7,422,427.1
9/30/1986,426.5,431.5,425.8,429.8
10/1/1986,430.3,430.5,426.2,429.2
10/2/1986,432,443,431.6,441.1
10/3/1986,442,444.5,435.3,437.5
10/6/1986,440.3,445.5,439,442.8
10/7/1986,441.3,445.5,437.8,444.8
10/8/1986,443,446.5,439.8,442.4
10/9/1986,440.5,441.4,428.5,433
10/10/1986,432,436.5,432,434.5
10/13/1986,435.8,437.5,434.7,437.2
10/14/1986,435,435.7,428.1,430.5
10/15/1986,426,428.7,423.2,428.7
10/16/1986,429.2,429.9,427.2,427.4
10/17/1986,420.5,425.7,419.5,422.2
10/20/1986,422.5,431.5,422,428.9
10/21/1986,428.5,430.4,426.3,427.9
10/22/1986,430,431.7,424.8,428.7
10/23/1986,428,428.4,416.5,417.5
10/24/1986,413.5,415.5,409,409.7
10/27/1986,412,414,408.3,410.3
10/28/1986,412,416,411.6,413.9
10/29/1986,406.5,409.4,405,407.3
10/30/1986,406.5,410.9,405.2,409.9
10/31/1986,401,407.3,400,405.5
11/3/1986,405,409.5,404.8,406.8
11/4/1986,410,412.9,409.7,411.1
11/5/1986,409.5,409.9,406,408.5
11/6/1986,407.5,413.2,407.4,412.4
11/7/1986,410,412.6,410,410.6
11/10/1986,412,413.8,404.5,407.5
11/11/1986,408,409.8,405.8,409.3
11/12/1986,408.5,409.7,406.5,409.4
11/13/1986,410,410.8,407.2,409.5
11/14/1986,411,411.5,398,398.8
11/17/1986,396.5,396.5,387.5,389.3
11/18/1986,391,394.8,389.7,394.5
11/19/1986,393.8,395.1,386.4,388.5
11/20/1986,388.2,392.5,387.5,391.7
11/21/1986,391.3,392.3,376.5,379.3
11/24/1986,380.5,383.4,379.8,382.4
11/25/1986,381.5,386.2,379.3,385.6
11/26/1986,382.3,384.5,380.3,383.1
11/28/1986,394.5,396,392.7,394.8
12/1/1986,402,403.5,392,397.5
12/2/1986,395.5,396.7,390.3,392.9
12/3/1986,389.5,398.5,389,395.8
12/4/1986,395,395.9,386.5,391.7
12/5/1986,392,394,390.8,392.9
12/8/1986,393.3,394.4,389.5,393.7
12/9/1986,392.3,392.9,388.3,390.4
12/10/1986,390.5,396.7,389.9,393.1
12/11/1986,391,394,389.8,393.7
12/12/1986,393.2,396.3,392,395.8
12/15/1986,398.5,399.5,396.6,398.4
12/16/1986,398,398.5,393.6,396.3
12/17/1986,397,397.4,395.2,395.3
12/18/1986,395.5,398,393.7,397.8
12/19/1986,397.3,398.5,394.1,395.8
12/22/1986,399.7,400.8,394.6,396.3
12/23/1986,396.3,396.6,390.2,391.5
12/24/1986,392.5,393.7,392,393
12/29/1986,394,394.9,391.2,391.9
12/30/1986,391.5,392.8,390.8,392.4
12/31/1986,393.8,408,393.6,406.9
1/2/1987,406.5,410.4,403,404
1/5/1987,403,405.5,400.1,405
1/6/1987,405.4,406.7,401.8,402.2
1/7/1987,400.8,404.7,400.2,404.3
1/8/1987,405.4,406.2,402.3,403.9
1/9/1987,403.5,408,399,407.5
1/12/1987,411.5,414,409.6,410.2
1/13/1987,411.2,412.7,409.9,412.3
1/14/1987,417,422,416,419.2
1/15/1987,415,418.3,414.2,417
1/16/1987,415,418.3,414.7,417.3
1/19/1987,424.5,425,421.6,423.3
1/20/1987,419,419.2,405,408.2
1/21/1987,408.2,409.6,406.6,408.8
1/22/1987,411,412.2,408.3,408.9
1/23/1987,406,406,400.4,405.3
1/26/1987,405.9,412.9,405.5,411.3
1/27/1987,410.3,415.8,409.5,415.7
1/28/1987,417,417,407,410.6
1/29/1987,414.5,417.2,412.6,416.6
1/30/1987,402,409.5,400,408.9
2/2/1987,409.7,412,404.5,404.8
2/3/1987,405.5,408.3,402,407.2
2/4/1987,407,409.2,405.4,406.2
2/5/1987,405.8,409.5,401.3,408.2
2/6/1987,406,407.5,405.3,407.4
2/9/1987,407.2,410,404.2,407.2
2/10/1987,405.8,407.8,404.7,406.2
2/11/1987,406.4,406.7,403.5,405.5
2/12/1987,405.8,406.2,397,398.3
2/13/1987,399,401.5,398,400.7
2/17/1987,399.8,400.4,393.5,394.9
2/18/1987,395,396.4,391.4,395.3
2/19/1987,396,403.5,394.3,402.7
2/20/1987,401,409.7,400.3,408.7
2/23/1987,406.1,407.2,403.2,404.6
2/24/1987,403.5,405.4,401.2,404.6
2/25/1987,410,410.8,404.5,405.2
2/26/1987,406,409.3,403.2,408.5
2/27/1987,408,409.2,406.3,407.4
3/2/1987,406.6,407.4,404.8,405.6
3/3/1987,405.5,409.3,405.3,409.1
3/4/1987,409,412.8,407.3,412.2
3/5/1987,412.5,414.4,408.7,408.8
3/6/1987,408.5,409.7,406.9,407.8
3/9/1987,406.5,408,405.1,406.5
3/10/1987,406.5,409,405.9,408.3
3/11/1987,408.3,409.8,408,408.3
3/12/1987,409.8,411.8,408.3,409.9
3/13/1987,410.2,410.7,403,405
3/16/1987,406,407.7,405.8,406.6
3/17/1987,407.5,408,403.2,406.8
3/18/1987,406.8,407.2,404.3,406
3/19/1987,406,406.3,404.6,406.1
3/20/1987,405.8,406.7,404.8,406.3
3/23/1987,407,411.2,406.9,410.8
3/24/1987,411,414.5,408.6,414.1
3/25/1987,415,416.2,412.8,413.3
3/26/1987,411.8,412.5,410.9,411.7
3/27/1987,416,424,415.7,422.7
3/30/1987,428.5,429.9,425.8,425.9
3/31/1987,426,427.2,422.3,422.7
4/1/1987,422.5,424.8,421,422.5
4/2/1987,423.2,426.6,418.5,422.2
4/3/1987,422.8,424,418.8,423.9
4/6/1987,426,427.2,421.4,422.6
4/7/1987,425,426.5,422.3,426.2
4/8/1987,424,427.4,423,424.1
4/9/1987,425.3,437.8,424.6,436.5
4/10/1987,438.5,440.5,434.8,436.7
4/13/1987,438.5,441.9,438.3,440.8
4/14/1987,445.8,455.8,444.8,454.6
4/15/1987,447.5,448.9,445.3,446.5
4/16/1987,447.5,447.7,439.5,447.3
4/20/1987,447.5,458.7,445,456.8
4/21/1987,457,458.5,448,451
4/22/1987,450.5,453.4,445.8,452.5
4/23/1987,454.5,466.5,451.5,463.4
4/24/1987,465.2,473,462.5,465.5
4/27/1987,480,480.5,440.5,446
4/28/1987,453,456.8,448,454.7
4/29/1987,452.5,455.5,449.2,453.5
4/30/1987,454,457.8,451.3,456.5
5/1/1987,455.5,461.2,455,459.5
5/4/1987,460.5,466.8,459.3,465.2
5/5/1987,466.5,467,456,460.8
5/6/1987,457.5,461.7,456.5,460.8
5/7/1987,456,461.7,455.5,459.6
5/8/1987,457,458.4,454.5,456.7
5/11/1987,456,458,454.4,457.7
5/12/1987,461,464.8,459.3,461.5
5/13/1987,462,466,459,460
5/14/1987,463.3,466,461.5,465.6
5/15/1987,469.5,476.6,467.2,476.2
5/18/1987,475.5,477.8,468.5,472.8
5/19/1987,472.5,478.8,469.5,478.3
5/20/1987,481,481.5,471.8,473.3
5/21/1987,471,472.8,468.7,470.3
5/22/1987,472.5,472.8,462,464.6
5/26/1987,448.5,458.5,445.5,451.8
5/27/1987,449,451.4,446.2,448.5
5/28/1987,457.5,462.4,457.4,459.5
5/29/1987,457,458.7,454.7,456
6/1/1987,449.5,452.2,446.8,451.6
6/2/1987,454.3,464.3,454.3,461.8
6/3/1987,458.5,459.7,455.2,455.5
6/4/1987,455,460.4,454.5,458.2
6/5/1987,459,459.8,457,458.8
6/8/1987,462.8,463.7,453.8,454.3
6/9/1987,457.5,463.2,457,462.8
6/10/1987,462.5,464.3,457.2,461.3
6/11/1987,461.5,468.8,460.5,468.3
6/12/1987,462.5,462.6,457,458.9
6/15/1987,452,456.9,451.2,456.7
6/16/1987,457,458,451.7,451.9
6/17/1987,453,456.9,451,451.8
6/18/1987,453.8,456.7,453.5,454.6
6/19/1987,455,455.7,448,448.7
6/22/1987,446,446.8,437.6,440.8
6/23/1987,442.5,445.5,439.8,443.8
6/24/1987,446.5,447.3,443.7,446.4
6/25/1987,442.5,445,441.9,443.8
6/26/1987,444.5,452,444.5,450.1
6/29/1987,448,453.4,447.5,449.4
6/30/1987,449.5,452.5,447.5,452.2
7/1/1987,451.5,453.5,447.8,449.4
7/2/1987,450.2,451,448,448.8
7/6/1987,444.5,450.8,443.8,450.3
7/7/1987,447.2,448.2,442.5,446.1
7/8/1987,443.5,450.3,443,446.8
7/9/1987,446.5,448.3,444.5,446.8
7/10/1987,447,449,445.3,446
7/13/1987,446.5,449.7,445.2,448.6
7/14/1987,449.7,451,447.5,449.5
7/15/1987,449.5,456.7,448.6,455.3
7/16/1987,454.3,455.8,453,455.4
7/17/1987,453.5,453.7,448.5,449.3
7/20/1987,451.6,453.2,450.8,452.3
7/21/1987,453.5,454.4,452,453.7
7/22/1987,454.8,457.2,453.3,455.7
7/23/1987,455.1,456,454.3,455.7
7/24/1987,455,455.3,453.5,454.5
7/27/1987,454,454.7,452.1,454.2
7/28/1987,455.2,458.7,454.3,457
7/29/1987,458,460,457.2,457.6
7/30/1987,468.3,473.5,467.3,473.3
7/31/1987,474.5,475.7,472.2,475.1
8/3/1987,486,489.5,482.8,488.3
8/4/1987,485.2,490.2,483,488.9
8/5/1987,480.1,482.4,477.3,477.6
8/6/1987,478,480.5,477,478.6
8/7/1987,471,475.2,463,464.8
8/10/1987,470,472.2,467.8,470.6
8/11/1987,472.5,475,469.5,474.2
8/12/1987,471.5,474.5,470.5,473
8/13/1987,472.5,472.9,465.5,467.8
8/14/1987,467,471.3,456.9,461.2
8/17/1987,463.5,464.1,461,463.1
8/18/1987,465,469.5,464.5,467.7
8/19/1987,464.5,467.7,463.6,467.3
8/20/1987,467,467,461.4,462.2
8/21/1987,463.7,465.9,460,465.7
8/24/1987,464,471.3,463.7,469.3
8/25/1987,467.7,468.2,463.6,465.8
8/26/1987,465.8,467.7,464.8,465.8
8/27/1987,466.5,467.5,461,463.7
8/28/1987,463,463.5,459,461.3
8/31/1987,461.2,464.7,458.7,458.7
9/1/1987,462,463.8,459.4,462.8
9/2/1987,466.8,473.8,466.5,473.4
9/3/1987,471.5,474.8,469.6,471.7
9/4/1987,472,473.8,469.2,470.8
9/8/1987,466.6,467.5,463.5,465.5
9/9/1987,466,466.3,462.7,464.5
9/10/1987,468,472,466.7,470.6
9/11/1987,467.8,470.3,463.2,464.3
9/14/1987,461,464.7,460.5,463.8
9/15/1987,465.5,466.7,464.5,465.9
9/16/1987,466.3,466.5,462.8,465.1
9/17/1987,466,468.4,465.1,466.9
9/18/1987,469,469.8,465,465.3
9/21/1987,464.9,470.5,463.8,469.3
9/22/1987,469,470.4,467.4,468.9
9/23/1987,467.5,469.7,467,468.7
9/24/1987,469.5,471.5,468.5,468.7
9/25/1987,467.9,468.4,466.5,466.6
9/28/1987,467,468.7,465.5,466.4
9/29/1987,464,466.5,463.5,464.4
9/30/1987,465,466,458,458.8
10/1/1987,459.8,461,457.9,459.7
10/2/1987,460.3,461.2,458.5,460.3
10/5/1987,461.3,462.9,461.1,462.8
10/6/1987,463.2,464.5,462,462.7
10/7/1987,464.5,465,462.3,463.4
10/8/1987,463.3,468.5,462.6,466.5
10/9/1987,467.5,467.7,465.3,466.9
10/12/1987,467,467.2,466.4,466.7
10/13/1987,464.5,465,463.6,464
10/14/1987,464,467,463.2,465.8
10/15/1987,466.8,472.5,466.5,467.8
10/16/1987,469.2,476.7,468.8,476.3
10/19/1987,493,496,483,486.8
10/20/1987,478.5,479,459,467.5
10/21/1987,471,472,467.3,471.7
10/22/1987,474,479.7,472.5,473.2
10/23/1987,476,478.5,471.7,476.7
10/26/1987,481,482,476.2,479.4
10/27/1987,476,481,475.1,478.8
10/28/1987,481.5,483.5,478.3,480.5
10/29/1987,472.5,475.7,464,468.7
10/30/1987,469,471.5,467.5,471.2
11/2/1987,472.3,473.5,469.7,472.5
11/3/1987,471.8,476,463.5,470.6
11/4/1987,469.2,469.8,466,468.2
11/5/1987,462.2,462.2,456,459.2
11/6/1987,460,463.4,459.1,462.1
11/9/1987,464.5,466,463.1,463.3
11/10/1987,461.2,463.8,457.8,462.4
11/11/1987,462,463.7,461.6,463.1
11/12/1987,463.8,465.5,462.5,464.7
11/13/1987,465.5,467.5,464.5,465.6
11/16/1987,461.8,465,461.5,464.3
11/17/1987,465,466.2,464.8,465.8
11/18/1987,464.6,465.1,463.3,464.8
11/19/1987,466.3,466.5,465.2,465.8
11/20/1987,466.7,470.9,464,470.3
11/23/1987,469,477.7,468.8,476
11/24/1987,475.8,478.2,473.4,475.4
11/25/1987,476,478.3,475,476.9
11/27/1987,484.8,493.5,484,492.3
11/30/1987,502.5,503,496.5,497.2
12/1/1987,493.5,499.6,492.5,496.2
12/2/1987,497.5,498.8,493.5,493.7
12/3/1987,494.3,498.3,491.8,493.8
12/4/1987,492.2,494.4,483.9,487.8
12/7/1987,486.5,488.2,484.9,486.5
12/8/1987,488,490.3,487.8,488.6
12/9/1987,490.7,490.8,488.8,489.4
12/10/1987,489,498,488.6,497.2
12/11/1987,503,503,496.2,502
12/14/1987,506.3,507.4,499.8,500.4
12/15/1987,498.8,499.2,484.5,487.2
12/16/1987,491,491.9,488.8,490.1
12/17/1987,490,490.1,475,489.7
12/18/1987,488.8,488.8,482.1,484
12/21/1987,485,485,483.1,483.7
12/22/1987,485.5,488.5,485.2,487.9
12/23/1987,485,487.3,483.8,486.5
12/24/1987,487.3,490.1,487,489.6
12/28/1987,492.9,494.7,489.5,491.1
12/29/1987,493,493.5,487.8,489.4
12/30/1987,488,488,484.6,485.5
12/31/1987,490,491.5,485.8,488.9
1/4/1988,484,484.5,479.5,480.5
1/5/1988,479,485.4,476.6,483.2
1/6/1988,480.5,487.4,480,485.3
1/7/1988,485.2,486,482.8,483.1
1/8/1988,482.5,485.7,481.8,485.5
1/11/1988,486.4,486.8,483.1,483.6
1/12/1988,482.5,483.9,480,482.3
1/13/1988,482.5,484.4,481.5,481.6
1/14/1988,481.8,488.5,481.2,488.2
1/15/1988,486.2,486.7,474,474.5
1/18/1988,476.5,477.3,475.2,476.8
1/19/1988,477.3,478.8,476.4,478.2
1/20/1988,478.2,478.9,475,476.8
1/21/1988,476.3,479,475.8,478.8
1/22/1988,477.7,478.5,476,477.8
1/25/1988,476.5,476.9,468.2,469.5
1/26/1988,469,470.9,467.1,469.3
1/27/1988,468.2,470.5,463.5,467
1/28/1988,471,472,470.4,471.5
1/29/1988,465,466,454,458.5
2/1/1988,458.5,459.2,454.2,458.4
2/2/1988,460,461.9,458.1,458.3
2/3/1988,447.7,449.8,442,442.5
2/4/1988,443.5,448.5,442.8,448.2
2/5/1988,448.5,449,439.8,443.2
2/8/1988,445.5,447.3,443.8,444
2/9/1988,442,446.2,440,444.9
2/10/1988,446.3,448.2,443.2,443.9
2/11/1988,443.7,444.5,442.3,443.2
2/12/1988,443,449.5,435,448.7
2/16/1988,447.5,448.5,446.3,447.6
2/17/1988,448.5,450.5,448,449.2
2/18/1988,450.2,451.4,445,445.8
2/19/1988,446.5,449.4,445.1,448
2/22/1988,447,449.7,447,447.6
2/23/1988,445.5,446.7,442.8,444.3
2/24/1988,436,438.7,433.8,434.1
2/25/1988,435.5,436.8,429.3,434.7
2/26/1988,434.5,434.9,430.2,431.1
2/29/1988,427,432.3,425.1,431.9
3/1/1988,430.5,433,425.9,432.4
3/2/1988,431.8,433.3,428.5,432.2
3/3/1988,429.5,433,428.3,429.1
3/4/1988,431.3,440.5,431.2,438.8
3/7/1988,436.5,438.9,436.2,438.6
3/8/1988,437.5,440.5,436.4,436.6
3/9/1988,437,438.8,436.8,437.5
3/10/1988,444,444.8,441.5,444.5
3/11/1988,445.2,445.5,441.2,442.6
3/14/1988,442.8,443.5,441.7,443.1
3/15/1988,443.6,448.3,442.8,447.5
3/16/1988,448.5,449.2,446.3,446.5
3/17/1988,447,447.5,442.1,444.9
3/18/1988,444,446.2,443.4,445.2
3/21/1988,446.5,452.9,446.4,450.2
3/22/1988,449.5,451.2,447.6,449.6
3/23/1988,450.2,454,449,452
3/24/1988,456.5,457.4,451.3,454.3
3/25/1988,452.5,454.2,450.9,453.3
3/28/1988,454.5,456.2,453.1,455.9
3/29/1988,455,457.8,454.5,455.6
3/30/1988,458.8,462.3,457,461.3
3/31/1988,461.5,463.2,457.5,457.9
4/4/1988,461.5,462.9,459,459.5
4/5/1988,457,458.2,454.3,456.2
4/6/1988,453.6,454,450.4,451.3
4/7/1988,450,453.4,448.8,452.7
4/8/1988,452,454.8,451.7,453.7
4/11/1988,450.7,455.5,450.3,454.7
4/12/1988,454,455,453,453.7
4/13/1988,452.2,453.7,449.4,449.6
4/14/1988,450,457.8,449.8,456.5
4/15/1988,456.6,461,456.6,458.5
4/18/1988,463,464,461.3,461.7
4/19/1988,459.7,460.7,459,460.4
4/20/1988,462.1,463.5,458,459
4/21/1988,457.1,458,456.7,457.2
4/22/1988,453.5,453.7,451,452.4
4/25/1988,452.6,453.2,449.3,450.1
4/26/1988,451.5,452.7,448.2,451.3
4/27/1988,451,455,450.8,454.3
4/28/1988,454.2,454.8,452.5,452.6
4/29/1988,452.2,453.4,450.8,452.6
5/2/1988,449.5,449.5,446,447.2
5/3/1988,446.6,448.7,445,445.1
5/4/1988,444.2,446.9,444.2,446.6
5/5/1988,446.8,448,445.8,447
5/6/1988,446.8,449,443.6,445.3
5/9/1988,445.8,449.2,445.5,448.8
5/10/1988,449,452.7,448,451.6
5/11/1988,451.2,452.4,449.7,451.2
5/12/1988,450.7,454.8,449.8,453.3
5/13/1988,453,454.2,450.8,453.7
5/16/1988,455.7,458.3,455,456
5/17/1988,456,458.5,453.3,456.4
5/18/1988,456,458.6,455.5,458.1
5/19/1988,462,462.3,458,458.2
5/20/1988,458.2,459.2,456.5,458.7
5/23/1988,461.5,463,459,462.8
5/24/1988,460.5,462.4,458.7,461.1
5/25/1988,455.2,456.6,453.8,454.8
5/26/1988,454.6,455.6,452.3,454.1
5/27/1988,453.3,453.6,450.2,450.8
5/31/1988,459,461,458.7,459.8
6/1/1988,461.6,463.3,460.3,462.4
6/2/1988,459.8,472.5,457.8,471.5
6/3/1988,470,473.8,468.5,469.3
6/6/1988,469.5,470.3,467.3,468.1
6/7/1988,468.5,470,464.6,464.8
6/8/1988,462.8,464.4,460.5,460.7
6/9/1988,459,463.3,458.8,461.7
6/10/1988,463,463.4,452.1,453.3
6/13/1988,453.5,454.3,452.4,453.8
6/14/1988,454.8,455.4,450.3,454.6
6/15/1988,455.2,457.8,454.7,455.8
6/16/1988,456.7,459,453.1,453.9
6/17/1988,453.7,459.8,453.2,458.3
6/20/1988,457.8,458.5,453.5,454.5
6/21/1988,455.7,458,454.2,455.4
6/22/1988,452,453.4,450.6,453
6/23/1988,450,453.1,449.6,450.9
6/24/1988,449,449.2,443.5,446
6/27/1988,445.3,447.2,443.9,445.9
6/28/1988,447,447.7,439.8,440.5
6/29/1988,437.3,439.2,432.3,438.3
6/30/1988,439.5,439.9,435.2,437.7
7/1/1988,438.5,440.4,436.1,439.6
7/5/1988,439.5,440.6,437.6,440.3
7/6/1988,440,441.1,438.5,440.7
7/7/1988,441.8,443.7,440,441.1
7/8/1988,440.6,442.2,439.5,441
7/11/1988,441.3,441.4,435.7,436.4
7/12/1988,435.5,438.8,434.2,438.7
7/13/1988,437.8,443,435.3,441.8
7/14/1988,441.5,443.7,439.7,439.9
7/15/1988,440,443.5,438.5,441.3
7/18/1988,436.5,440.2,435.1,438.8
7/19/1988,438.8,449,437,447.5
7/20/1988,446.5,447.8,445,445.7
7/21/1988,445.2,448.8,442,442.7
7/22/1988,443.5,444.3,442.2,442.9
7/25/1988,441.8,442,424,426.6
7/26/1988,429,434.3,428.7,431.7
7/27/1988,430.9,434.1,430.6,433.5
7/28/1988,442.2,445.7,440.6,443.8
7/29/1988,444,449.3,444,447.3
8/1/1988,447.6,448.6,443.7,445.6
8/2/1988,444.6,445,442,442.5
8/3/1988,442.8,446,442.3,444.3
8/4/1988,443.5,445.1,442.6,443.8
8/5/1988,442.5,444.4,441.2,442.6
8/8/1988,442.2,443.8,440,440.8
8/9/1988,439.2,439.8,433,437.8
8/10/1988,437.7,439.7,436.5,439.4
8/11/1988,439.4,440.5,437.4,439.2
8/12/1988,438.7,445,438.5,441.2
8/15/1988,440,443.3,440,442.9
8/16/1988,443,445.7,437.8,438.8
8/17/1988,438.8,441,437.1,440.9
8/18/1988,441.7,442.6,440.1,442.1
8/19/1988,442.8,443,440.8,441.4
8/22/1988,440.3,444.5,439.6,443.2
8/23/1988,442.8,443.5,441.5,441.8
8/24/1988,442.2,446.3,442,444.4
8/25/1988,445.8,446.8,441.8,442.2
8/26/1988,443.3,443.9,440.2,441.4
8/29/1988,441.6,442.1,438,438.7
8/30/1988,438,438.1,435.8,437.7
8/31/1988,436.2,440.6,435.3,439.9
9/1/1988,439,439.7,438.5,438.7
9/2/1988,438.5,439,432.5,437.4
9/6/1988,436.6,437.9,434.7,434.8
9/7/1988,434.6,436.5,434,435.7
9/8/1988,435.5,436.5,435.4,436.3
9/9/1988,436.5,437.7,427.5,428.5
9/12/1988,426,428.2,425,428
9/13/1988,427.7,429.7,426.8,428.2
9/14/1988,429.2,430.3,426.9,428
9/15/1988,427.6,427.8,422.1,425
9/16/1988,422.2,423,415,418.2
9/19/1988,414,416.1,413.2,415.4
9/20/1988,416.3,417,407,411.3
9/21/1988,405.3,408.5,402.5,404
9/22/1988,400.5,405.5,399,404.6
9/23/1988,404.8,406.5,398,399.3
9/26/1988,397,401.3,395.5,400.3
9/27/1988,402,403,398.8,402.5
9/28/1988,402.8,403.8,399.5,403.4
9/29/1988,403.4,404.3,400.7,401.6
9/30/1988,402.5,403.2,396.8,399.2
10/3/1988,398.8,404.5,398.1,402.2
10/4/1988,401.3,404.2,401.1,402.7
10/5/1988,402.2,405.6,398.8,405.3
10/6/1988,408,409.4,406.5,408
10/7/1988,408,409.1,406,407.3
10/10/1988,411,414.2,410.3,412.7
10/11/1988,412,412.3,407.9,408.4
10/12/1988,409.5,416,409.5,412.2
10/13/1988,411.8,413.8,408.3,410.4
10/14/1988,410.5,414.8,410.2,412.5
10/17/1988,414.3,418.3,413.7,415.5
10/18/1988,415.3,417,413.7,415.1
10/19/1988,414.2,416.7,413.2,414.7
10/20/1988,415.9,416.4,414.6,415.4
10/21/1988,414.6,415.1,411.1,411.5
10/24/1988,408.5,410,407.1,408.8
10/25/1988,409.6,410.8,409,409.4
10/26/1988,411,411.8,409.5,411.1
10/27/1988,410.2,410.8,409.4,410.1
10/28/1988,409.8,419,409.7,414.9
10/31/1988,415.1,415.6,413.1,415.1
11/1/1988,413.7,414.7,412.6,414
11/2/1988,415.5,425.2,415.4,424.2
11/3/1988,425,427.2,422.4,423.7
11/4/1988,422.4,424.5,419.8,423.5
11/7/1988,423,425,422.3,424.7
11/8/1988,423.7,424.3,419.5,421.2
11/9/1988,421.2,425.5,420.3,424.7
11/10/1988,423.8,424.2,420.1,420.5
11/11/1988,422.2,423.3,419.8,423.1
11/14/1988,421.6,426.8,420.9,425.2
11/15/1988,425.1,428.2,424.8,425.6
11/16/1988,426,428.9,424.5,425.6
11/17/1988,425,425.7,420.9,421.1
11/18/1988,421.5,421.7,416.8,418.1
11/21/1988,417.8,418.6,416,416.5
11/22/1988,418.3,421.1,417.7,418.1
11/23/1988,418.3,420.7,418.1,420.1
11/28/1988,424.5,426,422,423.3
11/29/1988,427.5,429.3,426.5,427.1
11/30/1988,426.6,429.8,425.9,429.6
12/1/1988,429.8,430.8,427.8,428.6
12/2/1988,429.2,438,428.3,436.7
12/5/1988,435.8,436.6,433.8,434.2
12/6/1988,434,434.3,430.8,432.6
12/7/1988,429,430.3,425.9,427.7
12/8/1988,428.5,429,426.6,426.7
12/9/1988,426,428,423.6,427.6
12/12/1988,425.5,426,423.8,424.6
12/13/1988,425,425.6,423.3,424.1
12/14/1988,424.7,426.6,422.8,425.7
12/15/1988,425.7,426,415.2,416.6
12/16/1988,413,418.5,413,417.6
12/19/1988,417.5,418.7,415.8,418
12/20/1988,416.5,418.5,416.2,417.5
12/21/1988,418.5,420.2,418.2,418.8
12/22/1988,419.2,421.6,418.8,421.3
12/23/1988,421,422,419.6,421.6
12/27/1988,421.9,422.5,420.8,420.9
12/28/1988,417.5,418.8,415,416.6
12/29/1988,413.5,413.8,409.5,410.5
12/30/1988,412.7,415.8,410.5,412.3
1/3/1989,416.1,416.3,412.3,413.4
1/4/1989,413.5,413.5,409,411
1/5/1989,410,410.7,409.2,410.1
1/6/1989,409.6,410.2,406.4,408.1
1/9/1989,404.5,406.8,403.7,406.7
1/10/1989,407,407.6,404.6,405.6
1/11/1989,405.3,406.4,404,405.2
1/12/1989,406,406.7,404,405.8
1/13/1989,404.7,408.8,402.3,403.5
1/16/1989,402.8,403.8,402.3,403.3
1/17/1989,403.5,404.3,403.3,404
1/18/1989,403.8,405.2,401.5,403.3
1/19/1989,403.3,405.8,402.9,404.5
1/20/1989,405.4,409.5,405.3,409.3
1/23/1989,409,409.8,408,408.5
1/24/1989,409.8,411.2,406,406.3
1/25/1989,406,406.7,404.6,406.4
1/26/1989,406.7,407.8,402.8,403.2
1/27/1989,402.7,403.7,394.5,396.1
1/30/1989,399,400.4,398.5,399.6
1/31/1989,399.7,400.5,393.1,395.8
2/1/1989,396,399.5,395.8,397.2
2/2/1989,396,397.3,395.3,395.9
2/3/1989,394,397.2,392.2,396.3
2/6/1989,394.8,398,389.8,396.9
2/7/1989,397,397.8,394.7,395.5
2/8/1989,395.5,399.5,394.7,399.1
2/9/1989,398.5,401.2,397.4,398
2/10/1989,398.4,399.7,390.1,391.7
2/13/1989,390.2,391.4,387.3,389.7
2/14/1989,390,391.3,387.8,389
2/15/1989,386,389.3,384.5,388.2
2/16/1989,388,388.9,385.9,387.1
2/17/1989,383.5,388.1,382,384.3
2/21/1989,387.3,392.5,386.2,389.4
2/22/1989,389.6,391.5,389.4,390.2
2/23/1989,393.5,396.2,391.2,394
2/24/1989,393.3,393.6,391.6,392.6
2/27/1989,394.6,395.2,389.1,389.8
2/28/1989,390,391,389.7,390.4
3/1/1989,388.2,389.1,386.4,387.1
3/2/1989,386.5,387.8,385.8,386.6
3/3/1989,389.5,390.3,388.5,389.3
3/6/1989,391.3,391.5,388.2,390.5
3/7/1989,389,396,388.5,395.7
3/8/1989,395.9,398.8,394.3,395.4
3/9/1989,395.5,398.1,394.1,397.3
3/10/1989,400,400.2,394.7,396.5
3/13/1989,395.2,397,394.7,396.4
3/14/1989,397.5,400,396.5,398.1
3/15/1989,397,397.8,393,393.8
3/16/1989,393,393.7,389.8,391.3
3/17/1989,391.5,397,391.2,395
3/20/1989,397.5,399,396.8,397.4
3/21/1989,396.5,397,394.2,395.6
3/22/1989,395,396.4,394.4,395.1
3/23/1989,396.6,397.6,391.7,393.4
3/27/1989,392.5,392.5,389.5,391.6
3/28/1989,392,392.3,383.2,383.5
3/29/1989,383.8,385.3,381.8,383.5
3/30/1989,388.8,390.5,385.5,386.2
3/31/1989,387.8,390.5,387.6,390
4/3/1989,390.3,391.7,388.8,391.1
4/4/1989,391.8,392.7,389.8,390.9
4/5/1989,389.5,390,387.4,388.6
4/6/1989,389,389.8,388.6,388.7
4/7/1989,389.1,390.2,386,388
4/10/1989,386.2,392.5,385.3,390.3
4/11/1989,390.2,390.6,389.2,389.9
4/12/1989,389.2,393.5,388.8,392.1
4/13/1989,392.8,396.9,392.7,394.2
4/14/1989,394.2,394.5,387.2,389.8
4/17/1989,389.5,390.2,388.9,390.1
4/18/1989,390,390.5,386.3,387.4
4/19/1989,387.3,389.2,385.7,387.1
4/20/1989,388.2,389.6,385.8,389.3
4/21/1989,388.7,388.9,386.8,388.2
4/24/1989,387.7,391.7,386.7,391
4/25/1989,389.5,390.7,388.6,388.8
4/26/1989,389,389,387.1,388.2
4/27/1989,387.8,388.4,386,386.1
4/28/1989,382,383.5,379.6,380.5
5/1/1989,377.8,381.9,377.5,380.7
5/2/1989,380.5,381.2,379.1,380.1
5/3/1989,379.5,382.9,379.5,380.4
5/4/1989,380.5,381.8,379.3,379.6
5/5/1989,379.5,379.8,377,379.3
5/8/1989,379.5,381.4,376.5,378.4
5/9/1989,377.8,380.5,376.9,380.3
5/10/1989,380.7,381.2,378.6,379
5/11/1989,379.9,383,379.2,382.1
5/12/1989,381.8,382.1,377.9,378.9
5/15/1989,376.5,376.9,375.2,376.5
5/16/1989,377,377.4,375.5,376.2
5/17/1989,376,376,371.7,373.9
5/18/1989,372.2,373.5,369.5,370.3
5/19/1989,368.9,369,366.3,366.6
5/22/1989,362,364.6,360.6,363.7
5/23/1989,365.5,367.5,363.8,364.3
5/24/1989,364.2,365.5,363.5,364.7
5/25/1989,365.5,367.9,365.2,367.2
5/26/1989,368.7,369.7,364.8,365.9
5/30/1989,366.7,370.5,366.5,369.7
5/31/1989,369.2,369.5,366.3,366.5
6/1/1989,366.3,367.5,365.5,367.3
6/2/1989,367.8,372,365.8,371.9
6/5/1989,372.5,372.5,369.8,370.8
6/6/1989,370,384.3,369.4,383.2
6/7/1989,382,384,378.5,380.8
6/8/1989,380.2,381,377.3,378.1
6/9/1989,375,376.2,360.5,362
6/12/1989,363,367,362.8,365.8
6/13/1989,365,368.4,362.5,366.8
6/14/1989,366.5,368.1,364.2,367.5
6/15/1989,365.2,372.8,362.7,370.7
6/16/1989,369.7,372.3,367.5,368.8
6/19/1989,368.5,371.5,368.1,370.6
6/20/1989,371.3,372,368.8,369.6
6/21/1989,369.9,376,369.7,375.7
6/22/1989,375,376.2,372.8,374.2
6/23/1989,376.3,384.8,373.3,381.8
6/26/1989,380.5,381.1,377.1,378.3
6/27/1989,378.5,381.8,378.1,379.8
6/28/1989,378.1,381.5,375,379.2
6/29/1989,379,383,373.1,373.9
6/30/1989,375.8,379.5,373.7,377.3
7/3/1989,379.5,381.5,377.2,381.1
7/5/1989,382.3,390.8,381.5,388.4
7/6/1989,387.5,390.3,386.9,388.6
7/7/1989,387,389.7,384.4,385.7
7/10/1989,387.2,387.9,385.1,386.6
7/11/1989,385,385,381.8,383.3
7/12/1989,383,383.7,379,380.4
7/13/1989,380.2,380.4,377.2,378.5
7/14/1989,377.3,377.5,370.8,372.2
7/17/1989,372.6,374.1,372.1,372.2
7/18/1989,371.5,374.9,371,373.8
7/19/1989,373,373.6,369,369.3
7/20/1989,370.2,375,369.7,372.2
7/21/1989,374,375,371,373
7/24/1989,373,374.8,372.1,373.9
7/25/1989,374,374.8,372.2,374.1
7/26/1989,373.3,376.4,373.2,375
7/27/1989,375.5,376.3,373.5,373.7
7/28/1989,381.5,381.5,374,375.4
7/31/1989,376.5,378.9,376.1,378.7
8/1/1989,378.5,379.2,376.3,378.8
8/2/1989,378.3,378.6,377.3,377.8
8/3/1989,377.5,382.5,376.8,381.4
8/4/1989,379.5,379.9,374.2,375.4
8/7/1989,375.2,375.4,372,373.4
8/8/1989,374.8,374.8,372.7,373.6
8/9/1989,373,374.2,371.7,373.9
8/10/1989,374.2,374.9,373.5,374.2
8/11/1989,372.2,372.5,368.5,371.4
8/14/1989,370.4,374,370.4,373.2
8/15/1989,373.7,379,372.4,377.5
8/16/1989,377,378.2,374.1,374.7
8/17/1989,374,375.8,371.6,374.6
8/18/1989,374,375.3,372.3,373.9
8/21/1989,373.6,374.9,373.3,374.5
8/22/1989,374.1,375.5,373.9,374.5
8/23/1989,374.7,375.4,370.5,371.9
8/24/1989,371.2,371.5,369.3,370.6
8/25/1989,367.5,368.4,366.5,366.7
8/28/1989,367,367.6,365.5,366
8/29/1989,367.3,371.8,365.4,369.3
8/30/1989,368.1,369,367,367.6
8/31/1989,365.8,367.4,364.6,365.4
9/1/1989,365.7,366.4,364.2,366.1
9/5/1989,364.8,365.9,364,365.1
9/6/1989,366.5,367.5,366.2,367.4
9/7/1989,365.5,366.5,365.1,366
9/8/1989,366,366.6,363.5,365
9/11/1989,365,366.6,363.6,364.6
9/12/1989,365.5,365.7,364.3,364.8
9/13/1989,364.9,365.3,363.9,365
9/14/1989,366,368.5,364.5,365.5
9/15/1989,365.4,370,360.6,368.9
9/18/1989,366.4,367.7,365,366.5
9/19/1989,366.3,367.4,366,366.2
9/20/1989,366.5,374,366.4,370.1
9/21/1989,369,370.6,368.8,370.3
9/22/1989,371.2,373.2,370.5,370.7
9/25/1989,373.5,375,372.5,374.6
9/26/1989,373.3,375.3,373,373.1
9/27/1989,374.9,376.7,371.2,372.3
9/28/1989,371.8,373.7,371.5,372.8
9/29/1989,374.5,374.6,370.8,372
10/2/1989,371.2,372.5,370.7,372.1
10/3/1989,371.4,371.7,370.3,371.4
10/4/1989,371.5,372.2,371.1,371.5
10/5/1989,371.3,373,367.2,367.9
10/6/1989,367.4,369,367.3,368.2
10/9/1989,367.7,368,366.3,367.4
10/10/1989,367.6,367.8,364.7,365.2
10/11/1989,364.8,366.7,364.3,366.1
10/12/1989,367.5,367.9,366.3,367.4
10/13/1989,367.3,368.7,366.6,367.3
10/16/1989,373,374,369.8,371.2
10/17/1989,370.2,372.8,370.2,371.2
10/18/1989,372.8,373.4,371.8,372.4
10/19/1989,373.5,373.9,370,370.6
10/20/1989,370.5,371.2,369.3,370.6
10/23/1989,369.8,370.4,369.5,370.2
10/24/1989,370.3,373.5,370.2,373.4
10/25/1989,372.5,373.4,371.3,372.3
10/26/1989,372.8,376.3,372,375.4
10/27/1989,376,381.5,375.7,381.2
10/30/1989,381.6,382.3,380,380.8
10/31/1989,380,380.3,376.8,377.6
11/1/1989,377.7,378.1,375.7,376.9
11/2/1989,377,384.8,376.8,382.9
11/3/1989,382.5,386,379.6,381
11/6/1989,382.3,384.4,381.2,383.8
11/7/1989,388,388.9,386.8,388.4
11/8/1989,389,391.1,385.5,390.8
11/9/1989,390.8,391.4,388.4,389
11/10/1989,389.3,389.5,386.3,388.6
11/13/1989,392.5,393.8,391.5,392.7
11/14/1989,393.4,395,390,394.9
11/15/1989,392.5,393.9,389.3,392.8
11/16/1989,390.1,395.7,389.6,392.7
11/17/1989,394.5,396,392.2,395.8
11/20/1989,396.3,400,395.6,399.3
11/21/1989,400.3,406.2,398.6,404.4
11/22/1989,411.6,411.8,407,411.6
11/24/1989,415.5,419.7,414.8,419.3
11/27/1989,416.3,416.3,413,414.1
11/28/1989,409.5,415.7,409,413.5
11/29/1989,415.3,419.2,414.2,415.5
11/30/1989,412.5,419,412,417.5
12/1/1989,418.2,421.5,418,419.3
12/4/1989,415,415.5,406.5,406.6
12/5/1989,406.6,410.7,406.6,408.9
12/6/1989,407.8,410.4,406.5,410.1
12/7/1989,410.8,416,407.5,415
12/8/1989,413.8,419.9,411.3,416.8
12/11/1989,418.5,423.9,417.8,421.8
12/12/1989,421,424.2,419.6,422.8
12/13/1989,421.7,421.7,412.3,412.9
12/14/1989,411.9,414.2,408.2,412.8
12/15/1989,414.1,419.9,413.7,418.3
12/18/1989,412.3,418,409.5,416.1
12/19/1989,415.5,419.2,414.3,416.1
12/20/1989,416.5,418.5,415.5,417.5
12/21/1989,417.1,418,415.1,415.5
12/22/1989,416,417,415.8,416.7
12/26/1989,416.2,416.5,408.5,410.1
12/27/1989,411.8,413.2,402,403.8
12/28/1989,403.2,405.1,400.1,401.4
12/29/1989,405.5,406.8,402.6,405.2
1/2/1990,401,404.6,400.2,402.1
1/3/1990,398.5,399,394.5,396.4
1/4/1990,397.8,401.1,397.1,400.8
1/5/1990,404.4,409.5,402.5,408.5
1/8/1990,406.1,407.6,404.7,405
1/9/1990,404.7,406.3,404.3,406.2
1/10/1990,408.3,415.3,408.1,414.2
1/11/1990,415.1,415.8,413.2,415.6
1/12/1990,417.2,419.8,414,414.7
1/15/1990,417.4,418.5,412.6,415.1
1/16/1990,414,415.9,409,412.2
1/17/1990,411.8,413.9,410.1,413.7
1/18/1990,415.1,416.4,410.9,411.2
1/19/1990,411,412.8,409,410.9
1/22/1990,408.5,409.3,404.7,408
1/23/1990,408.9,415,408,413.7
1/24/1990,417.4,425,415.5,417.7
1/25/1990,416.2,418.3,413.3,416.3
1/26/1990,419.8,421.3,417,420.3
1/29/1990,421.7,422,416.5,419.2
1/30/1990,424.5,427,422.7,423.9
1/31/1990,421,422,417,417.8
2/1/1990,418.8,423.5,418.7,423.3
2/2/1990,423.4,424.3,421.3,423.4
2/5/1990,425.2,430.3,424.8,427.5
2/6/1990,426.8,427.4,425.4,426.4
2/7/1990,425.7,429.7,422.2,423.1
2/8/1990,422.9,424.7,421.2,423.5
2/9/1990,422.7,423.8,419.5,420.6
2/12/1990,420.2,424.9,419.3,423.6
2/13/1990,424.4,425.8,421.2,422
2/14/1990,419.8,421.3,417.5,420.7
2/15/1990,421.1,422,415.5,416.2
2/16/1990,418.3,421.5,416.3,420.8
2/20/1990,422.3,424.7,421.3,423.6
2/21/1990,424.8,426.4,421.2,421.6
2/22/1990,421.2,422.4,418.1,419
2/23/1990,417.8,421.1,417.5,418.2
2/26/1990,415.7,416,409.6,411.8
2/27/1990,411.9,412.5,409.7,411
2/28/1990,412.1,412.3,407.5,408.9
3/1/1990,409.3,410.4,407.8,409
3/2/1990,408.3,408.7,404,405.6
3/5/1990,406.1,407.5,405,406.6
3/6/1990,406.9,408.3,405.7,406.1
3/7/1990,402.3,404.5,400.8,402.3
3/8/1990,402.7,403.9,401.8,401.9
3/9/1990,399.6,401.8,399,401.6
3/12/1990,402.3,403.6,400.2,401.1
3/13/1990,398.2,401.2,396.7,400.7
3/14/1990,400.2,401.5,398.8,399.5
3/15/1990,399,401.8,398.5,399.6
3/16/1990,400.2,402.6,400.1,400.9
3/19/1990,402.9,404.2,401.6,401.9
3/20/1990,402.1,402.7,392.5,393.3
3/21/1990,391.4,393.9,390.9,392.5
3/22/1990,392,394.8,391.6,394.7
3/23/1990,394.3,395.2,386.3,389.4
3/26/1990,373.5,374,362.5,366.2
3/27/1990,368.5,370.5,367.7,369.1
3/28/1990,373.2,373.5,368,369.1
3/29/1990,376.6,377.9,375.2,376
3/30/1990,376.3,376.5,371.8,375
4/2/1990,372.3,374.6,371.8,374.5
4/3/1990,381.7,382.4,378.5,380.1
4/4/1990,379.1,382.1,377.8,381.8
4/5/1990,382.3,383.3,378.2,379.3
4/6/1990,383.1,385.4,381.1,385.2
4/9/1990,380.8,381.9,378.8,380.4
4/10/1990,379.8,380.3,376.2,379.3
4/11/1990,378,379.5,377.1,378.4
4/12/1990,379.1,379.8,378.2,379.7
4/16/1990,378.9,379.2,375.9,378.9
4/17/1990,377.7,379.5,376.9,378.8
4/18/1990,378.4,380.8,377.7,379.7
4/19/1990,380.3,381.4,379,380.7
4/20/1990,380.1,380.7,377.5,379.9
4/23/1990,378.8,383,378.3,382.1
4/24/1990,381.3,382.1,377.5,379
4/25/1990,377.3,377.8,372,373.6
4/26/1990,374.1,375.9,373.1,373.3
4/27/1990,374.2,374.9,372.6,374
4/30/1990,370.2,372,367.7,371.4
5/1/1990,372.4,374.2,370.4,372.7
5/2/1990,372.4,372.9,371.1,372
5/3/1990,371.1,375,371.1,373.7
5/4/1990,373.2,374.6,372.6,373.1
5/7/1990,373.8,374.7,373.5,374
5/8/1990,374.2,375.2,370.5,372
5/9/1990,371.7,374,368.6,373.7
5/10/1990,373,374.3,370.8,371.9
5/11/1990,369,371.2,368.5,370.5
5/14/1990,369.6,372,369.6,369.9
5/15/1990,367,374,366.7,372.3
5/16/1990,371,371.7,369.3,370.3
5/17/1990,370.4,371.4,369.7,370.6
5/18/1990,371,376.7,370.4,375.6
5/21/1990,374.5,375.2,373.4,374.1
5/22/1990,373.5,377.6,373.5,376.4
5/23/1990,361,365.8,361,364.6
5/24/1990,367,367.8,366.1,366.9
5/25/1990,367.5,369.1,367.1,368.4
5/29/1990,369,369.5,366.6,367.4
5/30/1990,370.6,371.8,368,368.9
5/31/1990,367.8,369,367.2,368.6
6/1/1990,367.5,368.9,362.2,363.5
6/4/1990,360.7,362.5,359.6,362.4
6/5/1990,362.5,364.5,361.6,363.6
6/6/1990,364.3,365.2,360,361
6/7/1990,356.5,358.7,355.5,358.1
6/8/1990,358,359.5,356.6,359.2
6/11/1990,359.3,361.8,358.4,359.7
6/12/1990,359.9,360.6,358.9,359.1
6/13/1990,356.5,357.1,353.9,355.1
6/14/1990,348.5,350.3,348.2,349.8
6/15/1990,350.5,352.5,350,352.3
6/18/1990,352.7,353.3,350.8,352
6/19/1990,352,352.5,350.9,351.8
6/20/1990,350.1,355,349.5,353.1
6/21/1990,352.7,353.5,351.8,353.1
6/22/1990,351,354,350.8,352.8
6/25/1990,356.5,357.1,355.9,356.2
6/26/1990,353.8,354.2,351.7,352.9
6/27/1990,353.1,354,352.5,353.2
6/28/1990,354.1,355.8,353.7,354.1
6/29/1990,355.3,361,354.5,359.9
7/2/1990,359.5,361.3,359.5,360.8
7/3/1990,360.5,365.5,360,364.1
7/5/1990,362.1,364,361.4,363.3
7/6/1990,363.3,364.7,362.7,362.9
7/9/1990,362.7,363.6,358.5,359.9
7/10/1990,355,357.4,354.1,357.1
7/11/1990,355.7,356.7,355.2,355.6
7/12/1990,354.5,360.5,352,359.5
7/13/1990,360.7,369,360.2,365.7
7/16/1990,363.7,365.1,363.2,364.5
7/17/1990,362.5,364.2,361.6,363
7/18/1990,361.1,363.9,360.5,362.5
7/19/1990,362.5,364.4,362,362.1
7/20/1990,361.6,363.5,361.5,362
7/23/1990,365.8,371.5,365.8,369.7
7/24/1990,370,371,367.3,368.4
7/25/1990,370,375.5,370,372.4
7/26/1990,371,371.5,368.4,369.6
7/27/1990,369.2,370.8,365.8,368
7/30/1990,377,377.5,375.6,376.8
7/31/1990,381,382.2,377.5,379.2
8/1/1990,379.3,384.3,379.2,382.4
8/2/1990,394.5,394.5,385.6,385.9
8/3/1990,382.5,391,382,386.4
8/6/1990,390.8,394,390.1,393.8
8/7/1990,394.2,394.5,388.7,393.7
8/8/1990,394.3,395.8,389.6,392.2
8/9/1990,393.7,395.4,392,394.8
8/10/1990,397.8,406,396.8,405.9
8/13/1990,411,424.7,411,414
8/14/1990,411,424.7,411,414
8/15/1990,410.5,414.4,406.6,411.3
8/16/1990,409.5,418,409.5,417.9
8/17/1990,418.5,421.5,416.3,418.3
8/20/1990,419.7,420.1,414.8,418.8
8/21/1990,421.3,425,410,416
8/22/1990,417.9,420.3,416.5,419.3
8/23/1990,424.2,425,417,420.3
8/24/1990,420.2,423.5,416.7,423.2
8/27/1990,413,413,394,396.2
8/28/1990,398.5,399.9,386,392.8
8/29/1990,394,395.3,389.5,392.7
8/30/1990,391.5,397.3,391.5,393.7
8/31/1990,394.5,396.4,387.5,389.2
9/4/1990,390.1,391.8,386.7,390.5
9/5/1990,389,395.5,388.5,393
9/6/1990,393.7,396.7,392.8,396.2
9/7/1990,394.5,396.2,388.5,396
9/10/1990,388.7,391.6,381.6,384.8
9/11/1990,383.8,389.1,382.6,386.6
9/12/1990,387,389.7,385.8,388.1
9/13/1990,387.5,390.4,386.9,388.8
9/14/1990,392.5,394,389,391
9/17/1990,393,396,392.4,395.2
9/18/1990,390.5,394.7,389.7,393.3
9/19/1990,391.2,392.9,390,391.4
9/20/1990,392.3,394.3,390.7,394.2
9/21/1990,393.9,399,392,394.5
9/24/1990,396.8,409,396.1,408.3
9/25/1990,410,412.3,404.5,407.6
9/26/1990,405.3,414,404.1,412.8
9/27/1990,406.5,412.5,406.5,410.8
9/28/1990,410.7,414.3,407.7,408.1
10/1/1990,402.9,404,390,391.6
10/2/1990,392.5,394,390.7,393.9
10/3/1990,392.8,399,392.5,398.5
10/4/1990,400.2,403.4,394.2,396.9
10/5/1990,399.4,400.7,396.5,398.1
10/8/1990,395.5,400.6,393.6,399.3
10/9/1990,400.3,402.2,388,394
10/10/1990,396.5,397.2,390.1,392.2
10/11/1990,387.8,395.5,387.7,393.6
10/12/1990,389.2,394.6,389.1,391.3
10/15/1990,385.9,385.9,375.5,378.5
10/16/1990,376,376,361.5,365.1
10/17/1990,368.7,370.5,366.3,369.8
10/18/1990,370,373.6,367.8,373
10/19/1990,374.5,377.6,371.8,375.7
10/22/1990,369,375,368.7,372.4
10/23/1990,373.5,376.3,372.4,373.9
10/24/1990,372.8,376.2,372.3,376
10/25/1990,376.3,379.4,376.1,378.3
10/26/1990,379.8,380.2,370.6,373.2
10/29/1990,373,376.5,372.9,375.8
10/30/1990,375.5,382.3,374.3,381.7
10/31/1990,383,384.3,378.3,381.3
11/1/1990,383,385.8,381.6,383.1
11/2/1990,381.6,382,376.1,378
11/5/1990,378.3,383.3,377.8,381.1
11/6/1990,382.4,388.6,379.6,388.1
11/7/1990,385.8,391.5,385.5,387.9
11/8/1990,388,389,385.3,388.9
11/9/1990,387.3,388,383.3,386.3
11/12/1990,383,384.5,381.6,383.3
11/13/1990,384,387.5,383.8,387
11/14/1990,385,386.4,377,378.5
11/15/1990,379.3,381.1,378.5,380
11/16/1990,380.6,381.5,376,379.8
11/19/1990,378.2,384,377.3,382.3
11/20/1990,380,381,376.3,378.5
11/21/1990,378.2,381.5,376.7,379.8
11/23/1990,381.3,385.2,381.3,384.5
11/26/1990,387,388.7,386.5,386.7
11/27/1990,383,387,382.8,385.8
11/28/1990,384.5,386.7,384.3,385.7
11/29/1990,388.5,393.3,388,391.7
11/30/1990,388.3,389.8,383.7,385.7
12/3/1990,384.9,385.9,377.5,378.5
12/4/1990,380.3,381.8,378.8,380.5
12/5/1990,381,381.8,374.1,375.8
12/6/1990,373,374.2,369.1,373.2
12/7/1990,373.7,375,370.8,372.1
12/10/1990,374.5,377.8,374.4,375.9
12/11/1990,373,376.7,372.2,373.6
12/12/1990,374,375.1,372.7,374.5
12/13/1990,373.9,376.4,373.5,376.1
12/14/1990,374.6,379.5,374.1,378.6
12/17/1990,379.6,380.5,378.8,379.3
12/18/1990,379,381.1,378.2,378.4
12/19/1990,379,388.4,379,388
12/20/1990,386.5,391,386,386.7
12/21/1990,386.2,387.8,380.8,384.3
12/24/1990,384.3,384.3,384.3,384.3
12/26/1990,385.6,388.1,384.5,387.4
12/27/1990,386.5,388,384.8,387.6
12/28/1990,388.3,396.5,387.5,396.2
12/31/1990,394.8,396.5,394.3,396.2
1/2/1991,395.1,395.5,389.5,391.1
1/3/1991,388,390,385,388.9
1/4/1991,389.5,390.7,386.2,387.2
1/7/1991,393.2,396.8,392.2,396.2
1/8/1991,392.5,392.9,389.5,392.3
1/9/1991,387.7,394.5,379.5,393
1/10/1991,390.6,393.5,390.6,392.1
1/11/1991,393.7,395.5,392.1,393.3
1/14/1991,399.5,402.5,398.5,401.6
1/15/1991,399.6,403.5,399.3,400.2
1/16/1991,405.8,406.9,396,404.5
1/17/1991,374,380.8,374,374.4
1/18/1991,377.5,379.8,371,375.1
1/21/1991,379,380.9,378,379.5
1/22/1991,381.6,382.2,379.7,380.1
1/23/1991,378,380.5,377.8,378.9
1/24/1991,376,376.5,371.5,373.5
1/25/1991,374.1,377.5,374,376.1
1/28/1991,374.6,378.5,374.6,377.1
1/29/1991,378,378.3,375.5,376.4
1/30/1991,368.5,371.7,367.8,371.5
1/31/1991,371.2,372,368.3,368.5
2/1/1991,371.5,372.8,366.5,368.7
2/4/1991,369.5,372,369.5,371.6
2/5/1991,369,370.4,368.7,368.9
2/6/1991,363.5,367,363,365.2
2/7/1991,366.5,372.4,366.2,370
2/8/1991,370.8,373.7,370.6,372.4
2/11/1991,370.7,371.3,368.5,369.1
2/12/1991,365.7,372.2,365.1,370.3
2/13/1991,369.8,370.8,368.8,369.5
2/14/1991,369.3,371.8,369.2,370.2
2/15/1991,365.7,368.5,365.6,366.1
2/19/1991,364.6,367.4,362.5,366.1
2/20/1991,366.2,367.6,365,366.1
2/21/1991,363.1,366.6,363.1,364.1
2/22/1991,361,362,357,358.3
2/25/1991,359,361.4,358.7,360.8
2/26/1991,361,362.9,359.7,360.2
2/27/1991,361.9,364,361.1,363.3
2/28/1991,365.5,370.3,364.5,369
3/1/1991,368.5,369.9,367.3,368.6
3/4/1991,367,370,366.7,369.5
3/5/1991,365.5,367.8,365.5,366.3
3/6/1991,365.5,372,365.2,367.5
3/7/1991,367.3,369.3,367,368.5
3/8/1991,368.3,372.8,368.3,371.2
3/11/1991,370.6,371,364.8,366.2
3/12/1991,364.6,366.9,364.5,366.1
3/13/1991,366.6,369.5,366.6,368.1
3/14/1991,367.1,367.5,365.3,366.3
3/15/1991,364.7,368.2,364.7,365.8
3/18/1991,363,364.9,361.9,363.7
3/19/1991,362.7,367.7,362.6,364.5
3/20/1991,365.5,366.4,363.4,363.6
3/21/1991,362.7,364.9,361.8,363.5
3/22/1991,364.1,364.7,363.2,363.5
3/25/1991,361.5,362,358.3,359.4
3/26/1991,359.5,360,356.4,357.6
3/27/1991,355,357.5,354.5,356.3
3/28/1991,357.8,359.7,357.8,359.4
4/1/1991,359.1,362.7,359.1,362.4
4/2/1991,359.8,361.6,359.8,360.5
4/3/1991,362.6,363.4,361.8,362.2
4/4/1991,361.3,362.7,361.3,361.7
4/5/1991,361.3,363,359.3,362.1
4/8/1991,362.1,364.7,361.9,364
4/9/1991,364.7,368.2,364.7,367.2
4/10/1991,366.4,367.3,365.7,366.3
4/11/1991,364.5,365.7,364.3,364.8
4/12/1991,365,365.6,361.5,362.7
4/15/1991,363.3,363.7,362.1,363.2
4/16/1991,363.5,364.4,362.7,363.1
4/17/1991,363.9,364.4,363.2,363.7
4/18/1991,364,364.7,359,360.2
4/19/1991,359.2,359.9,358.1,359
4/22/1991,357.9,360.3,357.5,359.7
4/23/1991,359,359.5,356.8,358.9
4/24/1991,358.2,358.7,356.3,358.1
4/25/1991,355.2,356.2,354.6,355.8
4/26/1991,356,356.6,355,355.5
4/29/1991,353.5,354.2,352.6,354.1
4/30/1991,356.2,361.3,356.1,357.7
5/1/1991,358.6,358.9,357.5,357.7
5/2/1991,356.3,357,355.3,356.7
5/3/1991,357.8,358.7,354.6,355.5
5/6/1991,355,357.2,355,356.9
5/7/1991,357.3,359.5,357.1,358.1
5/8/1991,357.7,359.2,357.7,358.5
5/9/1991,358.2,359.4,357.6,359.3
5/10/1991,357.9,358.7,357.8,358.3
5/13/1991,358.4,361,357.9,359.8
5/14/1991,359.8,361.8,358,361.2
5/15/1991,362.3,363.2,360.8,360.9
5/16/1991,360.4,360.5,356,357.1
5/17/1991,356,357,354.9,356
5/20/1991,355.6,358.8,355.5,358.1
5/21/1991,357.9,358.4,357.4,357.9
5/22/1991,358.4,358.8,356.7,356.8
5/23/1991,355.6,356.5,354.8,355.5
5/24/1991,356.8,357.1,355.8,356.8
5/28/1991,356.7,365,354.7,363.7
5/29/1991,361.8,362.8,361.1,361.2
5/30/1991,363.4,367.7,362.8,366.5
5/31/1991,364.6,365.2,363.2,364.8
6/3/1991,366.8,367.7,366.2,366.4
6/4/1991,366.1,366.6,364.5,365.8
6/5/1991,366.2,366.4,365.3,365.7
6/6/1991,366.7,368.8,365.9,368.1
6/7/1991,369.5,371.3,369.3,369.5
6/10/1991,373.5,377.9,373,376.6
6/11/1991,374.5,375.3,373.7,373.9
6/12/1991,373.5,376.6,372.8,373.1
6/13/1991,372,373.6,371.6,372.9
6/14/1991,371.2,372.1,368.4,369.8
6/17/1991,370.3,371.1,369.6,370.8
6/18/1991,371.5,375,368.5,370.9
6/19/1991,370.3,371.3,369.5,371.1
6/20/1991,370.5,370.9,369,370.4
6/21/1991,369.8,370.2,367.3,368.1
6/24/1991,367.8,368.3,361.5,365.2
6/25/1991,365,367.3,365,366.7
6/26/1991,368.1,369.6,367.5,367.9
6/27/1991,367.1,368.4,366,367.9
6/28/1991,370.3,373,368.7,370
7/1/1991,370.2,372.2,369,369.9
7/2/1991,367.8,369.8,367.8,369.4
7/3/1991,371.2,372.3,370.3,371.6
7/8/1991,372.1,372.6,371.5,372.1
7/9/1991,370,371.1,369.9,370.6
7/10/1991,372.2,373.2,371.1,371.2
7/11/1991,370,370.4,368,368.9
7/12/1991,369,370.2,368.3,369.6
7/15/1991,370.5,370.8,368.5,370.1
7/16/1991,369.5,370,369,369.8
7/17/1991,370,370.8,369.6,370.5
7/18/1991,371.6,372.8,369.6,370.9
7/19/1991,371,371.8,370.7,371.2
7/22/1991,370.8,371.1,366.3,368.1
7/23/1991,368.1,368.9,367.7,368.5
7/24/1991,367.2,367.4,364.1,364.7
7/25/1991,365.2,365.7,363.6,364.7
7/26/1991,364.4,366.5,363.9,366.3
7/29/1991,365.8,366.1,362.3,363.4
7/30/1991,368.8,370,367.8,369.8
7/31/1991,370.7,371.6,369.4,370.8
8/1/1991,370.7,370.9,370,370.3
8/2/1991,366.5,366.7,360.8,362.3
8/5/1991,361.3,363.2,360.2,362.7
8/6/1991,363.4,363.8,362.9,363.1
8/7/1991,361.9,363.4,361.8,362.8
8/8/1991,363.4,364.1,362.5,363.3
8/9/1991,364.8,364.9,363.3,364.4
8/12/1991,363.8,364.2,363.4,363.5
8/13/1991,362.8,362.9,362,362.2
8/14/1991,361.8,364.6,360.6,363.6
8/15/1991,363.3,366,362.6,362.7
8/16/1991,362.9,364,362.3,363.5
8/19/1991,368.2,368.5,362.4,364.1
8/20/1991,363.7,364,357.5,361.3
8/21/1991,360.3,362.5,360.1,362.1
8/22/1991,361.5,361.9,359.3,359.4
8/23/1991,357.8,359.2,357.1,358.6
8/26/1991,359.1,360.5,359,360.3
8/27/1991,359.2,360.8,358.6,359.5
8/28/1991,361,361.1,357.7,358.9
8/29/1991,357.5,358.2,355,355.7
8/30/1991,351.2,353,350.1,352.9
9/3/1991,351.3,353.4,350.6,352.9
9/4/1991,353.2,353.5,352.7,353
9/5/1991,351,351.9,350.8,351.4
9/6/1991,351.4,353.5,350.8,353.4
9/9/1991,354.5,357,354.3,355.2
9/10/1991,355.6,356.4,353.7,354
9/11/1991,349.1,349.8,346,349.4
9/12/1991,349.7,350.7,348.1,348.2
9/13/1991,347.6,349.2,347.4,348.2
9/16/1991,349.2,350.1,348.2,348.3
9/17/1991,350.6,351.2,349.5,350.4
9/18/1991,351.9,352.8,351.3,352.3
9/19/1991,353.6,353.8,351.7,352
9/20/1991,351.4,352.5,351.3,352.1
9/23/1991,352.5,354.4,352.4,354.3
9/24/1991,355.4,358,355,357.2
9/25/1991,355.9,356.9,355.4,356.3
9/26/1991,355.4,355.9,353.3,354.1
9/27/1991,351.7,352.5,350.8,352.4
9/30/1991,355.4,359.5,355,357.3
10/1/1991,357.1,357.7,356.7,357.3
10/2/1991,360.3,360.6,357.7,358.6
10/3/1991,359.5,361.5,359,360.6
10/4/1991,359.8,362,358.6,361.7
10/7/1991,361.1,363.4,360.5,362
10/8/1991,360.2,361.1,359.1,360.2
10/9/1991,360.4,362.2,360.2,362.1
10/10/1991,362.8,363.2,361.1,361.3
10/11/1991,359.9,363.5,359.8,362.4
10/14/1991,363.1,363.3,360.6,361.3
10/15/1991,361.1,361.5,359.7,360.1
10/16/1991,358.1,360.6,357.9,360.5
10/17/1991,360.9,362.6,360,362.3
10/18/1991,362.6,365,361.6,364.4
10/21/1991,366.1,367.4,365.6,365.9
10/22/1991,365.2,366.1,364.7,366
10/23/1991,364.8,365,363.8,364.3
10/24/1991,362.6,364.2,362.4,364
10/25/1991,364.6,365,362.5,362.7
10/28/1991,361.2,361.5,359.5,360.8
10/29/1991,360.5,361.2,358.2,361.1
10/30/1991,361.8,361.9,360.3,360.5
10/31/1991,359.3,360.2,358.8,359.5
11/1/1991,359.5,359.9,356.5,356.9
11/4/1991,358.1,358.3,357.4,358.1
11/5/1991,358.1,358.6,355.3,355.4
11/6/1991,355.4,356.3,354.7,355.8
11/7/1991,356.4,356.7,354.4,354.7
11/8/1991,354.4,355.7,353.6,355.2
11/11/1991,355.9,356.3,355.5,356.2
11/12/1991,356.2,357.5,355.7,356.7
11/13/1991,357.6,358.2,356.4,357.3
11/14/1991,356.6,357,355.6,355.7
11/15/1991,355.8,361,355.7,360.1
11/18/1991,360.7,362.5,360.1,361.5
11/19/1991,361.4,365.5,361.3,364.4
11/20/1991,363.7,365.8,363.3,364.7
11/21/1991,364.1,370.7,363.7,368.6
11/22/1991,368.7,370.2,367.9,369.6
11/25/1991,368.8,370.3,367.9,368.3
11/26/1991,366.9,368,365.8,366.3
11/27/1991,366.9,368.6,366.8,367.9
11/29/1991,369.7,371.2,369.3,371.1
12/2/1991,371.6,372.4,369.6,369.9
12/3/1991,367.3,368.1,365.4,366.4
12/4/1991,369.1,369.6,367.5,367.9
12/5/1991,368.7,370.2,366.6,370
12/6/1991,370.9,373,370.2,371.9
12/9/1991,374.2,374.9,371.5,371.6
12/10/1991,373,373.1,370.3,371.1
12/11/1991,369.6,370.2,367.7,368.6
12/12/1991,368.8,369,358.2,359.9
12/13/1991,360.4,361.5,359.2,361.3
12/16/1991,361.9,362.2,360.6,360.9
12/17/1991,359.3,359.7,357.8,359.1
12/18/1991,360.7,361.3,359,360.8
12/19/1991,359.9,361.2,358.9,359.1
12/20/1991,357.9,361.5,356.8,360.3
12/23/1991,361.1,362.7,360.7,361
12/24/1991,360.8,361.2,360.3,360.7
12/26/1991,358.5,359,355.3,355.9
12/27/1991,356.1,356.2,353.5,355
12/30/1991,354.4,354.6,352.3,353.9
12/31/1991,354.4,354.6,352.3,353.9
1/2/1992,351.2,353.4,350.9,353.2
1/3/1992,354.1,354.7,351.4,351.5
1/6/1992,351.8,352,348.5,350.3
1/7/1992,350.4,351,349.7,350.5
1/8/1992,351.6,352.2,350.7,351.5
1/9/1992,352.3,359.2,351.6,357.5
1/10/1992,357.7,360.5,356.8,356.9
1/13/1992,355.2,355.8,354,354.5
1/14/1992,353.4,356.5,353.3,355.2
1/15/1992,356.4,357.1,354.5,354.7
1/16/1992,354.2,359,354.1,357
1/17/1992,357.9,358.2,354.3,354.5
1/20/1992,356.6,361.5,356.4,358.2
1/21/1992,357.9,359.1,356.8,358.4
1/22/1992,357.7,358.6,356.5,358.3
1/23/1992,354.3,356.9,354,354.9
1/24/1992,353.4,355.5,352.2,354.7
1/27/1992,356.3,357.2,354.6,355
1/28/1992,356.5,357,355,355.9
1/29/1992,355.4,357,354.7,356.1
1/30/1992,358.9,359.8,355,355.6
1/31/1992,355.3,361.3,354.6,358.9
2/3/1992,359.5,359.8,357.8,358.4
2/4/1992,358.2,358.7,357.4,357.9
2/5/1992,357.1,357.5,355.3,357.3
2/6/1992,358.6,358.8,356.9,357.4
2/7/1992,356.5,359,356.2,356.5
2/10/1992,356.5,358.2,356,357.4
2/11/1992,356.8,359,356.7,357.8
2/12/1992,358.6,360.5,358.4,359.6
2/13/1992,358.4,359.2,356.3,357.3
2/14/1992,356.9,357.5,354.4,355.1
2/18/1992,354.3,355.2,353,354.7
2/19/1992,354.3,355.3,353.8,354.5
2/20/1992,354.9,355.3,354.2,354.7
2/21/1992,352.9,353.5,351.5,352.5
2/24/1992,350.3,351.5,350.2,351.1
2/25/1992,351.9,352.4,350.5,350.6
2/26/1992,349.9,350.9,349.4,350.8
2/27/1992,352,356.6,351.8,355
2/28/1992,354.4,354.7,354,354.1
3/2/1992,351.3,352.6,351.1,352.5
3/3/1992,352.2,353,351.2,351.4
3/4/1992,351,351.8,350.3,351.6
3/5/1992,350.5,352.5,350.2,352.3
3/6/1992,352.4,352.5,349.2,350.3
3/9/1992,349.5,350.2,348.3,349.7
3/10/1992,349.4,350.3,348.8,349.8
3/11/1992,350,351.5,349.6,351.4
3/12/1992,349.4,349.8,347,348
3/13/1992,348,348.3,347.2,347.3
3/16/1992,345.9,346,342.1,343.9
3/17/1992,337.7,341,337.3,340.6
3/18/1992,341,341.7,338.7,338.8
3/19/1992,337.1,339.9,336.3,339.1
3/20/1992,338.4,339.8,338.2,338.5
3/23/1992,338.4,339.2,338.3,338.5
3/24/1992,338.5,339.9,338.2,339.8
3/25/1992,340.9,343.3,340.9,341.3
3/26/1992,340.7,341.6,340.5,341.1
3/27/1992,340.6,342.8,339.8,342.5
3/30/1992,345,345.5,343.6,343.8
3/31/1992,344,346.9,343.5,345.5
4/1/1992,346,346.9,344.5,344.6
4/2/1992,341.7,343.5,341.6,342.4
4/3/1992,342.6,343.4,341.8,342.7
4/6/1992,341.5,342,340.7,341.8
4/7/1992,340.3,341.3,339.2,340.1
4/8/1992,339.8,340.7,339,339.3
4/9/1992,340,341,339.6,340.9
4/10/1992,343,344.2,342.1,342.5
4/13/1992,342.9,343.2,340.4,340.6
4/14/1992,340.2,341.1,340.1,340.8
4/15/1992,340.8,341.4,336.2,337
4/16/1992,337.7,338.5,337.4,338.3
4/20/1992,338.6,339.1,336.9,337.7
4/21/1992,339.1,343,338.5,341.7
4/22/1992,339.2,340.1,339,339.8
4/23/1992,339.3,340.3,338.3,339.3
4/24/1992,337.3,338.1,336.7,337.5
4/27/1992,337.5,337.8,336.4,337.1
4/28/1992,338.3,338.5,336.7,337.2
4/29/1992,335.2,337.5,334.9,336.4
4/30/1992,337.1,338.1,337,337.9
5/1/1992,338.1,339.4,338,339.3
5/4/1992,338.3,338.5,337,337.6
5/5/1992,337.2,338.1,337,337.8
5/6/1992,337.5,337.9,337.3,337.5
5/7/1992,336.8,337.2,335.7,335.9
5/8/1992,335.4,338.2,335.3,336.3
5/11/1992,337.3,337.8,336.6,337
5/12/1992,336.2,336.4,335.1,335.8
5/13/1992,335.6,336.5,335.2,336.1
5/14/1992,337.3,338.9,337.1,338.4
5/15/1992,339,340.8,338.7,339.1
5/18/1992,339.3,340.1,339.1,339.3
5/19/1992,340.9,341.7,337.6,338.2
5/20/1992,338.3,338.5,337.3,338.4
5/21/1992,337.4,337.9,336.8,337.4
5/22/1992,337.6,338.5,337.5,338.1
5/26/1992,337.7,338.5,337.7,338.4
5/27/1992,339.1,339.4,338.1,338.2
5/28/1992,339.3,339.5,338.2,339
5/29/1992,339.1,339.8,338.1,338.4
6/1/1992,338.7,339.7,338.2,339.6
6/2/1992,340.4,341.5,340.3,341.2
6/3/1992,342.3,342.9,340.5,340.6
6/4/1992,340.5,341.2,340.3,340.6
6/5/1992,340.9,341.4,340.4,340.7
6/8/1992,340.8,341,340,340.1
6/9/1992,339.7,340.3,339.6,340.2
6/10/1992,340.1,340.8,339.5,339.8
6/11/1992,339.9,342.4,339.7,342.3
6/12/1992,343,345.8,341.3,344.7
6/15/1992,344.7,345.6,344.2,344.9
6/16/1992,343.9,344.5,343.5,344
6/17/1992,344.6,344.8,342.8,342.9
6/18/1992,342.7,345.2,342.6,344.2
6/19/1992,346.2,346.9,341.8,342.4
6/22/1992,344,345.5,343.7,345.2
6/23/1992,345.6,346.6,345.2,346
6/24/1992,345.4,345.5,343.5,344.3
6/25/1992,344.7,345.2,344,344.6
6/26/1992,344.9,345.5,343.5,343.9
6/29/1992,343.4,345.2,342.7,345.1
6/30/1992,345,345.2,344.2,344.4
7/1/1992,345.1,345.8,344.3,345.6
7/2/1992,346.9,349.7,346.7,347.6
7/6/1992,347.7,348.2,346.9,347.5
7/7/1992,346.1,347.2,345.8,347.1
7/8/1992,348.5,349.2,347.7,348.4
7/9/1992,348.3,349.5,347.8,349.4
7/10/1992,351,351.2,348.9,349
7/13/1992,349,349.9,349,349.8
7/14/1992,350.8,352,350,351.8
7/15/1992,351.9,354.8,351.4,354.7
7/16/1992,353.9,354.7,353,353.2
7/17/1992,353.4,360.1,353.2,358
7/20/1992,359.3,361.2,358.1,359.6
7/21/1992,358.5,359.1,357.4,358.1
7/22/1992,358,360.7,357.9,359.3
7/23/1992,360.9,361.2,358.5,358.9
7/24/1992,359.6,359.8,356.8,359.5
7/27/1992,358,358.7,357.7,358.1
7/28/1992,359.2,360,358,359
7/29/1992,358.1,358.5,355.5,356.5
7/30/1992,360.2,361,360.1,360.6
7/31/1992,361.3,362,360.9,361.4
8/3/1992,360.5,360.6,355.6,356.5
8/4/1992,356.3,356.9,355.7,356.5
8/5/1992,353.7,354.4,351.9,352.9
8/6/1992,352.6,353,351.4,352.7
8/7/1992,352.6,354.8,352.3,353.9
8/10/1992,354.3,354.4,353.4,354
8/11/1992,351.6,352.3,350.8,350.9
8/12/1992,349.3,351.3,340.5,342
8/13/1992,342,342.2,335,337.2
8/14/1992,338.1,338.8,337.4,337.8
8/17/1992,339.2,340.4,339.2,339.9
8/18/1992,338.9,339.3,337.6,338.7
8/19/1992,341.1,341.3,340.3,340.8
8/20/1992,339.4,340.6,339,340.2
8/21/1992,338.9,340.1,338.7,340
8/24/1992,344.2,345.3,343.6,344.3
8/25/1992,343.1,344.5,342.7,343.3
8/26/1992,342.3,343.4,340.5,340.9
8/27/1992,341.3,342,341.2,341.7
8/28/1992,342.6,343,341.9,342.4
8/31/1992,342.8,346.7,342.6,345.3
9/1/1992,345.5,345.7,342.8,343.4
9/2/1992,343.2,343.4,340.3,341.1
9/3/1992,341.4,344.6,340.9,343.4
9/4/1992,343.3,345.3,343,343.8
9/8/1992,344.1,344.8,344,344.6
9/9/1992,345.2,346.1,343.5,344.2
9/10/1992,344.1,344.6,343.8,344.2
9/11/1992,343.1,343.2,341.5,342.9
9/14/1992,346.4,351,345.9,348.8
9/15/1992,347.9,348.9,347.5,348.4
9/16/1992,349.8,352,349.7,351.7
9/17/1992,350.2,351.1,349.6,349.8
9/18/1992,350.1,354.5,348.9,353
9/21/1992,350.6,351.3,348.3,349.4
9/22/1992,348.2,352.9,348,350.7
9/23/1992,350.4,351.9,349.3,350.4
9/24/1992,350.2,351.1,349.4,351
9/25/1992,350.8,352.9,350.4,351.1
9/28/1992,350.9,351,349.2,349.4
9/29/1992,348.8,350.6,348.3,349.9
9/30/1992,350.6,351.3,349.3,349.4
10/1/1992,348.9,350.1,348.8,349.1
10/2/1992,349.4,350.5,348.6,349.6
10/5/1992,350.7,353.4,350.3,352
10/6/1992,351.7,351.8,350.9,351.4
10/7/1992,350.8,352.4,350.5,352.2
10/8/1992,351,352.2,350.7,351
10/9/1992,350.8,352.5,350.7,351.4
10/12/1992,346.9,347.8,345.8,346.1
10/13/1992,344.6,345,343.3,344.9
10/14/1992,344.6,345.1,343.5,343.7
10/15/1992,342.6,343.4,341.6,341.9
10/16/1992,342.6,343.8,342.4,343.2
10/19/1992,343.2,343.8,342.8,343.4
10/20/1992,343.6,345,343.5,344.6
10/21/1992,344.8,345.4,344.5,344.8
10/22/1992,343.9,344.2,343.2,343.7
10/23/1992,343.1,344.6,342.8,344.2
10/26/1992,341.7,342.4,341.2,341.7
10/27/1992,339.7,340,336.9,338
10/28/1992,338.9,340.3,338.4,340.1
10/29/1992,340,340.5,339.7,340.2
10/30/1992,339.8,340.4,339.4,340.1
11/2/1992,339.9,340.8,339.7,340.6
11/3/1992,339,339.4,337.4,338.2
11/4/1992,337.7,339.8,337.4,337.7
11/5/1992,338.2,340.2,336.5,336.8
11/6/1992,337.4,338,333.7,336.2
11/9/1992,335.7,335.8,332.2,333.1
11/10/1992,330.7,331.5,328.9,330.1
11/11/1992,331.6,333,331.1,332.1
11/12/1992,333,334.1,332.2,333.5
11/13/1992,334.1,337.5,333.8,335.4
11/16/1992,335.9,336,333.7,334
11/17/1992,333.8,334.6,333.5,334.4
11/18/1992,335.2,335.5,334.6,335.2
11/19/1992,333.9,335.5,333.7,335.4
11/20/1992,336,337,335,335.3
11/23/1992,334.2,334.4,333.8,334.4
11/24/1992,334.7,334.9,334.1,334.3
11/25/1992,334.8,335,332.8,333.5
11/27/1992,335.1,335.6,334.5,335.5
11/30/1992,335.4,335.7,334.9,335.5
12/1/1992,335.8,336.2,335.3,336.1
12/2/1992,336.5,337.7,336.4,336.9
12/3/1992,336.9,337,336.2,336.4
12/4/1992,336.6,337,336.2,336.6
12/7/1992,336.3,337.2,335.3,337
12/8/1992,336.1,336.7,335.8,336.3
12/9/1992,334.2,335,333.9,334.5
12/10/1992,334.6,335.2,334.2,335
12/11/1992,335.8,336.1,335.4,336
12/14/1992,336.3,336.4,335.4,335.4
12/15/1992,335.6,335.8,335.3,335.3
12/16/1992,336,339.3,335.9,338.7
12/17/1992,339.4,340.1,338.7,339.2
12/18/1992,338.3,338.6,337.2,337.7
12/21/1992,337.1,337.2,332.3,334.6
12/22/1992,334.1,334.3,332,332.8
12/23/1992,332.8,334,332.6,333.4
12/24/1992,333.3,333.5,333,333.4
12/28/1992,334.2,334.8,333.3,333.4
12/29/1992,332.9,333.1,332.3,332.8
12/30/1992,332.6,333.7,332.3,333.3
12/31/1992,333.3,333.5,333,333.1
1/4/1993,329.1,329.4,326.5,328.4
1/5/1993,329,329.5,328.5,329
1/6/1993,329.6,330.4,329.2,330.1
1/7/1993,329,329.7,328.4,329
1/8/1993,328.9,329.8,328.8,329.5
1/11/1993,328.8,328.9,326.9,327.8
1/12/1993,329,330.7,328.1,328.8
1/13/1993,327.3,328.5,326.3,327.6
1/14/1993,328.2,328.5,326.9,327.3
1/15/1993,327.3,328,326.9,327
1/18/1993,327,328.2,326.9,328
1/19/1993,328.8,329.4,328.4,328.6
1/20/1993,328.4,330.4,328.2,329.8
1/21/1993,329.8,330.3,328.9,329.3
1/22/1993,329.3,329.7,328.5,328.6
1/25/1993,328.5,329.1,328.2,328.8
1/26/1993,329.4,331.5,329.3,331.1
1/27/1993,330.6,331,329.8,329.9
1/28/1993,330.5,331.2,330.4,331.1
1/29/1993,332.6,333,330.6,330.7
2/1/1993,330.2,331.2,330.1,330.7
2/2/1993,330.1,331.1,330,330.6
2/3/1993,330.1,330.2,329.1,329.5
2/4/1993,328.9,329.3,328.5,329.2
2/5/1993,328.7,329.3,328.6,328.9
2/8/1993,328.3,329.4,328.3,329.1
2/9/1993,329.1,329.8,329,329.6
2/10/1993,330.4,333.8,330.3,333.7
2/11/1993,334.3,334.6,332.2,332.7
2/12/1993,331.7,331.8,328.8,330
2/16/1993,330.9,334.4,330.5,333.4
2/17/1993,332.7,332.9,330.8,331.5
2/18/1993,329.9,332.8,329.8,331.5
2/19/1993,332,332.5,330.8,331
2/22/1993,330.1,332,328.7,328.8
2/23/1993,330.4,331.9,330.2,331.6
2/24/1993,331.2,332.2,330.1,330.4
2/25/1993,330.8,331.4,330.3,330.6
2/26/1993,329.1,329.8,327.8,329.1
3/1/1993,329.5,329.8,329.1,329.3
3/2/1993,330,330.7,329.6,330.5
3/3/1993,330.5,330.9,329.5,329.7
3/4/1993,329.1,329.7,328.3,329.6
3/5/1993,330.7,331.3,330.2,330.4
3/8/1993,329.3,329.5,327,327.7
3/9/1993,327.6,328.2,326.6,327.2
3/10/1993,326.9,327.5,325.8,326.9
3/11/1993,327.2,328,326.8,327.6
3/12/1993,327.1,329,327,328.5
3/15/1993,328.8,330.5,328.5,329.8
3/16/1993,329.6,330,328.7,329.6
3/17/1993,329.4,330.1,329,329.7
3/18/1993,330,331.7,329.9,331.2
3/19/1993,332.1,332.9,331.7,332.3
3/22/1993,333.3,333.9,332.4,333.3
3/23/1993,332.2,332.8,332,332.3
3/24/1993,331.6,332.9,331,332.7
3/25/1993,333.3,333.8,332,332.8
3/26/1993,333,333.4,332.3,332.5
3/29/1993,331.4,332.5,331.2,332.2
3/30/1993,336.3,339.6,336,338.8
3/31/1993,341.4,341.7,338.4,339.3
4/1/1993,338.6,340.8,338.2,340.2
4/2/1993,342.2,343.7,340.8,342.3
4/5/1993,340.6,341.5,340,341
4/6/1993,340,340.8,338.7,339.3
4/7/1993,338.3,339.7,337.9,339.7
4/8/1993,340.4,340.8,337.3,338.9
4/12/1993,338.4,340.2,338,338.2
4/13/1993,338.1,339.1,337.9,338.8
4/14/1993,339.6,342.2,339.3,340.8
4/15/1993,340.5,340.9,336,338.3
4/16/1993,338.8,340.9,338.7,340.2
4/19/1993,341.9,342.2,340.7,341.5
4/20/1993,343.4,344.4,341,341.1
4/21/1993,340.3,340.9,339.8,340.7
4/22/1993,339.1,342,338.9,341.2
4/23/1993,343.1,348,342.6,347.5
4/26/1993,352.3,354.7,350.3,353.8
4/27/1993,353.7,354,351.7,352.1
4/28/1993,351.2,355.8,350.1,354.4
4/29/1993,356.6,358.5,355.6,357.4
4/30/1993,353,357.7,352.5,357.2
5/3/1993,358.8,360.1,355.2,355.3
5/4/1993,355.3,358.3,354.3,355.7
5/5/1993,357.5,358.9,354.6,355.5
5/6/1993,356.1,358.5,355.8,358.3
5/7/1993,359.1,360.6,356,357.4
5/10/1993,357.4,358.7,356.8,357.2
5/11/1993,356.2,358.3,356,357.3
5/12/1993,357.6,362.5,356.7,361.8
5/13/1993,368.5,373,367.3,369.3
5/14/1993,367.4,370.1,366.7,368.3
5/17/1993,369.2,370.5,367.5,368
5/18/1993,367.9,376.5,367,376
5/19/1993,382.5,383.5,373.5,374.2
5/20/1993,372.9,375.2,372.3,374.7
5/21/1993,373.9,378.6,372.8,377.9
5/24/1993,380.2,381.9,372,374.2
5/25/1993,373.4,379.2,373.2,378.7
5/26/1993,375.7,376.8,374.2,375.3
5/27/1993,378.3,382.5,374.1,381.4
5/28/1993,383.6,386.5,377.5,380.3
6/1/1993,379.7,380.1,367.5,371.3
6/2/1993,369.7,372.7,367.7,370.8
6/3/1993,374.2,377.5,373.5,376.2
6/4/1993,378.3,380.2,376.8,378.5
6/7/1993,375.4,376.8,373.6,375.7
6/8/1993,376.2,378.3,375.5,375.6
6/9/1993,372.3,374.5,371.7,373
6/10/1993,373,373.8,370,371
6/11/1993,371.6,373.5,364.5,367.5
6/14/1993,368,368,361.7,366.6
6/15/1993,366,371.3,364.7,370.8
6/16/1993,371.4,371.8,368.7,371.5
6/17/1993,371.3,373.9,369.7,372.2
6/18/1993,371.7,374,370,372.5
6/21/1993,370.7,372.7,370,371.1
6/22/1993,369.8,370.6,368,369.7
6/23/1993,368.2,375.9,367.5,375.5
6/24/1993,376.3,376.7,374.1,376.1
6/25/1993,376.2,379,375.8,378.1
6/28/1993,379.2,379.4,375,376.1
6/29/1993,376.1,379.8,375.4,379.5
6/30/1993,380,381,378.4,379.2
7/1/1993,378.9,389.1,378.1,388.2
7/2/1993,390,393.6,386,386.7
7/6/1993,393.3,394.5,391.1,393.1
7/7/1993,397.9,398.1,393.8,397.8
7/8/1993,395.7,397,394,395.6
7/9/1993,392,394.7,390.8,392.3
7/12/1993,394.2,395.5,393.5,394.9
7/13/1993,391.9,395.5,390.2,394.5
7/14/1993,396.6,396.8,388.5,391.4
7/15/1993,391.6,395.8,391.5,393.9
7/16/1993,394.7,394.9,391.5,392.9
7/19/1993,393.5,396.5,392.1,392.4
7/20/1993,392.3,393.8,391.1,392.2
7/21/1993,393.1,393.5,389.2,389.5
7/22/1993,388.1,391.5,387.6,391.3
7/23/1993,392.2,393,388.5,390
7/26/1993,390.6,394.4,390.2,393.1
7/27/1993,393.4,393.8,390.8,391.2
7/28/1993,391.7,395.6,391.6,393.4
7/29/1993,398.7,403,396.5,402.2
7/30/1993,407.5,411.7,405.5,411.3
8/2/1993,410.4,414,406.6,410.2
8/3/1993,408.8,409.3,406.7,407.6
8/4/1993,404.5,408,403.1,403.3
8/5/1993,395.9,400.8,375,380.7
8/6/1993,383.2,383.5,374.5,379.9
8/9/1993,384.8,387.2,383.5,386.8
8/10/1993,384.5,385,381.1,384.4
8/11/1993,384.8,385.8,377,378.7
8/12/1993,379.1,380.8,368.5,370.7
8/13/1993,372.7,373,369.3,372.6
8/16/1993,375.8,377.5,375.1,376.4
8/17/1993,374.7,375.7,373.7,374.9
8/18/1993,374.9,377.7,374.7,377.5
8/19/1993,376.3,377.1,373.9,374.4
8/20/1993,374.1,377.1,373.7,376.4
8/23/1993,375.3,377.3,374.6,375.5
8/24/1993,375.4,377,374.8,374.9
8/25/1993,374.8,376.1,373.2,375.5
8/26/1993,373.8,374.6,367,370.8
8/27/1993,372,373,370.8,372.1
8/30/1993,372.4,375.5,372.2,373.3
8/31/1993,373.4,375.9,373.3,375.7
9/1/1993,374.4,375,371,372.6
9/2/1993,371.6,372.4,364,366.3
9/3/1993,366.6,367.9,365,367.1
9/7/1993,365.7,366,352,352.5
9/8/1993,353.7,354.7,352.3,353.6
9/9/1993,354.4,357.5,354.3,356.5
9/10/1993,357.7,358.2,350,352.4
9/13/1993,348.2,349.6,343,344.8
9/14/1993,344.9,348,344.4,346.9
9/15/1993,347.8,351,346.8,349.6
9/16/1993,353.1,356,352,354.7
9/17/1993,355.9,357.5,352.3,352.8
9/20/1993,356,356.8,354.7,355.5
9/21/1993,355.5,365.5,354.6,365
9/22/1993,355.5,356.8,353,356
9/23/1993,356.7,361.5,356.1,360
9/24/1993,360.1,361,358.1,359.4
9/27/1993,359.1,359.4,354.3,355.7
9/28/1993,356.1,358.4,355.9,357.3
9/29/1993,356.2,356.8,352.2,354.7
9/30/1993,354.8,358.8,354.7,357.1
10/1/1993,356.4,357.5,355.7,356.9
10/4/1993,357.2,357.3,350,354.6
10/5/1993,355.8,356.1,354.2,354.8
10/6/1993,355.9,360,355.2,358.2
10/7/1993,360.4,360.8,358.3,358.5
10/8/1993,360.1,362.2,358.5,361.5
10/11/1993,362.3,363.7,361.2,361.7
10/12/1993,361.1,370,360.6,369.2
10/13/1993,367.6,368.9,367,367.6
10/14/1993,368.1,370.5,365.5,366.6
10/15/1993,366.4,367.2,365,366.2
10/18/1993,365.9,371.4,365.4,369.6
10/19/1993,370.1,370.8,365.8,370.3
10/20/1993,373.3,374.9,372.5,373.8
10/21/1993,373.6,376.7,371,372.8
10/22/1993,370.2,371.5,367.5,371.3
10/25/1993,372.4,373.2,368.7,370.5
10/26/1993,369.6,370.5,367.6,370.3
10/27/1993,370.6,373.7,369.5,370.7
10/28/1993,369.5,372.7,368.5,370.2
10/29/1993,370.6,371.8,368.8,369.6
11/1/1993,368.6,368.9,360.7,362.1
11/2/1993,363.1,364.7,361,363.6
11/3/1993,363.8,369,363.2,368
11/4/1993,371.2,374.5,371,372.4
11/5/1993,375.6,381.2,375.3,377.8
11/8/1993,379,379,374.9,375.5
11/9/1993,377,378.4,374.7,376.6
11/10/1993,376,379,373,377.4
11/11/1993,377.7,378.6,376.2,376.4
11/12/1993,377.6,378.5,373.3,373.6
11/15/1993,373.4,376,373.3,375.7
11/16/1993,376.2,376.8,374.4,374.6
11/17/1993,373.9,377.5,369.6,377.2
11/18/1993,376.9,379.2,376.2,376.7
11/19/1993,376.2,380.4,375.8,378.3
11/22/1993,379.4,379.9,377.1,378.5
11/23/1993,377.8,378.4,375.5,377.3
11/24/1993,376.2,377.7,375.2,377.2
11/29/1993,376.7,377.5,370.5,371.5
11/30/1993,372.3,373.2,371.3,371.9
12/1/1993,371.4,378.5,370.4,376.6
12/2/1993,376.2,377.4,374.9,375.6
12/3/1993,377.7,379.6,373.9,378.6
12/6/1993,378.8,379.1,377.5,377.8
12/7/1993,378.1,379.7,377.2,379.3
12/8/1993,380.7,386.7,380.3,385.7
12/9/1993,384.4,385.7,383.5,384.4
12/10/1993,385,386,383.5,384.9
12/13/1993,389.3,390.4,387.7,388.6
12/14/1993,389,389.4,386.8,388.6
12/15/1993,387.6,389.8,385.2,389
12/16/1993,388.3,389.6,386.5,387.5
12/17/1993,387.3,389.1,386.8,388.9
12/20/1993,391.1,392.2,390.6,390.8
12/21/1993,390.4,390.5,388.5,389.3
12/22/1993,387.3,388.2,386,387.2
12/23/1993,387,387.3,385.6,387
12/27/1993,388.1,389.4,387.7,389.1
12/28/1993,389.7,390,387.9,388.5
12/29/1993,386.6,392.5,384.8,391.8
12/30/1993,393.3,393.9,391,391.9
1/3/1994,391.9,395.5,391.4,394.7
1/4/1994,396.7,396.8,394.5,395.1
1/5/1994,395.5,397.8,390,392.1
1/6/1994,391.9,392,385,390.1
1/7/1994,392.2,393,387,387.2
1/10/1994,383,386.1,380,385.7
1/11/1994,385.4,388.8,383.7,388.7
1/12/1994,387.4,388,385,386.9
1/13/1994,385.8,391.2,385.6,390.6
1/14/1994,391.7,392.2,389.6,390.1
1/17/1994,393.8,393.9,392.1,392.2
1/18/1994,393.5,395.5,391.3,393.6
1/19/1994,393.8,394,391.3,392.7
1/20/1994,392.6,394.2,387,387.9
1/21/1994,385.2,386.8,381.5,381.7
1/24/1994,380.5,381.7,378,381.4
1/25/1994,382.4,383.2,381.4,381.6
1/26/1994,381.1,385,380.1,384.6
1/27/1994,384.3,384.9,377.2,377.4
1/28/1994,379.9,380.9,377.3,379
1/31/1994,380.3,384,377.5,383.6
2/1/1994,383.6,387.5,383,386.1
2/2/1994,387,388.4,385.8,386.5
2/3/1994,386.2,389.4,385.9,389.1
2/4/1994,390.1,392.3,386.5,388.3
2/7/1994,385.6,386.5,380.5,380.7
2/8/1994,381.8,384.1,381.2,384.1
2/9/1994,381.5,386,380.6,385.7
2/10/1994,383.7,386.4,381.3,383.7
2/11/1994,381.8,383.7,381.3,381.7
2/14/1994,383.6,385.8,383.5,385.6
2/15/1994,385.8,388.2,383,385.5
2/16/1994,385.1,385.9,384.6,385.3
2/17/1994,386.6,388.9,384,384.3
2/18/1994,383.2,383.4,377.7,381.6
2/22/1994,380.5,381.1,377.8,379.2
2/23/1994,378.6,380.5,375.7,378.9
2/24/1994,377.9,379.8,376.2,377.6
2/25/1994,379.1,381.1,378.6,379.8
2/28/1994,381.9,383.5,381.5,382.5
3/1/1994,381.8,383.6,378.8,379.4
3/2/1994,377.6,380,374,378.9
3/3/1994,379,379.3,376.9,378.3
3/4/1994,376.4,378.8,376,378.6
3/7/1994,378.2,378.7,376.7,376.9
3/8/1994,376.2,377.9,376,377.7
3/9/1994,376.6,381,375.8,380.1
3/10/1994,380.5,388.5,380.2,388.2
3/11/1994,388.9,389.9,385.7,386.1
3/14/1994,386.5,388.3,386.5,387.2
3/15/1994,387.5,388.5,386.6,387.6
3/16/1994,386.1,386.9,385.3,385.6
3/17/1994,383.6,384.4,382.7,383
3/18/1994,387,387.8,386.2,387.6
3/21/1994,387.8,388.6,386.1,386.3
3/22/1994,387.8,390.5,386.4,389.7
3/23/1994,388.6,389.7,387.3,387.4
3/24/1994,391.7,392.7,390.2,391.9
3/25/1994,391.9,392.2,388,391.2
3/28/1994,389.4,390.8,388,388.1
3/29/1994,386.8,388.1,385,386
3/30/1994,389.6,390.2,387.8,388.6
3/31/1994,390.5,396.5,390.5,394.3
4/4/1994,394.7,395.8,388,388.7
4/5/1994,388.7,389,385.8,386.7
4/6/1994,386.9,389.2,385.3,387.1
4/7/1994,387.1,387.9,385.4,386.1
4/8/1994,387.1,388.8,385.7,386.3
4/11/1994,386.1,386.3,379.5,379.9
4/12/1994,379.3,380.8,377.5,380.4
4/13/1994,380.8,381.3,378.5,380
4/14/1994,382.4,382.5,377.8,380.3
4/15/1994,378.6,379.5,378.3,379.4
4/18/1994,378.8,380.7,378.4,378.5
4/19/1994,376.4,376.8,372,373.2
4/20/1994,373.1,374.3,372.2,373.9
4/21/1994,374.4,375.3,373.6,374.7
4/22/1994,373.5,373.8,369.5,372.1
4/25/1994,372.1,375.3,372,374.9
4/26/1994,374,376.3,373.9,375.3
4/28/1994,374.3,377.2,374,376.8
4/29/1994,377.6,378.3,376.4,377.8
5/2/1994,377.7,378.6,375.7,377.4
5/3/1994,377,377.5,375.8,376.8
5/4/1994,375.6,378.1,374.8,377.7
5/5/1994,375,376,374.5,374.7
5/6/1994,373.4,387,373.1,384.5
5/9/1994,382.3,383.5,381.5,382.3
5/10/1994,382,382.5,379.3,379.8
5/11/1994,379.5,384.8,379.3,382.7
5/12/1994,381,382,378.4,380.8
5/13/1994,382.1,382.9,380.5,381.5
5/16/1994,381.3,384.5,379.6,383.7
5/17/1994,383.5,384.2,381.1,382
5/18/1994,380.4,384.9,379.5,382.5
5/19/1994,383.5,385.3,381.5,381.8
5/20/1994,382.4,386.5,382.3,386.3
5/23/1994,387.9,390.2,386.3,389.9
5/24/1994,388.8,389.1,385.5,387.3
5/25/1994,386.9,388.7,385.5,386.8
5/26/1994,385.5,386.3,382.5,383.9
5/27/1994,383.3,386.3,383.2,384.7
5/31/1994,388.2,391.4,388,390
6/1/1994,390.4,391,383.5,386.3
6/2/1994,386.3,387,384.9,386.8
6/3/1994,385.4,386.8,382.3,383.2
6/6/1994,382.8,383.5,380.4,382.9
6/7/1994,383.9,385.2,382.1,383.5
6/8/1994,384.8,385.3,383.4,384.1
6/9/1994,384.3,386.4,383.7,385.3
6/10/1994,385.5,386.3,384.6,385.8
6/13/1994,384,385.8,383.6,385.6
6/14/1994,386.7,387,385.8,386.4
6/15/1994,386,389.9,385.8,389
6/16/1994,389.1,389.7,386.9,387.5
6/17/1994,388.6,395,388.5,393.7
6/20/1994,395.2,395.4,390.5,390.9
6/21/1994,391.5,397.9,390.3,396.3
6/22/1994,395.3,395.5,390,391.4
6/23/1994,391.6,393.4,390.5,391.5
6/24/1994,392.5,394.4,390.5,392.9
6/27/1994,391.7,391.9,383.9,386.4
6/28/1994,387.6,388.8,387.1,387.9
6/29/1994,386.6,387.8,385.2,386.3
6/30/1994,386.9,390.5,386.8,387.3
7/1/1994,386.8,388.6,385.2,388.1
7/5/1994,389.3,389.9,386.3,386.9
7/6/1994,387,387.8,383.2,384.6
7/7/1994,384.4,385.8,383.3,385.7
7/8/1994,384,386.3,383.2,385.1
7/11/1994,385.9,390.3,385.4,388.1
7/12/1994,386.5,387.9,385.3,386.3
7/13/1994,384.4,386.3,383.8,384
7/14/1994,384.4,385.7,382,384.4
7/15/1994,385.4,386.5,384.7,386.4
7/18/1994,386.7,387.3,386.2,386.2
7/19/1994,384.4,387.4,383.8,387.1
7/20/1994,387.1,388.3,385.2,385.6
7/21/1994,385.5,387.1,384.2,384.3
7/22/1994,384.6,385.1,383.8,385
7/25/1994,384.9,385.5,384.7,384.9
7/26/1994,386.4,387.1,385,387.1
7/27/1994,387.3,389.5,386.8,387.7
7/28/1994,393.6,394.1,391,391.2
7/29/1994,390.7,391,388,389.2
8/1/1994,390.1,390.4,388.6,389.4
8/2/1994,388.6,389.1,383.6,384.4
8/3/1994,383.9,384.4,382.3,383.1
8/4/1994,381.8,383.8,380.5,383.1
8/5/1994,383.1,384.7,382.6,382.9
8/8/1994,382.6,383.1,381.9,382.3
8/9/1994,382.1,384.2,382.1,383
8/10/1994,383.6,384.2,382.6,382.6
8/11/1994,381.8,384.7,381.4,384
8/12/1994,383,384.3,380.2,381.5
8/15/1994,381,382.5,381,382.4
8/16/1994,381.7,383.1,380.3,382.9
8/17/1994,382.7,383.7,381.8,382.3
8/18/1994,382.8,387,382.8,385.9
8/19/1994,385.5,387.5,385.3,386.9
8/22/1994,386.6,388.1,385.9,386.7
8/23/1994,386.1,386.9,385.8,386.5
8/24/1994,387.1,390,386.7,388.6
8/25/1994,388.5,388.7,387.5,388.1
8/26/1994,388.3,388.6,387.2,388
8/29/1994,386,394,385.7,391.8
8/30/1994,391,391.7,390.3,390.8
8/31/1994,390.2,391.4,389.2,390.8
9/1/1994,390.5,391.4,389.9,391.3
9/2/1994,391.6,392.2,390.4,391.4
9/6/1994,391.8,392.5,391.5,392.2
9/7/1994,393.3,394.8,393,394.4
9/8/1994,394.4,396.3,393.9,394.6
9/9/1994,394.2,396.9,392.5,395.8
9/12/1994,395.5,395.9,394.6,394.9
9/13/1994,394.5,395.1,393,394.5
9/14/1994,394.6,395,392.3,392.9
9/15/1994,391,392.4,390.6,391.9
9/16/1994,392,395,392,393.6
9/19/1994,393.2,394.3,392.9,393.6
9/20/1994,396.2,399.1,395.5,397.2
9/21/1994,399,399.7,397.4,397.8
9/22/1994,397.1,399.2,396.9,399
9/23/1994,399.6,400.7,399.1,399.6
9/26/1994,398.5,400,397.7,397.8
9/27/1994,398.3,401.8,397.9,401.4
9/28/1994,400.5,401.9,397.6,397.9
9/29/1994,398,399.5,397.8,398.7
9/30/1994,398.4,398.7,396.3,397.6
10/3/1994,396.2,399.8,395.7,398.2
10/4/1994,395.5,396.2,394.3,395.7
10/5/1994,395.4,397.8,394.5,395.2
10/6/1994,394.7,395.2,393.6,395.1
10/7/1994,396.1,397.2,392,393.8
10/10/1994,394.5,395.2,393.1,393.4
10/11/1994,392.2,392.5,388,390.2
10/12/1994,390,391.1,390,390.6
10/13/1994,391.3,391.6,388.1,388.6
10/14/1994,389.5,390.5,389.2,390
10/17/1994,390.7,392.3,390.7,392.1
10/18/1994,392.1,392.9,391.1,391.3
10/19/1994,391.8,393.7,391.8,392.3
10/20/1994,392.7,394.5,392.5,393.3
10/21/1994,393.5,393.8,392.2,392.8
10/24/1994,391.5,392,390.6,391.4
10/25/1994,391.6,392.1,390.7,391.2
10/26/1994,390.5,391.3,389.2,391
10/27/1994,391.5,392,389.8,390.2
10/28/1994,389.5,390.6,388,388.7
10/31/1994,388.3,388.7,383.7,384.9
11/1/1994,384.7,386.5,384.3,385.7
11/2/1994,384.7,385.7,384.2,385.5
11/3/1994,385,385.4,384.2,384.4
11/4/1994,384.8,385.3,383.5,384.7
11/7/1994,383.8,384.2,383.1,383.3
11/8/1994,384.5,386.5,384.3,384.8
11/9/1994,384,385.8,383.8,384.5
11/10/1994,384.5,386.4,384.3,385.9
11/11/1994,385.8,386.8,385.5,385.7
11/14/1994,385.3,386.2,385.1,385.3
11/15/1994,387.3,387.9,386.8,387.4
11/16/1994,386,387.6,385.8,386.8
11/17/1994,386.9,387.7,385.8,385.9
11/18/1994,384.6,385.5,383.5,384.5
11/21/1994,383.8,384.2,382.4,383.6
11/22/1994,383.8,384.4,383.1,383.9
11/23/1994,384.7,385.5,384.5,384.7
11/28/1994,384.5,384.7,382.7,382.9
11/29/1994,387,387.5,386,386.1
11/30/1994,386.7,387,383.7,384.5
12/1/1994,383.7,384.3,380.6,382.3
12/2/1994,382,382.9,378.8,379
12/5/1994,379.7,380.2,377.8,379
12/6/1994,379.6,380,378.1,379.1
12/7/1994,380,380.5,378.1,379.2
12/8/1994,378.8,379.9,377.9,379.7
12/9/1994,378.2,380.1,377.7,379.9
12/12/1994,379.6,380.5,379.5,380.3
12/13/1994,381.3,382,380.2,380.3
12/14/1994,381,383.2,381,381.5
12/15/1994,381.8,382.8,381.2,382.7
12/16/1994,382.2,383.6,380.7,381.1
12/19/1994,381,382,380.8,381.7
12/20/1994,382.5,385.2,382.5,384.2
12/21/1994,384.3,384.6,383.1,383.8
12/22/1994,383.5,384.1,382.8,382.9
12/23/1994,382.9,383.3,382.1,382.3
12/27/1994,382.8,383.5,382.7,383.3
12/28/1994,383.6,385.9,383.4,385.3
12/29/1994,384.4,386.8,383.9,384.1
12/30/1994,383.9,384.6,383.7,384.4
1/3/1995,382.4,383.4,380.7,380.9
1/4/1995,379.2,379.9,375.2,375.3
1/5/1995,376,376.7,374.7,376.6
1/6/1995,376.5,377.1,372,372.2
1/9/1995,373.4,374.2,372.5,374
1/10/1995,375.2,375.9,374.2,375.1
1/11/1995,376,377.4,376,377.3
1/12/1995,378.2,382.7,378.1,381.4
1/13/1995,380.3,380.5,379.2,379.3
1/16/1995,377.6,378.4,377.6,378.3
1/17/1995,378.1,381.4,377.8,380.6
1/18/1995,384.2,384.9,382.5,382.6
1/19/1995,384.2,384.2,381.7,383.6
1/20/1995,383.5,385.6,383.1,385.4
1/23/1995,385.8,386,379.9,381.4
1/24/1995,381.4,382.2,380.8,381.8
1/25/1995,381.8,382.5,380.6,380.9
1/26/1995,380.7,382,380.7,381.7
1/27/1995,380.1,380.6,375,376.8
1/30/1995,379.1,379.8,378.3,379.4
1/31/1995,378.9,379,376.8,377.7
2/1/1995,378.7,379.7,378.5,378.7
2/2/1995,377.8,379.2,377.8,379.1
2/3/1995,379.3,379.4,377.7,378.8
2/6/1995,378.3,378.8,377,378.3
2/7/1995,377.8,378,377.1,377.3
2/8/1995,377.1,378.4,377,378.3
2/9/1995,378.5,379.8,378.3,378.8
2/10/1995,378.8,379.3,378.2,378.4
2/13/1995,377.9,378.3,376.4,377.9
2/14/1995,378.2,379,378,378.4
2/15/1995,379.2,379.9,378.4,378.6
2/16/1995,378.6,379.5,378.5,378.6
2/17/1995,378.3,381.7,378.3,380.6
2/21/1995,381.2,381.5,380.5,380.6
2/22/1995,381,382.4,380.8,381.5
2/23/1995,380.8,381.9,380.8,381
2/24/1995,381.5,381.8,376.3,378.2
2/27/1995,378.6,378.8,377,378
2/28/1995,377.3,378.7,377.1,378.3
3/1/1995,377.4,377.8,374.5,376.2
3/2/1995,375.9,379,375.8,378
3/3/1995,377.3,378.9,376.9,377.8
3/6/1995,378.5,380.8,378.3,380.2
3/7/1995,380.9,386.1,380.9,385.4
3/8/1995,384.2,384.4,380.3,380.9
3/9/1995,382,383.8,381.4,382.4
3/10/1995,383.1,383.8,381.8,383.1
3/13/1995,384.1,388.4,384.1,386.1
3/14/1995,386,386.8,385.4,386.7
3/15/1995,388.2,388.9,386.8,387.2
3/16/1995,385.1,385.8,383.7,385.6
3/17/1995,383.3,384.8,381.8,384.2
3/20/1995,382.7,384,382.4,383.5
3/21/1995,383.5,384.2,382.5,382.8
3/22/1995,381.8,383.7,381.6,383.5
3/23/1995,383.8,384.9,383.6,384.3
3/24/1995,384.2,384.5,382,382.7
3/27/1995,382.7,383.3,382,382.3
3/28/1995,383,383.5,382,383.2
3/29/1995,383.3,384.8,382.2,382.9
3/30/1995,384,391.3,384,388.6
3/31/1995,389.1,402,388.2,394.3
4/3/1995,395.2,397.2,394.3,394.9
4/4/1995,393.2,396,393.1,395.1
4/5/1995,396.6,398.2,394.2,397.2
4/6/1995,396.1,398,395.3,396.5
4/7/1995,395.5,397.2,393.5,395.7
4/10/1995,393.6,394.8,391.4,392.6
4/11/1995,392.2,394.3,391.9,393
4/12/1995,392.4,393.9,392.4,392.7
4/13/1995,391.5,392.8,391,392.4
4/17/1995,394.7,397.4,393.7,396.5
4/18/1995,396.9,398,395.1,397.8
4/19/1995,399.3,400.8,396.5,397.4
4/20/1995,395.2,397.5,394,394.7
4/21/1995,393.2,394.8,391.7,392.7
4/24/1995,393.3,394.4,392.8,393.1
4/25/1995,392.5,393.4,391.3,392.3
4/26/1995,391.3,392.5,387.5,388
4/27/1995,388.5,390,387.9,389.9
4/28/1995,391.7,392.4,387.3,388.5
5/1/1995,389.9,389.9,388.1,389.8
5/2/1995,391,391.7,389.1,390.6
5/3/1995,390.6,391.6,389.8,391.4
5/4/1995,392,393.9,391.4,393
5/5/1995,392.8,393.2,390.1,392.4
5/8/1995,392.5,392.5,390.8,390.9
5/9/1995,390.7,391.7,383,384.6
5/10/1995,384.4,385.4,383.2,384.5
5/11/1995,383.6,385.7,383.6,384.4
5/12/1995,385,386,383.3,384.3
5/15/1995,384.8,385.8,384.5,385.6
5/16/1995,384.7,385.9,384.4,385.5
5/17/1995,384,385.4,383.5,384.2
5/18/1995,383,384.7,382.7,384.2
5/19/1995,384.3,384.8,383,383.1
5/22/1995,381.5,383.7,381.5,382.8
5/23/1995,382.3,383.8,382.3,383.8
5/24/1995,383.8,385.2,383.6,384.7
5/25/1995,384.5,387.2,384.5,385.9
5/26/1995,386.1,388.8,386,386.6
5/30/1995,389.5,390.2,387.8,387.9
5/31/1995,387.8,388.4,386.5,387.6
6/1/1995,386.6,388.9,386.5,388.3
6/2/1995,388.1,388.8,386.8,387
6/5/1995,386.9,387.8,386.3,387.7
6/6/1995,387.5,388.4,387.2,387.8
6/7/1995,388.2,389.9,387.7,389.5
6/8/1995,389.2,389.7,388.1,389.5
6/9/1995,389.7,392,389.2,391.1
6/12/1995,390.6,391,389.7,390.2
6/13/1995,390.5,390.9,389.1,389.4
6/14/1995,390.1,392.3,389.4,390.6
6/15/1995,390.8,394.5,390.6,393.9
6/16/1995,393.9,395,392.4,392.7
6/19/1995,393.3,394.5,393.2,394.2
6/20/1995,393.6,394.2,392.8,393.4
6/21/1995,393.3,393.9,392.1,392.5
6/22/1995,392.2,392.9,390.8,391.9
6/23/1995,391.7,392.5,391.1,392.1
6/26/1995,391.2,392.2,390.4,391.8
6/27/1995,391.5,392,390.8,391
6/28/1995,391.3,391.6,388,388.8
6/29/1995,388.7,389.9,388.5,389.4
6/30/1995,388.8,389.2,384.2,385.6
7/5/1995,385.2,386,384,385.2
7/6/1995,385.5,385.7,384.6,385.2
7/7/1995,385.6,387.7,385.3,386.7
7/10/1995,386.7,387.3,386.5,386.6
7/11/1995,385.8,396.3,385.6,386.7
7/12/1995,386.8,391.8,386.6,390.2
7/13/1995,390.6,391.5,389.3,389.4
7/14/1995,389.1,390.6,388.8,389.6
7/17/1995,388.9,390.5,388.5,389.9
7/18/1995,390.3,390.8,389.1,390.1
7/19/1995,390.3,392.5,386,388.4
7/20/1995,388,388.8,386.2,386.3
7/21/1995,386.7,387.2,384.7,386.6
7/24/1995,386.8,387.6,386.2,387.3
7/25/1995,387.1,387.5,385.9,386.2
7/26/1995,385.7,386.7,385.7,386.5
7/27/1995,386.2,386.6,383,383.2
7/28/1995,389.2,389.5,388,389.3
7/31/1995,389.5,389.9,388,388.4
8/1/1995,388.2,389.3,387.3,388.9
8/2/1995,388.7,389.2,388.1,388.9
8/3/1995,389.4,390.3,388.7,390.3
8/4/1995,390.3,390.5,388.9,389.3
8/7/1995,389.2,390.3,389.2,389.6
8/8/1995,390,391,389.6,390.4
8/9/1995,390.6,391.2,390,390.3
8/10/1995,389.6,390.3,389.4,390
8/11/1995,389.3,389.8,388.8,389.3
8/14/1995,389,390.2,388.8,389.9
8/15/1995,390,393.5,389.8,390.9
8/16/1995,389.3,390.7,386,387.9
8/17/1995,389.6,391,387.5,389
8/18/1995,389.5,390.8,388.6,389.9
8/21/1995,390.8,396,389.1,389.7
8/22/1995,388.8,389.6,387.8,388.1
8/23/1995,388.5,388.6,387.1,388.4
8/24/1995,388.5,389.4,387.6,387.9
8/25/1995,387.5,388.2,387.2,387.8
8/28/1995,387.5,387.8,387.4,387.8
8/29/1995,387.5,387.8,386.9,386.9
8/30/1995,386.6,386.9,385.8,385.8
8/31/1995,386,387.6,385.4,386.9
9/1/1995,386.4,387,383.2,384.7
9/5/1995,384.1,384.2,383.1,384.1
9/6/1995,384.1,384.7,383.3,384.2
9/7/1995,385.1,386.8,384,386.7
9/8/1995,386.8,387.4,385.5,385.6
9/11/1995,386.2,386.8,385.8,386.6
9/12/1995,387.3,389.7,386.4,389.1
9/13/1995,389.5,390,387.9,388.2
9/14/1995,388.5,390,388.1,389.5
9/15/1995,389,389.7,388.3,389
9/18/1995,388.9,390.6,388.7,389.7
9/19/1995,389.5,389.8,388,389.3
9/20/1995,388.6,389.5,387.3,387.7
9/21/1995,386.7,389,386.3,388.1
9/22/1995,388.1,388.1,385.6,386.1
9/25/1995,385.7,386.7,385.2,386.3
9/26/1995,386.7,387.4,386.1,386.9
9/27/1995,386.7,387.5,386.1,386.5
9/28/1995,386.6,387.4,386.2,386.4
9/29/1995,386.3,387.1,386.3,386.5
10/2/1995,385.9,386.8,384.7,384.8
10/3/1995,384.8,385.5,384.8,385.2
10/4/1995,385.9,386.2,385,385.6
10/5/1995,385.8,386.3,385.1,385.1
10/6/1995,385.4,386.5,385.1,386.1
10/9/1995,387.3,388,386.2,387.8
10/10/1995,387.6,388.7,387.3,387.6
10/11/1995,387.4,387.7,387.1,387.4
10/12/1995,387.4,387.4,387,387
10/13/1995,386.6,387,386,386.4
10/16/1995,386.4,386.7,386,386.1
10/17/1995,385.8,386.3,385.4,386
10/18/1995,386.1,386.3,385.7,385.9
10/19/1995,385.3,386.1,382.6,383.8
10/20/1995,383.4,384.3,383.4,384.1
10/23/1995,384.7,384.7,384,384.2
10/24/1995,384.2,384.5,383.8,384.2
10/25/1995,384.3,385.2,384.1,384.5
10/26/1995,384.5,384.9,384.1,384.3
10/27/1995,384.1,384.7,383.1,383.9
10/30/1995,383.7,384.1,383.5,383.8
10/31/1995,384,384.3,383.9,384.3
11/1/1995,384.1,384.3,383.5,383.8
11/2/1995,383.6,384.3,383.4,384.2
11/3/1995,384.4,384.6,383.6,383.7
11/6/1995,383.5,383.9,383.2,383.7
11/7/1995,383.6,387,383.6,386.6
11/8/1995,386.6,386.8,386,386.2
11/9/1995,386.2,387.8,385.6,387.4
11/10/1995,387.9,391.5,387,390.5
11/13/1995,390.5,390.7,387.2,388.1
11/14/1995,387.4,388.4,384.5,386.5
11/15/1995,386.5,387.6,385.5,385.6
11/16/1995,385.2,386.5,385.2,386.2
11/17/1995,387.1,387.7,386.2,387.5
11/20/1995,386.9,387.5,386.5,387.1
11/21/1995,387.5,387.8,385.3,385.4
11/22/1995,385.6,386,381.5,382.1
11/27/1995,384.6,385.6,382.9,384.9
11/28/1995,387.5,390.5,385.1,387.9
11/29/1995,388.5,390.4,388.3,389.2
11/30/1995,388.4,389.3,388,388.6
12/1/1995,387.6,388.8,387,387.4
12/4/1995,387.1,388,386.8,387.3
12/5/1995,387.5,389.1,387.2,388.7
12/6/1995,389.3,391.5,388.7,390.3
12/7/1995,390.1,392.4,389.1,390.5
12/8/1995,390.6,391.8,390.3,391.4
12/11/1995,391.4,392.3,389.7,390
12/12/1995,390.1,390.2,389.7,389.8
12/13/1995,389.1,390.1,387.5,387.9
12/14/1995,387.9,388.1,387.3,387.3
12/15/1995,387.7,387.8,386.7,387.6
12/18/1995,388,388.9,387.4,388.6
12/19/1995,389.4,389.7,388.3,388.4
12/20/1995,388,389.9,388,389.6
12/21/1995,389.7,390,388.1,388.7
12/22/1995,388.7,388.7,387.8,388.2
12/26/1995,388.5,388.8,388.5,388.6
12/27/1995,388.3,388.7,387.5,387.7
12/28/1995,387.4,388.1,387.3,387.8
12/29/1995,387.6,388.3,386.7,388.1
1/2/1996,392,392,388,391.9
1/3/1996,392,396.3,391.6,396.2
1/4/1996,396,396,394.1,395.4
1/5/1996,397.8,399.2,395.5,396.5
1/8/1996,396.4,397.7,396.4,396.5
1/9/1996,397.8,398.4,394.8,396.9
1/10/1996,397.8,403,396.8,400.2
1/11/1996,400.5,401.5,398.8,399.3
1/12/1996,400.2,400.9,396.2,396.7
1/15/1996,394.4,397.2,393.8,396.1
1/16/1996,397.3,398.9,396.3,398.8
1/17/1996,399.5,400.3,397.1,400
1/18/1996,397.6,400.8,397.1,397.6
1/19/1996,396.8,401.3,396.3,399.9
1/22/1996,402,403.7,399.9,403.5
1/23/1996,403.5,405.3,402.6,403.6
1/24/1996,403.8,404.5,401.5,403.5
1/25/1996,402.7,408.4,402.6,406.7
1/26/1996,406.8,409.5,405.2,405.8
1/29/1996,405.7,406.7,404.2,405.8
1/30/1996,408.8,410.4,405.8,407
1/31/1996,406.5,408.8,406.1,408.5
2/1/1996,409.2,414,409.1,413.7
2/2/1996,415.6,419.6,415.6,417.7
2/5/1996,418,418,415.6,415.9
2/6/1996,415.2,415.3,412.5,414.6
2/7/1996,414.6,417.6,409.5,411.4
2/8/1996,410.9,412,409.3,411.5
2/9/1996,411.6,411.6,406.5,407.8
2/12/1996,407.9,407.9,402.1,403.3
2/13/1996,404.6,406,402.7,405.1
2/14/1996,406,406.8,404.3,406.5
2/15/1996,407.2,407.5,404.7,405.7
2/16/1996,405.5,409.2,405.5,407.5
2/20/1996,407.2,407.2,399.2,401.1
2/21/1996,401.3,404.2,397.5,404
2/22/1996,403.9,403.9,400.9,401.5
2/23/1996,400.8,400.8,398.1,399.9
2/26/1996,402,402,400,400.6
2/27/1996,400.8,401.7,398.7,399.6
2/28/1996,399.9,402.4,398.3,402.1
2/29/1996,402.1,403.6,401.1,401.2
3/1/1996,401.1,401.8,399,400.2
3/4/1996,400,400,393.8,395.2
3/5/1996,395,395.4,393.6,394.6
3/6/1996,394.6,395.3,393.6,394.4
3/7/1996,394.6,396.7,392.3,396.4
3/8/1996,396.7,399.7,395.1,398.2
3/11/1996,397.7,397.7,396.2,396.7
3/12/1996,396.8,398.4,396.8,397.5
3/13/1996,397.3,398.7,397.3,397.7
3/14/1996,397.6,397.6,396.2,396.5
3/15/1996,396.6,397.5,395.9,396.9
3/18/1996,396.4,396.4,394.6,396.3
3/19/1996,396.4,396.4,395.6,396
3/20/1996,396,396.8,395.2,396.5
3/21/1996,396.5,399.2,395.6,398.7
3/22/1996,398.6,399.5,397.6,398.9
3/25/1996,399,399.2,398.3,399
3/26/1996,399.7,401.8,399.7,400.5
3/27/1996,400.8,401.2,399.9,400.4
3/28/1996,401.2,402.5,399.4,399.7
3/29/1996,399.3,400.3,396.9,398.4
4/1/1996,398.1,398.1,396.9,397.7
4/2/1996,397.7,397.7,395.7,396.6
4/3/1996,396.5,398.3,396.3,396.8
4/4/1996,396.8,397.8,395.7,397.6
4/8/1996,397.8,401,397.1,400.7
4/9/1996,400.4,400.4,396.2,397.1
4/10/1996,396.7,397.9,396.2,397.5
4/11/1996,398,399.2,396.3,398.3
4/12/1996,398.1,398.1,396.1,397.1
4/15/1996,395.9,395.9,394.7,395.5
4/16/1996,392.5,396.3,392.5,393.5
4/17/1996,393.6,393.8,392.7,393
4/18/1996,393.3,394,391.8,392.4
4/19/1996,392.9,393.3,391.5,392.7
4/22/1996,392.7,394.1,392.7,393.6
4/23/1996,393.6,394.5,393.3,393.4
4/24/1996,393.5,393.6,392.4,392.7
4/25/1996,393.2,396.8,393.2,395.3
4/26/1996,395.6,395.6,391.6,392.2
4/29/1996,392.2,393.1,392,392.4
4/30/1996,392.6,394,392.5,393.5
5/1/1996,393.5,396.2,393,394.9
5/2/1996,394.9,395.8,393.6,395.7
5/3/1996,395.7,396.8,393.8,394.1
5/6/1996,394.5,396,394.4,395.7
5/7/1996,395.8,395.8,394.8,395.8
5/8/1996,396,398,394.4,394.8
5/9/1996,394.7,395.4,393.9,394.5
5/10/1996,394.6,395.1,391.8,392
5/13/1996,392.2,393.1,392.2,392.7
5/14/1996,393.1,393.7,391.5,392.9
5/15/1996,392.9,393.9,392.9,393.5
5/16/1996,393.1,393.6,392.4,393.5
5/17/1996,393.1,393.7,392.3,393
5/20/1996,393.1,393.3,391.1,391.3
5/21/1996,391.4,392.4,389.8,391.4
5/22/1996,391.5,392.2,391.1,392
5/23/1996,391.3,392,391.3,391.8
5/24/1996,391.4,391.4,390.6,390.9
5/28/1996,390.6,392.6,390.6,391.6
5/29/1996,391.7,392.2,391,391.2
5/30/1996,394.2,394.9,393.5,394
5/31/1996,393.7,395.5,393.1,394.4
6/3/1996,394.3,394.3,393.5,393.6
6/4/1996,393.2,393.9,390.2,390.8
6/5/1996,390.9,390.9,388.8,388.9
6/6/1996,388.6,388.6,386.2,388.4
6/7/1996,388.2,389.8,387.4,387.6
6/10/1996,387.8,388.6,387.8,388.5
6/11/1996,387.9,387.9,385.1,386.9
6/12/1996,386.9,387.7,386.5,386.8
6/13/1996,386.3,387.3,386.3,386.5
6/14/1996,386.5,387.6,383,387.1
6/17/1996,386.9,387.6,386.3,387.3
6/18/1996,387.4,388.1,386.6,387.7
6/19/1996,387.8,388.7,386.4,386.5
6/20/1996,386.5,386.6,385.9,386.3
6/21/1996,386.1,386.9,384.6,386.8
6/24/1996,386.8,387,385.5,386.7
6/25/1996,387,387.4,385.5,385.6
6/26/1996,385.6,386,384.6,384.7
6/27/1996,384.7,385.2,383.4,383.6
6/28/1996,383.6,384,381.5,381.6
7/1/1996,382.3,384,382.3,382.7
7/2/1996,382.9,383.5,382.5,383.3
7/3/1996,383.4,383.9,382.4,382.5
7/8/1996,383.5,384.4,381.5,382.1
7/9/1996,383.3,385,383.3,383.5
7/10/1996,383.7,385.4,383,383.4
7/11/1996,383.5,385.2,383.4,384.6
7/12/1996,384.8,385.3,383.7,384.4
7/15/1996,384,385.8,383.6,385.7
7/16/1996,385.8,387,384,384.2
7/17/1996,384.6,384.8,383.6,384.2
7/18/1996,384.2,385.3,384.2,384.6
7/19/1996,384.6,386,384.6,385.3
7/22/1996,385.4,386.6,385,385.5
7/23/1996,385.5,386.6,384.2,385.5
7/24/1996,385.5,386.5,385,386.3
7/25/1996,386.1,386.6,385.4,385.7
7/26/1996,385.6,386.5,385.3,385.7
7/29/1996,385.7,385.7,384.6,385
7/30/1996,390.2,391.2,390.2,390.3
7/31/1996,391,393.3,391,393.1
8/1/1996,392.9,392.9,391.8,392.1
8/2/1996,392.4,393.6,392,393.2
8/5/1996,394.2,396.2,394.2,395
8/6/1996,394.8,394.8,393.9,394.4
8/7/1996,394.4,394.4,393.7,394.1
8/8/1996,394.2,394.4,393.4,394.4
8/9/1996,394.2,394.7,392.9,393.3
8/12/1996,393.5,394,392.8,393.4
8/13/1996,393.2,393.5,392.9,393.2
8/14/1996,392.7,392.7,391.2,391.7
8/15/1996,391.6,392.5,391.1,391.7
8/16/1996,391.7,391.7,390.9,391.4
8/19/1996,392.4,392.7,391.2,392.4
8/20/1996,392.7,393,392.2,392.9
8/21/1996,392.8,392.8,391.7,391.8
8/22/1996,391.8,393.4,391.7,392.5
8/23/1996,392.6,393.7,392.1,393.2
8/26/1996,393.3,394.6,393.3,394.5
8/27/1996,394.4,394.4,393.6,394
8/28/1996,394,394,392.9,393
8/29/1996,393,393.1,391.7,392.4
8/30/1996,392.1,392.1,390,391.3
9/3/1996,391.5,391.5,390.4,390.5
9/4/1996,390.4,390.4,389.4,389.7
9/5/1996,389.8,390.4,389.3,389.6
9/6/1996,389.5,389.9,388.6,388.8
9/9/1996,389,389.1,385.8,387.2
9/10/1996,387.1,387.1,386,386.8
9/11/1996,386.8,387.7,386.2,386.6
9/12/1996,386.2,386.2,384.6,385.8
9/13/1996,386,386.7,385.5,385.6
9/16/1996,385.7,386.4,385.6,386.3
9/17/1996,386.4,387,386,386.1
9/18/1996,386.6,386.6,385.5,386.3
9/19/1996,386.3,386.6,385.4,385.6
9/20/1996,385.5,385.8,383.3,383.9
9/23/1996,384,384.7,383.8,384.4
9/24/1996,384.8,385.8,384.8,385.7
9/25/1996,385.9,385.9,385,385.3
9/26/1996,384.6,384.6,382.6,383.6
9/27/1996,383.3,383.7,381.9,382.8
9/30/1996,381.9,381.9,380.1,380.5
10/1/1996,380.8,381.5,379.8,381
10/2/1996,381.6,383.3,381.6,382.3
10/3/1996,382.5,382.8,381,382.7
10/4/1996,382.7,383.5,382.3,382.6
10/7/1996,382.3,383.8,382.2,382.6
10/8/1996,382.9,384.3,382.9,383.4
10/9/1996,383.3,384.4,382.6,383.5
10/10/1996,383.7,385.3,383.6,384.5
10/11/1996,383.9,383.9,382.8,383.4
10/14/1996,383.3,384.1,383.1,383.8
10/15/1996,383.6,383.6,383,383.3
10/16/1996,384,384.3,382.8,383
10/17/1996,382.9,382.9,382.1,382.6
10/18/1996,382.3,382.3,381.6,382.1
10/21/1996,382.2,384,381.8,383.9
10/22/1996,384.4,386.5,384.4,386.1
10/23/1996,386,386.3,385.4,385.9
10/24/1996,385.7,385.7,384.5,384.9
10/25/1996,384.7,384.9,384,384.6
10/28/1996,384.5,384.9,384.4,384.6
10/29/1996,383.9,383.9,381.5,381.6
10/30/1996,381.6,381.9,380.6,381.3
10/31/1996,380.8,381.3,378.5,379.1
11/1/1996,378.8,379.5,377.8,379.2
11/4/1996,379.3,379.9,379.3,379.6
11/5/1996,379.6,380.5,379.4,379.6
11/6/1996,379.5,379.5,378.3,378.7
11/7/1996,378.7,382,378.7,379.6
11/8/1996,379.6,380.5,378.3,380.5
11/11/1996,380.9,382.8,380.4,382.8
11/12/1996,382.8,383.8,382.3,383.4
11/13/1996,383.6,385.8,382.8,384.2
11/14/1996,384,384.4,381.4,381.8
11/15/1996,382,382.1,379.8,381.1
11/18/1996,380.3,380.3,379.4,379.7
11/19/1996,379.9,379.9,378.2,378.4
11/20/1996,378.7,380.4,378.5,379
11/21/1996,378.8,379,375.8,376.5
11/22/1996,376.6,377.6,376.3,376.3
11/25/1996,376.5,376.5,373.4,374.5
11/26/1996,374.5,374.9,373.2,374.7
11/27/1996,374.5,375.3,372.5,373
12/2/1996,373.9,373.9,370.7,370.9
12/3/1996,370.8,371.2,367.7,370.4
12/4/1996,370.5,373.5,370,372.5
12/5/1996,372.7,374.4,369.5,373
12/6/1996,372.8,376.1,370,370.8
12/9/1996,370.6,371.1,369.6,369.7
12/10/1996,369.7,371.3,369.4,370.5
12/11/1996,370.7,372,369.5,370.6
12/12/1996,370.7,371.1,369.7,370.8
12/13/1996,370.8,371.9,370.2,370.4
12/16/1996,370,370.5,369.1,369.9
12/17/1996,370.2,371.8,369,370.5
12/18/1996,370.4,371.6,370.4,371.3
12/19/1996,371.3,371.7,370.7,371.1
12/20/1996,370.7,371.4,370.2,370.5
12/23/1996,370.4,371.1,370.4,370.6
12/24/1996,370.7,370.8,370.3,370.6
12/26/1996,370.8,371.4,370.8,371.1
12/27/1996,371,371.7,370.8,371.1
12/30/1996,371.2,371.7,371,371.2
12/31/1996,371.3,371.5,368.5,369.2
1/2/1997,369.2,369.4,366.5,366.6
1/3/1997,366.5,366.7,361.8,362
1/6/1997,362.4,362.5,357.6,358.7
1/7/1997,358.8,360.7,358.8,359.7
1/8/1997,359.9,359.9,355.3,356.8
1/9/1997,356.8,359.2,355,358.8
1/10/1997,359.1,360.6,358.4,360.2
1/13/1997,360,361.7,359.1,359.7
1/14/1997,359.6,359.6,354,354.7
1/15/1997,354.8,356.5,352.6,353.2
1/16/1997,353.3,356.5,353.1,355
1/17/1997,355.4,357.1,355,356.4
1/20/1997,356.1,356.4,353.4,354.6
1/21/1997,354.6,356.3,352.7,353.8
1/22/1997,353.8,353.9,349.8,351.7
1/23/1997,351.8,352.8,347.3,352.5
1/24/1997,352.8,355.3,352.8,353.4
1/27/1997,353.5,357.8,353.2,357.3
1/28/1997,357.4,358.2,353.2,354
1/29/1997,354,354,351,351.8
1/30/1997,353,353,347.3,347.5
1/31/1997,347.7,348.7,345.4,346
2/3/1997,346.3,348.8,345.6,348.5
2/4/1997,348.6,349.2,346.1,346.4
2/5/1997,346.2,346.7,344.3,346.4
2/6/1997,346.4,347.1,344,345.1
2/7/1997,344.5,345.1,339.4,344
2/10/1997,343.9,345.1,342.4,343.1
2/11/1997,342.9,343.4,340.3,341.9
2/12/1997,341.6,348,338.5,345.4
2/13/1997,345,346.1,342.8,343
2/14/1997,343,348.6,342.7,346.7
2/18/1997,346.2,349.5,346,347.7
2/19/1997,347.7,349.1,347.3,347.6
2/20/1997,347.3,354,346.5,352.6
2/21/1997,352.5,356.8,352.5,354.1
2/24/1997,354,357.2,353.8,355.2
2/25/1997,355.2,357.1,353.9,356.1
2/26/1997,356,358.7,354.5,356
2/27/1997,355.9,364.5,355.7,361
2/28/1997,361.1,365.5,359.8,365.1
3/3/1997,365.1,366,363.5,363.8
3/4/1997,363.7,364.5,360.1,360.5
3/5/1997,360.5,360.6,352.5,354.4
3/6/1997,354.5,355.3,353,353.6
3/7/1997,353.5,354.4,349.1,349.9
3/10/1997,350.3,353.3,350.3,353.1
3/11/1997,353.3,355.5,351.6,355.1
3/12/1997,355.2,355.4,351.9,353.2
3/13/1997,353.3,355.3,352.2,354.5
3/14/1997,354.6,355.5,352.5,353
3/17/1997,352.6,353.3,348,348.3
3/18/1997,348.3,351.1,346.3,350.4
3/19/1997,350.4,354.5,349,352.9
3/20/1997,352.9,354.4,351.2,352.2
3/21/1997,352.2,354.8,351.3,353.5
3/24/1997,353.3,353.3,349.4,350.9
3/25/1997,350.8,352.5,347.8,348.2
3/26/1997,348.2,352,346.4,351.5
3/27/1997,351.5,351.5,348.5,350.2
3/31/1997,352.8,356,351,354
4/1/1997,354.3,355,352.2,354.7
4/2/1997,354.7,355.1,351.7,352.1
4/3/1997,351.8,352.5,350,351.4
4/4/1997,351.1,352.1,349.5,351.7
4/7/1997,351.4,352.3,349.4,351.1
4/8/1997,350.9,352.3,350.5,351.2
4/9/1997,351,351.5,349.9,350.4
4/10/1997,350.5,351.1,350,350.9
4/11/1997,351,351.5,348,349.3
4/14/1997,349.5,349.8,348.5,348.7
4/15/1997,348.4,348.4,342.3,343.9
4/16/1997,344.2,344.3,339.5,343.3
4/17/1997,343.3,346.2,342.1,344.3
4/18/1997,344.4,345.2,343,343.4
4/21/1997,343.3,345.1,342.9,344.9
4/22/1997,345,345.1,342.9,343.4
4/23/1997,343.4,343.5,342.3,343.3
4/24/1997,343.3,344,342,342.7
4/25/1997,342.5,345,342.4,343.9
4/28/1997,343.6,343.7,340.5,341.4
4/29/1997,341.2,342.2,340.8,341.6
4/30/1997,341.6,343.2,340.8,341.2
5/1/1997,341.1,342.9,340.4,341.7
5/2/1997,341.7,342,340.9,341.6
5/5/1997,342,344.8,341.4,344.3
5/6/1997,344.4,345.5,340.5,341.5
5/7/1997,341.5,343,341.4,342.4
5/8/1997,342.5,346.6,342.4,344.8
5/9/1997,345,349.5,344.6,349.3
5/12/1997,349.5,352.2,348.2,348.7
5/13/1997,348.6,350.9,348,350.5
5/14/1997,350.5,350.7,347.6,348.2
5/15/1997,348.5,349.8,346.7,348.4
5/16/1997,348.4,348.8,344.3,344.9
5/19/1997,344.8,345.3,340.7,342.2
5/20/1997,342.3,344.2,341.3,343.4
5/21/1997,343.9,344,342.2,343.7
5/22/1997,344.2,344.2,342.7,343.2
5/23/1997,343.3,344.3,341.8,343.1
5/27/1997,343.4,345.3,343.1,344.7
5/28/1997,344.7,345.8,343.1,345.3
5/29/1997,347.4,349.2,346.5,348.6
5/30/1997,348.6,350.4,346.7,347.5
6/2/1997,347.3,347.4,346.2,346.5
6/3/1997,346.5,347.1,345,345.7
6/4/1997,345.8,346.3,343.4,343.6
6/5/1997,343.5,345.7,341.5,345.6
6/6/1997,345.6,347.6,345.5,345.7
6/9/1997,345.8,347.3,345.5,346.3
6/10/1997,346.4,346.7,345.4,346.1
6/11/1997,346.3,346.5,345.5,346
6/12/1997,345.9,346,343.4,343.6
6/13/1997,343.4,344.4,342.8,343.1
6/16/1997,343.1,345,342.9,344.8
6/17/1997,344.8,344.8,343.3,343.7
6/18/1997,343.7,344.4,340.6,341
6/19/1997,341,342.8,340.2,342.4
6/20/1997,342.3,342.7,339.1,339.4
6/23/1997,339.1,341.4,338.5,341.1
6/24/1997,341.2,343.2,339.4,339.5
6/25/1997,339.1,341.2,338.7,339
6/26/1997,339.2,340.9,338.1,339.8
6/27/1997,339.9,340.1,335.2,335.9
6/30/1997,335.9,336.7,334.6,335.3
7/1/1997,334.9,335.8,334.6,335.1
7/2/1997,334.9,335.5,332.1,332.3
7/3/1997,332.5,334.1,324,325.2
7/7/1997,325.2,325.8,314.6,319
7/8/1997,318.7,323.4,318.1,321
7/9/1997,320.9,321.3,316.2,318.9
7/10/1997,319.2,322.2,319,320.8
7/11/1997,320.7,323.1,319.6,322.2
7/14/1997,322.1,323.4,320,320.8
7/15/1997,320.7,322.2,318.7,319
7/16/1997,319,322,317.6,318.7
7/17/1997,318.5,325,318.4,324.7
7/18/1997,324.1,330.9,323.2,329.6
7/21/1997,329.8,329.8,325.9,326.2
7/22/1997,326.2,330.2,325.4,326
7/23/1997,326,326.1,323.7,323.8
7/24/1997,323.8,329.7,321.2,323.8
7/25/1997,323.7,328,323.5,326.5
7/28/1997,326.5,330,325.6,329.5
7/29/1997,329,329.4,325.1,325.8
7/30/1997,330.1,332.8,329.7,330.6
7/31/1997,331,331.8,328,328.6
8/1/1997,328.9,330.1,327.3,328.9
8/4/1997,328.5,329.5,327.6,328.1
8/5/1997,328.1,328.2,321,324.6
8/6/1997,324.5,324.8,321.5,322.5
8/7/1997,322.5,327,322.1,325.8
8/8/1997,325.5,332,325,330.4
8/11/1997,330.8,333.4,330.3,332.5
8/12/1997,332.5,332.5,328.7,330.8
8/13/1997,331.5,333.2,329.7,330.7
8/14/1997,330.5,331.4,326.6,328
8/15/1997,327.7,329.8,327,329.5
8/18/1997,330.4,330.9,324.5,324.7
8/19/1997,324.8,327.2,324.8,326.5
8/20/1997,326.1,326.5,323.9,324.7
8/21/1997,324.9,327.9,324.4,326.6
8/22/1997,326.6,331.8,325,329.7
8/25/1997,328.6,328.8,327,328
8/26/1997,328,330.7,327.2,329
8/27/1997,329,329.6,327.3,328.8
8/28/1997,328.8,330.4,326.8,327.1
8/29/1997,327,328.9,326.9,327.4
9/2/1997,327,328.4,325,325.8
9/3/1997,325.4,325.9,324,325
9/4/1997,325.1,325.3,323.6,324.3
9/5/1997,324.8,325.6,323.8,325.4
9/8/1997,325.4,325.4,323,324.6
9/9/1997,324.6,324.9,323.6,324.1
9/10/1997,324.1,324.5,323.2,324.1
9/11/1997,324.4,329,323.2,326.6
9/12/1997,326.5,327.2,325,326.2
9/15/1997,326.2,326.2,323.4,324.7
9/16/1997,324.7,324.7,321,322.8
9/17/1997,324.2,324.2,321.6,322.2
9/18/1997,322.2,323.7,322.1,322.7
9/19/1997,323,325.2,322.5,323
9/22/1997,322.9,323.6,322.2,323.1
9/23/1997,323,324.4,322.6,324.2
9/24/1997,324.2,326.4,324,325.9
9/25/1997,325.8,330.2,325.4,329.5
9/26/1997,329.4,329.5,327.6,329
9/29/1997,329,331.8,328.3,330.4
9/30/1997,330.4,337.9,330,336.9
10/1/1997,336.6,342.1,336,336.1
10/2/1997,336,336.3,332.6,333.5
10/3/1997,333.5,337.2,332.7,336.9
10/6/1997,336.4,336.9,334.1,334.6
10/7/1997,334.6,334.9,332.8,333.3
10/8/1997,333.4,336,332.6,335.3
10/9/1997,335.3,336.7,327,329.2
10/10/1997,329.3,331.8,328.4,331.2
10/13/1997,330.9,332.2,329.6,329.8
10/14/1997,329.8,330,328.5,329.3
10/15/1997,329.1,329.7,326,328.1
10/16/1997,328.2,329.1,326,326.8
10/17/1997,326.8,327.7,324.5,326.2
10/20/1997,325.8,326.1,324.5,324.8
10/21/1997,324.7,325.5,323.8,323.9
10/22/1997,323.9,325,323.1,323.6
10/23/1997,323.6,326,323.4,324.7
10/24/1997,324.5,325,308.3,308.6
10/27/1997,309.6,313.5,308,312.3
10/28/1997,312.4,317.1,309.7,316.5
10/29/1997,316.6,317.3,312.7,314.4
10/30/1997,314.4,319.3,313.4,317.2
10/31/1997,316.6,317.9,310.8,312.1
11/3/1997,312.1,315.5,311.8,314.4
11/4/1997,313.5,316.9,313.1,314.8
11/5/1997,314.6,316.1,314,314.5
11/6/1997,314.4,314.5,311.8,313.2
11/7/1997,313.2,314.9,308.6,311.2
11/10/1997,310.6,312,309.6,311.1
11/11/1997,311.1,315.7,310.5,310.6
11/12/1997,310.6,311.4,308.1,308.4
11/13/1997,308.3,309.6,307.9,308.8
11/14/1997,309.3,309.6,300,304.3
11/17/1997,304.5,305.5,303.2,304.7
11/18/1997,304.3,308,303.9,307.6
11/19/1997,307.5,308.2,304.4,305
11/20/1997,305,305,303.5,303.8
11/21/1997,303.9,306.7,303.8,305.9
11/24/1997,305.6,307.1,303.4,303.9
11/25/1997,303.9,304.3,300,300.5
11/26/1997,300,301,295.1,296.9
12/1/1997,298.5,299.1,294.8,295.7
12/2/1997,295.5,297.7,294.8,295.9
12/3/1997,295.9,296.3,292.4,294.5
12/4/1997,294.5,294.5,288.2,288.5
12/5/1997,288.5,291.7,288.2,290.5
12/8/1997,290.5,291.5,289.4,290
12/9/1997,290.2,290.2,283.3,284.9
12/10/1997,285,290.7,284.4,288.6
12/11/1997,288.9,290.3,285.6,286
12/12/1997,286.3,286.5,284,284.8
12/15/1997,284.7,288.4,284.5,286.4
12/16/1997,286.6,287.8,285.1,285.4
12/17/1997,285.5,291.7,285.5,291.1
12/18/1997,291,292.9,287.6,289.2
12/19/1997,289,291.6,288,291.1
12/22/1997,291,293.7,291,292.7
12/23/1997,292.7,296.2,292.7,295.5
12/24/1997,296,298.5,295.5,297.9
12/26/1997,297.5,297.8,295.8,296.2
12/29/1997,296.2,296.2,291.5,292.5
12/30/1997,292.3,292.6,290.4,291.6
12/31/1997,291.7,291.9,288.2,289.9
1/2/1998,289.4,289.9,288.6,289.4
1/5/1998,289.3,289.9,281.8,282.7
1/6/1998,282.5,285.5,281.5,282.3
1/7/1998,282.2,284.8,281.6,284.7
1/8/1998,284.8,284.9,279,281.8
1/9/1998,281.7,283.3,279,279.1
1/12/1998,279.1,280.4,278.3,278.9
1/13/1998,278.9,284.2,277.5,283.8
1/14/1998,283.8,287.3,282,282.4
1/15/1998,282.5,287.3,281.9,286.4
1/16/1998,286.8,296.6,286.5,291.1
1/20/1998,288.1,293.5,287.2,291.3
1/21/1998,291.3,294.3,290.4,293.3
1/22/1998,293.4,296.3,290.4,291.3
1/23/1998,291.4,301,290.3,300.3
1/26/1998,300.3,306,296.7,297.1
1/27/1998,297.5,301,297.5,300.7
1/28/1998,301.5,306,297,306
1/29/1998,308,309,304.1,304.9
1/30/1998,304.9,307.4,302,304.6
2/2/1998,304.6,306,303.2,305
2/3/1998,305,305.8,296,297.2
2/4/1998,297.2,302.5,296.5,301.2
2/5/1998,301.2,310,297.5,300.7
2/6/1998,301.7,304,299.5,300
2/9/1998,300.8,303.5,300.7,301.6
2/10/1998,301.6,303.5,300.9,302.3
2/11/1998,302.5,303.2,299.8,301.8
2/12/1998,302.2,302.7,299,300.4
2/13/1998,300.8,301.7,299.5,301.6
2/17/1998,300.5,302.3,298.6,299.5
2/18/1998,299.9,300.4,298.4,299.1
2/19/1998,299.1,300.6,299,300.4
2/20/1998,300.3,300.7,297.8,298.7
2/23/1998,298.2,298.2,293.5,294.7
2/24/1998,294.1,295,291.8,292.7
2/25/1998,292.7,294.2,292.4,293.1
2/26/1998,292.5,295.6,292.3,295.4
2/27/1998,295.6,301.2,295,300.1
3/2/1998,300,301.5,298.7,300.5
3/3/1998,300.5,300.6,297,298.5
3/4/1998,298.5,298.8,295.8,296.8
3/5/1998,296.9,297.5,293.7,294.1
3/6/1998,293.9,296.3,293.8,295.2
3/9/1998,295,295.4,294.2,295
3/10/1998,294.8,296.6,294.8,296.5
3/11/1998,296.3,296.8,294.6,295.1
3/12/1998,295.1,295.3,294.3,295.1
3/13/1998,295.1,296.2,294.9,295.9
3/16/1998,296.1,296.4,294.4,295.1
3/17/1998,295.1,296,292,292.3
3/18/1998,292.7,292.9,287.3,291.6
3/19/1998,291.5,293.8,290.6,292.1
3/20/1998,292,293.7,291.3,292.2
3/23/1998,292.3,299.8,292.3,299.5
3/24/1998,298.8,302.5,297.6,299.9
3/25/1998,299.8,300.6,298,299.4
3/26/1998,299.4,302.1,299,301.8
3/27/1998,301.7,305,301.2,303.1
3/30/1998,304.9,306,303.6,303.9
3/31/1998,303.8,304.9,301.7,303.3
4/1/1998,303.3,304.5,301.6,301.9
4/2/1998,301.9,305.4,301.2,304.2
4/3/1998,303.6,310.8,303.6,310.3
4/6/1998,310.3,317,309.7,311.4
4/7/1998,311.8,312.5,308.5,312
4/8/1998,311.7,312.5,309.4,311.1
4/9/1998,311.2,312,308.8,310.2
4/13/1998,311.6,313.1,311.2,312.9
4/14/1998,312.8,312.9,309.7,310
4/15/1998,310,310.7,308.1,309
4/16/1998,308.7,310.5,307.4,309.8
4/17/1998,309.8,310.5,308.3,309.4
4/20/1998,309.2,310.2,308.2,309.6
4/21/1998,309.8,314.3,309,312.6
4/22/1998,312.6,315.9,312,314.9
4/23/1998,315,316.8,313.8,315.8
4/24/1998,315.9,316.5,313.5,314.2
4/27/1998,313.8,314.4,310.5,311.2
4/28/1998,311,311.3,308,309.4
4/29/1998,309.3,312.8,308.6,311.6
4/30/1998,311.4,313.3,306.5,307.9
5/1/1998,308,308.5,302.5,303.6
5/4/1998,304.2,306.9,304.1,305.4
5/5/1998,305.5,306.4,303.7,304.6
5/6/1998,304.3,304.9,300.7,301.6
5/7/1998,302,302,297.8,299.6
5/8/1998,299.5,301.9,299.3,300.7
5/11/1998,300.4,302.1,299.1,301.2
5/12/1998,301.8,301.9,297.9,298.9
5/13/1998,298.9,300.7,296.1,299.2
5/14/1998,299.5,299.9,295.9,299.7
5/15/1998,299.7,304.4,299.5,301.9
5/18/1998,301.9,302,299.3,300.2
5/19/1998,300,301,299,299.3
5/20/1998,299.4,301.5,298.1,299.9
5/21/1998,299.9,301.6,299.8,301.1
5/22/1998,301.3,301.9,299.4,300
5/26/1998,299.5,299.7,294.9,295.6
5/27/1998,295.2,295.4,290.6,293.7
5/28/1998,296,297,295.3,295.6
5/29/1998,295.6,296.7,294.3,295.1
6/1/1998,295.4,295.5,290.4,290.6
6/2/1998,290.2,294.3,289.2,293.2
6/3/1998,293.4,296.2,292.3,295.3
6/4/1998,295,295.8,293.6,295.6
6/5/1998,295.5,296,292.3,293.6
6/8/1998,293.2,298.8,291.4,298.4
6/9/1998,298.2,301,294.4,295.5
6/10/1998,295.7,297.1,290.8,295.1
6/11/1998,294.8,296.1,288.5,288.7
6/12/1998,288.7,290.7,286.3,287.3
6/15/1998,287.4,288.2,285.7,286.6
6/16/1998,286.3,290.2,285.6,290
6/17/1998,290,295.6,289.3,294.9
6/18/1998,294.4,297.3,292.5,294.6
6/19/1998,294.3,301.6,293.8,300.8
6/22/1998,298,299,295.4,297.1
6/23/1998,297.1,297.7,295.4,296.4
6/24/1998,296.5,296.9,293.4,294.2
6/25/1998,294.3,296.7,293.6,295.1
6/26/1998,295.1,296,293.5,295
6/29/1998,295,295.6,293.7,294.9
6/30/1998,294.9,299.4,294.7,298.1
7/1/1998,297.8,299.7,296.2,297.4
7/2/1998,297.4,297.7,294.4,295
7/6/1998,295.3,295.5,293.5,294.3
7/7/1998,294.7,296.5,294.3,295.9
7/8/1998,295.8,297,292.2,294.2
7/9/1998,294.2,294.5,291.7,292.5
7/10/1998,292.7,292.7,290.8,291.6
7/13/1998,290.8,293.3,289.7,292.4
7/14/1998,292.2,295.3,292.2,294
7/15/1998,294.1,295,293.1,294.5
7/16/1998,294.5,296.1,293,294
7/17/1998,294.2,295.3,293.5,295.1
7/20/1998,295.5,296.9,294.9,296.7
7/21/1998,296.9,297,295.3,295.5
7/22/1998,295.5,295.9,294.5,294.6
7/23/1998,294.4,295.1,292.9,293.7
7/24/1998,294,295.3,290.5,291.2
7/27/1998,291.4,291.4,289.6,290.2
7/28/1998,289.8,291.9,289.7,291.7
7/29/1998,291.7,292.2,289.1,289.9
7/30/1998,294.3,295.4,293.1,293.2
7/31/1998,293.1,293.9,290.1,290.5
8/3/1998,291,291.1,287.5,287.9
8/4/1998,287.6,293.5,286.8,292.5
8/5/1998,293.2,294.8,291.1,291.8
8/6/1998,291.6,292.5,290.4,291.4
8/7/1998,291.5,291.6,289.4,290.5
8/10/1998,290.5,291.4,289.1,291.3
8/11/1998,291.4,291.8,287.3,288
8/12/1998,287.7,290.2,286.2,286.8
8/13/1998,286.9,289.8,286.2,289.3
8/14/1998,289.3,289.5,287.2,287.9
8/17/1998,287.7,289.8,286.7,289.1
8/18/1998,289.1,289.5,288.2,289
8/19/1998,289.2,290.9,286.9,287.2
8/20/1998,287.5,290,287,289
8/21/1998,289.6,289.8,287.4,288.7
8/24/1998,289,289.1,288,288.5
8/25/1998,288.5,288.7,286,286.9
8/26/1998,287,289,284.9,285.9
8/27/1998,285.7,285.8,280,280.1
8/28/1998,279.9,281.9,273.8,277.9
8/31/1998,278.5,280.5,277.3,278.9
9/1/1998,279.3,283,279.3,282.2
9/2/1998,282,284.5,281.9,283.4
9/3/1998,283.4,290.5,281.7,288.3
9/4/1998,288.2,290.8,287.5,290.1
9/8/1998,291.5,291.7,288.2,289.2
9/9/1998,289.1,290.4,286.3,287.4
9/10/1998,287.3,295.2,287.3,293.8
9/11/1998,293.5,300.2,293.2,296.8
9/14/1998,296.3,296.3,292.1,293.4
9/15/1998,293.4,295.7,292,293
9/16/1998,292.7,293,290.2,290.6
9/17/1998,290.6,294.6,289.6,293.9
9/18/1998,294.2,296,292.2,294.2
9/21/1998,294.2,296.5,290.4,291.6
9/22/1998,291.6,292.6,290.4,290.5
9/23/1998,290.6,292.7,290,292.5
9/24/1998,292.9,297.4,292.2,296.4
9/25/1998,296.7,302.2,295.8,296.2
9/28/1998,295.7,298.4,294,298
9/29/1998,298,299.5,295.5,296.9
9/30/1998,296.5,299.9,295.4,299
10/1/1998,299.1,303.4,298.1,302.1
10/2/1998,302.3,305.6,301.1,302.8
10/5/1998,302.9,302.9,297.8,299
10/6/1998,299.3,299.3,296.1,298.3
10/7/1998,298.1,304.5,298.1,302.9
10/8/1998,303.5,306.9,301.3,302
10/9/1998,301.6,303.9,298.3,298.5
10/12/1998,299,300.1,296.6,298.2
10/13/1998,298.6,299,297.3,298.5
10/14/1998,298.2,298.9,296.6,297.8
10/15/1998,298.1,300.9,297.7,299.2
10/16/1998,300.3,302.7,299,301.7
10/19/1998,301.3,302,297.7,297.8
10/20/1998,297.8,298.4,296.2,297.8
10/21/1998,298,298.6,296.5,296.8
10/22/1998,296.7,296.9,292.9,293.6
10/23/1998,293.8,295,293.2,294.2
10/26/1998,294,294.2,292,293.6
10/27/1998,293.8,294.9,293.4,294.8
10/28/1998,294.6,296,293.6,294.4
10/29/1998,294.4,295.7,294,294.8
10/30/1998,294.5,295.3,292.9,293.7
11/2/1998,294,294.5,290.8,290.9
11/3/1998,291.1,291.7,288.7,289.7
11/4/1998,290.2,292.7,290,291.8
11/5/1998,292,296,291.4,294.8
11/6/1998,294.8,295.5,292.9,294
11/9/1998,293.7,293.9,293,293.4
11/10/1998,293.9,294.9,292.6,294.2
11/11/1998,294.2,295.3,293.4,293.7
11/12/1998,293.8,298.2,293.6,297.5
11/13/1998,297.5,298.4,295.8,296.5
11/16/1998,296.1,296.5,295.1,295.6
11/17/1998,295.6,295.7,294.3,294.9
11/18/1998,295,299.1,294.7,298.2
11/19/1998,298.1,298.9,296,296.1
11/20/1998,296.3,297.4,295.6,296.4
11/23/1998,296.6,297.2,295.7,297.1
11/24/1998,297.3,297.3,296.1,296.4
11/25/1998,296.4,297,295.5,296.5
11/30/1998,298.8,298.8,294,295.1
12/1/1998,295,296.7,294.8,295.9
12/2/1998,295.9,296.7,294.9,295.2
12/3/1998,295.1,295.5,293.3,293.7
12/4/1998,293.8,294.8,293.6,294.3
12/7/1998,294.3,299.5,293.9,296.9
12/8/1998,296.9,296.9,294.8,295.5
12/9/1998,295.5,296.9,294.5,295.8
12/10/1998,296,297.4,295.7,295.9
12/11/1998,296.2,297.1,291.2,292.6
12/14/1998,293.3,293.8,291.9,292.8
12/15/1998,292.9,294.9,292.9,294.3
12/16/1998,294.3,296.6,294.3,296.5
12/17/1998,296.8,297.4,292.3,292.9
12/18/1998,293.2,293.9,289.8,290.4
12/21/1998,290.8,292.2,289.5,290.2
12/22/1998,290,290.7,288.1,289
12/23/1998,288.4,289.3,286.5,288
12/24/1998,287.8,288.7,286.9,287.5
12/28/1998,287.6,288.2,287,287.8
12/29/1998,287.7,289.1,287,287.1
12/30/1998,287.1,289.1,287.1,288.1
12/31/1998,288.1,289.5,287.9,289.2
1/4/1999,289.6,290,287.3,288.3
1/5/1999,288.3,288.6,287,287.8
1/6/1999,287.8,288.9,287.4,288.5
1/7/1999,288.4,292.8,288.4,292.4
1/8/1999,292.5,293.3,291.2,292
1/11/1999,292.3,294.3,291.6,293.6
1/12/1999,293.9,293.9,288,289.3
1/13/1999,289.3,289.7,285,287
1/14/1999,287.1,287.6,285.8,287.4
1/15/1999,287.3,287.6,285.9,287.4
1/19/1999,287,288,286,286.8
1/20/1999,286.8,287.7,285.8,287.5
1/21/1999,287.7,289,287.3,288
1/22/1999,288,288.2,286.2,286.7
1/25/1999,286.5,288.7,286.3,288
1/26/1999,288,288.1,285.9,286.3
1/27/1999,286.3,286.5,282.5,283.4
1/28/1999,285.2,287.5,284,286.6
1/29/1999,286.6,289.3,286.1,288.2
2/1/1999,288.5,291.3,288.4,290.9
2/2/1999,290.9,292.6,290.4,290.7
2/3/1999,290.6,291.1,288,289.3
2/4/1999,289.5,292,288.8,291.2
2/5/1999,291.6,292.3,290.3,290.5
2/8/1999,290.8,291.8,290.4,291.3
2/9/1999,290.9,290.9,288.5,289.2
2/10/1999,289.4,290.4,288.6,288.7
2/11/1999,288.7,289.8,288.5,289.3
2/12/1999,289.1,292,289,291.2
2/16/1999,291,291,285,287.4
2/17/1999,287.2,287.9,286.1,286.3
2/18/1999,286.4,287.7,286.4,287.4
2/19/1999,287.5,290.2,287.1,289.5
2/22/1999,289.4,289.8,287.6,288.5
2/23/1999,288.5,288.9,287.7,288.7
2/24/1999,288.6,289.8,287.2,289.2
2/25/1999,289.3,289.5,287.6,289.2
2/26/1999,288.8,289.2,286.5,288.3
3/1/1999,288,288.8,286.5,287.7
3/2/1999,288,290.5,287.4,288
3/3/1999,288.2,288.4,287.2,288.3
3/4/1999,288.5,290,287.4,289.5
3/5/1999,289.4,291.1,288.5,289.5
3/8/1999,289.5,293,289.1,292.7
3/9/1999,292.6,295.5,292.4,293.4
3/10/1999,293.4,294.4,292.7,294.2
3/11/1999,294.5,296.5,294,295.5
3/12/1999,295.5,296,292.1,293.4
3/15/1999,293.1,293.6,287,287.6
3/16/1999,287.5,288,282,283.9
3/17/1999,284.2,285.7,283.8,284.1
3/18/1999,284.2,284.9,282.1,283.5
3/19/1999,284,284.6,283.1,284.5
3/22/1999,284.6,285,284.3,284.8
3/23/1999,284.8,285.6,282.6,284.7
3/24/1999,284.7,285.2,283.7,284.1
3/25/1999,284.2,284.3,282,283.1
3/26/1999,283.4,283.5,278.5,279.7
3/29/1999,279.7,281.1,279.7,280.3
3/30/1999,282.5,282.5,281.1,281.3
3/31/1999,281.2,282.8,280.6,281.9
4/1/1999,281.9,283,281.7,282
4/5/1999,281.8,282,279.1,280.3
4/6/1999,280,282.8,280,281.8
4/7/1999,282.3,282.6,281.6,282.3
4/8/1999,282,283.5,281.3,282.7
4/9/1999,282.4,284.1,281.3,283.4
4/12/1999,283.6,286.2,283.6,284.5
4/13/1999,284.1,286,284,285.6
4/14/1999,285.5,286.1,282.4,283.2
4/15/1999,283.1,285.9,283.1,285.3
4/16/1999,285.5,286.7,285.2,285.6
4/19/1999,285.5,286.5,284.6,286.3
4/20/1999,286.4,287,285.6,285.9
4/21/1999,286.1,286.3,284.6,285.5
4/22/1999,285.4,285.4,284.3,285.2
4/23/1999,285.2,285.7,284.3,284.9
4/26/1999,285.3,285.3,281.7,282.6
4/27/1999,282.9,283.9,281.6,283.5
4/28/1999,283.5,284.9,283.2,284.1
4/29/1999,284.7,287.9,284,287.3
4/30/1999,287.4,289,286.8,287.8
5/3/1999,287.9,288.2,287,287.6
5/4/1999,287.6,287.8,286.2,286.9
5/5/1999,287,289.2,286.5,288.5
5/6/1999,288.4,291.2,288.1,290.7
5/7/1999,290.7,290.9,280.3,283.7
5/10/1999,282.9,283.4,276.5,278.4
5/11/1999,278.4,280.4,278.1,278.8
5/12/1999,278.8,279.6,277,277.8
5/13/1999,277.7,279.6,277.6,278.1
5/14/1999,278.3,278.9,275.8,276.2
5/17/1999,276.2,277.3,274,274.8
5/18/1999,274.8,275.9,273.9,274.2
5/19/1999,274.4,274.5,272.4,273.5
5/20/1999,273.5,275.5,273.5,274.7
5/21/1999,274.7,275.5,272.5,273.3
5/24/1999,273.2,274.2,271.7,272.9
5/25/1999,272.8,273.7,269.6,270.8
5/26/1999,270.7,271.4,269.2,269.5
5/27/1999,269.7,270.7,267.9,270.5
5/28/1999,272.3,273.8,270.4,272
6/1/1999,271.5,272,267,269.5
6/2/1999,268.6,269.8,267,267.1
6/3/1999,267.1,268.6,265.2,267.6
6/4/1999,267.6,268.7,265.8,267.2
6/7/1999,267,269,266.2,267.2
6/8/1999,267.1,267.2,262.8,263.8
6/9/1999,263.9,264.6,259.2,261.1
6/10/1999,261,262.4,258.5,260.1
6/11/1999,260.1,262.7,259.5,262.3
6/14/1999,261.6,263,260.2,262
6/15/1999,261.9,262.3,260.6,261
6/16/1999,260.7,260.8,259.7,259.9
6/17/1999,259.9,260.9,259.7,260
6/18/1999,259.9,264.8,259.4,260.9
6/21/1999,261.3,261.3,260,260.3
6/22/1999,260.3,261,259.2,259.9
6/23/1999,260,262,259.3,261.8
6/24/1999,261.9,262.8,261.5,262.4
6/25/1999,262.2,262.8,260,260.8
6/28/1999,260.8,262.6,260.6,262
6/29/1999,262.2,263.5,261.7,262
6/30/1999,262.1,263.8,261.6,263.6
7/1/1999,263.5,264.7,263.2,264.4
7/2/1999,264.4,264.7,263.9,264.6
7/6/1999,263.6,263.6,256.5,257.8
7/7/1999,257.8,259.6,256.5,258
7/8/1999,259,259,256.9,257.7
7/9/1999,257.7,259.9,257,258.1
7/12/1999,257.8,258.1,256,256.5
7/13/1999,256.5,257.3,254.6,256.7
7/14/1999,256.7,257,254.4,255
7/15/1999,255,255.3,253.7,254.8
7/16/1999,255.1,257.3,254,254.5
7/19/1999,254.6,255,253.7,253.9
7/20/1999,253.9,254.5,253.2,254.1
7/21/1999,254.3,257,253.3,256.3
7/22/1999,256.5,258,254.3,256.7
7/23/1999,256.3,256.7,255.3,255.4
7/26/1999,256,256,253.8,254.7
7/27/1999,254.7,255.5,254.1,254.5
7/28/1999,255.4,255.4,254,254.5
7/29/1999,257,260,256.4,259.7
7/30/1999,259.7,260.1,257.9,258.8
8/2/1999,258.8,258.8,256.6,257.8
8/3/1999,257.9,259.6,257.5,258.5
8/4/1999,258.3,260.8,257,258.6
8/5/1999,259,259.8,257.5,258
8/6/1999,258,258.8,257,258.6
8/9/1999,258.5,260.1,258.1,259.3
8/10/1999,259.3,260.2,258.7,259.8
8/11/1999,260,262.8,259.3,261.5
8/12/1999,261.5,263.5,261.5,263
8/13/1999,263.2,263.9,263,263.2
8/16/1999,263.5,263.5,260.8,262.7
8/17/1999,262.3,264.3,261.5,264
8/18/1999,264.4,264.7,261.4,262.2
8/19/1999,262.4,262.6,259.8,261.2
8/20/1999,261.3,261.5,259.5,259.6
8/23/1999,259.6,259.9,256,256.2
8/24/1999,256.5,256.9,254.6,254.7
8/25/1999,254.7,255.6,253.8,254.2
8/26/1999,254.4,255.8,253.9,254.6
8/27/1999,255.2,256.8,254.8,255.5
8/30/1999,255.5,256.6,255.2,255.8
8/31/1999,256.2,258.2,255.8,257.3
9/1/1999,257.5,257.8,255,255.6
9/2/1999,255.8,257,255.3,256.7
9/3/1999,256.8,257.4,254.8,255.5
9/7/1999,255.6,257.9,255.6,257.3
9/8/1999,257.3,257.8,256.7,257.7
9/9/1999,257.7,258.8,257.3,258.6
9/10/1999,258.6,258.9,257.2,257.9
9/13/1999,258.1,258.5,257.2,257.8
9/14/1999,257.9,258.3,257,258.2
9/15/1999,258.4,258.7,256.9,257.3
9/16/1999,257.4,257.6,256.2,257.4
9/17/1999,257.2,257.4,255,255.9
9/20/1999,255.5,256.5,255.3,255.8
9/21/1999,255.9,261.9,255.4,261.8
9/22/1999,261.5,266.5,261.5,265.5
9/23/1999,265.4,267.8,263.4,267.3
9/24/1999,267.2,272.4,266.4,269.8
9/27/1999,269.8,287.8,269.6,283.8
9/28/1999,283.6,329,283.6,310
9/29/1999,311.1,322.4,297.1,302
9/30/1999,303,309.9,295.1,299.5
10/1/1999,299.1,310,297,305.3
10/4/1999,305.6,319,305.6,318
10/5/1999,318.5,339,318.5,326
10/6/1999,326,329.9,315.2,326
10/7/1999,326,329.8,317.1,324.3
10/8/1999,324,326.5,317.5,321.7
10/11/1999,321.5,322,317.5,320.3
10/12/1999,320,325.3,317.8,318.2
10/13/1999,318.5,325.3,316.9,321.8
10/14/1999,322.1,324.9,312.3,314.2
10/15/1999,314.2,318.5,314.2,316.4
10/18/1999,317.2,319.2,311.1,311.7
10/19/1999,311.9,312.6,306.2,309.5
10/20/1999,309.5,312.2,305.8,307.3
10/21/1999,307.3,307.9,302.2,305.5
10/22/1999,305.6,306.4,302.1,303.3
10/25/1999,303,303.9,299,300.5
10/26/1999,300.5,300.5,289.6,290.4
10/27/1999,290.4,295,287.6,294.2
10/28/1999,294.8,303,294.8,300.4
10/29/1999,300.6,302.8,298.2,300.3
11/1/1999,299.7,299.7,288,291.5
11/2/1999,291.5,294.4,289.7,292.4
11/3/1999,292.9,294.5,291.7,293.3
11/4/1999,293.2,294,291.7,293.7
11/5/1999,293.7,294,288.5,291
11/8/1999,291,291.3,288.1,291.1
11/9/1999,291.3,293.3,291.3,293.1
11/10/1999,293.3,299.8,292.3,299.1
11/11/1999,299.1,300.4,294.3,294.9
11/12/1999,294.8,295.5,291.9,292.1
11/15/1999,292.1,293.6,290.1,292.5
11/16/1999,292.3,296,292.3,295.3
11/17/1999,295.3,297.6,294.5,295.7
11/18/1999,295.5,296.1,294,295.1
11/19/1999,295.5,296.4,293.8,295.7
11/22/1999,295.4,296.6,294.8,295.6
11/23/1999,295.5,299.2,295.4,298.7
11/24/1999,298.6,300.4,297.3,299.4
11/29/1999,299.5,299.5,292.4,293.5
11/30/1999,293.6,294.9,292.9,293
12/1/1999,293,294,290.8,291.9
12/2/1999,291.9,292,286,287.1
12/3/1999,287.3,287.4,281.9,282.1
12/6/1999,282.5,282.5,276.2,278.2
12/7/1999,278.7,285.9,278.6,285.4
12/8/1999,286,288.5,282.9,284.1
12/9/1999,283.9,284.4,280.2,280.3
12/10/1999,280.2,283.7,279.3,281
12/13/1999,281,282.6,280.5,282.1
12/14/1999,281.5,283.4,281,282
12/15/1999,282.5,285.8,281.3,284.6
12/16/1999,285,285.2,281.7,283.8
12/17/1999,284.1,287.5,283.3,285.5
12/20/1999,285.4,286.7,285.3,286
12/21/1999,286.2,289.3,284.1,288.9
12/22/1999,289.3,291.9,287.3,288.7
12/23/1999,289.4,289.4,287.1,288.5
12/27/1999,287.9,290.1,287.9,289.8
12/28/1999,289.7,292.5,289.3,291.5
12/29/1999,291.8,293.6,291.5,292.4
12/30/1999,292.7,292.9,289.3,289.6
1/4/2000,289.5,289.5,280,283.7
1/5/2000,283.7,285,281,282.1
1/6/2000,281.6,282.8,280.2,282.4
1/7/2000,282.5,284.5,282,282.9
1/10/2000,282.4,283.9,281.8,282.7
1/11/2000,282.4,285.3,281.9,284.4
1/12/2000,284.5,285,282.5,283.7
1/13/2000,283.5,285.9,282.9,285.1
1/14/2000,285.2,285.6,284,284.9
1/18/2000,286.1,289.8,285.9,289.6
1/19/2000,289.6,291,287.5,290.3
1/20/2000,290.3,290.7,288.4,289.3
1/21/2000,289,290.3,287.4,289.7
1/24/2000,289.7,289.7,286.3,288.1
1/25/2000,288,291.8,286.6,286.6
1/26/2000,286.8,287.5,284.7,286.5
1/27/2000,286.2,287.5,285.6,287.1
1/28/2000,289.6,290.7,283,286
1/31/2000,286,287.4,284.9,286.2
2/1/2000,286,286.5,285,285.4
2/2/2000,285.4,289.2,285.3,287.7
2/3/2000,287.7,290.9,287,289.9
2/4/2000,290.2,318.5,289.9,313
2/7/2000,318,326.9,302,304.5
2/8/2000,306,308,298.5,301.7
2/9/2000,301.7,314,301.7,308.6
2/10/2000,308.5,319,308.5,318.7
2/11/2000,318.3,320.4,311,313.6
2/14/2000,313.6,313.6,308.3,311
2/15/2000,310.7,311.5,303.8,304.1
2/16/2000,304.2,306,299.7,305
2/17/2000,305.3,312.5,300,303.8
2/18/2000,303.3,307.8,302,307.3
2/22/2000,307.6,309.4,304.2,307.7
2/23/2000,307.7,308.2,302.3,302.4
2/24/2000,302.4,303.5,300.2,300.9
2/25/2000,300.9,301.2,293.5,294.6
2/28/2000,294.5,295.4,293.1,294.2
2/29/2000,293.8,296.5,293.5,294.2
3/1/2000,294.2,296.2,292.8,293.3
3/2/2000,292.9,293.3,289.4,289.7
3/3/2000,289.7,292.2,289.2,290.3
3/6/2000,290.6,291.7,289.2,289.4
3/7/2000,289.5,295.4,289.4,293.7
3/8/2000,293.8,295,289.8,290.4
3/9/2000,290,293,289.6,292.7
3/10/2000,292.7,294,289.4,290
3/13/2000,290,292.9,290,291.5
3/14/2000,291.7,292.6,289.2,289.7
3/15/2000,289.6,291,289.3,289.6
3/16/2000,289.9,290.4,286.3,287
3/17/2000,286.8,287,283.6,285
3/20/2000,285,286.9,284.5,286.5
3/21/2000,286.5,292,284.2,290.4
3/22/2000,290.4,291.1,288.1,288.3
3/23/2000,288.4,288.6,283.8,285.4
3/24/2000,285.6,286.1,284.6,285.1
3/27/2000,285.4,285.4,280.2,280.5
3/28/2000,280.8,281.8,279.4,279.5
3/29/2000,279.5,280.2,274.8,275.9
3/30/2000,279,280.2,277.9,279.1
3/31/2000,279.6,283,277.5,281.4
4/3/2000,281.5,282,279.7,280.4
4/4/2000,280.7,291.5,278.4,286.6
4/5/2000,286.7,287.1,283.2,283.8
4/6/2000,283.8,284.3,281.3,282.7
4/7/2000,283,283.6,281.9,282.5
4/10/2000,281.8,285,281.5,284
4/11/2000,284.3,286,283.1,283.7
4/12/2000,283.5,285.7,281.5,283.5
4/13/2000,283.5,284.8,282,283.2
4/14/2000,283.4,288.5,282.5,284.6
4/17/2000,285.1,287.5,282.8,284.2
4/18/2000,284,284.8,282.4,283
4/19/2000,283,283.9,282,282.5
4/20/2000,282.4,283,280.5,281.5
4/24/2000,281.5,282.9,280.9,281.2
4/25/2000,281,282,279.5,279.8
4/26/2000,280,280.1,276.4,277.1
4/27/2000,277.3,279.1,276.8,278.4
4/28/2000,278.2,279,274,274.7
5/1/2000,274.8,276.1,273.6,274.8
5/2/2000,275.1,277.9,274.7,277
5/3/2000,277.2,279.4,276.6,279.1
5/4/2000,280,284,278.1,281.2
5/5/2000,282,283.8,278.5,280.1
5/8/2000,279.8,279.8,277.3,277.6
5/9/2000,278,278.9,276.7,278.2
5/10/2000,278.4,280,277.9,278.7
5/11/2000,278.7,279.3,276.1,276.5
5/12/2000,276.8,277.9,276.5,276.9
5/15/2000,277.2,277.8,274.8,276.4
5/16/2000,276.8,278,275.7,276.2
5/17/2000,276.1,276.2,272.7,273.8
5/18/2000,273.8,274.8,272.1,273.7
5/19/2000,274.4,274.9,273.3,274.6
5/22/2000,274.3,277.5,274,276.2
5/23/2000,276.2,277.2,273.8,274.7
5/24/2000,275,275,273.2,273.8
5/25/2000,273.8,275,269.5,270.7
5/26/2000,270.7,273.3,270.1,272.2
5/30/2000,275.1,277.2,275,275.5
5/31/2000,275.6,275.9,274.5,274.8
6/1/2000,275.4,276.4,274.8,275.4
6/2/2000,275.5,285.9,275.3,284.2
6/5/2000,283.8,289.1,283.2,288.2
6/6/2000,287,294.5,286.6,291.8
6/7/2000,292,292.2,286.9,290
6/8/2000,290,290.2,286.3,286.8
6/9/2000,287.2,289.3,286.1,286.4
6/12/2000,286.4,289.2,285.6,289.1
6/13/2000,289.3,296.5,286.8,288.1
6/14/2000,288.7,294.5,288.1,294.2
6/15/2000,294,295.3,289,292.1
6/16/2000,291.5,294.4,290.6,291.2
6/19/2000,291.5,291.5,287.5,288
6/20/2000,288.2,289.7,287,288.1
6/21/2000,288,289.6,287.5,288.1
6/22/2000,288.2,291.1,286.5,287.2
6/23/2000,287.3,288,284,284.8
6/26/2000,284.8,286.5,283.6,285.5
6/27/2000,285.8,287.6,284.8,287.5
6/28/2000,287.7,294.8,287.4,294.3
6/29/2000,294.3,294.3,289.4,290.7
6/30/2000,290.5,291.7,289.1,291.5
7/5/2000,289.7,289.7,285.1,285.3
7/6/2000,285.3,287,283.4,284.6
7/7/2000,284.5,285.7,282.6,284.6
7/10/2000,284.7,286.4,284.3,284.9
7/11/2000,284.6,285.2,283,283.3
7/12/2000,283.3,284.5,280.6,281.4
7/13/2000,281.7,282.8,280.7,280.9
7/14/2000,281,282,280.6,281.9
7/17/2000,281.7,284.8,281.7,284.2
7/18/2000,283.7,284.2,282.6,283.1
7/19/2000,281.7,282.1,278,279.6
7/20/2000,278.7,281.5,278.3,280.4
7/21/2000,281.2,281.7,279.2,280.6
7/24/2000,280.4,280.4,279.2,279.3
7/25/2000,279.2,281.7,278.8,279.3
7/26/2000,280,280.5,279.3,279.7
7/27/2000,280,280.1,277.7,278.6
7/28/2000,285,285.2,283.7,284.2
7/31/2000,283.2,283.5,282.4,283.2
8/1/2000,283.4,284.4,283.2,283.2
8/2/2000,283,285,282.4,282.8
8/3/2000,281.1,281.9,278.4,279.5
8/4/2000,278,280.5,277.8,278.6
8/7/2000,279,279.6,278.4,279.1
8/8/2000,279.5,279.6,277.2,278.7
8/9/2000,277.8,278.5,276.5,277.3
8/10/2000,277.2,278.5,276.9,277.6
8/11/2000,278.4,280.5,277.7,280.3
8/14/2000,280.2,281,279.1,279.6
8/15/2000,279.9,280.3,278.7,279.6
8/16/2000,279.8,282.8,279.7,282.3
8/17/2000,282.4,283.9,281.6,282.6
8/18/2000,283,283,280.3,281.7
8/21/2000,281.5,281.7,279.2,280
8/22/2000,280,280.2,277.9,278.3
8/23/2000,278.7,278.8,275.3,275.7
8/24/2000,275.7,277.8,275.7,277.5
8/25/2000,277.9,279.3,276.9,278.6
8/28/2000,278.9,279,277.7,278.5
8/29/2000,278.6,279.5,276.7,277.5
