Date,Open,High,Low,Close
2/4/1970,1.92,1.925,1.913,1.917
2/5/1970,1.91,1.929,1.91,1.922
2/6/1970,1.921,1.938,1.921,1.938
2/9/1970,1.927,1.944,1.927,1.931
2/10/1970,1.93,1.93,1.911,1.913
2/11/1970,1.9,1.905,1.871,1.887
2/13/1970,1.892,1.912,1.885,1.908
2/16/1970,1.871,1.905,1.871,1.876
2/17/1970,1.88,1.885,1.858,1.866
2/18/1970,1.86,1.889,1.857,1.889
2/19/1970,1.882,1.895,1.875,1.879
2/20/1970,1.874,1.894,1.874,1.887
2/24/1970,1.88,1.88,1.87,1.873
2/25/1970,1.863,1.88,1.863,1.865
2/26/1970,1.911,1.937,1.91,1.935
2/27/1970,1.935,1.947,1.926,1.932
3/2/1970,1.93,1.946,1.926,1.945
3/3/1970,1.939,1.957,1.939,1.953
3/4/1970,1.926,1.937,1.92,1.925
3/5/1970,1.954,1.954,1.943,1.944
3/6/1970,1.931,1.938,1.928,1.93
3/9/1970,1.923,1.923,1.895,1.903
3/10/1970,1.915,1.915,1.905,1.912
3/11/1970,1.918,1.918,1.901,1.902
3/12/1970,1.898,1.907,1.881,1.886
3/13/1970,1.886,1.977,1.884,1.977
3/16/1970,1.896,1.897,1.88,1.882
3/17/1970,1.872,1.882,1.872,1.876
3/18/1970,1.881,1.899,1.881,1.897
3/19/1970,1.903,1.908,1.89,1.89
3/20/1970,1.887,1.899,1.883,1.895
3/23/1970,1.889,1.89,1.883,1.885
3/24/1970,1.885,1.893,1.88,1.893
3/25/1970,1.889,1.923,1.889,1.914
3/26/1970,1.909,1.919,1.906,1.912
3/30/1970,1.913,1.913,1.906,1.91
3/31/1970,1.909,1.912,1.905,1.906
4/1/1970,1.907,1.919,1.906,1.919
4/2/1970,1.91,1.911,1.908,1.911
4/3/1970,1.906,1.907,1.904,1.904
4/6/1970,1.9,1.9,1.895,1.9
4/7/1970,1.89,1.892,1.888,1.888
4/8/1970,1.887,1.89,1.868,1.871
4/9/1970,1.879,1.879,1.856,1.857
4/10/1970,1.858,1.868,1.847,1.861
4/13/1970,1.866,1.874,1.866,1.87
4/14/1970,1.878,1.882,1.865,1.865
4/15/1970,1.857,1.859,1.854,1.858
4/16/1970,1.861,1.879,1.858,1.869
4/17/1970,1.873,1.873,1.867,1.869
4/20/1970,1.869,1.879,1.869,1.873
4/21/1970,1.868,1.868,1.86,1.861
4/22/1970,1.861,1.865,1.861,1.863
4/23/1970,1.858,1.862,1.849,1.86
4/24/1970,1.849,1.857,1.845,1.857
4/27/1970,1.839,1.839,1.811,1.812
4/28/1970,1.787,1.805,1.72,1.725
4/29/1970,1.76,1.761,1.678,1.694
4/30/1970,1.729,1.748,1.72,1.732
5/1/1970,1.745,1.749,1.731,1.739
5/4/1970,1.745,1.746,1.67,1.687
5/5/1970,1.652,1.727,1.64,1.72
5/6/1970,1.74,1.741,1.689,1.7
5/7/1970,1.704,1.729,1.703,1.725
5/8/1970,1.74,1.74,1.707,1.737
5/11/1970,1.76,1.772,1.75,1.77
5/12/1970,1.76,1.763,1.731,1.744
5/13/1970,1.721,1.755,1.707,1.719
5/14/1970,1.695,1.712,1.68,1.68
5/15/1970,1.7,1.715,1.686,1.711
5/18/1970,1.706,1.719,1.698,1.719
5/19/1970,1.7,1.71,1.696,1.704
5/20/1970,1.682,1.685,1.646,1.647
5/21/1970,1.63,1.64,1.607,1.607
5/22/1970,1.63,1.64,1.61,1.622
5/25/1970,1.612,1.612,1.555,1.565
5/26/1970,1.53,1.6,1.521,1.562
5/27/1970,1.595,1.612,1.587,1.6
5/28/1970,1.62,1.63,1.599,1.606
6/1/1970,1.625,1.63,1.61,1.61
6/2/1970,1.6,1.622,1.588,1.62
6/3/1970,1.625,1.675,1.625,1.67
6/4/1970,1.645,1.682,1.645,1.665
6/5/1970,1.645,1.659,1.63,1.643
6/8/1970,1.635,1.663,1.635,1.655
6/9/1970,1.671,1.673,1.662,1.672
6/10/1970,1.678,1.678,1.641,1.642
6/11/1970,1.637,1.643,1.62,1.624
6/12/1970,1.628,1.633,1.623,1.628
6/15/1970,1.623,1.642,1.623,1.636
6/16/1970,1.639,1.657,1.639,1.65
6/17/1970,1.653,1.665,1.64,1.647
6/18/1970,1.63,1.653,1.628,1.653
6/19/1970,1.662,1.676,1.662,1.667
6/22/1970,1.648,1.66,1.647,1.655
6/23/1970,1.659,1.66,1.621,1.624
6/24/1970,1.62,1.639,1.605,1.625
6/25/1970,1.618,1.638,1.616,1.627
6/26/1970,1.652,1.662,1.64,1.644
6/29/1970,1.638,1.642,1.628,1.633
6/30/1970,1.633,1.653,1.632,1.638
7/1/1970,1.648,1.654,1.643,1.654
7/2/1970,1.659,1.663,1.643,1.646
7/6/1970,1.643,1.643,1.607,1.608
7/7/1970,1.607,1.623,1.599,1.615
7/8/1970,1.63,1.638,1.627,1.635
7/9/1970,1.638,1.644,1.636,1.641
7/10/1970,1.636,1.64,1.633,1.637
7/13/1970,1.638,1.663,1.635,1.662
7/14/1970,1.665,1.685,1.651,1.678
7/15/1970,1.678,1.696,1.671,1.69
7/16/1970,1.698,1.706,1.675,1.682
7/17/1970,1.677,1.699,1.677,1.699
7/20/1970,1.714,1.744,1.714,1.743
7/21/1970,1.738,1.739,1.725,1.734
7/22/1970,1.746,1.762,1.74,1.75
7/23/1970,1.74,1.756,1.73,1.733
7/24/1970,1.728,1.738,1.723,1.729
7/27/1970,1.747,1.761,1.741,1.76
7/28/1970,1.8,1.8,1.787,1.798
7/29/1970,1.775,1.791,1.773,1.778
7/30/1970,1.773,1.8,1.773,1.776
7/31/1970,1.788,1.795,1.776,1.781
8/3/1970,1.792,1.793,1.755,1.792
8/4/1970,1.756,1.77,1.738,1.769
8/5/1970,1.775,1.782,1.738,1.746
8/6/1970,1.746,1.75,1.732,1.734
8/7/1970,1.735,1.78,1.726,1.78
8/10/1970,1.751,1.759,1.74,1.74
8/11/1970,1.73,1.759,1.724,1.75
8/12/1970,1.75,1.77,1.743,1.77
8/13/1970,1.772,1.778,1.754,1.76
8/14/1970,1.818,1.818,1.818,1.818
8/17/1970,1.82,1.852,1.819,1.835
8/18/1970,1.83,1.851,1.826,1.85
8/19/1970,1.855,1.86,1.836,1.836
8/20/1970,1.82,1.83,1.812,1.814
8/21/1970,1.823,1.84,1.82,1.826
8/24/1970,1.845,1.86,1.845,1.853
8/25/1970,1.859,1.872,1.82,1.868
8/26/1970,1.863,1.868,1.84,1.852
8/27/1970,1.833,1.855,1.819,1.823
8/28/1970,1.88,1.895,1.878,1.89
8/31/1970,1.892,1.896,1.882,1.885
9/1/1970,1.887,1.891,1.865,1.869
9/2/1970,1.873,1.88,1.846,1.88
9/3/1970,1.885,1.899,1.881,1.89
9/4/1970,1.895,1.903,1.886,1.89
9/8/1970,1.885,1.91,1.876,1.907
9/9/1970,1.913,1.913,1.894,1.9
9/10/1970,1.891,1.894,1.88,1.88
9/11/1970,1.88,1.892,1.87,1.87
9/14/1970,1.869,1.875,1.85,1.85
9/15/1970,1.825,1.825,1.8,1.805
9/16/1970,1.81,1.829,1.805,1.823
9/17/1970,1.828,1.838,1.815,1.823
9/18/1970,1.805,1.815,1.788,1.798
9/21/1970,1.803,1.809,1.782,1.804
9/22/1970,1.807,1.817,1.799,1.812
9/23/1970,1.811,1.82,1.8,1.8
9/24/1970,1.797,1.804,1.766,1.77
9/25/1970,1.764,1.784,1.764,1.775
9/28/1970,1.782,1.79,1.779,1.779
9/29/1970,1.766,1.769,1.731,1.732
9/30/1970,1.728,1.73,1.685,1.689
10/1/1970,1.715,1.729,1.712,1.728
10/2/1970,1.738,1.747,1.735,1.74
10/5/1970,1.737,1.738,1.709,1.717
10/6/1970,1.713,1.762,1.713,1.761
10/7/1970,1.763,1.784,1.748,1.773
10/8/1970,1.775,1.78,1.763,1.771
10/9/1970,1.758,1.768,1.75,1.766
10/13/1970,1.759,1.759,1.731,1.732
10/14/1970,1.727,1.757,1.723,1.757
10/15/1970,1.757,1.771,1.757,1.765
10/16/1970,1.76,1.763,1.751,1.753
10/19/1970,1.747,1.747,1.722,1.729
10/20/1970,1.723,1.743,1.723,1.735
10/21/1970,1.741,1.754,1.73,1.731
10/22/1970,1.725,1.741,1.72,1.737
10/23/1970,1.74,1.794,1.74,1.791
10/26/1970,1.805,1.829,1.805,1.821
10/27/1970,1.802,1.82,1.797,1.816
10/28/1970,1.804,1.813,1.8,1.804
10/29/1970,1.791,1.803,1.791,1.798
10/30/1970,1.803,1.827,1.803,1.812
11/2/1970,1.82,1.824,1.805,1.806
11/4/1970,1.816,1.838,1.812,1.829
11/5/1970,1.839,1.839,1.811,1.811
11/6/1970,1.805,1.81,1.783,1.784
11/9/1970,1.795,1.817,1.79,1.815
11/10/1970,1.828,1.828,1.782,1.791
11/12/1970,1.806,1.806,1.763,1.793
11/13/1970,1.782,1.782,1.767,1.778
11/16/1970,1.778,1.796,1.765,1.794
11/17/1970,1.792,1.795,1.774,1.779
11/18/1970,1.77,1.773,1.745,1.746
11/19/1970,1.745,1.756,1.728,1.741
11/20/1970,1.74,1.752,1.734,1.751
11/23/1970,1.751,1.754,1.728,1.728
11/24/1970,1.702,1.714,1.631,1.641
11/25/1970,1.635,1.67,1.631,1.662
11/27/1970,1.698,1.699,1.677,1.681
11/30/1970,1.683,1.683,1.6,1.634
12/1/1970,1.64,1.669,1.638,1.668
12/2/1970,1.673,1.682,1.655,1.657
12/3/1970,1.664,1.68,1.658,1.679
12/4/1970,1.675,1.695,1.674,1.682
12/7/1970,1.645,1.674,1.645,1.67
12/8/1970,1.656,1.664,1.65,1.653
12/9/1970,1.62,1.634,1.6,1.606
12/10/1970,1.613,1.642,1.581,1.64
12/11/1970,1.641,1.667,1.639,1.652
12/14/1970,1.655,1.668,1.647,1.666
12/15/1970,1.661,1.668,1.652,1.655
12/16/1970,1.64,1.647,1.63,1.631
12/17/1970,1.633,1.685,1.625,1.675
12/18/1970,1.684,1.685,1.666,1.668
12/21/1970,1.68,1.704,1.677,1.69
12/22/1970,1.686,1.693,1.661,1.663
12/23/1970,1.655,1.676,1.652,1.656
12/24/1970,1.666,1.667,1.656,1.662
12/28/1970,1.662,1.675,1.662,1.664
12/29/1970,1.674,1.678,1.641,1.645
12/30/1970,1.651,1.653,1.631,1.65
12/31/1970,1.648,1.666,1.648,1.666
1/4/1971,1.674,1.681,1.671,1.678
1/5/1971,1.674,1.679,1.663,1.674
1/6/1971,1.667,1.73,1.667,1.719
1/7/1971,1.725,1.728,1.711,1.712
1/8/1971,1.718,1.734,1.71,1.728
1/11/1971,1.742,1.744,1.713,1.715
1/12/1971,1.72,1.727,1.708,1.719
1/13/1971,1.725,1.734,1.715,1.716
1/14/1971,1.71,1.713,1.703,1.71
1/15/1971,1.698,1.705,1.681,1.682
1/18/1971,1.64,1.642,1.585,1.586
1/19/1971,1.57,1.594,1.541,1.582
1/20/1971,1.585,1.599,1.573,1.577
1/21/1971,1.578,1.592,1.552,1.562
1/22/1971,1.55,1.59,1.55,1.581
1/25/1971,1.59,1.618,1.587,1.617
1/26/1971,1.616,1.617,1.581,1.587
1/27/1971,1.563,1.609,1.563,1.607
1/28/1971,1.605,1.614,1.587,1.607
1/29/1971,1.603,1.622,1.595,1.596
2/1/1971,1.599,1.616,1.592,1.596
2/2/1971,1.617,1.632,1.608,1.621
2/3/1971,1.63,1.634,1.621,1.629
2/4/1971,1.62,1.62,1.606,1.611
2/5/1971,1.605,1.619,1.605,1.616
2/8/1971,1.617,1.622,1.587,1.599
2/9/1971,1.584,1.599,1.573,1.578
2/10/1971,1.582,1.596,1.576,1.594
2/11/1971,1.598,1.606,1.58,1.596
2/16/1971,1.591,1.602,1.59,1.592
2/17/1971,1.597,1.606,1.595,1.595
2/18/1971,1.6,1.603,1.595,1.599
2/19/1971,1.604,1.613,1.604,1.612
2/22/1971,1.606,1.611,1.596,1.598
2/23/1971,1.595,1.602,1.574,1.58
2/24/1971,1.575,1.588,1.573,1.576
2/25/1971,1.596,1.611,1.595,1.609
2/26/1971,1.618,1.629,1.615,1.626
3/1/1971,1.623,1.647,1.623,1.642
3/2/1971,1.65,1.654,1.639,1.641
3/3/1971,1.635,1.64,1.633,1.637
3/4/1971,1.637,1.677,1.634,1.669
3/5/1971,1.666,1.677,1.663,1.664
3/8/1971,1.68,1.689,1.679,1.688
3/9/1971,1.68,1.683,1.675,1.677
3/10/1971,1.683,1.694,1.68,1.682
3/11/1971,1.678,1.679,1.66,1.665
3/12/1971,1.668,1.675,1.661,1.669
3/15/1971,1.674,1.697,1.673,1.696
3/16/1971,1.703,1.709,1.691,1.697
3/17/1971,1.691,1.699,1.68,1.696
3/18/1971,1.69,1.703,1.688,1.69
3/19/1971,1.688,1.69,1.673,1.676
3/22/1971,1.686,1.695,1.675,1.687
3/23/1971,1.692,1.693,1.68,1.681
3/24/1971,1.673,1.678,1.666,1.674
3/25/1971,1.672,1.702,1.664,1.7
3/26/1971,1.714,1.72,1.708,1.709
3/29/1971,1.706,1.715,1.705,1.709
3/30/1971,1.703,1.709,1.696,1.697
3/31/1971,1.692,1.729,1.692,1.725
4/1/1971,1.732,1.739,1.716,1.719
4/2/1971,1.728,1.748,1.728,1.747
4/5/1971,1.753,1.753,1.731,1.731
4/6/1971,1.734,1.75,1.733,1.741
4/7/1971,1.751,1.77,1.742,1.764
4/8/1971,1.758,1.761,1.752,1.754
4/12/1971,1.757,1.757,1.724,1.741
4/13/1971,1.746,1.752,1.732,1.733
4/14/1971,1.728,1.749,1.728,1.741
4/15/1971,1.736,1.743,1.728,1.731
4/16/1971,1.716,1.726,1.716,1.719
4/19/1971,1.707,1.735,1.707,1.732
4/20/1971,1.735,1.75,1.732,1.743
4/21/1971,1.747,1.756,1.74,1.747
4/22/1971,1.742,1.752,1.733,1.734
4/23/1971,1.727,1.73,1.713,1.713
4/26/1971,1.721,1.721,1.672,1.674
4/27/1971,1.674,1.686,1.672,1.676
4/28/1971,1.686,1.697,1.683,1.693
4/29/1971,1.724,1.724,1.701,1.717
4/30/1971,1.71,1.726,1.701,1.702
5/3/1971,1.699,1.707,1.662,1.667
5/4/1971,1.677,1.699,1.675,1.696
5/5/1971,1.73,1.743,1.72,1.722
5/6/1971,1.713,1.724,1.706,1.716
5/7/1971,1.71,1.719,1.707,1.71
5/10/1971,1.695,1.702,1.672,1.696
5/11/1971,1.7,1.706,1.693,1.693
5/12/1971,1.688,1.707,1.687,1.699
5/13/1971,1.712,1.729,1.708,1.723
5/14/1971,1.725,1.728,1.703,1.703
5/17/1971,1.701,1.707,1.692,1.706
5/18/1971,1.708,1.714,1.699,1.701
5/19/1971,1.695,1.71,1.689,1.697
5/20/1971,1.692,1.699,1.675,1.676
5/21/1971,1.667,1.667,1.63,1.631
5/24/1971,1.615,1.652,1.613,1.645
5/25/1971,1.651,1.653,1.628,1.631
5/26/1971,1.611,1.634,1.611,1.618
5/27/1971,1.614,1.623,1.605,1.615
5/28/1971,1.613,1.637,1.613,1.635
6/1/1971,1.63,1.63,1.62,1.621
6/2/1971,1.611,1.611,1.581,1.6
6/3/1971,1.607,1.613,1.601,1.604
6/4/1971,1.603,1.61,1.602,1.604
6/7/1971,1.603,1.603,1.591,1.591
6/8/1971,1.597,1.625,1.597,1.624
6/9/1971,1.635,1.638,1.621,1.63
6/10/1971,1.616,1.625,1.616,1.621
6/11/1971,1.632,1.639,1.631,1.636
6/14/1971,1.632,1.637,1.619,1.62
6/15/1971,1.624,1.627,1.617,1.627
6/16/1971,1.64,1.648,1.637,1.648
6/17/1971,1.64,1.645,1.635,1.636
6/18/1971,1.627,1.638,1.627,1.628
6/21/1971,1.605,1.606,1.585,1.586
6/22/1971,1.585,1.605,1.58,1.605
6/23/1971,1.6,1.607,1.59,1.592
6/24/1971,1.587,1.615,1.583,1.612
6/25/1971,1.605,1.607,1.596,1.605
6/28/1971,1.598,1.598,1.581,1.581
6/29/1971,1.582,1.594,1.57,1.59
6/30/1971,1.6,1.6,1.585,1.586
7/1/1971,1.62,1.623,1.607,1.622
7/2/1971,1.617,1.619,1.603,1.61
7/6/1971,1.61,1.619,1.609,1.614
7/7/1971,1.605,1.613,1.603,1.608
7/8/1971,1.615,1.628,1.615,1.624
7/9/1971,1.62,1.627,1.617,1.619
7/12/1971,1.612,1.614,1.585,1.585
7/13/1971,1.582,1.597,1.58,1.595
7/14/1971,1.598,1.603,1.563,1.563
7/15/1971,1.575,1.578,1.56,1.57
7/16/1971,1.575,1.59,1.574,1.588
7/19/1971,1.575,1.576,1.56,1.569
7/20/1971,1.562,1.564,1.552,1.554
7/21/1971,1.567,1.57,1.561,1.566
7/22/1971,1.579,1.586,1.577,1.584
7/23/1971,1.581,1.587,1.581,1.581
7/26/1971,1.567,1.575,1.567,1.57
7/27/1971,1.571,1.582,1.571,1.576
7/28/1971,1.585,1.598,1.585,1.591
7/29/1971,1.61,1.611,1.593,1.598
7/30/1971,1.605,1.606,1.59,1.592
8/2/1971,1.596,1.616,1.596,1.614
8/3/1971,1.619,1.62,1.604,1.605
8/4/1971,1.627,1.627,1.616,1.625
8/5/1971,1.62,1.622,1.614,1.62
8/6/1971,1.606,1.61,1.603,1.608
8/9/1971,1.623,1.63,1.618,1.622
8/10/1971,1.61,1.61,1.607,1.607
8/11/1971,1.584,1.597,1.584,1.594
8/12/1971,1.602,1.603,1.597,1.599
8/13/1971,1.602,1.603,1.591,1.597
8/19/1971,1.602,1.61,1.591,1.603
8/20/1971,1.608,1.609,1.602,1.608
8/23/1971,1.598,1.599,1.567,1.567
8/24/1971,1.57,1.578,1.55,1.577
8/25/1971,1.577,1.585,1.574,1.577
8/26/1971,1.572,1.578,1.559,1.56
8/27/1971,1.59,1.591,1.563,1.563
8/30/1971,1.558,1.559,1.513,1.527
8/31/1971,1.527,1.54,1.501,1.509
9/1/1971,1.517,1.53,1.501,1.528
9/2/1971,1.537,1.538,1.521,1.528
9/3/1971,1.52,1.522,1.511,1.514
9/7/1971,1.47,1.477,1.43,1.437
9/8/1971,1.41,1.443,1.408,1.429
9/9/1971,1.448,1.453,1.425,1.425
9/10/1971,1.415,1.423,1.402,1.405
9/13/1971,1.388,1.409,1.384,1.404
9/14/1971,1.414,1.429,1.414,1.422
9/15/1971,1.435,1.438,1.423,1.423
9/16/1971,1.423,1.435,1.419,1.434
9/17/1971,1.44,1.444,1.433,1.435
9/20/1971,1.438,1.45,1.435,1.448
9/21/1971,1.448,1.449,1.425,1.428
9/22/1971,1.42,1.43,1.419,1.429
9/23/1971,1.424,1.434,1.416,1.433
9/24/1971,1.434,1.44,1.429,1.431
9/27/1971,1.421,1.421,1.412,1.415
9/28/1971,1.408,1.423,1.408,1.421
9/29/1971,1.417,1.422,1.412,1.413
9/30/1971,1.405,1.413,1.403,1.411
10/1/1971,1.408,1.413,1.406,1.409
10/4/1971,1.405,1.405,1.361,1.362
10/5/1971,1.36,1.367,1.341,1.345
10/6/1971,1.358,1.364,1.352,1.358
10/7/1971,1.364,1.371,1.363,1.367
10/8/1971,1.35,1.351,1.325,1.331
10/12/1971,1.329,1.338,1.315,1.315
10/13/1971,1.32,1.332,1.312,1.332
10/14/1971,1.338,1.34,1.331,1.335
10/15/1971,1.34,1.356,1.336,1.349
10/18/1971,1.362,1.364,1.356,1.36
10/19/1971,1.346,1.35,1.334,1.334
10/20/1971,1.324,1.331,1.314,1.317
10/21/1971,1.308,1.328,1.306,1.325
10/22/1971,1.327,1.333,1.325,1.325
10/26/1971,1.333,1.343,1.332,1.34
10/27/1971,1.338,1.338,1.287,1.303
10/28/1971,1.305,1.315,1.296,1.313
10/29/1971,1.315,1.318,1.302,1.307
11/1/1971,1.303,1.305,1.29,1.291
11/3/1971,1.282,1.305,1.282,1.304
11/4/1971,1.303,1.312,1.294,1.295
11/5/1971,1.3,1.315,1.292,1.315
11/8/1971,1.312,1.328,1.305,1.326
11/9/1971,1.326,1.333,1.323,1.326
11/10/1971,1.317,1.323,1.313,1.317
11/11/1971,1.326,1.341,1.323,1.334
11/12/1971,1.337,1.338,1.327,1.328
11/15/1971,1.325,1.344,1.321,1.338
11/16/1971,1.34,1.342,1.33,1.331
11/17/1971,1.33,1.332,1.321,1.326
11/18/1971,1.328,1.336,1.315,1.316
11/19/1971,1.319,1.322,1.313,1.321
11/22/1971,1.313,1.33,1.304,1.323
11/23/1971,1.327,1.327,1.315,1.315
11/24/1971,1.315,1.324,1.313,1.318
11/26/1971,1.342,1.359,1.341,1.359
11/29/1971,1.366,1.378,1.363,1.363
11/30/1971,1.367,1.368,1.356,1.359
12/1/1971,1.365,1.39,1.363,1.389
12/2/1971,1.39,1.393,1.382,1.387
12/3/1971,1.385,1.41,1.382,1.407
12/6/1971,1.427,1.428,1.405,1.406
12/7/1971,1.404,1.418,1.396,1.41
12/8/1971,1.413,1.422,1.41,1.42
12/9/1971,1.426,1.438,1.425,1.436
12/10/1971,1.437,1.439,1.425,1.434
12/13/1971,1.428,1.43,1.417,1.42
12/14/1971,1.444,1.445,1.425,1.425
12/15/1971,1.417,1.431,1.407,1.43
12/16/1971,1.44,1.453,1.439,1.451
12/17/1971,1.448,1.454,1.442,1.444
12/20/1971,1.445,1.459,1.42,1.423
12/21/1971,1.42,1.43,1.414,1.415
12/22/1971,1.42,1.421,1.412,1.417
12/23/1971,1.415,1.422,1.415,1.42
12/27/1971,1.415,1.416,1.39,1.391
12/28/1971,1.384,1.39,1.365,1.367
12/29/1971,1.376,1.389,1.375,1.386
12/30/1971,1.396,1.396,1.382,1.384
1/3/1972,1.393,1.408,1.387,1.407
1/4/1972,1.413,1.43,1.41,1.43
1/5/1972,1.434,1.444,1.426,1.429
1/6/1972,1.438,1.458,1.427,1.458
1/7/1972,1.46,1.479,1.45,1.471
1/10/1972,1.465,1.492,1.458,1.492
1/11/1972,1.5,1.505,1.463,1.468
1/12/1972,1.471,1.486,1.464,1.481
1/13/1972,1.484,1.487,1.461,1.468
1/14/1972,1.468,1.506,1.468,1.502
1/17/1972,1.518,1.533,1.517,1.53
1/18/1972,1.514,1.525,1.5,1.523
1/19/1972,1.527,1.527,1.5,1.5
1/20/1972,1.495,1.514,1.487,1.512
1/21/1972,1.503,1.503,1.477,1.487
1/24/1972,1.497,1.5,1.466,1.468
1/25/1972,1.47,1.486,1.458,1.478
1/26/1972,1.467,1.482,1.46,1.472
1/27/1972,1.49,1.512,1.488,1.507
1/28/1972,1.53,1.545,1.526,1.532
1/31/1972,1.515,1.529,1.513,1.528
2/1/1972,1.543,1.55,1.531,1.532
2/2/1972,1.555,1.558,1.535,1.541
2/3/1972,1.522,1.53,1.517,1.53
2/4/1972,1.525,1.526,1.508,1.522
2/7/1972,1.537,1.54,1.526,1.526
2/8/1972,1.53,1.534,1.515,1.515
2/9/1972,1.513,1.528,1.513,1.527
2/10/1972,1.534,1.54,1.529,1.537
2/11/1972,1.53,1.53,1.49,1.49
2/14/1972,1.487,1.495,1.475,1.488
2/15/1972,1.494,1.5,1.48,1.484
2/16/1972,1.49,1.495,1.47,1.484
2/17/1972,1.494,1.497,1.488,1.494
2/18/1972,1.495,1.499,1.48,1.495
2/22/1972,1.493,1.495,1.484,1.484
2/23/1972,1.481,1.482,1.471,1.48
2/24/1972,1.483,1.485,1.479,1.483
2/25/1972,1.5,1.5,1.461,1.47
2/28/1972,1.478,1.478,1.463,1.47
2/29/1972,1.477,1.481,1.467,1.48
3/1/1972,1.486,1.504,1.484,1.503
3/2/1972,1.512,1.519,1.507,1.511
3/3/1972,1.504,1.533,1.498,1.532
3/6/1972,1.54,1.547,1.533,1.547
3/7/1972,1.55,1.564,1.536,1.542
3/8/1972,1.538,1.548,1.527,1.535
3/9/1972,1.548,1.555,1.543,1.547
3/10/1972,1.546,1.552,1.537,1.549
3/13/1972,1.548,1.562,1.544,1.553
3/14/1972,1.543,1.547,1.528,1.533
3/15/1972,1.531,1.543,1.525,1.54
3/16/1972,1.536,1.543,1.518,1.525
3/17/1972,1.521,1.54,1.514,1.537
3/20/1972,1.534,1.559,1.53,1.552
3/21/1972,1.552,1.572,1.551,1.559
3/22/1972,1.561,1.565,1.545,1.549
3/23/1972,1.543,1.552,1.539,1.543
3/24/1972,1.542,1.552,1.536,1.541
3/27/1972,1.537,1.56,1.536,1.557
3/28/1972,1.562,1.578,1.56,1.573
3/29/1972,1.581,1.59,1.576,1.578
3/30/1972,1.575,1.598,1.573,1.598
4/3/1972,1.598,1.613,1.598,1.607
4/4/1972,1.61,1.61,1.59,1.597
4/5/1972,1.6,1.603,1.583,1.585
4/6/1972,1.581,1.589,1.581,1.588
4/7/1972,1.591,1.6,1.591,1.598
4/10/1972,1.601,1.601,1.588,1.589
4/11/1972,1.58,1.583,1.57,1.582
4/12/1972,1.587,1.595,1.585,1.595
4/13/1972,1.586,1.586,1.544,1.547
4/14/1972,1.555,1.555,1.532,1.545
4/17/1972,1.556,1.56,1.549,1.558
4/18/1972,1.56,1.565,1.555,1.562
4/19/1972,1.547,1.549,1.538,1.539
4/20/1972,1.542,1.561,1.532,1.561
4/21/1972,1.556,1.57,1.556,1.566
4/24/1972,1.557,1.56,1.547,1.548
4/25/1972,1.549,1.55,1.541,1.55
4/26/1972,1.542,1.563,1.542,1.561
4/27/1972,1.587,1.589,1.587,1.589
4/28/1972,1.595,1.609,1.59,1.609
5/1/1972,1.618,1.622,1.602,1.604
5/2/1972,1.609,1.609,1.596,1.6
5/3/1972,1.596,1.603,1.592,1.594
5/4/1972,1.595,1.601,1.593,1.6
5/5/1972,1.606,1.613,1.597,1.598
5/8/1972,1.601,1.604,1.589,1.603
5/9/1972,1.615,1.617,1.603,1.603
5/10/1972,1.6,1.601,1.586,1.593
5/11/1972,1.589,1.598,1.585,1.588
5/12/1972,1.585,1.596,1.583,1.59
5/15/1972,1.592,1.598,1.586,1.593
5/16/1972,1.601,1.605,1.598,1.602
5/17/1972,1.608,1.613,1.605,1.611
5/18/1972,1.601,1.603,1.586,1.586
5/19/1972,1.585,1.6,1.585,1.599
5/22/1972,1.596,1.597,1.589,1.595
5/23/1972,1.589,1.591,1.56,1.564
5/24/1972,1.562,1.566,1.55,1.56
5/25/1972,1.565,1.575,1.564,1.574
5/26/1972,1.574,1.578,1.566,1.567
5/30/1972,1.57,1.572,1.547,1.552
5/31/1972,1.551,1.551,1.532,1.535
6/1/1972,1.542,1.557,1.536,1.553
6/2/1972,1.56,1.565,1.554,1.557
6/5/1972,1.552,1.561,1.547,1.56
6/6/1972,1.569,1.587,1.569,1.586
6/7/1972,1.588,1.588,1.574,1.579
6/8/1972,1.574,1.578,1.568,1.578
6/9/1972,1.574,1.584,1.569,1.575
6/12/1972,1.566,1.59,1.562,1.588
6/13/1972,1.589,1.597,1.582,1.582
6/14/1972,1.582,1.593,1.578,1.59
6/15/1972,1.594,1.6,1.582,1.583
6/16/1972,1.588,1.59,1.582,1.585
6/19/1972,1.575,1.582,1.566,1.571
6/20/1972,1.566,1.567,1.55,1.551
6/21/1972,1.551,1.556,1.544,1.552
6/22/1972,1.556,1.568,1.556,1.568
6/23/1972,1.573,1.579,1.563,1.563
6/26/1972,1.574,1.574,1.556,1.563
6/27/1972,1.56,1.566,1.552,1.566
6/28/1972,1.56,1.566,1.554,1.554
6/29/1972,1.566,1.591,1.564,1.589
6/30/1972,1.585,1.591,1.579,1.58
7/5/1972,1.576,1.618,1.576,1.618
7/6/1972,1.644,1.699,1.636,1.698
7/7/1972,1.705,1.719,1.681,1.713
7/10/1972,1.707,1.72,1.7,1.705
7/11/1972,1.695,1.714,1.687,1.707
7/12/1972,1.707,1.785,1.707,1.763
7/13/1972,1.771,1.789,1.74,1.749
7/14/1972,1.767,1.78,1.746,1.763
7/17/1972,1.772,1.832,1.77,1.791
7/18/1972,1.791,1.791,1.77,1.78
7/19/1972,1.765,1.79,1.756,1.783
7/20/1972,1.798,1.813,1.761,1.771
7/21/1972,1.759,1.778,1.753,1.763
7/24/1972,1.774,1.784,1.764,1.774
7/25/1972,1.792,1.794,1.777,1.78
7/26/1972,1.77,1.782,1.767,1.768
7/27/1972,1.752,1.846,1.752,1.844
7/28/1972,1.849,1.86,1.826,1.83
7/31/1972,1.837,1.841,1.806,1.808
8/1/1972,1.813,1.866,1.808,1.857
8/2/1972,1.847,1.857,1.836,1.838
8/3/1972,1.83,1.86,1.823,1.825
8/4/1972,1.831,1.845,1.815,1.829
8/7/1972,1.84,1.84,1.821,1.832
8/8/1972,1.823,1.823,1.805,1.807
8/9/1972,1.791,1.835,1.788,1.828
8/10/1972,1.833,1.845,1.821,1.823
8/11/1972,1.815,1.829,1.801,1.808
8/14/1972,1.8,1.825,1.795,1.812
8/15/1972,1.82,1.825,1.81,1.822
8/16/1972,1.829,1.842,1.817,1.817
8/17/1972,1.82,1.84,1.815,1.84
8/18/1972,1.847,1.857,1.843,1.848
8/21/1972,1.848,1.853,1.842,1.849
8/22/1972,1.835,1.902,1.835,1.891
8/23/1972,1.877,1.893,1.874,1.893
8/24/1972,1.903,1.907,1.887,1.888
8/25/1972,1.879,1.886,1.87,1.871
8/28/1972,1.866,1.87,1.864,1.866
8/29/1972,1.87,1.888,1.87,1.888
8/30/1972,1.929,1.952,1.929,1.949
8/31/1972,1.939,1.94,1.927,1.931
9/1/1972,1.927,1.937,1.921,1.926
9/5/1972,1.94,1.943,1.936,1.94
9/6/1972,1.927,1.928,1.902,1.906
9/7/1972,1.886,1.904,1.881,1.889
9/8/1972,1.89,1.89,1.852,1.853
9/11/1972,1.858,1.864,1.803,1.813
9/12/1972,1.815,1.828,1.797,1.798
9/13/1972,1.809,1.827,1.805,1.826
9/14/1972,1.828,1.838,1.812,1.816
9/15/1972,1.798,1.798,1.732,1.732
9/18/1972,1.717,1.717,1.666,1.675
9/19/1972,1.705,1.714,1.676,1.706
9/20/1972,1.725,1.735,1.717,1.73
9/21/1972,1.727,1.746,1.714,1.744
9/22/1972,1.732,1.735,1.719,1.723
9/25/1972,1.704,1.704,1.672,1.692
9/26/1972,1.708,1.725,1.706,1.723
9/27/1972,1.718,1.763,1.716,1.758
9/28/1972,1.772,1.777,1.745,1.761
9/29/1972,1.755,1.769,1.749,1.758
10/2/1972,1.765,1.783,1.764,1.781
10/3/1972,1.786,1.8,1.782,1.791
10/4/1972,1.802,1.808,1.79,1.796
10/5/1972,1.789,1.789,1.775,1.777
10/6/1972,1.767,1.825,1.765,1.81
10/10/1972,1.822,1.831,1.818,1.83
10/11/1972,1.813,1.815,1.792,1.794
10/12/1972,1.791,1.806,1.77,1.783
10/13/1972,1.798,1.811,1.795,1.81
10/16/1972,1.816,1.823,1.8,1.814
10/17/1972,1.8,1.816,1.8,1.814
10/18/1972,1.841,1.867,1.835,1.862
10/19/1972,1.855,1.857,1.84,1.841
10/20/1972,1.853,1.866,1.843,1.862
10/24/1972,1.859,1.88,1.855,1.855
10/25/1972,1.849,1.854,1.827,1.831
10/26/1972,1.839,1.852,1.829,1.832
10/27/1972,1.821,1.843,1.817,1.841
10/30/1972,1.83,1.833,1.813,1.814
10/31/1972,1.805,1.847,1.805,1.843
11/1/1972,1.85,1.867,1.84,1.853
11/2/1972,1.86,1.861,1.84,1.846
11/3/1972,1.857,1.878,1.846,1.874
11/6/1972,1.881,1.881,1.847,1.849
11/8/1972,1.861,1.861,1.818,1.821
11/9/1972,1.827,1.834,1.8,1.801
11/10/1972,1.813,1.837,1.812,1.83
11/13/1972,1.832,1.832,1.808,1.821
11/14/1972,1.826,1.828,1.798,1.81
11/15/1972,1.819,1.83,1.816,1.829
11/16/1972,1.818,1.82,1.8,1.815
11/17/1972,1.805,1.807,1.786,1.786
11/20/1972,1.783,1.791,1.78,1.789
11/21/1972,1.806,1.818,1.804,1.817
11/22/1972,1.818,1.828,1.818,1.825
11/24/1972,1.829,1.829,1.809,1.81
11/27/1972,1.813,1.813,1.797,1.798
11/28/1972,1.81,1.855,1.81,1.85
11/29/1972,1.895,1.903,1.8,1.8
11/30/1972,1.901,1.926,1.899,1.91
12/1/1972,1.909,1.935,1.901,1.932
12/4/1972,1.929,1.936,1.914,1.914
12/5/1972,1.906,1.969,1.905,1.957
12/6/1972,1.969,1.982,1.939,1.94
12/7/1972,1.943,1.957,1.934,1.95
12/8/1972,1.961,1.98,1.94,1.975
12/11/1972,2.008,2.021,1.997,2.017
12/12/1972,2.004,2.016,1.993,1.995
12/13/1972,2,2.016,1.965,1.966
12/14/1972,1.978,1.998,1.972,1.993
12/15/1972,2.012,2.03,2.005,2.019
12/18/1972,1.995,1.998,1.947,1.962
12/19/1972,1.976,1.986,1.964,1.97
12/20/1972,1.96,2.006,1.952,2.003
12/21/1972,2.055,2.059,2.036,2.042
12/22/1972,2.03,2.051,2.025,2.044
12/26/1972,2.058,2.066,2.044,2.048
12/27/1972,2.038,2.04,2.022,2.039
12/29/1972,2.053,2.055,2.046,2.047
1/2/1973,2.055,2.06,2.03,2.034
1/3/1973,2.03,2.077,2.025,2.053
1/4/1973,2.073,2.074,2.046,2.048
1/5/1973,2.05,2.065,2,2.024
1/8/1973,2.007,2.035,1.995,2.034
1/9/1973,2.037,2.037,2.013,2.017
1/10/1973,2.013,2.035,2.012,2.034
1/11/1973,2.04,2.052,2.037,2.041
1/12/1973,2.046,2.052,2.042,2.05
1/15/1973,2.06,2.062,2.027,2.028
1/16/1973,2.13,2.154,2.125,2.153
1/17/1973,2.034,2.034,2.008,2.01
1/18/1973,2.005,2.041,1.998,2.03
1/19/1973,2.032,2.037,2.01,2.011
1/22/1973,1.99,2,1.956,1.961
1/23/1973,1.972,1.993,1.954,1.964
1/24/1973,1.972,1.985,1.956,1.983
1/26/1973,1.986,1.992,1.969,1.971
1/29/1973,1.967,2.004,1.956,2
1/30/1973,2.003,2.026,1.996,2.026
1/31/1973,2.031,2.05,2.022,2.047
2/1/1973,2.052,2.052,2.04,2.046
2/2/1973,2.053,2.054,2.031,2.053
2/5/1973,2.055,2.118,2.048,2.118
2/6/1973,2.125,2.146,2.103,2.103
2/7/1973,2.106,2.139,2.1,2.132
2/8/1973,2.148,2.195,2.148,2.181
2/9/1973,2.151,2.163,2.141,2.157
2/13/1973,2.201,2.251,2.18,2.248
2/14/1973,2.26,2.305,2.23,2.27
2/15/1973,2.24,2.275,2.225,2.235
2/16/1973,2.205,2.227,2.193,2.213
2/20/1973,2.22,2.269,2.22,2.249
2/21/1973,2.279,2.295,2.271,2.273
2/22/1973,2.373,2.373,2.373,2.373
2/23/1973,2.427,2.427,2.346,2.383
2/26/1973,2.349,2.38,2.33,2.372
2/27/1973,2.452,2.49,2.446,2.49
2/28/1973,2.485,2.55,2.463,2.55
3/1/1973,2.57,2.65,2.568,2.65
3/2/1973,2.654,2.7,2.6,2.6
3/5/1973,2.5,2.5,2.5,2.5
3/6/1973,2.4,2.475,2.4,2.4
3/7/1973,2.37,2.435,2.355,2.365
3/8/1973,2.45,2.46,2.41,2.431
3/9/1973,2.407,2.42,2.362,2.37
3/12/1973,2.34,2.34,2.27,2.27
3/13/1973,2.173,2.235,2.172,2.23
3/14/1973,2.24,2.256,2.212,2.24
3/15/1973,2.14,2.212,2.14,2.165
3/16/1973,2.195,2.212,2.181,2.208
3/19/1973,2.207,2.24,2.173,2.183
3/20/1973,2.185,2.28,2.178,2.271
3/21/1973,2.27,2.317,2.256,2.271
3/22/1973,2.255,2.258,2.2,2.208
3/23/1973,2.27,2.279,2.246,2.268
3/26/1973,2.34,2.34,2.305,2.314
3/27/1973,2.3,2.3,2.23,2.23
3/28/1973,2.185,2.228,2.172,2.189
3/29/1973,2.22,2.23,2.191,2.196
3/30/1973,2.22,2.237,2.18,2.204
4/2/1973,2.185,2.27,2.177,2.26
4/3/1973,2.252,2.261,2.217,2.231
4/4/1973,2.242,2.265,2.222,2.229
4/5/1973,2.258,2.265,2.215,2.221
4/6/1973,2.223,2.238,2.212,2.22
4/9/1973,2.2,2.253,2.198,2.253
4/10/1973,2.269,2.287,2.236,2.26
4/11/1973,2.263,2.271,2.24,2.262
4/12/1973,2.243,2.246,2.229,2.229
4/13/1973,2.217,2.243,2.215,2.232
4/16/1973,2.227,2.241,2.18,2.183
4/17/1973,2.185,2.19,2.085,2.089
4/18/1973,2.105,2.126,2.06,2.097
4/19/1973,2.115,2.119,2.095,2.116
4/23/1973,2.106,2.106,2.097,2.097
4/24/1973,2.092,2.13,2.085,2.126
4/25/1973,2.139,2.147,2.115,2.117
4/26/1973,2.122,2.143,2.112,2.124
4/27/1973,2.171,2.175,2.158,2.17
4/30/1973,2.185,2.187,2.175,2.182
5/1/1973,2.172,2.176,2.15,2.157
5/2/1973,2.149,2.165,2.11,2.124
5/3/1973,2.14,2.224,2.132,2.224
5/4/1973,2.21,2.26,2.194,2.24
5/7/1973,2.231,2.249,2.216,2.239
5/8/1973,2.397,2.477,2.287,2.287
5/9/1973,2.34,2.375,2.34,2.353
5/10/1973,2.39,2.425,2.375,2.404
5/11/1973,2.405,2.405,2.337,2.362
5/14/1973,2.452,2.462,2.432,2.462
5/15/1973,2.555,2.555,2.362,2.38
5/16/1973,2.39,2.408,2.35,2.384
5/17/1973,2.375,2.404,2.367,2.394
5/18/1973,2.455,2.468,2.427,2.46
5/21/1973,2.545,2.545,2.51,2.536
5/22/1973,2.473,2.545,2.47,2.49
5/23/1973,2.462,2.482,2.424,2.427
5/24/1973,2.427,2.446,2.385,2.438
5/25/1973,2.43,2.519,2.413,2.512
5/29/1973,2.56,2.612,2.48,2.6
5/30/1973,2.605,2.628,2.568,2.625
5/31/1973,2.625,2.628,2.585,2.597
6/1/1973,2.66,2.677,2.647,2.665
6/4/1973,2.7,2.765,2.696,2.762
6/5/1973,2.783,2.785,2.662,2.662
6/6/1973,2.58,2.62,2.562,2.562
6/7/1973,2.55,2.566,2.48,2.488
6/8/1973,2.51,2.528,2.498,2.526
6/11/1973,2.511,2.546,2.43,2.466
6/12/1973,2.49,2.554,2.49,2.549
6/13/1973,2.515,2.523,2.473,2.498
6/14/1973,2.56,2.595,2.515,2.523
6/15/1973,2.567,2.607,2.55,2.603
6/18/1973,2.66,2.679,2.638,2.675
6/19/1973,2.618,2.626,2.593,2.597
6/20/1973,2.593,2.624,2.548,2.61
6/21/1973,2.635,2.663,2.627,2.648
6/22/1973,2.635,2.658,2.623,2.654
6/25/1973,2.61,2.7,2.61,2.683
6/26/1973,2.7,2.73,2.688,2.698
6/27/1973,2.688,2.705,2.653,2.692
6/28/1973,2.68,2.731,2.658,2.673
6/29/1973,2.71,2.724,2.687,2.721
7/2/1973,2.719,2.735,2.691,2.732
7/3/1973,2.721,2.775,2.72,2.752
7/5/1973,2.76,2.81,2.733,2.805
7/6/1973,2.845,2.88,2.834,2.841
7/9/1973,2.85,2.854,2.795,2.798
7/10/1973,2.778,2.778,2.725,2.727
7/11/1973,2.685,2.8,2.67,2.8
7/12/1973,2.835,2.855,2.77,2.79
7/13/1973,2.81,2.835,2.775,2.816
7/16/1973,2.836,2.915,2.82,2.912
7/17/1973,2.935,2.962,2.885,2.911
7/18/1973,2.901,2.947,2.87,2.945
7/19/1973,2.89,2.908,2.845,2.845
7/20/1973,2.87,2.93,2.859,2.919
7/23/1973,2.969,3.019,2.962,3.019
7/24/1973,3.02,3.05,2.961,2.98
7/25/1973,2.962,3.019,2.927,2.986
7/26/1973,2.971,2.999,2.94,2.945
7/27/1973,2.93,2.931,2.847,2.85
7/30/1973,2.75,2.811,2.75,2.801
7/31/1973,2.788,2.901,2.788,2.901
8/1/1973,2.96,2.995,2.935,2.991
8/2/1973,2.945,2.979,2.9,2.9
8/3/1973,2.875,2.935,2.875,2.907
8/6/1973,2.849,2.876,2.82,2.822
8/7/1973,2.815,2.89,2.76,2.776
8/8/1973,2.761,2.8,2.7,2.716
8/9/1973,2.65,2.78,2.645,2.771
8/10/1973,2.721,2.758,2.685,2.685
8/13/1973,2.64,2.666,2.585,2.585
8/14/1973,2.57,2.65,2.52,2.576
8/15/1973,2.56,2.637,2.56,2.626
8/16/1973,2.666,2.679,2.621,2.648
8/17/1973,2.677,2.774,2.636,2.636
8/20/1973,2.691,2.726,2.686,2.726
8/21/1973,2.678,2.68,2.626,2.626
8/22/1973,2.592,2.605,2.534,2.579
8/23/1973,2.55,2.58,2.535,2.566
8/24/1973,2.597,2.611,2.582,2.611
8/27/1973,2.626,2.626,2.555,2.56
8/28/1973,2.559,2.605,2.537,2.554
8/29/1973,2.59,2.654,2.58,2.654
8/30/1973,2.73,2.769,2.703,2.71
8/31/1973,2.68,2.705,2.666,2.69
9/4/1973,2.7,2.717,2.628,2.631
9/5/1973,2.641,2.705,2.634,2.689
9/6/1973,2.72,2.725,2.61,2.61
9/7/1973,2.631,2.675,2.6,2.647
9/10/1973,2.672,2.672,2.547,2.573
9/11/1973,2.555,2.598,2.525,2.595
9/12/1973,2.6,2.6,2.566,2.58
9/13/1973,2.565,2.62,2.55,2.588
9/14/1973,2.595,2.62,2.578,2.61
9/17/1973,2.645,2.709,2.635,2.708
9/18/1973,2.691,2.694,2.665,2.67
9/19/1973,2.666,2.76,2.645,2.76
9/20/1973,2.79,2.838,2.772,2.834
9/21/1973,2.81,2.829,2.795,2.81
9/24/1973,2.8,2.869,2.782,2.835
9/25/1973,2.825,2.86,2.8,2.838
9/26/1973,2.89,2.905,2.868,2.875
9/27/1973,2.845,2.854,2.82,2.824
9/28/1973,2.79,2.832,2.783,2.822
10/1/1973,2.772,2.794,2.76,2.762
10/2/1973,2.788,2.808,2.77,2.8
10/3/1973,2.835,2.844,2.77,2.794
10/4/1973,2.79,2.805,2.721,2.721
10/5/1973,2.77,2.803,2.751,2.803
10/9/1973,2.86,2.903,2.843,2.903
10/10/1973,2.948,2.995,2.93,2.959
10/11/1973,2.951,2.958,2.915,2.95
10/12/1973,2.965,3.016,2.965,3.01
10/15/1973,3.01,3.039,2.987,2.994
10/16/1973,2.989,3.07,2.968,3.062
10/17/1973,3.05,3.088,2.962,2.97
10/18/1973,2.975,3.017,2.95,3.01
10/19/1973,2.965,2.98,2.925,2.93
10/23/1973,2.965,3,2.956,2.986
10/24/1973,2.97,2.97,2.925,2.937
10/25/1973,2.96,2.967,2.888,2.923
10/26/1973,2.902,2.928,2.878,2.916
10/29/1973,2.867,2.871,2.835,2.836
10/30/1973,2.83,2.879,2.824,2.872
10/31/1973,2.85,2.897,2.85,2.881
11/1/1973,2.885,2.93,2.885,2.93
11/2/1973,2.905,2.938,2.897,2.922
11/5/1973,2.901,2.939,2.83,2.932
11/7/1973,2.913,2.935,2.861,2.863
11/8/1973,2.875,2.888,2.853,2.874
11/9/1973,2.895,2.898,2.875,2.893
11/12/1973,2.84,2.85,2.799,2.8
11/13/1973,2.799,2.814,2.755,2.807
11/14/1973,2.76,2.825,2.746,2.816
11/15/1973,2.816,2.845,2.79,2.792
11/16/1973,2.805,2.836,2.771,2.826
11/19/1973,2.843,2.873,2.817,2.869
11/20/1973,2.865,2.879,2.84,2.874
11/21/1973,2.84,2.865,2.814,2.845
11/23/1973,2.83,2.844,2.816,2.827
11/26/1973,2.815,2.816,2.732,2.756
11/27/1973,2.761,2.869,2.75,2.869
11/28/1973,2.929,2.929,2.907,2.929
11/29/1973,3.03,3.045,2.997,3.017
11/30/1973,2.999,3.029,2.992,3.017
12/3/1973,3.011,3.092,3.01,3.09
12/4/1973,3.12,3.18,3.071,3.076
12/5/1973,3.1,3.116,3.002,3.02
12/6/1973,3.054,3.106,3.039,3.106
12/7/1973,3.136,3.16,3.086,3.13
12/10/1973,3.105,3.171,3.105,3.169
12/11/1973,3.153,3.165,3.12,3.158
12/12/1973,3.137,3.145,3.114,3.121
12/13/1973,3.09,3.113,3.025,3.051
12/14/1973,3.051,3.097,3.036,3.088
12/17/1973,3.12,3.188,3.106,3.188
12/18/1973,3.237,3.249,3.192,3.206
12/19/1973,3.193,3.245,3.171,3.225
12/20/1973,3.255,3.264,3.2,3.206
12/21/1973,3.221,3.229,3.178,3.228
12/26/1973,3.242,3.285,3.24,3.282
12/27/1973,3.313,3.313,3.264,3.27
12/28/1973,3.271,3.29,3.242,3.267
12/31/1973,3.295,3.299,3.275,3.297
1/2/1974,3.337,3.393,3.337,3.385
1/3/1974,3.395,3.403,3.33,3.333
1/4/1974,3.317,3.32,3.261,3.29
1/7/1974,3.31,3.39,3.3,3.39
1/8/1974,3.409,3.445,3.351,3.437
1/9/1974,3.399,3.413,3.341,3.347
1/10/1974,3.352,3.435,3.321,3.432
1/11/1974,3.456,3.468,3.309,3.458
1/14/1974,3.495,3.549,3.473,3.542
1/15/1974,3.545,3.565,3.505,3.533
1/16/1974,3.486,3.633,3.465,3.633
1/17/1974,3.69,3.725,3.641,3.706
1/18/1974,3.665,3.806,3.655,3.806
1/21/1974,3.906,3.906,3.896,3.906
1/22/1974,3.87,4,3.806,3.813
1/23/1974,3.78,3.82,3.73,3.774
1/24/1974,3.84,3.874,3.834,3.874
1/25/1974,3.974,3.974,3.974,3.974
1/28/1974,4.03,4.074,3.955,4.074
1/29/1974,4,4.105,3.974,3.974
1/30/1974,3.93,3.987,3.925,3.96
1/31/1974,3.95,4.06,3.937,4.06
2/1/1974,4.08,4.16,4.08,4.16
2/4/1974,4.26,4.26,4.26,4.26
2/5/1974,4.41,4.41,4.41,4.41
2/6/1974,4.435,4.56,4.3,4.56
2/7/1974,4.62,4.71,4.552,4.665
2/8/1974,4.815,4.815,4.765,4.815
2/11/1974,4.965,4.965,4.965,4.965
2/13/1974,5.115,5.115,5.115,5.115
2/14/1974,5.265,5.265,5.15,5.265
2/15/1974,5.415,5.415,5.415,5.415
2/19/1974,5.365,5.565,5.265,5.46
2/20/1974,5.5,5.61,5.485,5.61
2/21/1974,5.76,5.76,5.76,5.76
2/22/1974,5.91,5.91,5.86,5.888
2/25/1974,6.03,6.038,5.998,6.038
2/26/1974,6.188,6.188,6.188,6.188
2/27/1974,6.442,6.442,6.05,6.078
2/28/1974,5.878,5.878,5.878,5.878
3/1/1974,5.835,5.87,5.678,5.678
3/4/1974,5.695,5.7,5.478,5.478
3/5/1974,5.278,5.278,5.278,5.278
3/6/1974,5.078,5.28,5.078,5.085
3/7/1974,5.285,5.285,5.24,5.285
3/8/1974,5.485,5.485,5.1,5.18
3/11/1974,5.15,5.33,5.121,5.32
3/12/1974,5.28,5.522,5.28,5.522
3/13/1974,5.56,5.62,5.45,5.55
3/14/1974,5.47,5.475,5.36,5.38
3/15/1974,5.32,5.36,5.18,5.345
3/18/1974,5.38,5.535,5.29,5.445
3/19/1974,5.645,5.645,5.59,5.645
3/20/1974,5.735,5.82,5.665,5.67
3/21/1974,5.58,5.63,5.47,5.47
3/22/1974,5.63,5.66,5.51,5.61
3/25/1974,5.62,5.62,5.41,5.41
3/26/1974,5.21,5.21,5.21,5.21
3/27/1974,5.28,5.315,5.01,5.197
3/28/1974,5.26,5.39,5.26,5.36
3/29/1974,5.42,5.46,5.3,5.369
4/1/1974,5.305,5.315,5.169,5.169
4/2/1974,5.16,5.265,4.969,5.045
4/3/1974,5.18,5.245,5.07,5.23
4/4/1974,5.18,5.285,5.05,5.194
4/5/1974,5.06,5.09,4.994,4.994
4/8/1974,4.794,4.794,4.794,4.794
4/9/1974,4.6,4.685,4.594,4.594
4/10/1974,4.625,4.659,4.413,4.42
4/11/1974,4.35,4.39,4.22,4.29
4/15/1974,4.285,4.49,4.285,4.49
4/16/1974,4.55,4.59,4.33,4.51
4/17/1974,4.527,4.65,4.41,4.628
4/18/1974,4.69,4.828,4.615,4.828
4/19/1974,4.85,5.028,4.83,5.028
4/22/1974,5.228,5.228,5.228,5.228
4/23/1974,5.428,5.428,5.32,5.428
4/24/1974,5.4,5.628,5.33,5.628
4/25/1974,5.635,5.77,5.51,5.6
4/26/1974,5.53,5.749,5.502,5.62
4/29/1974,5.6,5.82,5.565,5.803
4/30/1974,5.84,5.935,5.73,5.74
5/1/1974,5.57,5.675,5.54,5.54
5/2/1974,5.67,5.74,5.526,5.72
5/3/1974,5.69,5.78,5.572,5.572
5/6/1974,5.62,5.65,5.52,5.52
5/7/1974,5.32,5.39,5.32,5.375
5/8/1974,5.415,5.575,5.21,5.575
5/9/1974,5.64,5.76,5.64,5.71
5/10/1974,5.64,5.88,5.64,5.825
5/13/1974,5.84,6.025,5.84,6.025
5/14/1974,6.225,6.225,5.83,5.84
5/15/1974,5.75,6.04,5.71,6.031
5/16/1974,6.07,6.145,5.88,5.925
5/17/1974,5.98,5.995,5.81,5.87
5/20/1974,5.74,5.74,5.67,5.67
5/21/1974,5.5,5.685,5.47,5.605
5/22/1974,5.654,5.67,5.405,5.405
5/23/1974,5.205,5.23,5.205,5.205
5/24/1974,5.255,5.268,5.005,5.005
5/28/1974,4.805,4.805,4.805,4.805
5/29/1974,4.62,5.005,4.61,5.005
5/30/1974,5.163,5.205,5,5.13
5/31/1974,5.04,5.08,4.935,4.935
6/3/1974,4.745,4.755,4.735,4.735
6/4/1974,4.745,4.935,4.64,4.935
6/5/1974,5.065,5.135,5.06,5.135
6/6/1974,5.07,5.17,4.96,5.165
6/7/1974,5.17,5.285,5.105,5.24
6/10/1974,5.35,5.39,5.25,5.265
6/11/1974,5.15,5.19,5.065,5.065
6/12/1974,5.01,5.265,4.905,5.237
6/13/1974,5.165,5.22,5.037,5.037
6/14/1974,5.135,5.18,4.915,5.07
6/17/1974,4.94,5.14,4.915,5.09
6/18/1974,4.99,5.035,4.89,4.89
6/19/1974,4.76,4.96,4.72,4.725
6/20/1974,4.79,4.835,4.685,4.77
6/21/1974,4.825,4.845,4.755,4.8
6/24/1974,4.72,4.72,4.6,4.6
6/25/1974,4.58,4.785,4.575,4.623
6/26/1974,4.66,4.69,4.535,4.65
6/27/1974,4.67,4.77,4.67,4.745
6/28/1974,4.77,4.815,4.74,4.8
7/1/1974,4.79,4.82,4.6,4.6
7/2/1974,4.405,4.51,4.405,4.488
7/3/1974,4.35,4.38,4.288,4.288
7/5/1974,4.26,4.375,4.115,4.225
7/8/1974,4.38,4.425,4.37,4.425
7/9/1974,4.47,4.53,4.44,4.52
7/10/1974,4.35,4.36,4.32,4.32
7/11/1974,4.12,4.15,4.12,4.12
7/12/1974,4.01,4.07,3.945,3.955
7/15/1974,4.135,4.155,4.105,4.155
7/16/1974,4.18,4.22,3.955,3.96
7/17/1974,3.985,4.065,3.98,4.04
7/18/1974,4.24,4.24,4.24,4.24
7/19/1974,4.44,4.44,4.32,4.37
7/22/1974,4.24,4.57,4.225,4.57
7/23/1974,4.6,4.755,4.53,4.61
7/24/1974,4.61,4.8,4.57,4.791
7/25/1974,4.945,4.991,4.88,4.985
7/26/1974,4.9,4.956,4.865,4.956
7/29/1974,5.156,5.156,5.156,5.156
7/30/1974,5.1,5.125,4.955,4.955
7/31/1974,4.925,5.07,4.89,5.002
8/1/1974,5.04,5.04,4.802,4.802
8/2/1974,4.73,4.74,4.602,4.602
8/5/1974,4.51,4.65,4.403,4.544
8/6/1974,4.72,4.73,4.53,4.718
8/7/1974,4.668,4.755,4.605,4.638
8/8/1974,4.592,4.595,4.438,4.438
8/9/1974,4.49,4.568,4.32,4.35
8/12/1974,4.29,4.345,4.15,4.202
8/13/1974,4.402,4.402,4.402,4.402
8/14/1974,4.602,4.602,4.375,4.515
8/15/1974,4.38,4.445,4.32,4.36
8/16/1974,4.43,4.49,4.39,4.48
8/19/1974,4.48,4.53,4.437,4.48
8/20/1974,4.4,4.4,4.34,4.35
8/21/1974,4.32,4.52,4.275,4.513
8/22/1974,4.54,4.615,4.46,4.56
8/23/1974,4.5,4.56,4.48,4.501
8/26/1974,4.47,4.503,4.321,4.35
8/27/1974,4.355,4.36,4.15,4.15
8/28/1974,4.11,4.285,4.045,4.273
8/29/1974,4.4,4.47,4.24,4.275
8/30/1974,4.18,4.34,4.16,4.295
9/3/1974,4.225,4.25,4.095,4.095
9/4/1974,4.06,4.15,3.905,4.14
9/5/1974,4.2,4.295,4.07,4.27
9/6/1974,4.24,4.28,4.175,4.21
9/9/1974,4.13,4.13,4.015,4.122
9/10/1974,4.165,4.165,4.04,4.05
9/11/1974,3.985,4.1,3.95,4.09
9/12/1974,4.19,4.27,4.05,4.06
9/13/1974,3.99,4.13,3.965,4.125
9/16/1974,4.02,4.05,3.93,3.94
9/17/1974,3.88,3.896,3.77,3.805
9/18/1974,3.9,3.935,3.83,3.88
9/19/1974,3.975,3.98,3.915,3.965
9/20/1974,3.91,4.01,3.89,3.99
9/23/1974,4.07,4.155,4.065,4.15
9/24/1974,4.14,4.3,4.08,4.26
9/25/1974,4.31,4.385,4.13,4.145
9/26/1974,4.125,4.3,4.08,4.265
9/27/1974,4.28,4.39,4.21,4.225
9/30/1974,4.34,4.425,4.32,4.425
10/1/1974,4.53,4.58,4.48,4.558
10/2/1974,4.54,4.74,4.48,4.73
10/3/1974,4.84,4.93,4.78,4.93
10/4/1974,4.94,5.13,4.89,5.13
10/7/1974,4.93,4.93,4.93,4.93
10/8/1974,4.74,4.9,4.73,4.73
10/9/1974,4.8,4.93,4.775,4.93
10/10/1974,5.04,5.07,4.74,4.75
10/11/1974,4.75,4.82,4.56,4.605
10/15/1974,4.685,4.775,4.655,4.74
10/16/1974,4.69,4.739,4.595,4.6
10/17/1974,4.54,4.589,4.452,4.58
10/18/1974,4.7,4.78,4.54,4.78
10/21/1974,4.89,4.98,4.835,4.98
10/22/1974,4.96,5.1,4.825,4.864
10/23/1974,4.87,4.94,4.79,4.92
10/24/1974,5.12,5.12,5.08,5.12
10/25/1974,5.08,5.17,5.055,5.12
10/28/1974,5.21,5.295,5.2,5.27
10/29/1974,5.21,5.22,5.07,5.07
10/30/1974,5.085,5.14,4.87,4.89
10/31/1974,4.9,4.974,4.815,4.845
11/1/1974,4.85,4.899,4.67,4.693
11/4/1974,4.73,4.85,4.73,4.83
11/6/1974,5.03,5.03,5.03,5.03
11/7/1974,4.98,5.101,4.922,5.072
11/8/1974,4.985,5.23,4.985,5.1
11/12/1974,4.99,5.025,4.9,4.9
11/13/1974,4.94,4.985,4.7,4.81
11/14/1974,4.925,4.938,4.75,4.845
11/15/1974,4.78,4.78,4.645,4.645
11/18/1974,4.62,4.69,4.445,4.445
11/19/1974,4.375,4.56,4.245,4.315
11/20/1974,4.27,4.48,4.18,4.425
11/21/1974,4.5,4.52,4.225,4.26
11/22/1974,4.205,4.415,4.17,4.408
11/25/1974,4.37,4.49,4.335,4.4
11/26/1974,4.355,4.54,4.33,4.535
11/27/1974,4.58,4.585,4.42,4.5
11/29/1974,4.583,4.76,4.565,4.74
12/2/1974,4.765,4.775,4.54,4.54
12/3/1974,4.42,4.42,4.34,4.34
12/4/1974,4.37,4.4,4.16,4.34
12/5/1974,4.39,4.48,4.315,4.36
12/6/1974,4.39,4.39,4.24,4.305
12/9/1974,4.29,4.29,4.141,4.235
12/10/1974,4.19,4.3,4.16,4.26
12/11/1974,4.2,4.295,4.175,4.223
12/12/1974,4.16,4.28,4.155,4.27
12/13/1974,4.34,4.385,4.305,4.37
12/16/1974,4.43,4.57,4.405,4.564
12/17/1974,4.605,4.635,4.47,4.48
12/18/1974,4.47,4.62,4.46,4.615
12/19/1974,4.635,4.745,4.625,4.678
12/20/1974,4.59,4.615,4.505,4.545
12/23/1974,4.67,4.745,4.64,4.745
12/24/1974,4.73,4.82,4.67,4.8
12/26/1974,4.79,4.895,4.79,4.895
12/27/1974,4.89,4.928,4.84,4.87
12/30/1974,4.79,4.805,4.67,4.67
12/31/1974,4.47,4.48,4.47,4.47
1/2/1975,4.42,4.42,4.27,4.378
1/3/1975,4.32,4.44,4.29,4.29
1/6/1975,4.22,4.33,4.09,4.29
1/7/1975,4.25,4.34,4.18,4.195
1/8/1975,4.26,4.305,4.11,4.18
1/9/1975,4.24,4.255,4.15,4.19
1/10/1975,4.145,4.39,4.095,4.38
1/13/1975,4.45,4.45,4.305,4.323
1/14/1975,4.3,4.49,4.28,4.48
1/15/1975,4.44,4.5,4.31,4.32
1/16/1975,4.28,4.48,4.195,4.21
1/17/1975,4.14,4.17,4.01,4.01
1/20/1975,4.035,4.13,3.933,4.115
1/21/1975,4.08,4.13,3.97,3.985
1/22/1975,4.04,4.09,3.94,4.043
1/23/1975,4,4.243,3.98,4.243
1/24/1975,4.295,4.395,4.255,4.355
1/27/1975,4.35,4.535,4.203,4.228
1/28/1975,4.2,4.35,4.18,4.295
1/29/1975,4.315,4.415,4.255,4.34
1/30/1975,4.32,4.35,4.195,4.225
1/31/1975,4.13,4.165,4.07,4.105
2/3/1975,4.145,4.206,4.115,4.145
2/4/1975,4.095,4.165,4.08,4.12
2/5/1975,4.145,4.185,4.125,4.16
2/6/1975,4.13,4.255,4.11,4.225
2/7/1975,4.27,4.405,4.261,4.33
2/10/1975,4.29,4.32,4.185,4.19
2/11/1975,4.215,4.34,4.215,4.325
2/13/1975,4.43,4.525,4.4,4.525
2/14/1975,4.57,4.585,4.43,4.53
2/18/1975,4.42,4.565,4.42,4.55
2/19/1975,4.61,4.64,4.48,4.52
2/20/1975,4.57,4.66,4.54,4.65
2/21/1975,4.645,4.65,4.55,4.565
2/24/1975,4.6,4.658,4.575,4.58
2/25/1975,4.629,4.629,4.385,4.396
2/26/1975,4.41,4.495,4.361,4.48
2/27/1975,4.525,4.545,4.42,4.465
2/28/1975,4.465,4.525,4.42,4.515
3/3/1975,4.545,4.55,4.428,4.548
3/4/1975,4.5,4.515,4.348,4.348
3/5/1975,4.3,4.378,4.275,4.33
3/6/1975,4.38,4.4,4.315,4.375
3/7/1975,4.325,4.428,4.28,4.34
3/10/1975,4.3,4.465,4.3,4.45
3/11/1975,4.485,4.57,4.472,4.555
3/12/1975,4.505,4.54,4.475,4.495
3/13/1975,4.535,4.605,4.51,4.53
3/14/1975,4.52,4.57,4.46,4.5
3/17/1975,4.46,4.519,4.443,4.5
3/18/1975,4.525,4.53,4.31,4.34
3/19/1975,4.38,4.415,4.3,4.413
3/20/1975,4.39,4.395,4.216,4.265
3/21/1975,4.27,4.325,4.22,4.285
3/24/1975,4.305,4.32,4.17,4.21
3/25/1975,4.26,4.275,4.18,4.253
3/26/1975,4.265,4.315,4.23,4.3
3/27/1975,4.28,4.28,4.172,4.185
3/31/1975,4.175,4.385,4.17,4.275
4/1/1975,4.285,4.325,4.25,4.29
4/2/1975,4.32,4.335,4.2,4.21
4/3/1975,4.17,4.17,4.112,4.154
4/4/1975,4.09,4.123,4.075,4.082
4/7/1975,4.095,4.125,4.035,4.12
4/8/1975,4.148,4.18,4.095,4.1
4/9/1975,4.065,4.124,4.06,4.12
4/10/1975,4.105,4.19,4.08,4.165
4/11/1975,4.15,4.17,4.115,4.14
4/14/1975,4.05,4.07,4.02,4.059
4/15/1975,4.029,4.102,4.029,4.089
4/16/1975,4.14,4.23,4.127,4.22
4/17/1975,4.215,4.42,4.21,4.4
4/18/1975,4.38,4.41,4.33,4.341
4/21/1975,4.28,4.329,4.231,4.3
4/22/1975,4.255,4.373,4.225,4.23
4/23/1975,4.25,4.328,4.24,4.312
4/24/1975,4.28,4.33,4.255,4.3
4/25/1975,4.275,4.353,4.275,4.323
4/28/1975,4.31,4.39,4.31,4.35
4/29/1975,4.45,4.5,4.405,4.465
4/30/1975,4.445,4.464,4.34,4.365
5/1/1975,4.336,4.395,4.33,4.39
5/2/1975,4.405,4.41,4.348,4.353
5/5/1975,4.31,4.405,4.31,4.4
5/6/1975,4.43,4.559,4.419,4.489
5/7/1975,4.53,4.615,4.5,4.58
5/8/1975,4.565,4.586,4.535,4.56
5/9/1975,4.546,4.644,4.536,4.635
5/12/1975,4.62,4.64,4.572,4.615
5/13/1975,4.615,4.69,4.606,4.675
5/14/1975,4.7,4.738,4.615,4.627
5/15/1975,4.55,4.575,4.46,4.465
5/16/1975,4.495,4.66,4.495,4.655
5/19/1975,4.69,4.73,4.651,4.712
5/20/1975,4.65,4.695,4.62,4.63
5/21/1975,4.65,4.8,4.645,4.73
5/22/1975,4.815,4.93,4.665,4.725
5/23/1975,4.75,4.76,4.665,4.745
5/27/1975,4.71,4.72,4.57,4.58
5/28/1975,4.61,4.645,4.52,4.627
5/29/1975,4.59,4.59,4.5,4.535
5/30/1975,4.535,4.58,4.51,4.52
6/2/1975,4.4,4.438,4.36,4.41
6/3/1975,4.455,4.489,4.455,4.472
6/4/1975,4.445,4.495,4.393,4.415
6/5/1975,4.405,4.478,4.395,4.41
6/6/1975,4.44,4.449,4.415,4.42
6/9/1975,4.478,4.609,4.465,4.603
6/10/1975,4.6,4.603,4.53,4.54
6/11/1975,4.54,4.625,4.526,4.583
6/12/1975,4.57,4.615,4.485,4.492
6/13/1975,4.485,4.515,4.45,4.475
6/16/1975,4.485,4.525,4.435,4.445
6/17/1975,4.475,4.54,4.47,4.495
6/18/1975,4.485,4.51,4.46,4.47
6/19/1975,4.46,4.465,4.41,4.46
6/20/1975,4.47,4.499,4.465,4.493
6/23/1975,4.5,4.5,4.455,4.461
6/24/1975,4.47,4.57,4.461,4.568
6/25/1975,4.6,4.61,4.549,4.552
6/26/1975,4.565,4.64,4.525,4.535
6/27/1975,4.635,4.679,4.625,4.636
6/30/1975,4.69,4.7,4.642,4.675
7/1/1975,4.69,4.69,4.575,4.62
7/2/1975,4.625,4.632,4.58,4.585
7/3/1975,4.57,4.635,4.555,4.62
7/7/1975,4.58,4.585,4.53,4.55
7/8/1975,4.56,4.735,4.55,4.681
7/9/1975,4.735,4.75,4.67,4.695
7/10/1975,4.655,4.795,4.655,4.682
7/11/1975,4.69,4.745,4.69,4.725
7/14/1975,4.79,4.793,4.7,4.705
7/15/1975,4.695,4.735,4.67,4.727
7/16/1975,4.699,4.725,4.685,4.705
7/17/1975,4.71,4.74,4.66,4.67
7/18/1975,4.65,4.689,4.64,4.675
7/21/1975,4.69,4.77,4.69,4.745
7/22/1975,4.81,4.815,4.74,4.753
7/23/1975,4.724,4.75,4.722,4.745
7/24/1975,4.775,4.84,4.775,4.81
7/25/1975,4.87,4.94,4.855,4.935
7/28/1975,4.96,5.135,4.935,5.135
7/29/1975,5.21,5.22,5.04,5.075
7/30/1975,5.15,5.205,4.95,5.018
7/31/1975,5.018,5.089,4.98,5.055
8/1/1975,5.09,5.13,5.071,5.113
8/4/1975,5.16,5.26,5.14,5.205
8/5/1975,5.16,5.18,5.11,5.119
8/6/1975,5.1,5.2,5.075,5.19
8/7/1975,5.23,5.32,5.23,5.285
8/8/1975,5.245,5.25,5.085,5.085
8/11/1975,4.99,5.07,4.985,5.015
8/12/1975,5.12,5.15,5.1,5.1
8/13/1975,5.11,5.13,4.9,4.92
8/14/1975,4.94,4.97,4.8,4.912
8/15/1975,4.88,4.97,4.86,4.92
8/18/1975,4.92,4.92,4.77,4.837
8/19/1975,4.795,4.911,4.78,4.911
8/20/1975,4.948,4.985,4.865,4.871
8/21/1975,4.86,4.905,4.79,4.802
8/22/1975,4.845,4.9,4.805,4.85
8/25/1975,4.85,4.899,4.83,4.883
8/26/1975,4.88,4.89,4.69,4.695
8/27/1975,4.71,4.735,4.62,4.726
8/28/1975,4.88,4.885,4.76,4.768
8/29/1975,4.74,4.765,4.645,4.675
9/2/1975,4.5,4.52,4.475,4.48
9/3/1975,4.56,4.608,4.534,4.585
9/4/1975,4.63,4.65,4.582,4.6
9/5/1975,4.6,4.617,4.565,4.605
9/8/1975,4.57,4.58,4.54,4.54
9/9/1975,4.43,4.645,4.43,4.62
9/10/1975,4.665,4.7,4.615,4.673
9/11/1975,4.62,4.65,4.585,4.59
9/12/1975,4.655,4.745,4.65,4.725
9/15/1975,4.705,4.715,4.68,4.695
9/16/1975,4.655,4.72,4.654,4.66
9/17/1975,4.605,4.7,4.54,4.69
9/18/1975,4.665,4.695,4.54,4.57
9/19/1975,4.56,4.67,4.535,4.54
9/22/1975,4.53,4.58,4.44,4.49
9/23/1975,4.46,4.54,4.452,4.485
9/24/1975,4.55,4.595,4.52,4.558
9/25/1975,4.55,4.607,4.55,4.555
9/26/1975,4.565,4.62,4.565,4.584
9/29/1975,4.605,4.618,4.5,4.505
9/30/1975,4.56,4.581,4.52,4.525
10/1/1975,4.58,4.65,4.555,4.602
10/2/1975,4.63,4.635,4.51,4.52
10/3/1975,4.51,4.519,4.41,4.463
10/6/1975,4.495,4.504,4.438,4.465
10/7/1975,4.485,4.541,4.465,4.475
10/8/1975,4.445,4.449,4.275,4.31
10/9/1975,4.335,4.355,4.285,4.35
10/10/1975,4.37,4.388,4.34,4.375
10/14/1975,4.29,4.39,4.265,4.378
10/15/1975,4.39,4.395,4.25,4.273
10/16/1975,4.33,4.37,4.3,4.36
10/17/1975,4.41,4.44,4.342,4.398
10/20/1975,4.38,4.425,4.355,4.4
10/21/1975,4.43,4.43,4.283,4.322
10/22/1975,4.32,4.36,4.305,4.355
10/23/1975,4.33,4.33,4.24,4.3
10/24/1975,4.28,4.335,4.26,4.267
10/27/1975,4.2,4.21,4.15,4.165
10/28/1975,4.19,4.25,4.175,4.245
10/29/1975,4.22,4.285,4.22,4.25
10/30/1975,4.27,4.27,4.215,4.225
10/31/1975,4.205,4.292,4.155,4.192
11/3/1975,4.228,4.245,4.205,4.214
11/5/1975,4.3,4.415,4.295,4.414
11/6/1975,4.41,4.455,4.38,4.435
11/7/1975,4.405,4.509,4.405,4.48
11/10/1975,4.46,4.57,4.42,4.5
11/12/1975,4.431,4.44,4.364,4.434
11/13/1975,4.41,4.445,4.368,4.39
11/14/1975,4.38,4.432,4.355,4.396
11/17/1975,4.365,4.379,4.29,4.3
11/18/1975,4.3,4.32,4.275,4.317
11/19/1975,4.355,4.36,4.315,4.33
11/20/1975,4.305,4.342,4.25,4.258
11/21/1975,4.25,4.26,4.19,4.256
11/24/1975,4.225,4.3,4.223,4.295
11/25/1975,4.305,4.33,4.22,4.227
11/26/1975,4.18,4.24,4.175,4.231
11/28/1975,4.28,4.29,4.17,4.186
12/1/1975,4.15,4.185,4.12,4.138
12/2/1975,4.18,4.224,4.171,4.19
12/3/1975,4.18,4.195,4.09,4.096
12/4/1975,4.16,4.16,4.08,4.082
12/5/1975,4.055,4.083,4.03,4.08
12/8/1975,4.065,4.065,3.981,3.988
12/9/1975,3.97,4.035,3.93,4.03
12/10/1975,4.056,4.082,4.04,4.055
12/11/1975,4.1,4.125,4.081,4.093
12/12/1975,4.055,4.065,4,4.005
12/15/1975,3.98,4.015,3.948,4.005
12/16/1975,4.055,4.111,4.046,4.098
12/17/1975,4.1,4.164,4.082,4.12
12/18/1975,4.15,4.15,4.09,4.113
12/19/1975,4.095,4.313,4.095,4.313
12/22/1975,4.315,4.42,4.25,4.365
12/23/1975,4.33,4.36,4.292,4.305
12/24/1975,4.315,4.34,4.295,4.315
12/29/1975,4.335,4.348,4.232,4.236
12/30/1975,4.23,4.258,4.2,4.231
12/31/1975,4.215,4.244,4.206,4.236
1/2/1976,4.216,4.28,4.205,4.275
1/5/1976,4.25,4.343,4.216,4.298
1/6/1976,4.31,4.417,4.305,4.335
1/7/1976,4.315,4.379,4.242,4.365
1/8/1976,4.32,4.33,4.255,4.263
1/9/1976,4.28,4.285,4.24,4.265
1/12/1976,4.29,4.34,4.245,4.335
1/13/1976,4.263,4.263,4.135,4.143
1/14/1976,4.15,4.175,4.115,4.145
1/15/1976,4.165,4.175,4.02,4.02
1/16/1976,3.995,4.05,3.96,4.04
1/19/1976,4,4.028,3.93,3.94
1/20/1976,3.84,3.879,3.802,3.86
1/21/1976,3.895,3.941,3.872,3.9
1/22/1976,3.935,3.965,3.9,3.92
1/23/1976,4.01,4.01,3.921,3.935
1/26/1976,3.86,3.86,3.8,3.853
1/27/1976,3.875,3.925,3.872,3.91
1/28/1976,3.945,3.96,3.906,3.96
1/29/1976,4,4.045,3.986,4.04
1/30/1976,4.025,4.043,3.92,3.97
2/2/1976,4.03,4.06,4.003,4.008
2/3/1976,4.02,4.025,3.925,3.97
2/4/1976,3.945,3.954,3.91,3.93
2/5/1976,3.915,3.967,3.915,3.958
2/6/1976,4,4.018,3.98,3.99
2/9/1976,3.982,3.985,3.947,3.958
2/10/1976,3.93,4.15,3.93,4.12
2/11/1976,4.11,4.17,4.08,4.087
2/12/1976,4.11,4.167,4.097,4.105
2/13/1976,4.135,4.155,4.075,4.105
2/17/1976,4.06,4.1,4.055,4.097
2/18/1976,4.135,4.165,4.098,4.111
2/19/1976,4.11,4.195,4.105,4.17
2/20/1976,4.205,4.205,4.16,4.185
2/23/1976,4.18,4.22,4.178,4.21
2/24/1976,4.24,4.24,4.19,4.235
2/25/1976,4.235,4.235,4.175,4.205
2/26/1976,4.21,4.224,4.191,4.195
2/27/1976,4.21,4.275,4.21,4.245
3/1/1976,4.23,4.233,4.18,4.2
3/2/1976,4.175,4.213,4.153,4.16
3/3/1976,4.205,4.208,4.19,4.198
3/4/1976,4.204,4.27,4.184,4.258
3/5/1976,4.28,4.34,4.278,4.295
3/8/1976,4.28,4.291,4.257,4.286
3/9/1976,4.278,4.33,4.27,4.305
3/10/1976,4.345,4.359,4.316,4.33
3/11/1976,4.308,4.31,4.251,4.26
3/12/1976,4.265,4.298,4.26,4.262
3/15/1976,4.3,4.303,4.19,4.205
3/16/1976,4.203,4.215,4.15,4.174
3/17/1976,4.205,4.238,4.198,4.235
3/18/1976,4.259,4.27,4.2,4.203
3/19/1976,4.2,4.247,4.172,4.245
3/22/1976,4.22,4.226,4.185,4.19
3/23/1976,4.2,4.23,4.16,4.202
3/24/1976,4.23,4.231,4.16,4.165
3/25/1976,4.135,4.154,4.122,4.125
3/26/1976,4.111,4.13,4.081,4.092
3/29/1976,4.07,4.072,4.02,4.022
3/30/1976,4.07,4.094,4.05,4.082
3/31/1976,4.075,4.098,4.03,4.053
4/1/1976,4.085,4.196,4.061,4.15
4/2/1976,4.135,4.164,4.105,4.11
4/5/1976,4.08,4.148,4.063,4.147
4/6/1976,4.16,4.205,4.157,4.19
4/7/1976,4.195,4.25,4.165,4.2
4/8/1976,4.255,4.309,4.245,4.293
4/9/1976,4.265,4.295,4.239,4.285
4/12/1976,4.27,4.46,4.258,4.437
4/13/1976,4.42,4.45,4.39,4.415
4/14/1976,4.398,4.455,4.36,4.377
4/15/1976,4.415,4.428,4.37,4.426
4/19/1976,4.42,4.51,4.397,4.505
4/20/1976,4.538,4.608,4.51,4.52
4/21/1976,4.47,4.492,4.41,4.424
4/22/1976,4.44,4.457,4.385,4.409
4/23/1976,4.425,4.455,4.38,4.395
4/26/1976,4.41,4.482,4.41,4.482
4/27/1976,4.55,4.56,4.515,4.515
4/28/1976,4.48,4.495,4.425,4.438
4/29/1976,4.475,4.508,4.451,4.478
4/30/1976,4.505,4.529,4.464,4.5
5/3/1976,4.47,4.47,4.425,4.438
5/4/1976,4.42,4.544,4.355,4.36
5/5/1976,4.375,4.41,4.335,4.403
5/6/1976,4.385,4.49,4.375,4.488
5/7/1976,4.49,4.56,4.475,4.558
5/10/1976,4.59,4.598,4.521,4.533
5/11/1976,4.52,4.543,4.485,4.522
5/12/1976,4.565,4.63,4.545,4.57
5/13/1976,4.53,4.562,4.51,4.525
5/14/1976,4.505,4.545,4.495,4.538
5/17/1976,4.528,4.565,4.45,4.455
5/18/1976,4.45,4.474,4.42,4.42
5/19/1976,4.44,4.44,4.38,4.405
5/20/1976,4.435,4.49,4.43,4.487
5/21/1976,4.499,4.5,4.45,4.455
5/24/1976,4.42,4.585,4.412,4.557
5/25/1976,4.54,4.595,4.522,4.533
5/26/1976,4.6,4.7,4.59,4.665
5/27/1976,4.705,4.725,4.65,4.69
5/28/1976,4.685,4.722,4.657,4.71
6/1/1976,4.72,4.77,4.69,4.72
6/2/1976,4.68,4.735,4.651,4.7
6/3/1976,4.685,4.776,4.683,4.72
6/4/1976,4.7,4.75,4.665,4.675
6/7/1976,4.67,4.845,4.67,4.82
6/8/1976,4.85,4.88,4.775,4.785
6/9/1976,4.82,4.86,4.82,4.855
6/10/1976,4.915,4.98,4.91,4.92
6/11/1976,4.94,4.96,4.88,4.96
6/14/1976,4.94,4.99,4.92,4.94
6/15/1976,4.9,4.905,4.822,4.837
6/16/1976,4.845,4.856,4.79,4.832
6/17/1976,4.874,4.905,4.835,4.868
6/18/1976,4.85,4.88,4.845,4.865
6/21/1976,4.85,4.898,4.82,4.873
6/22/1976,4.925,4.95,4.891,4.915
6/23/1976,4.885,4.893,4.715,4.77
6/24/1976,4.765,4.815,4.725,4.81
6/25/1976,4.82,4.835,4.72,4.735
6/28/1976,4.705,4.725,4.697,4.707
6/29/1976,4.78,4.87,4.73,4.862
6/30/1976,4.9,4.925,4.85,4.89
7/1/1976,4.85,5.08,4.84,5.054
7/2/1976,5.08,5.14,5.01,5.06
7/6/1976,5.16,5.212,5.137,5.188
7/7/1976,5.185,5.185,5.045,5.064
7/8/1976,5.11,5.145,5.05,5.143
7/9/1976,5.123,5.15,5.085,5.09
7/12/1976,5.015,5.05,4.9,4.905
7/13/1976,4.926,4.995,4.9,4.92
7/14/1976,4.93,5.085,4.93,5.036
7/15/1976,5.045,5.059,4.87,4.875
7/16/1976,4.88,4.88,4.75,4.804
7/19/1976,4.75,4.765,4.604,4.604
7/20/1976,4.534,4.63,4.44,4.505
7/21/1976,4.59,4.625,4.546,4.57
7/22/1976,4.53,4.545,4.405,4.486
7/23/1976,4.535,4.619,4.51,4.607
7/26/1976,4.6,4.625,4.501,4.547
7/27/1976,4.62,4.67,4.565,4.605
7/28/1976,4.635,4.658,4.576,4.582
7/29/1976,4.545,4.59,4.531,4.541
7/30/1976,4.57,4.585,4.51,4.512
8/2/1976,4.468,4.483,4.312,4.337
8/3/1976,4.29,4.38,4.265,4.283
8/4/1976,4.365,4.4,4.325,4.38
8/5/1976,4.33,4.35,4.22,4.225
8/6/1976,4.235,4.285,4.225,4.235
8/9/1976,4.17,4.23,4.135,4.145
8/10/1976,4.195,4.275,4.19,4.27
8/11/1976,4.24,4.33,4.22,4.325
8/12/1976,4.285,4.368,4.285,4.352
8/13/1976,4.325,4.4,4.325,4.36
8/16/1976,4.365,4.376,4.32,4.33
8/17/1976,4.3,4.316,4.202,4.239
8/18/1976,4.181,4.245,4.162,4.23
8/19/1976,4.292,4.36,4.292,4.349
8/20/1976,4.36,4.392,4.253,4.262
8/23/1976,4.24,4.31,4.185,4.185
8/24/1976,4.2,4.212,4.07,4.07
8/25/1976,4.04,4.12,4.01,4.107
8/26/1976,4.125,4.18,4.1,4.177
8/27/1976,4.23,4.257,4.115,4.18
8/30/1976,4.145,4.188,4.1,4.172
8/31/1976,4.16,4.235,4.14,4.14
9/1/1976,4.17,4.341,4.162,4.234
9/2/1976,4.345,4.378,4.283,4.355
9/3/1976,4.355,4.364,4.3,4.325
9/7/1976,4.449,4.49,4.412,4.47
9/8/1976,4.47,4.475,4.31,4.343
9/9/1976,4.308,4.348,4.278,4.325
9/10/1976,4.36,4.367,4.2,4.205
9/13/1976,4.181,4.245,4.155,4.228
9/14/1976,4.18,4.275,4.162,4.21
9/15/1976,4.24,4.285,4.225,4.265
9/16/1976,4.31,4.33,4.255,4.26
9/17/1976,4.31,4.357,4.27,4.295
9/20/1976,4.265,4.275,4.215,4.245
9/21/1976,4.38,4.425,4.36,4.38
9/22/1976,4.355,4.44,4.331,4.439
9/23/1976,4.38,4.43,4.367,4.408
9/24/1976,4.415,4.47,4.395,4.46
9/27/1976,4.47,4.49,4.425,4.435
9/28/1976,4.375,4.395,4.35,4.366
9/29/1976,4.395,4.423,4.361,4.405
9/30/1976,4.39,4.39,4.33,4.372
10/1/1976,4.39,4.415,4.362,4.37
10/4/1976,4.33,4.378,4.313,4.37
10/5/1976,4.38,4.395,4.32,4.322
10/6/1976,4.315,4.32,4.283,4.317
10/7/1976,4.28,4.31,4.266,4.283
10/8/1976,4.25,4.255,4.195,4.22
10/11/1976,4.165,4.178,4.11,4.134
10/12/1976,4.175,4.188,4.161,4.185
10/13/1976,4.24,4.256,4.22,4.238
10/14/1976,4.238,4.238,4.155,4.175
10/15/1976,4.175,4.23,4.166,4.225
10/18/1976,4.214,4.24,4.195,4.2
10/19/1976,4.21,4.218,4.162,4.18
10/20/1976,4.188,4.205,4.156,4.195
10/21/1976,4.24,4.255,4.22,4.228
10/22/1976,4.197,4.215,4.181,4.19
10/25/1976,4.12,4.165,4.12,4.16
10/26/1976,4.18,4.188,4.16,4.171
10/27/1976,4.16,4.3,4.15,4.29
10/28/1976,4.3,4.32,4.265,4.285
10/29/1976,4.275,4.347,4.275,4.332
11/1/1976,4.335,4.35,4.3,4.34
11/3/1976,4.38,4.385,4.31,4.313
11/4/1976,4.305,4.364,4.295,4.357
11/5/1976,4.395,4.404,4.363,4.385
11/8/1976,4.415,4.428,4.375,4.38
11/9/1976,4.35,4.462,4.331,4.451
11/10/1976,4.505,4.55,4.475,4.54
11/11/1976,4.495,4.527,4.46,4.51
11/12/1976,4.518,4.539,4.481,4.53
11/15/1976,4.579,4.58,4.36,4.38
11/16/1976,4.37,4.42,4.353,4.395
11/17/1976,4.38,4.415,4.33,4.332
11/18/1976,4.301,4.34,4.28,4.322
11/19/1976,4.355,4.385,4.336,4.366
11/22/1976,4.39,4.423,4.388,4.412
11/23/1976,4.385,4.395,4.355,4.362
11/24/1976,4.34,4.35,4.3,4.322
11/26/1976,4.365,4.385,4.283,4.286
11/29/1976,4.294,4.347,4.285,4.344
11/30/1976,4.34,4.355,4.311,4.336
12/1/1976,4.32,4.409,4.295,4.395
12/2/1976,4.395,4.404,4.362,4.383
12/3/1976,4.37,4.435,4.37,4.425
12/6/1976,4.448,4.455,4.41,4.421
12/7/1976,4.415,4.443,4.35,4.352
12/8/1976,4.41,4.47,4.406,4.438
12/9/1976,4.425,4.47,4.415,4.45
12/10/1976,4.433,4.473,4.415,4.427
12/13/1976,4.395,4.405,4.37,4.405
12/14/1976,4.395,4.465,4.395,4.443
12/15/1976,4.44,4.488,4.387,4.395
12/16/1976,4.415,4.449,4.392,4.437
12/17/1976,4.39,4.395,4.338,4.373
12/20/1976,4.39,4.394,4.372,4.377
12/21/1976,4.39,4.43,4.375,4.428
12/22/1976,4.415,4.423,4.393,4.398
12/23/1976,4.395,4.423,4.365,4.416
12/27/1976,4.42,4.445,4.4,4.404
12/28/1976,4.425,4.43,4.375,4.41
12/29/1976,4.421,4.445,4.405,4.41
12/30/1976,4.42,4.43,4.384,4.39
1/3/1977,4.395,4.47,4.39,4.44
1/4/1977,4.465,4.471,4.435,4.447
1/5/1977,4.44,4.445,4.407,4.432
1/6/1977,4.416,4.448,4.416,4.447
1/7/1977,4.437,4.439,4.42,4.435
1/10/1977,4.419,4.42,4.322,4.33
1/11/1977,4.34,4.368,4.316,4.344
1/12/1977,4.33,4.369,4.33,4.364
1/13/1977,4.375,4.389,4.331,4.364
1/14/1977,4.355,4.365,4.343,4.352
1/17/1977,4.372,4.42,4.372,4.419
1/18/1977,4.41,4.418,4.396,4.402
1/19/1977,4.425,4.45,4.411,4.413
1/20/1977,4.44,4.448,4.42,4.434
1/21/1977,4.422,4.448,4.406,4.445
1/24/1977,4.475,4.54,4.472,4.535
1/25/1977,4.545,4.558,4.525,4.53
1/26/1977,4.505,4.573,4.505,4.565
1/27/1977,4.565,4.575,4.47,4.485
1/28/1977,4.49,4.515,4.46,4.478
1/31/1977,4.468,4.505,4.465,4.495
2/1/1977,4.487,4.509,4.447,4.465
2/2/1977,4.473,4.498,4.473,4.494
2/3/1977,4.506,4.533,4.5,4.502
2/4/1977,4.49,4.525,4.49,4.523
2/7/1977,4.56,4.584,4.525,4.528
2/8/1977,4.528,4.544,4.517,4.535
2/9/1977,4.575,4.575,4.505,4.525
2/10/1977,4.515,4.525,4.485,4.498
2/11/1977,4.492,4.508,4.47,4.485
2/14/1977,4.505,4.52,4.487,4.497
2/15/1977,4.492,4.499,4.481,4.482
2/16/1977,4.502,4.535,4.495,4.52
2/17/1977,4.535,4.545,4.52,4.531
2/18/1977,4.53,4.545,4.525,4.533
2/22/1977,4.559,4.564,4.547,4.555
2/23/1977,4.575,4.63,4.575,4.618
2/24/1977,4.64,4.64,4.595,4.608
2/25/1977,4.655,4.722,4.636,4.717
2/28/1977,4.75,4.795,4.745,4.775
3/1/1977,4.745,4.805,4.73,4.8
3/2/1977,4.841,4.859,4.803,4.848
3/3/1977,4.831,4.853,4.77,4.786
3/4/1977,4.809,4.909,4.793,4.903
3/7/1977,4.911,4.967,4.907,4.91
3/8/1977,4.925,4.959,4.82,4.878
3/9/1977,4.845,4.913,4.839,4.903
3/10/1977,4.905,4.905,4.788,4.82
3/11/1977,4.85,4.863,4.792,4.842
3/14/1977,4.85,4.85,4.785,4.82
3/15/1977,4.86,4.91,4.86,4.9
3/16/1977,4.9,4.917,4.866,4.905
3/17/1977,4.945,4.954,4.913,4.927
3/18/1977,4.95,4.96,4.922,4.948
3/21/1977,4.98,5.015,4.968,5.008
3/22/1977,4.955,4.968,4.93,4.939
3/23/1977,5.02,5.025,4.97,5
3/24/1977,4.97,4.972,4.936,4.945
3/25/1977,4.98,4.984,4.875,4.895
3/28/1977,4.835,4.845,4.775,4.806
3/29/1977,4.762,4.829,4.755,4.824
3/30/1977,4.835,4.864,4.822,4.835
3/31/1977,4.815,4.857,4.79,4.832
4/1/1977,4.86,4.919,4.85,4.915
4/4/1977,4.915,4.92,4.857,4.863
4/5/1977,4.844,4.859,4.663,4.72
4/6/1977,4.74,4.749,4.68,4.718
4/7/1977,4.735,4.78,4.66,4.77
4/11/1977,4.782,4.803,4.74,4.769
4/12/1977,4.785,4.798,4.74,4.751
4/13/1977,4.795,4.827,4.74,4.773
4/14/1977,4.77,4.808,4.73,4.797
4/15/1977,4.765,4.875,4.745,4.865
4/18/1977,4.825,4.901,4.825,4.872
4/19/1977,4.866,4.896,4.83,4.835
4/20/1977,4.83,4.84,4.79,4.812
4/21/1977,4.795,4.853,4.795,4.832
4/22/1977,4.875,4.888,4.825,4.831
4/25/1977,4.82,4.82,4.755,4.757
4/26/1977,4.728,4.78,4.711,4.759
4/27/1977,4.785,4.794,4.68,4.704
4/28/1977,4.74,4.788,4.726,4.745
4/29/1977,4.755,4.81,4.751,4.807
5/2/1977,4.81,4.843,4.8,4.83
5/3/1977,4.825,4.849,4.772,4.793
5/4/1977,4.815,4.815,4.75,4.768
5/5/1977,4.735,4.775,4.72,4.75
5/6/1977,4.775,4.792,4.751,4.758
5/9/1977,4.74,4.77,4.71,4.763
5/10/1977,4.768,4.835,4.747,4.81
5/11/1977,4.805,4.828,4.766,4.77
5/12/1977,4.775,4.81,4.755,4.807
5/13/1977,4.847,4.855,4.79,4.796
5/16/1977,4.803,4.828,4.79,4.806
5/17/1977,4.808,4.818,4.755,4.76
5/18/1977,4.755,4.768,4.735,4.758
5/19/1977,4.7,4.753,4.7,4.737
5/20/1977,4.745,4.758,4.655,4.66
5/23/1977,4.665,4.67,4.59,4.595
5/24/1977,4.609,4.625,4.575,4.62
5/25/1977,4.629,4.63,4.553,4.575
5/26/1977,4.558,4.595,4.517,4.587
5/27/1977,4.6,4.62,4.575,4.576
5/31/1977,4.535,4.569,4.535,4.565
6/1/1977,4.595,4.615,4.585,4.603
6/2/1977,4.57,4.578,4.543,4.56
6/3/1977,4.535,4.545,4.51,4.521
6/6/1977,4.533,4.558,4.527,4.554
6/7/1977,4.56,4.562,4.52,4.525
6/8/1977,4.518,4.535,4.44,4.448
6/9/1977,4.415,4.434,4.363,4.372
6/10/1977,4.385,4.419,4.38,4.39
6/13/1977,4.375,4.375,4.305,4.343
6/14/1977,4.32,4.361,4.312,4.342
6/15/1977,4.375,4.41,4.375,4.381
6/16/1977,4.41,4.42,4.36,4.377
6/17/1977,4.365,4.43,4.352,4.42
6/20/1977,4.435,4.466,4.418,4.455
6/21/1977,4.47,4.474,4.395,4.419
6/22/1977,4.4,4.415,4.371,4.406
6/23/1977,4.425,4.449,4.421,4.431
6/24/1977,4.415,4.47,4.403,4.468
6/27/1977,4.48,4.525,4.468,4.481
6/28/1977,4.47,4.489,4.457,4.467
6/29/1977,4.558,4.57,4.532,4.563
6/30/1977,4.525,4.548,4.51,4.517
7/1/1977,4.52,4.52,4.425,4.428
7/5/1977,4.4,4.449,4.39,4.432
7/6/1977,4.42,4.473,4.41,4.46
7/7/1977,4.46,4.47,4.41,4.433
7/8/1977,4.465,4.47,4.437,4.446
7/11/1977,4.445,4.49,4.415,4.487
7/12/1977,4.485,4.505,4.459,4.5
7/13/1977,4.499,4.545,4.493,4.542
7/15/1977,4.56,4.58,4.527,4.56
7/18/1977,4.53,4.563,4.51,4.557
7/19/1977,4.59,4.628,4.571,4.619
7/20/1977,4.604,4.608,4.578,4.585
7/21/1977,4.58,4.599,4.566,4.571
7/22/1977,4.59,4.605,4.587,4.6
7/25/1977,4.64,4.664,4.632,4.649
7/26/1977,4.625,4.638,4.615,4.619
7/27/1977,4.605,4.638,4.55,4.563
7/28/1977,4.57,4.574,4.49,4.517
7/29/1977,4.52,4.538,4.515,4.521
8/1/1977,4.501,4.52,4.472,4.515
8/2/1977,4.54,4.555,4.532,4.547
8/3/1977,4.565,4.584,4.555,4.573
8/4/1977,4.585,4.599,4.55,4.555
8/5/1977,4.555,4.575,4.525,4.572
8/8/1977,4.54,4.58,4.526,4.578
8/9/1977,4.581,4.603,4.56,4.562
8/10/1977,4.565,4.578,4.55,4.558
8/11/1977,4.545,4.548,4.505,4.535
8/12/1977,4.485,4.495,4.42,4.432
8/15/1977,4.415,4.425,4.322,4.326
8/16/1977,4.35,4.378,4.331,4.37
8/17/1977,4.375,4.385,4.34,4.369
8/18/1977,4.343,4.414,4.325,4.41
8/19/1977,4.395,4.425,4.385,4.409
8/22/1977,4.395,4.395,4.353,4.358
8/23/1977,4.335,4.392,4.305,4.387
8/24/1977,4.373,4.403,4.362,4.388
8/25/1977,4.388,4.39,4.355,4.364
8/26/1977,4.384,4.416,4.373,4.403
8/29/1977,4.393,4.411,4.385,4.39
8/30/1977,4.475,4.542,4.475,4.535
8/31/1977,4.53,4.565,4.52,4.537
9/1/1977,4.533,4.552,4.521,4.528
9/2/1977,4.548,4.59,4.534,4.575
9/6/1977,4.57,4.575,4.53,4.535
9/7/1977,4.545,4.585,4.542,4.58
9/8/1977,4.55,4.563,4.506,4.518
9/9/1977,4.53,4.55,4.518,4.544
9/12/1977,4.55,4.561,4.505,4.514
9/13/1977,4.49,4.508,4.475,4.505
9/14/1977,4.515,4.529,4.502,4.507
9/15/1977,4.513,4.54,4.495,4.539
9/16/1977,4.55,4.62,4.547,4.618
9/19/1977,4.625,4.638,4.601,4.605
9/20/1977,4.61,4.675,4.605,4.665
9/21/1977,4.67,4.678,4.64,4.66
9/22/1977,4.678,4.68,4.64,4.644
9/23/1977,4.635,4.637,4.586,4.62
9/26/1977,4.655,4.698,4.647,4.694
9/27/1977,4.675,4.678,4.645,4.66
9/28/1977,4.695,4.714,4.663,4.665
9/29/1977,4.66,4.694,4.647,4.69
9/30/1977,4.71,4.72,4.68,4.687
10/3/1977,4.72,4.73,4.703,4.705
10/4/1977,4.68,4.725,4.665,4.723
10/5/1977,4.707,4.73,4.681,4.69
10/6/1977,4.68,4.719,4.673,4.69
10/7/1977,4.69,4.708,4.676,4.693
10/10/1977,4.74,4.792,4.74,4.79
10/11/1977,4.78,4.83,4.764,4.828
10/12/1977,4.81,4.84,4.801,4.816
10/13/1977,4.828,4.833,4.765,4.785
10/14/1977,4.805,4.862,4.795,4.86
10/17/1977,4.88,4.89,4.848,4.888
10/18/1977,4.855,4.895,4.851,4.861
10/19/1977,4.888,4.905,4.79,4.807
10/20/1977,4.82,4.839,4.801,4.828
10/21/1977,4.838,4.874,4.815,4.865
10/24/1977,4.885,4.934,4.88,4.93
10/25/1977,4.904,4.928,4.883,4.922
10/26/1977,4.905,4.908,4.86,4.873
10/27/1977,4.85,4.859,4.82,4.839
10/28/1977,4.855,4.865,4.836,4.854
10/31/1977,4.864,4.905,4.864,4.892
11/1/1977,4.908,4.918,4.865,4.889
11/2/1977,4.865,4.869,4.827,4.865
11/3/1977,4.924,4.935,4.915,4.926
11/4/1977,4.94,4.967,4.925,4.965
11/7/1977,4.95,4.95,4.918,4.92
11/8/1977,4.898,4.95,4.894,4.948
11/9/1977,5,5.007,4.96,4.963
11/10/1977,4.97,4.986,4.94,4.973
11/11/1977,4.985,4.988,4.94,4.953
11/14/1977,4.911,4.923,4.805,4.817
11/15/1977,4.82,4.841,4.778,4.833
11/16/1977,4.8,4.825,4.763,4.807
11/17/1977,4.81,4.854,4.795,4.84
11/18/1977,4.845,4.87,4.845,4.857
11/21/1977,4.785,4.795,4.665,4.67
11/22/1977,4.67,4.699,4.635,4.68
11/23/1977,4.72,4.732,4.705,4.71
11/25/1977,4.7,4.753,4.7,4.745
11/28/1977,4.775,4.785,4.715,4.722
11/29/1977,4.795,4.841,4.773,4.838
11/30/1977,4.83,4.867,4.822,4.854
12/1/1977,4.857,4.86,4.75,4.755
12/2/1977,4.775,4.79,4.76,4.77
12/5/1977,4.8,4.83,4.797,4.828
12/6/1977,4.845,4.845,4.792,4.819
12/7/1977,4.822,4.878,4.813,4.876
12/8/1977,4.86,4.884,4.829,4.848
12/9/1977,4.82,4.829,4.79,4.809
12/12/1977,4.815,4.827,4.686,4.696
12/13/1977,4.721,4.743,4.71,4.74
12/14/1977,4.763,4.774,4.695,4.718
12/15/1977,4.705,4.734,4.665,4.73
12/16/1977,4.722,4.754,4.722,4.739
12/19/1977,4.74,4.75,4.693,4.699
12/20/1977,4.715,4.775,4.687,4.768
12/21/1977,4.773,4.773,4.702,4.715
12/22/1977,4.705,4.805,4.68,4.783
12/23/1977,4.78,4.813,4.772,4.805
12/27/1977,4.807,4.845,4.807,4.822
12/28/1977,4.832,4.859,4.802,4.837
12/29/1977,4.86,4.875,4.842,4.872
12/30/1977,4.837,4.861,4.82,4.849
1/3/1978,4.92,5.022,4.91,4.985
1/4/1978,4.995,5.005,4.86,4.87
1/5/1978,4.87,4.945,4.865,4.943
1/6/1978,4.946,4.963,4.86,4.925
1/9/1978,4.916,4.99,4.915,4.975
1/10/1978,5.005,5.028,4.945,4.96
1/11/1978,4.975,5.01,4.95,5.008
1/12/1978,4.996,5.011,4.932,4.935
1/13/1978,4.95,5.05,4.943,5.035
1/16/1978,5.027,5.05,4.99,5.031
1/17/1978,4.99,4.998,4.956,4.98
1/18/1978,4.941,4.969,4.912,4.931
1/19/1978,4.958,4.964,4.941,4.95
1/23/1978,4.985,5.077,4.981,5.057
1/24/1978,5.061,5.083,5.025,5.048
1/25/1978,5.062,5.087,5.05,5.066
1/26/1978,5.021,5.025,4.985,5
1/27/1978,5.019,5.039,4.972,4.975
1/30/1978,4.986,5.01,4.942,4.957
1/31/1978,4.981,5.003,4.975,4.998
2/1/1978,4.987,4.998,4.96,4.962
2/2/1978,4.938,4.948,4.89,4.895
2/3/1978,4.914,4.925,4.9,4.905
2/6/1978,4.914,4.93,4.907,4.917
2/8/1978,4.875,4.883,4.845,4.848
2/9/1978,4.825,4.88,4.822,4.878
2/10/1978,4.935,4.96,4.932,4.952
2/13/1978,4.935,4.96,4.93,4.95
2/14/1978,4.944,4.947,4.892,4.912
2/15/1978,4.95,4.999,4.95,4.999
2/16/1978,5.012,5.05,4.978,5.033
2/17/1978,4.997,5.039,4.985,5.015
2/21/1978,5.051,5.079,5.037,5.04
2/22/1978,5.007,5.028,4.95,4.974
2/23/1978,5.022,5.038,4.98,4.996
2/24/1978,5.079,5.083,4.975,5.007
2/27/1978,5.001,5.034,4.97,5.017
2/28/1978,5.028,5.043,5,5.028
3/1/1978,5.012,5.03,4.985,5.003
3/2/1978,5.036,5.08,5.026,5.054
3/3/1978,5.037,5.064,5.016,5.05
3/6/1978,5.05,5.12,5.045,5.118
3/7/1978,5.137,5.318,5.135,5.318
3/8/1978,5.407,5.513,5.374,5.413
3/9/1978,5.375,5.45,5.35,5.362
3/10/1978,5.325,5.41,5.31,5.406
3/13/1978,5.362,5.55,5.35,5.531
3/14/1978,5.52,5.595,5.435,5.444
3/15/1978,5.505,5.528,5.415,5.458
3/16/1978,5.477,5.542,5.425,5.535
3/17/1978,5.499,5.545,5.35,5.385
3/20/1978,5.325,5.335,5.205,5.222
3/21/1978,5.247,5.294,5.222,5.232
3/22/1978,5.29,5.344,5.285,5.299
3/23/1978,5.271,5.34,5.25,5.335
3/27/1978,5.352,5.445,5.35,5.441
3/28/1978,5.447,5.48,5.366,5.4
3/29/1978,5.337,5.37,5.27,5.359
3/30/1978,5.344,5.368,5.308,5.345
3/31/1978,5.377,5.5,5.375,5.49
4/3/1978,5.462,5.475,5.32,5.332
4/4/1978,5.347,5.35,5.15,5.247
4/5/1978,5.26,5.292,5.19,5.265
4/6/1978,5.277,5.317,5.245,5.294
4/7/1978,5.23,5.265,5.22,5.231
4/10/1978,5.252,5.278,5.235,5.264
4/11/1978,5.283,5.36,5.223,5.345
4/12/1978,5.316,5.34,5.28,5.295
4/13/1978,5.24,5.26,5.18,5.23
4/14/1978,5.229,5.238,5.165,5.212
4/17/1978,5.122,5.145,5.03,5.04
4/18/1978,5.075,5.09,5.03,5.08
4/19/1978,5.11,5.115,5.038,5.056
4/20/1978,4.927,4.984,4.918,4.977
4/21/1978,4.992,5.02,4.975,4.979
4/24/1978,4.937,4.942,4.86,4.872
4/25/1978,4.887,4.915,4.837,4.906
4/26/1978,4.942,4.968,4.9,4.939
4/27/1978,5.049,5.07,5.026,5.041
4/28/1978,5.049,5.065,5.026,5.03
5/1/1978,5.007,5.014,4.985,5.002
5/2/1978,5.002,5.05,5,5.048
5/3/1978,5.075,5.115,5.073,5.086
5/4/1978,5.135,5.157,5.121,5.127
5/5/1978,5.118,5.133,5.105,5.119
5/8/1978,5.084,5.09,5.065,5.083
5/9/1978,5.088,5.113,5.06,5.065
5/10/1978,5.102,5.13,5.1,5.118
5/11/1978,5.132,5.147,5.05,5.08
5/12/1978,5.099,5.1,5.071,5.088
5/15/1978,5.093,5.137,5.093,5.126
5/16/1978,5.126,5.18,5.092,5.175
5/17/1978,5.172,5.209,5.155,5.174
5/18/1978,5.205,5.235,5.172,5.23
5/19/1978,5.233,5.236,5.19,5.198
5/22/1978,5.226,5.228,5.192,5.209
5/23/1978,5.212,5.258,5.203,5.243
5/24/1978,5.214,5.232,5.18,5.205
5/25/1978,5.199,5.275,5.175,5.267
5/26/1978,5.248,5.308,5.246,5.282
5/30/1978,5.367,5.473,5.36,5.439
5/31/1978,5.473,5.477,5.39,5.43
6/1/1978,5.418,5.478,5.397,5.452
6/2/1978,5.477,5.516,5.325,5.35
6/5/1978,5.363,5.365,5.31,5.339
6/6/1978,5.319,5.38,5.292,5.374
6/7/1978,5.386,5.395,5.26,5.27
6/8/1978,5.316,5.318,5.282,5.304
6/9/1978,5.275,5.3,5.245,5.275
6/12/1978,5.245,5.265,5.217,5.241
6/13/1978,5.277,5.325,5.274,5.325
6/14/1978,5.333,5.335,5.245,5.265
6/15/1978,5.25,5.322,5.235,5.318
6/16/1978,5.337,5.348,5.31,5.344
6/19/1978,5.321,5.4,5.315,5.39
6/20/1978,5.407,5.415,5.365,5.374
6/21/1978,5.376,5.393,5.301,5.334
6/22/1978,5.317,5.34,5.272,5.324
6/23/1978,5.332,5.355,5.31,5.316
6/26/1978,5.326,5.344,5.315,5.335
6/27/1978,5.327,5.385,5.3,5.357
6/28/1978,5.37,5.374,5.332,5.347
6/29/1978,5.407,5.418,5.307,5.315
6/30/1978,5.327,5.345,5.28,5.285
7/3/1978,5.32,5.334,5.308,5.33
7/5/1978,5.348,5.352,5.281,5.315
7/6/1978,5.287,5.29,5.23,5.26
7/7/1978,5.287,5.31,5.271,5.303
7/10/1978,5.335,5.365,5.32,5.343
7/11/1978,5.333,5.333,5.305,5.327
7/12/1978,5.34,5.359,5.325,5.339
7/13/1978,5.366,5.377,5.308,5.318
7/14/1978,5.325,5.33,5.29,5.303
7/17/1978,5.257,5.261,5.211,5.257
7/18/1978,5.25,5.29,5.245,5.275
7/19/1978,5.267,5.314,5.246,5.309
7/20/1978,5.334,5.45,5.33,5.435
7/21/1978,5.445,5.61,5.405,5.525
7/24/1978,5.55,5.565,5.49,5.532
7/25/1978,5.502,5.597,5.5,5.556
7/26/1978,5.516,5.543,5.46,5.507
7/27/1978,5.486,5.58,5.465,5.573
7/28/1978,5.66,5.69,5.585,5.606
7/31/1978,5.622,5.696,5.606,5.692
8/1/1978,5.722,5.735,5.577,5.585
8/2/1978,5.614,5.627,5.555,5.563
8/3/1978,5.565,5.575,5.48,5.51
8/4/1978,5.527,5.576,5.512,5.567
8/7/1978,5.578,5.593,5.54,5.569
8/8/1978,5.555,5.62,5.49,5.564
8/9/1978,5.569,5.575,5.49,5.517
8/10/1978,5.498,5.566,5.494,5.557
8/11/1978,5.607,5.665,5.605,5.629
8/14/1978,5.685,5.723,5.66,5.706
8/15/1978,5.656,5.682,5.595,5.629
8/16/1978,5.652,5.68,5.525,5.564
8/17/1978,5.516,5.518,5.4,5.425
8/18/1978,5.472,5.485,5.34,5.39
8/21/1978,5.35,5.419,5.34,5.411
8/22/1978,5.417,5.428,5.363,5.387
8/23/1978,5.29,5.408,5.28,5.408
8/24/1978,5.432,5.44,5.392,5.416
8/25/1978,5.383,5.42,5.37,5.406
8/28/1978,5.413,5.449,5.355,5.375
8/29/1978,5.385,5.49,5.38,5.478
8/30/1978,5.595,5.637,5.574,5.605
8/31/1978,5.63,5.637,5.582,5.597
9/1/1978,5.62,5.665,5.615,5.663
9/5/1978,5.635,5.69,5.615,5.685
9/6/1978,5.657,5.665,5.61,5.628
9/7/1978,5.601,5.614,5.553,5.568
9/8/1978,5.549,5.553,5.506,5.54
9/11/1978,5.522,5.57,5.516,5.554
9/12/1978,5.572,5.597,5.565,5.579
9/13/1978,5.59,5.675,5.59,5.668
9/14/1978,5.643,5.659,5.62,5.633
9/15/1978,5.658,5.715,5.64,5.647
9/18/1978,5.628,5.683,5.623,5.663
9/19/1978,5.656,5.708,5.628,5.633
9/20/1978,5.719,5.755,5.7,5.754
9/21/1978,5.761,5.765,5.717,5.747
9/22/1978,5.703,5.775,5.69,5.76
9/25/1978,5.75,5.795,5.735,5.74
9/26/1978,5.777,5.78,5.67,5.705
9/27/1978,5.666,5.76,5.665,5.75
9/28/1978,5.737,5.76,5.721,5.743
9/29/1978,5.727,5.735,5.705,5.715
10/2/1978,5.712,5.815,5.71,5.813
10/3/1978,5.837,5.879,5.813,5.875
10/4/1978,5.906,5.92,5.85,5.867
10/5/1978,5.882,5.9,5.855,5.885
10/6/1978,5.862,5.879,5.825,5.835
10/9/1978,5.842,5.945,5.827,5.933
10/10/1978,5.99,6.02,5.955,5.965
10/11/1978,6.006,6.039,5.996,6.015
10/12/1978,5.982,6,5.921,5.932
10/13/1978,5.937,5.957,5.913,5.945
10/16/1978,5.889,5.996,5.883,5.982
10/17/1978,6.004,6.038,5.955,5.987
10/18/1978,6.005,6.013,5.939,5.965
10/19/1978,5.917,5.949,5.891,5.895
10/20/1978,5.942,5.957,5.87,5.887
10/23/1978,5.873,5.919,5.853,5.858
10/24/1978,5.837,5.905,5.835,5.9
10/25/1978,5.967,6.1,5.955,6.1
10/26/1978,6.127,6.18,6.07,6.118
10/27/1978,6.112,6.24,6.08,6.2
10/30/1978,6.275,6.4,6.27,6.365
10/31/1978,6.315,6.32,6.175,6.215
11/1/1978,6.015,6.015,6.015,6.015
11/2/1978,5.835,5.915,5.82,5.88
11/3/1978,5.855,5.91,5.81,5.838
11/6/1978,5.79,5.878,5.78,5.838
11/8/1978,5.905,5.921,5.86,5.87
11/9/1978,5.81,5.82,5.675,5.68
11/10/1978,5.667,5.715,5.645,5.7
11/13/1978,5.687,5.8,5.685,5.79
11/14/1978,5.84,5.92,5.821,5.905
11/15/1978,5.8,5.81,5.705,5.712
11/16/1978,5.687,5.845,5.67,5.83
11/17/1978,5.8,6.005,5.79,6
11/20/1978,5.964,6.04,5.935,6.025
11/21/1978,6.002,6.085,5.965,5.975
11/22/1978,5.996,6.08,5.99,6.04
11/24/1978,6.085,6.11,6.065,6.105
11/27/1978,6.054,6.06,6.024,6.043
11/28/1978,6.04,6.04,5.88,5.896
11/29/1978,6.07,6.085,5.983,5.995
11/30/1978,6.025,6.11,6.005,6.09
12/1/1978,6.095,6.108,6.03,6.038
12/4/1978,6.072,6.084,5.95,5.975
12/5/1978,5.967,6.005,5.955,5.975
12/6/1978,5.96,5.965,5.881,5.907
12/7/1978,5.952,5.973,5.925,5.94
12/8/1978,5.985,6.008,5.975,5.985
12/11/1978,6.025,6.03,5.96,5.987
12/12/1978,5.947,6.007,5.94,5.987
12/13/1978,5.96,6.025,5.96,5.985
12/14/1978,5.985,5.999,5.925,5.958
12/15/1978,5.977,6,5.94,5.965
12/18/1978,6.085,6.095,6.035,6.04
12/19/1978,6.037,6.11,6.025,6.105
12/20/1978,6.08,6.11,6.07,6.075
12/21/1978,6.06,6.08,6.041,6.058
12/22/1978,6.062,6.066,6.021,6.03
12/26/1978,6.041,6.072,6.016,6.07
12/27/1978,6.097,6.149,6.093,6.128
12/28/1978,6.12,6.135,6.095,6.11
12/29/1978,6.132,6.15,6.125,6.137
1/2/1979,6.151,6.153,6.06,6.065
1/3/1979,6.037,6.065,6,6.057
1/4/1979,6.065,6.087,6.046,6.055
1/5/1979,6.05,6.08,6.045,6.062
1/8/1979,6.056,6.115,6.051,6.101
1/9/1979,6.092,6.1,6.052,6.065
1/10/1979,6.07,6.08,6.045,6.062
1/11/1979,6.052,6.055,5.98,5.985
1/12/1979,5.992,6.04,5.986,6.039
1/15/1979,6.005,6.14,6,6.122
1/16/1979,6.155,6.315,6.14,6.277
1/17/1979,6.3,6.35,6.27,6.322
1/18/1979,6.35,6.38,6.315,6.34
1/19/1979,6.332,6.388,6.295,6.38
1/22/1979,6.43,6.47,6.385,6.388
1/23/1979,6.354,6.438,6.345,6.43
1/24/1979,6.492,6.63,6.49,6.623
1/25/1979,6.577,6.73,6.53,6.661
1/26/1979,6.687,6.705,6.62,6.69
1/29/1979,6.71,6.81,6.68,6.7
1/30/1979,6.69,6.751,6.6,6.745
1/31/1979,6.79,6.83,6.75,6.755
2/1/1979,6.705,6.745,6.66,6.719
2/2/1979,6.665,6.919,6.665,6.919
2/5/1979,7.119,7.119,7.119,7.119
2/6/1979,7.08,7.307,7.07,7.225
2/7/1979,7.425,7.425,7.385,7.425
2/8/1979,7.485,7.6,7.225,7.225
2/9/1979,7.265,7.39,7.13,7.375
2/12/1979,7.44,7.45,7.28,7.36
2/13/1979,7.172,7.245,7.16,7.16
2/14/1979,7.16,7.36,7.13,7.357
2/15/1979,7.365,7.557,7.325,7.44
2/16/1979,7.49,7.64,7.48,7.64
2/20/1979,7.754,7.84,7.7,7.84
2/21/1979,7.95,8.04,7.75,7.86
2/22/1979,7.94,7.98,7.78,7.82
2/23/1979,7.815,7.91,7.725,7.8
2/26/1979,7.755,7.79,7.55,7.565
2/27/1979,7.75,7.895,7.71,7.885
2/28/1979,7.912,8,7.82,7.83
3/1/1979,7.767,7.934,7.745,7.86
3/2/1979,7.817,7.881,7.66,7.66
3/5/1979,7.46,7.48,7.46,7.46
3/6/1979,7.51,7.555,7.44,7.495
3/7/1979,7.525,7.53,7.295,7.305
3/8/1979,7.297,7.383,7.22,7.305
3/9/1979,7.38,7.39,7.32,7.35
3/12/1979,7.33,7.34,7.15,7.185
3/13/1979,7.192,7.31,7.185,7.23
3/14/1979,7.247,7.335,7.214,7.31
3/15/1979,7.282,7.505,7.261,7.48
3/16/1979,7.502,7.58,7.425,7.435
3/19/1979,7.45,7.48,7.425,7.43
3/20/1979,7.425,7.526,7.42,7.44
3/21/1979,7.497,7.64,7.482,7.64
3/22/1979,7.702,7.75,7.645,7.695
3/23/1979,7.75,7.8,7.65,7.68
3/26/1979,7.855,7.88,7.79,7.825
3/27/1979,7.762,7.775,7.656,7.674
3/28/1979,7.732,7.755,7.695,7.715
3/29/1979,7.607,7.648,7.545,7.56
3/30/1979,7.54,7.55,7.45,7.511
4/2/1979,7.545,7.6,7.515,7.521
4/3/1979,7.545,7.575,7.36,7.39
4/4/1979,7.427,7.5,7.31,7.48
4/5/1979,7.505,7.53,7.454,7.48
4/6/1979,7.467,7.61,7.422,7.575
4/9/1979,7.567,7.69,7.56,7.625
4/10/1979,7.612,7.64,7.555,7.6
4/11/1979,7.512,7.525,7.435,7.445
4/12/1979,7.457,7.485,7.431,7.449
4/16/1979,7.405,7.41,7.27,7.31
4/17/1979,7.362,7.425,7.274,7.42
4/18/1979,7.427,7.6,7.425,7.525
4/19/1979,7.575,7.59,7.38,7.39
4/20/1979,7.345,7.415,7.32,7.371
4/23/1979,7.36,7.455,7.335,7.435
4/24/1979,7.422,7.534,7.375,7.447
4/25/1979,7.515,7.58,7.47,7.555
4/26/1979,7.537,7.61,7.515,7.578
4/27/1979,7.855,7.9,7.805,7.89
4/30/1979,7.835,8.09,7.82,8.09
5/1/1979,8.125,8.255,8.025,8.04
5/2/1979,8.08,8.17,8.035,8.065
5/3/1979,8.057,8.18,8.05,8.155
5/4/1979,8.23,8.355,8.21,8.355
5/7/1979,8.51,8.555,8.47,8.515
5/8/1979,8.402,8.42,8.315,8.315
5/9/1979,8.35,8.47,8.258,8.46
5/10/1979,8.63,8.66,8.5,8.52
5/11/1979,8.527,8.58,8.34,8.35
5/14/1979,8.452,8.52,8.401,8.485
5/15/1979,8.635,8.66,8.41,8.45
5/16/1979,8.525,8.54,8.255,8.46
5/17/1979,8.35,8.5,8.3,8.445
5/18/1979,8.355,8.42,8.34,8.39
5/21/1979,8.54,8.59,8.5,8.59
5/22/1979,8.555,8.79,8.53,8.79
5/23/1979,8.67,8.79,8.65,8.685
5/24/1979,8.67,8.783,8.66,8.73
5/25/1979,8.87,8.93,8.835,8.925
5/29/1979,8.99,9,8.725,8.725
5/30/1979,8.667,8.74,8.565,8.67
5/31/1979,8.78,8.78,8.68,8.766
6/1/1979,8.67,8.685,8.566,8.566
6/4/1979,8.466,8.625,8.46,8.615
6/5/1979,8.565,8.73,8.525,8.63
6/6/1979,8.676,8.69,8.525,8.54
6/7/1979,8.385,8.5,8.37,8.465
6/8/1979,8.51,8.62,8.5,8.605
6/11/1979,8.656,8.68,8.55,8.6
6/12/1979,8.472,8.505,8.4,8.4
6/13/1979,8.36,8.45,8.31,8.44
6/14/1979,8.41,8.51,8.39,8.485
6/15/1979,8.52,8.55,8.46,8.515
6/18/1979,8.455,8.465,8.36,8.425
6/19/1979,8.47,8.625,8.46,8.625
6/20/1979,8.642,8.79,8.635,8.7
6/21/1979,8.765,8.84,8.72,8.74
6/22/1979,8.825,8.88,8.68,8.73
6/25/1979,8.81,8.82,8.675,8.705
6/26/1979,8.617,8.665,8.53,8.54
6/27/1979,8.592,8.625,8.51,8.52
6/28/1979,8.615,8.635,8.52,8.58
6/29/1979,8.595,8.78,8.59,8.78
7/2/1979,8.832,8.845,8.66,8.685
7/3/1979,8.677,8.86,8.656,8.84
7/5/1979,8.967,9.04,8.925,9.04
7/6/1979,9.096,9.142,8.94,9
7/9/1979,8.905,9.2,8.88,9.195
7/10/1979,9.162,9.32,9.15,9.25
7/11/1979,9.262,9.34,9.175,9.295
7/12/1979,9.29,9.355,9.16,9.175
7/13/1979,9.015,9.095,9.01,9.085
7/16/1979,9.195,9.285,9.18,9.285
7/17/1979,9.46,9.485,9.4,9.485
7/18/1979,9.582,9.615,9.41,9.49
7/19/1979,9.415,9.5,9.38,9.49
7/20/1979,9.415,9.64,9.395,9.63
7/23/1979,9.675,9.735,9.585,9.612
7/24/1979,9.63,9.66,9.47,9.54
7/25/1979,9.435,9.55,9.43,9.54
7/26/1979,9.535,9.665,9.45,9.625
7/27/1979,9.593,9.62,9.46,9.465
7/30/1979,9.272,9.28,9.265,9.265
7/31/1979,9.14,9.23,9.065,9.065
8/1/1979,9.12,9.17,8.995,9.16
8/2/1979,9.11,9.12,8.96,9.005
8/3/1979,9.037,9.085,8.995,9.045
8/6/1979,8.845,8.845,8.845,8.845
8/7/1979,8.845,8.875,8.77,8.79
8/8/1979,8.855,8.99,8.84,8.99
8/9/1979,9.085,9.16,9.02,9.125
8/10/1979,9.177,9.21,9.055,9.125
8/13/1979,9.032,9.04,8.935,8.97
8/14/1979,8.855,9.17,8.855,9.17
8/15/1979,9.212,9.26,9.09,9.16
8/16/1979,9.09,9.26,9.075,9.225
8/17/1979,9.22,9.31,9.15,9.23
8/20/1979,9.22,9.23,9.135,9.153
8/21/1979,9.215,9.353,9.19,9.353
8/22/1979,9.535,9.55,9.44,9.537
8/23/1979,9.495,9.737,9.48,9.737
8/24/1979,9.685,9.919,9.67,9.898
8/27/1979,9.875,9.95,9.86,9.93
8/28/1979,9.995,10.13,9.89,10.13
8/29/1979,10.14,10.32,10.1,10.285
8/30/1979,10.715,10.735,10.65,10.735
8/31/1979,10.535,10.935,10.535,10.86
9/4/1979,11.23,11.26,11.15,11.26
9/5/1979,11.66,11.66,11.55,11.66
9/6/1979,12.06,12.06,11.45,12.06
9/7/1979,11.68,12.26,11.67,12.19
9/10/1979,12.225,12.59,12.14,12.59
9/11/1979,12.55,12.99,12.51,12.89
9/12/1979,12.77,12.95,12.49,12.5
9/13/1979,12.4,12.9,12.35,12.9
9/14/1979,13.295,13.3,13.285,13.3
9/17/1979,13.785,13.9,13.72,13.9
9/18/1979,14.7,14.7,14.7,14.7
9/19/1979,15.4,15.5,14.7,15.5
9/20/1979,16.3,16.3,15.5,15.7
9/21/1979,15.3,16.1,15.3,16.1
9/24/1979,16.47,16.5,15.7,16.38
9/25/1979,15.85,16.38,15.78,15.78
9/26/1979,15.41,16.15,15.4,16.1
9/27/1979,16.5,16.5,16.5,16.5
9/28/1979,16.71,16.9,16.65,16.8
10/1/1979,17.2,17.2,17.2,17.2
10/2/1979,17.6,17.6,16.8,17.3
10/3/1979,16.965,17.5,16.9,17.31
10/4/1979,16.91,16.91,16.91,16.91
10/5/1979,16.51,16.8,16.51,16.51
10/8/1979,15.91,15.98,15.91,15.91
10/9/1979,16.65,16.71,16.6,16.71
10/10/1979,17.51,17.51,17.25,17.51
10/11/1979,16.965,17.9,16.9,17.8
10/12/1979,17.65,18.1,17.6,17.8
10/15/1979,18.05,18.13,17.61,17.82
10/16/1979,17.84,17.9,17.42,17.42
10/17/1979,17.115,17.35,17.02,17.3
10/18/1979,16.9,17.6,16.9,17.4
10/19/1979,17.77,17.8,17.25,17.78
10/22/1979,17.73,17.81,17.38,17.66
10/23/1979,17.26,17.65,17.26,17.55
10/24/1979,17.725,17.85,17.56,17.71
10/25/1979,17.495,17.65,17.4,17.45
10/26/1979,17.05,17.05,17.05,17.05
10/29/1979,16.65,16.65,16.65,16.65
10/30/1979,16.26,16.7,16.2,16.6
10/31/1979,16.875,16.9,16.7,16.79
11/1/1979,16.495,16.72,16.39,16.39
11/2/1979,16.34,16.48,16,16.29
11/5/1979,16.55,16.58,16.4,16.485
11/6/1979,16.675,16.87,16.66,16.87
11/7/1979,16.965,17.07,16.68,16.75
11/8/1979,16.67,16.69,16.36,16.67
11/9/1979,16.46,16.6,16.4,16.42
11/12/1979,16.62,16.64,16.38,16.39
11/13/1979,16.185,16.36,15.99,15.99
11/14/1979,16.2,16.34,15.85,16.27
11/15/1979,16.03,16.21,15.98,16.16
11/16/1979,16.34,16.42,16.28,16.3
11/19/1979,16.44,16.45,16.24,16.32
11/20/1979,16.31,16.45,16.16,16.3
11/21/1979,16.465,16.53,15.95,16
11/23/1979,15.925,16.34,15.9,16.32
11/26/1979,16.38,16.44,16.31,16.405
11/27/1979,16.63,16.805,16.61,16.805
11/28/1979,18.225,18.48,18.15,18.26
11/29/1979,18.47,18.47,18.47,18.47
11/30/1979,19.27,19.27,19.27,19.27
12/3/1979,20.07,20.07,20.07,20.07
12/4/1979,20.225,20.6,19.9,20.4
12/5/1979,19.96,20.4,19.92,20.172
12/6/1979,20.445,20.49,19.8,19.81
12/7/1979,19.93,19.95,19.31,19.37
12/10/1979,19.63,19.82,19.41,19.8
12/11/1979,20.3,20.3,20.3,20.3
12/12/1979,20.65,20.8,20.5,20.75
12/13/1979,21.35,21.5,21.3,21.5
12/14/1979,21.35,22.45,21.05,22.38
12/17/1979,22.815,23.25,22.67,23.15
12/18/1979,23.9,24.15,23.8,24.15
12/19/1979,24.575,25.03,23.3,24.5
12/20/1979,24.15,24.4,23.7,24.3
12/21/1979,24.15,25.055,24.1,25.055
12/26/1979,25.775,26.05,25.5,26.05
12/27/1979,27.05,27.05,27.05,27.05
12/28/1979,28.05,28.05,28.05,28.05
12/31/1979,29.05,29.05,29.05,29.05
1/2/1980,30.05,30.05,30.05,30.05
1/3/1980,31.05,31.05,31.05,31.05
1/4/1980,32.05,32.05,32.05,32.05
1/7/1980,33.05,33.05,33.05,33.05
1/8/1980,33.975,34.05,32.5,32.75
1/9/1980,33.5,33.5,33.5,33.5
1/10/1980,34.5,34.5,34.5,34.5
1/11/1980,35.5,35.5,35.5,35.5
1/14/1980,36.5,36.5,36.5,36.5
1/15/1980,37.5,37.5,37.5,37.5
1/16/1980,38.5,38.5,38.5,38.5
1/17/1980,39.5,39.5,39.5,39.5
1/18/1980,40.5,40.5,40.5,40.5
1/21/1980,41.5,41.5,41.5,41.5
1/22/1980,40.5,40.5,40.5,40.5
1/23/1980,39.5,39.5,39.5,39.5
1/24/1980,40.5,40.5,38.5,38.5
1/25/1980,37.9,38.6,37.5,37.5
1/28/1980,36.5,36.5,36.5,36.5
1/29/1980,37.5,37.5,35.5,37
1/30/1980,36.75,37,36,36.5
1/31/1980,36.25,36.25,35.75,35.75
2/1/1980,35,35.4,34.75,34.75
2/4/1980,34.65,34.65,33.75,33.75
2/5/1980,34.75,34.75,34.3,34.75
2/6/1980,35.75,35.75,35.75,35.75
2/7/1980,36.75,36.75,36.75,36.75
2/8/1980,37.75,37.75,37.75,37.75
2/11/1980,38.75,38.75,38.75,38.75
2/12/1980,39.5,39.7,38.6,38.6
2/13/1980,39.05,39.05,37.6,37.6
2/14/1980,37.9,38,36.6,36.6
2/15/1980,36.4,36.4,35.6,36
2/19/1980,35,35,35,35
2/20/1980,34,34,34,34
2/21/1980,34.1,35,33,34.7
2/22/1980,33.7,33.7,33.7,33.7
2/25/1980,32.7,34,32.7,34
2/26/1980,34,34,33.1,33.6
2/27/1980,33.2,34.15,33.1,33.7
2/28/1980,35.34,35.34,35.34,35.34
2/29/1980,36.34,36.34,35,36.34
3/3/1980,36.1,36.25,35.34,35.98
3/4/1980,35.78,36.98,35.3,36.85
3/5/1980,37.6,37.6,36.6,36.8
3/6/1980,36.4,36.4,36.05,36.05
3/7/1980,35.05,35.05,35.05,35.05
3/10/1980,34.05,34.05,34.05,34.05
3/11/1980,33.05,33.05,33.05,33.05
3/12/1980,32.05,32.05,32.05,32.05
3/13/1980,31.05,31.05,31.05,31.05
3/14/1980,30.05,30.05,30.05,30.05
3/17/1980,29.05,29.05,29.05,29.05
3/18/1980,28.05,28.05,28.05,28.05
3/19/1980,27.05,27.05,27.05,27.05
3/20/1980,26.05,26.05,26.05,26.05
3/21/1980,25.05,25.05,25.05,25.05
3/24/1980,24.05,24.15,24.05,24.05
3/25/1980,23.05,23.05,23.05,23.05
3/26/1980,22.05,22.05,22.05,22.05
3/27/1980,21.05,21.05,21.05,21.05
3/28/1980,20.05,20.05,20.05,20.05
3/31/1980,19.05,19.05,19.05,19.05
4/1/1980,18.05,18.05,18.05,18.05
4/2/1980,17.05,17.05,17.05,17.05
4/3/1980,16.05,16.05,16.05,16.05
4/7/1980,15.05,15.6,15.05,15.35
4/8/1980,16.35,16.35,16.35,16.35
4/9/1980,17.35,17.35,15.8,16.01
4/10/1980,15.45,15.95,15.2,15.56
4/11/1980,15.35,15.75,15.3,15.45
4/14/1980,15.25,15.5,14.7,14.7
4/15/1980,14.25,14.75,13.85,14.45
4/16/1980,15.025,15.3,14.1,14.25
4/17/1980,14.225,14.6,14,14.3
4/18/1980,14.475,14.51,14.05,14.15
4/21/1980,13.7,13.8,13.65,13.65
4/22/1980,13.825,13.85,13.35,13.65
4/23/1980,13.925,13.95,13.46,13.65
4/24/1980,14.025,14.15,13.95,14.15
4/25/1980,14.65,14.65,14.65,14.65
4/28/1980,13.65,14,13.5,13.65
4/29/1980,13.9,14.23,13.7,14
4/30/1980,13.875,13.98,13,13
5/1/1980,12,12.5,12,12.38
5/2/1980,12.875,13.38,12.55,13.38
5/5/1980,13.775,13.9,13.2,13.4
5/6/1980,13.075,13.3,13,13.05
5/7/1980,13.125,13.5,12.9,13.31
5/8/1980,13.425,13.45,13.05,13.1
5/9/1980,12.725,13.22,12.7,13.1
5/12/1980,12.875,13,12.625,12.65
5/13/1980,12.775,13.15,12.7,13.08
5/14/1980,13.245,13.34,13.11,13.15
5/15/1980,12.925,13.09,12.65,12.65
5/16/1980,12.78,12.86,12.55,12.62
5/19/1980,12.475,12.538,12.12,12.12
5/20/1980,12,12,11.62,11.8
5/21/1980,11.925,12.01,11.3,11.4
5/22/1980,10.9,11.9,10.9,11.67
5/23/1980,11.425,12.06,11.35,12.05
5/27/1980,12.475,12.55,12.45,12.55
5/28/1980,13.05,13.05,12.9,12.95
5/29/1980,13.02,13.3,12.55,13.2
5/30/1980,13.735,13.95,13.2,13.95
6/2/1980,14.775,14.95,14.55,14.75
6/3/1980,14.45,14.8,14.32,14.75
6/4/1980,15.175,15.5,15.05,15.5
6/5/1980,15.85,16.5,15.65,16.05
6/6/1980,16.925,17,16.35,16.9
6/9/1980,17.65,17.65,17.65,17.65
6/10/1980,16.65,16.65,16.65,16.65
6/11/1980,16.25,16.25,15.65,15.65
6/12/1980,15.675,15.9,15.15,15.85
6/13/1980,16.125,16.36,16.1,16.3
6/16/1980,15.875,16.05,15.55,15.55
6/17/1980,15.625,15.85,15.22,15.8
6/18/1980,15.975,16.17,15.3,15.35
6/19/1980,15.625,15.75,15.2,15.7
6/20/1980,15.67,15.75,15.5,15.7
6/23/1980,15.425,15.5,15.26,15.36
6/24/1980,15.475,15.85,15.36,15.8
6/25/1980,16.025,16.24,15.7,15.75
6/26/1980,16.075,16.1,15.7,16
6/27/1980,16.765,16.79,16.56,16.79
6/30/1980,17.075,17.14,16.8,16.9
7/1/1980,17.32,17.32,16.85,17.1
7/2/1980,16.975,17.25,16.9,17.08
7/3/1980,16.875,17.38,16.85,17.28
7/7/1980,17.175,17.65,17.11,17.6
7/8/1980,17.735,17.8,17.1,17.1
7/9/1980,17.215,17.23,16.6,16.63
7/10/1980,16.525,16.73,15.9,16.1
7/11/1980,16.275,16.64,16.21,16.55
7/14/1980,16.31,16.31,16.05,16.05
7/15/1980,15.55,15.75,15.55,15.55
7/16/1980,15.85,16.1,15.65,15.76
7/17/1980,15.925,16.02,15.71,15.8
7/18/1980,15.3,15.8,15.3,15.7
7/21/1980,15.775,15.95,15.61,15.75
7/22/1980,15.775,16.25,15.73,16.25
7/23/1980,16.175,16.6,16.05,16.2
7/24/1980,16.545,16.7,16.35,16.53
7/25/1980,16.75,16.85,16.48,16.84
7/28/1980,16.555,16.71,16.5,16.6
7/29/1980,16.575,16.71,16.2,16.42
7/30/1980,16.36,16.37,15.92,15.92
7/31/1980,15.67,15.99,15.42,15.55
8/1/1980,15.57,15.94,15.55,15.84
8/4/1980,15.975,16.18,15.9,15.95
8/5/1980,16.135,16.15,15.81,16.07
8/6/1980,16.025,16.49,15.95,16.435
8/7/1980,16.292,16.42,16.25,16.38
8/8/1980,16.18,16.31,16,16.02
8/11/1980,15.765,15.9,15.6,15.6
8/12/1980,15.625,15.87,15.5,15.85
8/13/1980,15.875,15.97,15.67,15.82
8/14/1980,15.935,16.07,15.9,16
8/15/1980,15.965,15.98,15.7,15.82
8/18/1980,15.59,15.97,15.5,15.85
8/19/1980,16,16.05,15.88,15.93
8/20/1980,16.145,16.43,16.13,16.43
8/21/1980,16.41,16.6,16.28,16.3
8/22/1980,16.37,16.49,16.25,16.345
8/25/1980,16.29,16.32,15.94,15.98
8/26/1980,16.11,16.18,16.01,16.08
8/27/1980,16.155,16.19,16.08,16.1
8/28/1980,16.735,16.75,16.57,16.64
8/29/1980,16.635,16.85,16.6,16.84
9/2/1980,16.885,16.94,16.81,16.87
9/3/1980,16.815,16.89,16.67,16.77
9/4/1980,16.99,17.27,16.98,17.27
9/5/1980,17.755,17.77,17.6,17.77
9/8/1980,18.52,18.52,18.52,18.52
9/9/1980,19.325,19.52,19.05,19.52
9/10/1980,20.52,20.52,20.1,20.18
9/11/1980,19.85,21.18,19.8,21.18
9/12/1980,21.625,22.16,20.8,21.4
9/15/1980,20.4,20.93,20.4,20.4
9/16/1980,20.625,21.4,20.5,21.4
9/17/1980,22.125,22.35,21.2,21.4
9/18/1980,21.725,21.75,21.03,21.43
9/19/1980,21.535,22.18,21.3,22.18
9/22/1980,23.18,23.18,23.18,23.18
9/23/1980,24.18,24.18,23.85,23.93
9/24/1980,23.975,24.05,23,23.3
9/25/1980,22.3,23.6,22.3,23.35
9/26/1980,23.12,23.3,22.6,22.6
9/29/1980,21.6,22.2,21.6,21.6
9/30/1980,21.225,21.7,20.6,21.25
10/1/1980,22.25,22.25,21.72,22.1
10/2/1980,21.35,21.68,21.35,21.35
10/3/1980,20.35,20.74,20.35,20.65
10/6/1980,20.925,21.65,20.85,21.65
10/7/1980,21.325,21.88,21.05,21.13
10/8/1980,21.425,21.58,21.2,21.44
10/9/1980,22.19,22.19,22.04,22.14
10/10/1980,22.02,22.28,21.88,22
10/13/1980,21.775,21.87,21.5,21.5
10/14/1980,21,21.7,21,21.65
10/15/1980,21.665,21.85,21.25,21.35
10/16/1980,21.375,21.55,20.95,21
10/17/1980,21.065,21.24,20.5,20.5
10/20/1980,20.475,20.5,19.75,19.95
10/21/1980,19.875,20.15,19.52,20.09
10/22/1980,20.425,20.47,19.75,19.8
10/23/1980,19.05,19.17,19.05,19.05
10/24/1980,19.175,19.39,18.65,19
10/27/1980,19.175,19.33,18.72,18.88
10/28/1980,18.74,19.08,18.54,18.95
10/29/1980,19.575,19.65,19.32,19.43
10/30/1980,19.525,19.7,19.45,19.5
10/31/1980,19,19.2,19,19.1
11/3/1980,19.32,19.6,19.25,19.6
11/5/1980,20.025,20.32,18.9,19.15
11/6/1980,18.825,19.03,18.62,18.68
11/7/1980,18.18,18.25,18.18,18.18
11/10/1980,18.44,18.48,18,18.08
11/11/1980,17.58,17.98,17.58,17.9
11/12/1980,18.055,18.4,18,18.4
11/13/1980,18.675,18.86,18.52,18.75
11/14/1980,18.73,18.85,18.25,18.515
11/17/1980,18.325,18.53,18.3,18.45
11/18/1980,18.725,18.79,18.6,18.65
11/19/1980,19.075,19.15,18.91,19.15
11/20/1980,19.325,19.5,19.04,19.48
11/21/1980,19.225,19.57,19.2,19.45
11/24/1980,18.95,19.12,18.7,18.7
11/25/1980,18.125,18.75,18.1,18.58
11/26/1980,18.775,18.8,18.2,18.55
11/28/1980,19.22,19.5,19.2,19.45
12/1/1980,19.875,19.95,19.37,19.45
12/2/1980,19.525,19.55,19.05,19.15
12/3/1980,19.275,19.44,19.25,19.4
12/4/1980,19.575,19.6,18.95,18.95
12/5/1980,18.45,18.85,18.45,18.73
12/8/1980,18.24,18.53,18.23,18.23
12/9/1980,17.73,17.73,17.73,17.73
12/10/1980,16.98,17.1,16.98,16.98
12/11/1980,15.98,15.98,15.98,15.98
12/12/1980,14.98,15.95,14.98,15.85
12/15/1980,16.28,16.35,15.5,15.82
12/16/1980,15.07,15.5,15.07,15.4
12/17/1980,15.825,16.15,15.7,16.15
12/18/1980,16.125,16.16,15.75,15.9
12/19/1980,16.05,16.75,15.75,16.75
12/22/1980,16.465,16.85,16.2,16.45
12/23/1980,16.87,17.2,16.8,17.18
12/24/1980,16.975,17.15,16.87,17.12
12/29/1980,16.675,16.74,16.12,16.12
12/30/1980,15.825,16.2,15.55,15.7
12/31/1980,15.975,16.15,15.8,16.12
1/2/1981,15.535,16.08,15.52,16.05
1/5/1981,16.425,16.8,16.25,16.7
1/6/1981,16.625,16.97,16.52,16.7
1/7/1981,16.2,16.23,16.2,16.2
1/8/1981,15.7,15.98,15.7,15.7
1/9/1981,16.025,16.05,15.4,15.54
1/12/1981,15.025,15.31,15,15.28
1/13/1981,15.34,15.48,15.05,15.33
1/14/1981,15.065,15.65,15,15.6
1/15/1981,15.55,15.8,15.1,15.15
1/16/1981,15.24,15.49,15.05,15.43
1/19/1981,15.375,15.93,15.3,15.42
1/20/1981,15.525,15.69,15.25,15.65
1/21/1981,15.83,15.9,15.15,15.2
1/22/1981,15.165,15.18,14.7,14.8
1/23/1981,14.475,14.69,14.41,14.57
1/26/1981,14.07,14.07,14.07,14.07
1/27/1981,13.835,14,13.57,13.65
1/28/1981,13.835,13.92,13.5,13.55
1/29/1981,13.05,14,12.88,13.95
1/30/1981,13.485,13.74,13.45,13.45
2/2/1981,13.025,13.23,12.95,12.97
2/3/1981,12.825,13.29,12.73,13.12
2/4/1981,13.575,13.6,12.95,13
2/5/1981,13.125,13.3,13,13.23
2/6/1981,13.325,13.73,13.16,13.68
2/9/1981,13.9,14.18,13.76,14.18
2/10/1981,14.085,14.1,13.5,13.6
2/11/1981,13.275,13.4,13.1,13.13
2/12/1981,12.87,12.95,12.63,12.64
2/13/1981,12.675,12.9,12.5,12.75
2/17/1981,13.215,13.24,13.04,13.15
2/18/1981,13.22,13.24,12.68,12.77
2/19/1981,13,13.26,12.85,13.23
2/20/1981,13.27,13.29,13.05,13.15
2/23/1981,12.98,12.98,12.76,12.88
2/24/1981,12.995,13.14,12.95,12.96
2/25/1981,12.875,12.95,12.7,12.82
2/26/1981,12.69,12.89,12.69,12.69
2/27/1981,12.525,12.77,12.45,12.5
3/2/1981,12,12,12,12
3/3/1981,11.925,12.4,11.85,12.38
3/4/1981,12.185,12.2,11.88,11.88
3/5/1981,11.655,12.04,11.63,11.97
3/6/1981,11.875,12.25,11.85,12
3/9/1981,12.165,12.29,12.01,12.08
3/10/1981,12.54,12.58,12.18,12.26
3/11/1981,12.08,12.08,11.81,11.93
3/12/1981,11.99,12.19,11.9,12.16
3/13/1981,12.57,12.64,12.3,12.38
3/16/1981,12.695,12.7,12.46,12.58
3/17/1981,12.55,13,12.43,12.98
3/18/1981,12.91,13.4,12.88,13.3
3/19/1981,13.275,13.3,13.12,13.17
3/20/1981,13.21,13.67,13.2,13.67
3/23/1981,13.34,13.6,13.17,13.17
3/24/1981,13.175,13.55,13.1,13.35
3/25/1981,13.225,13.25,12.9,13
3/26/1981,13.13,13.47,13.07,13.42
3/27/1981,13.26,13.3,12.92,12.92
3/30/1981,12.7,12.72,12.42,12.42
3/31/1981,12.125,12.24,11.7,12.03
4/1/1981,12.14,12.29,11.8,12.2
4/2/1981,12.165,12.37,12.08,12.24
4/3/1981,12.3,12.39,12.23,12.3
4/6/1981,12.46,12.48,12.32,12.35
4/7/1981,11.875,11.98,11.85,11.92
4/8/1981,11.835,11.88,11.65,11.7
4/9/1981,11.325,11.51,11.3,11.34
4/10/1981,11.41,11.43,11.16,11.21
4/13/1981,11.04,11.28,10.8,11.25
4/14/1981,11.345,11.5,11.3,11.38
4/15/1981,11.18,11.2,11.07,11.17
4/16/1981,11.325,11.53,11.3,11.45
4/20/1981,11.225,11.68,11.05,11.57
4/21/1981,11.29,11.64,11.27,11.54
4/22/1981,11.665,11.78,11.33,11.36
4/23/1981,11.46,11.55,11.25,11.4
4/24/1981,11.535,11.54,11.22,11.25
4/27/1981,11.13,11.29,11.12,11.27
4/28/1981,11.11,11.23,11.1,11.17
4/29/1981,11.295,11.34,11.23,11.3
4/30/1981,11.39,11.43,11.255,11.38
5/1/1981,11.42,11.56,11.35,11.41
5/4/1981,11.27,11.32,11.21,11.26
5/5/1981,11.14,11.32,11.13,11.263
5/6/1981,11.34,11.35,11.23,11.24
5/7/1981,11.19,11.4,11.18,11.29
5/8/1981,11.565,11.79,11.48,11.78
5/11/1981,11.775,11.83,11.45,11.47
5/12/1981,11.4,11.465,11,11.28
5/13/1981,11.215,11.28,11.15,11.23
5/14/1981,11.03,11.19,10.98,11.14
5/15/1981,11.215,11.27,11.2,11.2
5/18/1981,11.245,11.27,11.07,11.26
5/19/1981,11.205,11.21,11.14,11.18
5/20/1981,11.135,11.19,11.12,11.16
5/21/1981,11.03,11.06,10.85,10.88
5/22/1981,10.94,10.95,10.71,10.73
5/26/1981,10.505,10.54,10.4,10.44
5/27/1981,10.47,10.66,10.42,10.62
5/28/1981,10.775,10.99,10.71,10.9
5/29/1981,10.817,10.94,10.75,10.88
6/1/1981,10.905,11.08,10.6,10.67
6/2/1981,10.645,10.69,10.53,10.67
6/3/1981,10.67,10.71,10.35,10.39
6/4/1981,10.115,10.24,10.02,10.22
6/5/1981,10.165,10.18,9.92,10
6/8/1981,10.35,10.5,10.18,10.247
6/9/1981,10.27,10.28,10.08,10.08
6/10/1981,10.27,10.33,10.21,10.282
6/11/1981,10.225,10.45,10.22,10.43
6/12/1981,10.565,10.85,10.54,10.57
6/15/1981,10.625,10.64,10.2,10.275
6/16/1981,10.2,10.24,10.05,10.18
6/17/1981,10.13,10.2,10.05,10.18
6/18/1981,10.075,10.11,10.01,10.04
6/19/1981,9.97,10.06,9.95,10.02
6/22/1981,10.07,10.25,10.05,10.18
6/23/1981,10.295,10.345,10.18,10.19
6/24/1981,10.145,10.17,9.96,9.98
6/25/1981,9.88,9.93,9.48,9.48
6/26/1981,9.465,9.68,9.4,9.55
6/29/1981,9.05,9.05,9.05,9.05
6/30/1981,8.77,8.98,8.7,8.8
7/1/1981,8.855,8.99,8.53,8.56
7/2/1981,8.74,8.75,8.49,8.62
7/6/1981,8.51,8.52,8.41,8.48
7/7/1981,8.66,8.75,8.63,8.7
7/8/1981,8.575,8.9,8.5,8.87
7/9/1981,8.985,9.29,8.82,9.1
7/10/1981,9.21,9.4,9.2,9.33
7/13/1981,9.19,9.2,8.93,8.95
7/14/1981,8.85,9,8.64,8.91
7/15/1981,8.935,9.18,8.85,8.92
7/16/1981,9.12,9.23,9.03,9.05
7/17/1981,9.085,9.23,9.015,9.18
7/20/1981,9.075,9.08,8.8,8.84
7/21/1981,8.705,8.87,8.66,8.85
7/22/1981,8.91,8.97,8.75,8.77
7/23/1981,8.84,8.85,8.69,8.71
7/24/1981,8.665,8.77,8.62,8.67
7/27/1981,8.725,8.73,8.52,8.53
7/28/1981,8.44,8.8,8.4,8.78
7/29/1981,8.67,8.79,8.63,8.71
7/30/1981,8.54,8.67,8.53,8.6
7/31/1981,8.64,8.71,8.61,8.64
8/3/1981,8.39,8.47,8.34,8.37
8/4/1981,8.415,8.42,8.35,8.385
8/5/1981,8.442,8.46,8.4,8.41
8/6/1981,8.445,8.91,8.44,8.78
8/7/1981,8.665,8.75,8.61,8.63
8/10/1981,8.555,8.76,8.5,8.74
8/11/1981,8.83,9.15,8.79,9.12
8/12/1981,9.21,9.42,9.01,9.02
8/13/1981,9.06,9.2,8.9,9.19
8/14/1981,9.34,9.4,9.05,9.1
8/17/1981,9.17,9.23,9.07,9.22
8/18/1981,9.52,9.52,9.32,9.5
8/19/1981,9.525,9.78,9.5,9.78
8/20/1981,9.64,9.69,9.49,9.6
8/21/1981,9.615,9.72,9.56,9.632
8/24/1981,9.43,9.43,9.132,9.132
8/25/1981,8.83,9.04,8.73,8.77
8/26/1981,8.885,8.95,8.82,8.868
8/27/1981,8.855,9.2,8.68,9.17
8/28/1981,9.69,9.9,9.61,9.67
8/31/1981,9.725,9.78,9.52,9.72
9/1/1981,9.47,9.78,9.45,9.76
9/2/1981,10.15,10.15,9.72,10.09
9/3/1981,10.115,10.59,10.02,10.58
9/4/1981,10.455,10.56,10.26,10.42
9/8/1981,10.44,10.735,10.38,10.49
9/9/1981,10.635,10.99,10.61,10.99
9/10/1981,11.335,11.49,11.24,11.47
9/11/1981,11.46,11.68,11.27,11.54
9/14/1981,11.625,11.8,11.34,11.74
9/15/1981,11.63,11.77,11.46,11.55
9/16/1981,11.325,11.48,11.2,11.34
9/17/1981,11.435,11.48,10.84,10.84
9/18/1981,10.34,10.47,10.34,10.34
9/21/1981,10.6,11.05,10.55,10.83
9/22/1981,10.68,10.82,10.35,10.53
9/23/1981,10.39,10.47,10.15,10.24
9/24/1981,9.975,10.01,9.74,9.74
9/25/1981,9.795,9.88,9.24,9.24
9/28/1981,8.575,9.45,8.49,9.08
9/29/1981,9.175,9.37,9.12,9.28
9/30/1981,9.19,9.46,9.16,9.38
10/1/1981,9.625,9.65,9.47,9.58
10/2/1981,9.56,9.77,9.53,9.71
10/5/1981,9.8,9.84,9.22,9.25
10/6/1981,9.29,9.75,9.25,9.68
10/7/1981,9.565,9.58,9.36,9.4
10/8/1981,9.365,9.69,9.32,9.65
10/9/1981,9.79,9.93,9.6,9.66
10/12/1981,9.635,9.76,9.45,9.46
10/13/1981,9.39,9.83,9.37,9.78
10/14/1981,9.57,10.05,9.48,9.79
10/15/1981,9.87,9.92,9.56,9.59
10/16/1981,9.635,9.74,9.5,9.57
10/19/1981,9.49,9.52,9.27,9.3
10/20/1981,9.34,9.4,9.15,9.18
10/21/1981,9.105,9.295,9.06,9.2
10/22/1981,9.24,9.3,9.15,9.27
10/23/1981,9.235,9.29,9.16,9.28
10/26/1981,9.04,9.13,9,9.01
10/27/1981,9.04,9.23,9.03,9.22
10/28/1981,9.265,9.28,9.09,9.11
10/29/1981,9.16,9.42,9.06,9.38
10/30/1981,9.315,9.46,9.24,9.25
11/2/1981,9.265,9.41,9.16,9.18
11/3/1981,9.125,9.25,9.11,9.24
11/4/1981,9.21,9.33,9.18,9.24
11/5/1981,9.23,9.26,9.16,9.23
11/6/1981,9.195,9.258,9.17,9.21
11/9/1981,9.235,9.29,8.8,8.88
11/10/1981,8.855,8.95,8.7,8.75
11/11/1981,8.655,8.735,8.52,8.59
11/12/1981,8.655,8.72,8.55,8.7
11/13/1981,8.735,8.75,8.65,8.67
11/16/1981,8.315,8.42,8.22,8.24
11/17/1981,8.14,8.34,8.1,8.29
11/18/1981,8.275,8.38,8.18,8.26
11/19/1981,8.255,8.26,8.07,8.16
11/20/1981,8.195,8.29,8.15,8.16
11/23/1981,8.035,8.17,7.97,8.01
11/24/1981,8.12,8.14,8.02,8.07
11/25/1981,8.23,8.29,8.13,8.29
11/27/1981,8.51,8.58,8.47,8.567
11/30/1981,8.595,8.6,8.34,8.44
12/1/1981,8.255,8.37,8.23,8.335
12/2/1981,8.34,8.8,8.31,8.78
12/3/1981,8.64,8.9,8.52,8.87
12/4/1981,9.04,9.28,9.02,9.12
12/7/1981,8.935,9.2,8.9,9.09
12/8/1981,9.015,9.25,8.96,9
12/9/1981,8.995,9.04,8.65,8.8
12/10/1981,8.71,8.75,8.57,8.62
12/11/1981,8.71,8.82,8.7,8.73
12/14/1981,9.01,9.03,8.87,8.94
12/15/1981,8.87,8.93,8.81,8.9
12/16/1981,8.91,9.1,8.85,9.08
12/17/1981,9.025,9.25,8.96,9.08
12/18/1981,9.035,9.165,8.88,8.9
12/21/1981,8.83,8.85,8.43,8.45
12/22/1981,8.47,8.57,8.27,8.47
12/23/1981,8.34,8.46,8.32,8.43
12/24/1981,8.435,8.54,8.39,8.41
12/28/1981,8.285,8.3,8.05,8.165
12/29/1981,8.175,8.215,8.13,8.185
12/30/1981,8.21,8.39,8.19,8.38
12/31/1981,8.45,8.46,8.27,8.29
1/4/1982,8.155,8.4,8.11,8.38
1/5/1982,8.39,8.64,8.38,8.48
1/6/1982,8.46,8.54,8.4,8.44
1/7/1982,8.32,8.445,8.29,8.43
1/8/1982,8.39,8.55,8.3,8.33
1/11/1982,8.14,8.265,8.12,8.21
1/12/1982,8.25,8.27,8.16,8.23
1/13/1982,8.085,8.14,7.95,8.02
1/14/1982,7.99,8.05,7.93,7.99
1/15/1982,8.085,8.1,7.85,7.87
1/18/1982,7.965,8.08,7.9,8.02
1/19/1982,8.015,8.025,7.92,7.93
1/20/1982,7.955,8.02,7.93,7.97
1/21/1982,8.035,8.07,7.92,7.94
1/22/1982,8.04,8.05,7.89,7.935
1/25/1982,7.875,7.96,7.83,7.95
1/26/1982,7.975,8.06,7.96,8.03
1/27/1982,8.23,8.25,8.11,8.24
1/28/1982,8.245,8.315,8.205,8.29
1/29/1982,8.395,8.41,8.25,8.28
2/1/1982,8.19,8.27,8.125,8.25
2/2/1982,8.24,8.37,8.19,8.225
2/3/1982,8.235,8.35,8.22,8.335
2/4/1982,8.495,8.63,8.465,8.61
2/5/1982,8.57,8.69,8.53,8.67
2/8/1982,8.585,8.6,8.42,8.485
2/9/1982,8.455,8.585,8.45,8.55
2/10/1982,8.735,8.82,8.67,8.8
2/11/1982,8.67,8.75,8.64,8.66
2/12/1982,8.657,8.695,8.61,8.645
2/16/1982,8.635,8.675,8.465,8.51
2/17/1982,8.495,8.523,8.4,8.444
2/18/1982,8.335,8.38,8.3,8.34
2/19/1982,8.357,8.38,8.19,8.21
2/22/1982,8.16,8.2,7.98,8
2/23/1982,7.96,7.98,7.79,7.835
2/24/1982,7.91,8.01,7.88,7.978
2/25/1982,8.205,8.225,8.06,8.09
2/26/1982,8.01,8.04,7.93,7.94
3/1/1982,7.955,8.09,7.945,8.08
3/2/1982,8.115,8.12,7.939,8
3/3/1982,7.895,7.92,7.83,7.84
3/4/1982,7.77,7.78,7.63,7.67
3/5/1982,7.675,7.74,7.465,7.465
3/8/1982,7.415,7.43,7,7.165
3/9/1982,7.255,7.37,7.07,7.3
3/10/1982,7.36,7.41,7.215,7.39
3/11/1982,7.305,7.33,7.225,7.295
3/12/1982,7.17,7.21,7.06,7.1
3/15/1982,7.035,7.34,7,7.33
3/16/1982,7.26,7.43,7.11,7.165
3/17/1982,7.265,7.3,7.171,7.225
3/18/1982,7.28,7.345,7.255,7.29
3/19/1982,7.14,7.19,7.09,7.15
3/22/1982,7.245,7.34,7.185,7.33
3/23/1982,7.425,7.44,7.265,7.29
3/24/1982,7.39,7.46,7.345,7.39
3/25/1982,7.198,7.245,7.13,7.18
3/26/1982,7.145,7.215,7.11,7.13
3/29/1982,7.09,7.19,7.05,7.18
3/30/1982,7.185,7.22,7.115,7.12
3/31/1982,7.12,7.28,7.095,7.23
4/1/1982,7.225,7.26,7.15,7.16
4/2/1982,7.215,7.26,7.185,7.25
4/5/1982,7.353,7.54,7.33,7.53
4/6/1982,7.485,7.72,7.475,7.67
4/7/1982,7.555,7.625,7.485,7.51
4/8/1982,7.565,7.68,7.54,7.6
4/12/1982,7.535,7.54,7.4,7.43
4/13/1982,7.555,7.615,7.47,7.48
4/14/1982,7.655,7.7,7.6,7.64
4/15/1982,7.568,7.63,7.555,7.59
4/16/1982,7.565,7.66,7.535,7.62
4/19/1982,7.54,7.55,7.14,7.18
4/20/1982,7.26,7.28,7.16,7.2
4/21/1982,7.265,7.27,7.18,7.21
4/22/1982,7.195,7.225,7.17,7.185
4/23/1982,7.29,7.31,7.21,7.26
4/26/1982,7.335,7.36,7.1,7.11
4/27/1982,7.15,7.19,7.13,7.155
4/28/1982,7.19,7.21,7.06,7.088
4/29/1982,7.13,7.195,7.05,7.18
4/30/1982,7.23,7.35,6.68,7.02
5/3/1982,7.075,7.09,7,7.045
5/4/1982,6.97,7.065,6.96,7.03
5/5/1982,6.98,7.04,6.97,7.005
5/6/1982,6.94,7.024,6.93,6.97
5/7/1982,7.005,7.01,6.8,6.92
5/10/1982,6.845,6.885,6.75,6.77
5/11/1982,6.795,6.835,6.78,6.81
5/12/1982,6.795,6.81,6.78,6.795
5/13/1982,6.785,6.8,6.73,6.745
5/14/1982,6.768,6.92,6.76,6.89
5/17/1982,6.895,6.9,6.75,6.757
5/18/1982,6.813,6.835,6.72,6.815
5/19/1982,6.855,6.865,6.79,6.8
5/20/1982,6.833,6.855,6.785,6.845
5/21/1982,6.78,6.82,6.77,6.805
5/24/1982,6.615,6.655,6.61,6.62
5/25/1982,6.585,6.648,6.58,6.61
5/26/1982,6.635,6.66,6.4,6.485
5/27/1982,6.465,6.48,6.385,6.44
5/28/1982,6.403,6.41,6.28,6.295
6/1/1982,6.16,6.17,6.04,6.08
6/2/1982,6.065,6.16,6.06,6.115
6/3/1982,6.108,6.12,5.85,5.95
6/4/1982,6.005,6.01,5.86,5.915
6/7/1982,6.01,6.3,5.925,6.225
6/8/1982,6.145,6.2,6.04,6.095
6/9/1982,5.945,6.065,5.87,5.92
6/10/1982,5.84,6.06,5.84,6.05
6/11/1982,5.985,6.038,5.96,6.01
6/14/1982,5.825,5.875,5.54,5.55
6/15/1982,5.505,5.63,5.4,5.45
6/16/1982,5.485,5.54,5.42,5.505
6/17/1982,5.275,5.28,5.06,5.15
6/18/1982,5.155,5.22,5.08,5.105
6/21/1982,4.895,5.02,4.78,4.99
6/22/1982,5.035,5.2,5.02,5.05
6/23/1982,5.095,5.245,5.06,5.235
6/24/1982,5.305,5.31,5.115,5.175
6/25/1982,5.148,5.225,5.12,5.12
6/28/1982,5.125,5.39,5.08,5.366
6/29/1982,5.545,6,5.46,5.97
6/30/1982,6.21,6.3,5.95,6.16
7/1/1982,5.99,6.09,5.85,6.035
7/2/1982,6.045,6.2,6,6.02
7/6/1982,6.035,6.04,5.72,5.75
7/7/1982,5.66,5.85,5.58,5.83
7/8/1982,6.055,6.23,5.99,6.22
7/9/1982,6.475,6.615,6.35,6.51
7/12/1982,6.515,6.555,6.28,6.34
7/13/1982,6.455,6.69,6.45,6.66
7/14/1982,6.535,6.73,6.5,6.57
7/15/1982,6.67,6.68,6.4,6.44
7/16/1982,6.545,6.675,6.4,6.61
7/19/1982,6.595,6.655,6.53,6.595
7/20/1982,6.575,7.04,6.55,7.03
7/21/1982,7.13,7.34,6.8,6.95
7/22/1982,6.925,7.11,6.87,7.06
7/23/1982,7.295,7.4,7.18,7.33
7/26/1982,7.115,7.48,7.1,7.448
7/27/1982,7.325,7.45,7.25,7.31
7/28/1982,7.155,7.21,6.81,6.81
7/29/1982,6.855,6.9,6.39,6.6
7/30/1982,6.73,6.86,6.62,6.74
8/2/1982,6.97,7.16,6.94,7.15
8/3/1982,7.05,7.18,6.9,6.95
8/4/1982,6.9,7.08,6.85,7.06
8/5/1982,6.92,6.975,6.78,6.9
8/6/1982,6.85,6.965,6.81,6.83
8/9/1982,6.6,6.61,6.33,6.38
8/10/1982,6.5,6.54,6.22,6.26
8/11/1982,6.2,6.29,6.14,6.24
8/12/1982,6.27,6.49,6.24,6.42
8/13/1982,6.385,6.455,6.22,6.26
8/16/1982,6.41,6.68,6.38,6.45
8/17/1982,6.475,6.61,6.35,6.6
8/18/1982,7.1,7.1,6.96,7.1
8/19/1982,7.075,7.4,6.9,7.3
8/20/1982,7.8,7.8,7.56,7.79
8/23/1982,7.935,8.13,7.68,8.028
8/24/1982,8.13,8.32,7.68,7.762
8/25/1982,7.77,8.07,7.7,7.985
8/26/1982,8.15,8.48,8.11,8.465
8/27/1982,8.39,8.475,8.15,8.15
8/30/1982,8.075,8.12,7.75,7.99
8/31/1982,8.04,8.15,7.91,8.04
9/1/1982,7.94,7.975,7.7,7.84
9/2/1982,8,8.34,7.95,8.34
9/3/1982,8.84,8.84,8.84,8.84
9/7/1982,9.59,9.59,9.1,9.22
9/8/1982,8.96,9.975,8.88,9.72
9/9/1982,9.475,9.65,9.22,9.22
9/10/1982,9.08,9.38,8.75,8.98
9/13/1982,8.96,9.24,8.91,9.12
9/14/1982,9.295,9.46,8.89,8.95
9/15/1982,9.13,9.29,8.93,9.23
9/16/1982,9.39,9.47,9.19,9.27
9/17/1982,9.18,9.26,9.03,9.09
9/20/1982,8.825,8.96,8.7,8.85
9/21/1982,8.92,9.2,8.82,9.18
9/22/1982,9.34,9.43,9.13,9.19
9/23/1982,9.145,9.33,9.07,9.19
9/24/1982,9.13,9.165,8.77,8.8
9/27/1982,8.67,8.71,8.32,8.37
9/28/1982,8.465,8.68,8.45,8.65
9/29/1982,8.59,8.61,8.21,8.24
9/30/1982,8.36,8.4,8.13,8.24
10/1/1982,8.415,8.57,8.32,8.52
10/4/1982,8.035,8.199,8.02,8.09
10/5/1982,8.15,8.265,8.08,8.16
10/6/1982,8.405,8.45,8.3,8.33
10/7/1982,8.81,8.83,8.72,8.83
10/8/1982,9.135,9.3,8.75,9.12
10/11/1982,9.34,9.62,9.27,9.62
10/12/1982,9.61,9.85,9.5,9.73
10/13/1982,9.54,10.23,9.51,10.15
10/14/1982,10.275,10.65,9.91,9.98
10/15/1982,9.895,10.06,9.7,9.77
10/18/1982,9.785,10.15,9.72,10.07
10/19/1982,10.44,10.5,9.96,10.02
10/20/1982,9.985,10.3,9.79,10.27
10/21/1982,10.62,10.7,10.17,10.2
10/22/1982,10.415,10.65,10.3,10.63
10/25/1982,10.205,10.28,10.13,10.13
10/26/1982,10.19,10.24,9.63,9.8
10/27/1982,9.94,10.03,9.76,10
10/28/1982,9.89,10.08,9.85,9.96
10/29/1982,10.04,10.19,10.03,10.09
11/1/1982,10.365,10.59,10.29,10.59
11/3/1982,10.55,11.01,10.42,10.53
11/4/1982,10.61,10.82,10.51,10.77
11/5/1982,10.68,10.78,10.56,10.64
11/8/1982,10.325,10.37,10.14,10.155
11/9/1982,10.215,10.33,10.17,10.28
11/10/1982,10.29,10.35,9.78,9.78
11/11/1982,9.665,9.77,9.48,9.52
11/12/1982,9.375,9.67,9.3,9.6
11/15/1982,9.41,9.65,9.32,9.57
11/16/1982,9.585,9.85,9.57,9.81
11/17/1982,9.865,9.93,9.54,9.6
11/18/1982,9.62,9.8,9.5,9.773
11/19/1982,9.895,9.985,9.75,9.79
11/22/1982,9.665,9.69,9.29,9.29
11/23/1982,9.315,9.39,8.95,8.98
11/24/1982,9.11,9.2,9.02,9.17
11/26/1982,9.535,9.8,9.5,9.722
11/29/1982,9.865,10.05,9.72,9.9
11/30/1982,9.97,10.38,9.86,10.33
12/1/1982,10.39,10.54,10.23,10.4
12/2/1982,10.625,10.74,10.57,10.66
12/3/1982,10.65,10.67,10.45,10.6
12/6/1982,10.72,10.95,10.68,10.93
12/7/1982,11.3,11.43,11.22,11.29
12/8/1982,11.05,11.08,10.79,10.79
12/9/1982,10.67,10.84,10.43,10.75
12/10/1982,10.6,10.68,10.45,10.52
12/13/1982,10.489,10.88,10.48,10.85
12/14/1982,11.18,11.19,10.35,10.35
12/15/1982,10.45,10.62,10.22,10.59
12/16/1982,10.73,10.74,10.41,10.65
12/17/1982,10.52,10.71,10.44,10.59
12/20/1982,10.63,10.73,10.575,10.69
12/21/1982,10.71,11.02,10.68,10.99
12/22/1982,10.95,11.1,10.81,10.83
12/23/1982,10.88,11.03,10.8,10.9
12/27/1982,11.1,11.34,11.07,11.32
12/28/1982,11.28,11.33,11.16,11.22
12/29/1982,11.27,11.5,11.24,11.38
12/30/1982,11.35,11.35,11.02,11.1
1/3/1983,11.16,11.29,11.1,11.14
1/4/1983,11.21,11.25,11,11.2
1/5/1983,11.33,11.64,11.25,11.54
1/6/1983,11.44,11.6,11.36,11.44
1/7/1983,11.46,11.82,11.45,11.74
1/10/1983,12.03,12.24,11.96,12.165
1/11/1983,12.22,12.42,12.07,12.165
1/12/1983,12.22,12.645,12.2,12.64
1/13/1983,12.64,12.78,12.45,12.67
1/14/1983,12.5,13.04,12.38,12.93
1/17/1983,13.09,13.35,12.9,12.94
1/18/1983,12.82,13.25,12.63,13.24
1/19/1983,13.24,13.32,12.74,12.83
1/20/1983,12.88,13.1,12.78,12.99
1/21/1983,12.9,12.95,12.65,12.77
1/24/1983,12.32,13.05,12.27,12.84
1/25/1983,13.07,13.22,12.98,13.18
1/26/1983,13.13,13.33,12.99,13.22
1/27/1983,13.34,13.63,13.31,13.6
1/28/1983,13.52,13.8,13.47,13.71
1/31/1983,13.9,14.21,13.86,14.21
2/1/1983,14.44,14.5,14.05,14.08
2/2/1983,13.9,14.58,13.85,14.55
2/3/1983,14.49,14.68,14.1,14.13
2/4/1983,14.23,14.38,13.9,14.03
2/7/1983,13.85,14.17,13.78,14
2/8/1983,14.15,14.23,13.85,13.88
2/9/1983,13.88,14.04,13.7,13.89
2/10/1983,14,14.21,14,14.18
2/11/1983,14.42,14.53,14.25,14.46
2/14/1983,14.31,14.73,14.28,14.7
2/15/1983,14.8,14.93,14.64,14.7
2/16/1983,14.72,14.89,14.67,14.75
2/17/1983,14.79,14.81,14.5,14.53
2/18/1983,14.6,14.63,14.455,14.56
2/22/1983,14.46,14.51,14.06,14.06
2/23/1983,13.56,13.6,13.56,13.56
2/24/1983,13.6,13.84,13.3,13.382
2/25/1983,13.4,13.69,12.87,12.87
2/28/1983,11.87,11.87,11.87,11.87
3/1/1983,10.87,11.12,10.87,10.87
3/2/1983,11.2,11.3,10.55,10.87
3/3/1983,11.05,11.12,10.87,11.02
3/4/1983,10.58,10.69,10.27,10.31
3/7/1983,11.05,11.05,10.16,10.95
3/8/1983,10.7,10.86,10.46,10.73
3/9/1983,10.83,10.9,10.67,10.815
3/10/1983,11.2,11.41,11.12,11.26
3/11/1983,10.9,11.08,10.78,11.04
3/14/1983,11.12,11.54,11.02,11.54
3/15/1983,11.43,11.52,11.12,11.18
3/16/1983,10.85,10.97,10.7,10.73
3/17/1983,10.65,10.82,10.56,10.66
3/18/1983,10.76,10.85,10.34,10.45
3/21/1983,10.35,10.64,10.25,10.6
3/22/1983,10.72,10.77,10.56,10.6
3/23/1983,10.28,10.74,10.21,10.7
3/24/1983,10.67,10.75,10.42,10.45
3/25/1983,10.53,10.65,10.32,10.6
3/28/1983,10.35,10.64,10.3,10.5
3/29/1983,10.52,10.775,10.5,10.74
3/30/1983,10.82,10.83,10.65,10.68
3/31/1983,10.7,10.78,10.625,10.75
4/4/1983,10.8,11.08,10.8,11.04
4/5/1983,11.06,11.42,11.05,11.28
4/6/1983,11.35,11.38,11.13,11.3
4/7/1983,11.21,11.29,11.17,11.27
4/8/1983,11.09,11.21,11,11.04
4/11/1983,11.22,11.38,11.2,11.36
4/12/1983,11.44,11.52,11.245,11.32
4/13/1983,11.32,11.47,11.29,11.46
4/14/1983,11.66,11.94,11.6,11.91
4/15/1983,11.81,12.25,11.81,12.22
4/18/1983,12.4,12.67,12.34,12.65
4/19/1983,12.35,12.41,12.15,12.15
4/20/1983,11.97,12.38,11.75,12.3
4/21/1983,12.35,12.45,11.9,12
4/22/1983,12.1,12.22,11.95,12.15
4/25/1983,12.32,12.44,12.23,12.3
4/26/1983,12.2,12.35,12.14,12.33
4/27/1983,12.26,12.37,11.83,11.93
4/28/1983,12,12.25,11.95,12.17
4/29/1983,12.15,12.31,11.98,12.24
5/2/1983,12.2,12.34,12.14,12.24
5/3/1983,12.4,12.58,12.36,12.55
5/4/1983,12.55,12.77,12.475,12.75
5/5/1983,12.75,12.82,12.61,12.63
5/6/1983,12.62,12.95,12.56,12.87
5/9/1983,12.8,13.08,12.73,13.05
5/10/1983,13.07,13.55,13.04,13.3
5/11/1983,13.42,13.45,13.18,13.31
5/12/1983,13.12,13.17,12.96,13.12
5/13/1983,13.12,13.33,13.1,13.31
5/16/1983,13.17,13.26,13.02,13.19
5/17/1983,13.15,13.68,13.14,13.64
5/18/1983,13.6,13.88,13.54,13.575
5/19/1983,13.64,13.78,13.24,13.35
5/20/1983,13.45,13.495,13.15,13.23
5/23/1983,12.85,13.45,12.78,13.37
5/24/1983,13.42,13.5,13.23,13.31
5/25/1983,13.46,13.64,13.44,13.53
5/26/1983,13.55,13.68,13.47,13.52
5/27/1983,13.38,13.63,13.38,13.6
5/31/1983,13.7,13.76,13.1,13.1
6/1/1983,12.75,12.8,12.6,12.6
6/2/1983,12.45,12.54,11.92,12.05
6/3/1983,12.2,12.24,11.96,12.02
6/6/1983,11.6,11.75,11.52,11.52
6/7/1983,11.02,11.34,11.02,11.18
6/8/1983,11.22,11.28,11.08,11.18
6/9/1983,11.45,11.68,11.37,11.68
6/10/1983,11.78,11.8,11.34,11.52
6/13/1983,11.85,11.95,11.56,11.92
6/14/1983,11.68,11.95,11.6,11.69
6/15/1983,11.49,11.67,11.45,11.49
6/16/1983,11.66,11.88,11.63,11.82
6/17/1983,11.86,11.88,11.6,11.72
6/20/1983,11.7,12.05,11.66,11.88
6/21/1983,11.78,12.04,11.72,12.02
6/22/1983,12.34,12.36,12.08,12.21
6/23/1983,12.2,12.29,12.12,12.27
6/24/1983,12.35,12.37,12.2,12.27
6/27/1983,12.25,12.25,11.77,11.77
6/28/1983,11.8,11.82,11.3,11.385
6/29/1983,11.71,11.83,11.61,11.8
6/30/1983,11.78,11.86,11.6,11.76
7/1/1983,11.81,11.95,11.76,11.95
7/5/1983,11.45,11.65,11.45,11.63
7/6/1983,11.6,11.785,11.54,11.77
7/7/1983,11.55,12.27,11.5,12.27
7/8/1983,12.25,12.37,12.12,12.23
7/11/1983,12.25,12.73,12.23,12.5
7/12/1983,12.46,12.59,12.38,12.47
7/13/1983,12.37,12.57,12.35,12.38
7/14/1983,12.48,12.55,11.95,12.05
7/15/1983,12.12,12.55,11.91,12.01
7/18/1983,12.13,12.35,12.05,12.22
7/19/1983,12.3,12.4,12.22,12.3
7/20/1983,12.55,12.69,12.47,12.62
7/21/1983,12.68,12.79,12.31,12.42
7/22/1983,12.49,12.57,12.37,12.44
7/25/1983,12.23,12.66,12.2,12.58
7/26/1983,12.58,12.65,12.45,12.58
7/27/1983,12.55,12.71,12.37,12.4
7/28/1983,12.4,12.48,12.26,12.34
7/29/1983,12.19,12.33,11.84,11.91
8/1/1983,11.88,11.99,11.56,11.89
8/2/1983,11.95,12.06,11.87,12.03
8/3/1983,11.95,12.18,11.82,12.12
8/4/1983,12.07,12.1,11.75,11.77
8/5/1983,11.6,11.85,11.57,11.8
8/8/1983,11.7,11.75,11.47,11.69
8/9/1983,11.73,11.85,11.58,11.61
8/10/1983,11.55,11.92,11.45,11.78
8/11/1983,11.76,11.88,11.68,11.77
8/12/1983,11.85,11.99,11.83,11.93
8/15/1983,12.1,12.43,12.08,12.43
8/16/1983,12.53,12.66,12.25,12.37
8/17/1983,12.57,12.67,12.41,12.57
8/18/1983,12.48,12.56,12.34,12.39
8/19/1983,12.34,12.35,12.1,12.22
8/22/1983,12.5,12.72,12.47,12.71
8/23/1983,12.82,12.9,12.63,12.69
8/24/1983,12.61,12.75,12.53,12.56
8/25/1983,12.61,12.71,12.06,12.12
8/26/1983,12.15,12.28,12,12.25
8/29/1983,12.08,12.299,12.08,12.206
8/30/1983,12.58,12.66,12.46,12.48
8/31/1983,12.3,12.54,12.25,12.41
9/1/1983,12.52,12.59,12.39,12.42
9/2/1983,12.56,12.56,12.44,12.53
9/6/1983,12.72,12.74,12.43,12.46
9/7/1983,12.42,12.53,12.34,12.46
9/8/1983,12.49,12.51,12.43,12.49
9/9/1983,12.54,12.55,12.44,12.45
9/12/1983,12.62,12.64,12.02,12.09
9/13/1983,12.02,12.14,11.92,12.02
9/14/1983,11.99,12.07,11.8,12.01
9/15/1983,11.92,12,11.86,11.91
9/16/1983,11.94,12.16,11.93,12.15
9/19/1983,12.23,12.3,12.09,12.22
9/20/1983,12.18,12.22,12.07,12.1
9/21/1983,12.18,12.18,11.97,12.07
9/22/1983,12.02,12.16,11.87,12.07
9/23/1983,12.18,12.38,12.1,12.32
9/26/1983,12.32,12.325,12.16,12.21
9/27/1983,12.08,12.16,12.05,12.11
9/28/1983,12.14,12.15,11.98,12.01
9/29/1983,11.624,11.9,11.51,11.51
9/30/1983,11.45,11.56,11.01,11.07
10/3/1983,10.5,10.63,10.35,10.39
10/4/1983,10.53,10.6,10.15,10.26
10/5/1983,9.92,10.53,9.92,10.5
10/6/1983,10.47,10.6,10.26,10.42
10/7/1983,10.51,10.68,10.46,10.58
10/10/1983,10.65,10.78,10.48,10.77
10/11/1983,10.7,10.7,10.45,10.53
10/12/1983,10.28,10.5,10.25,10.34
10/13/1983,10.42,10.5,10.32,10.49
10/14/1983,10.53,10.6,10.42,10.51
10/17/1983,10.45,10.45,10.03,10.3
10/18/1983,10.18,10.38,10.15,10.18
10/19/1983,10.01,10.13,9.68,9.68
10/20/1983,9.66,9.75,9.31,9.62
10/21/1983,9.62,9.7,9.54,9.6
10/24/1983,9.69,9.77,9.52,9.73
10/25/1983,9.68,9.82,9.64,9.68
10/26/1983,9.55,9.55,9.18,9.18
10/27/1983,8.82,8.88,8.68,8.87
10/28/1983,9,9.16,8.97,9.13
10/31/1983,8.75,8.861,8.63,8.63
11/1/1983,8.55,8.78,8.48,8.735
11/2/1983,8.89,8.935,8.78,8.88
11/3/1983,8.54,8.98,8.42,8.93
11/4/1983,8.91,9.18,8.785,9
11/7/1983,8.84,9.12,8.81,9.07
11/8/1983,9.1,9.16,9.03,9.05
11/9/1983,9.05,9.2,8.95,8.97
11/10/1983,9.02,9.06,8.88,8.93
11/11/1983,8.97,9.04,8.88,9.02
11/14/1983,8.99,9.12,8.91,9.09
11/15/1983,9.08,9.15,9.04,9.1
11/16/1983,9.04,9.15,8.6,8.6
11/17/1983,8.56,8.75,8.32,8.69
11/18/1983,8.56,8.64,8.46,8.55
11/21/1983,8.42,8.68,8.37,8.66
11/22/1983,8.67,8.72,8.55,8.57
11/23/1983,8.575,8.61,8.51,8.53
11/25/1983,8.54,8.6,8.53,8.6
11/28/1983,8.78,9.24,8.76,9.1
11/29/1983,9.28,9.67,9.23,9.66
11/30/1983,10.04,10.08,9.75,9.85
12/1/1983,9.7,9.92,9.63,9.9
12/2/1983,9.93,9.94,9.66,9.75
12/5/1983,9.82,9.85,9.6,9.79
12/6/1983,9.72,9.87,9.69,9.81
12/7/1983,9.8,10.2,9.71,10.16
12/8/1983,10.08,10.28,9.66,9.66
12/9/1983,9.6,9.69,9.42,9.58
12/12/1983,9.62,9.72,9.49,9.54
12/13/1983,9.52,9.6,9.45,9.59
12/14/1983,9.49,9.6,9.46,9.5
12/15/1983,9.52,9.569,9,9
12/16/1983,9.02,9.05,8.6,8.77
12/19/1983,8.85,8.96,8.74,8.77
12/20/1983,8.85,8.99,8.76,8.89
12/21/1983,8.93,8.96,8.835,8.87
12/22/1983,8.92,9.18,8.8,9.15
12/23/1983,9.04,9.11,8.83,8.92
12/27/1983,8.98,9.09,8.85,8.95
12/28/1983,8.94,9.03,8.88,8.97
12/29/1983,8.99,9.18,8.98,9.07
12/30/1983,9.05,9.2,9.04,9.155
1/3/1984,9.04,9.05,8.67,8.73
1/4/1984,8.45,8.66,8.45,8.64
1/5/1984,8.57,8.73,8.57,8.66
1/6/1984,8.62,8.63,8.16,8.16
1/9/1984,8,8.08,7.83,7.94
1/10/1984,8.18,8.23,8.07,8.1
1/11/1984,8.08,8.17,7.95,8.15
1/12/1984,8.09,8.33,8.05,8.19
1/13/1984,8.28,8.38,8.2,8.31
1/16/1984,8.23,8.24,8,8.16
1/17/1984,8.12,8.18,7.97,8.145
1/18/1984,8.13,8.2,8.05,8.12
1/19/1984,8.3,8.47,8.29,8.42
1/20/1984,8.31,8.35,8.21,8.33
1/23/1984,8.32,8.41,8.08,8.12
1/24/1984,8.05,8.16,7.95,8.15
1/25/1984,8.17,8.2,8.115,8.16
1/26/1984,8.18,8.22,7.88,8.15
1/27/1984,8.14,8.49,8.12,8.38
1/30/1984,8.4,8.43,8.29,8.42
1/31/1984,8.5,8.69,8.47,8.66
2/1/1984,8.82,8.88,8.745,8.86
2/2/1984,8.92,9.04,8.81,9.02
2/3/1984,8.93,9.02,8.835,9
2/6/1984,8.78,8.87,8.75,8.81
2/7/1984,8.73,8.88,8.71,8.84
2/8/1984,9.15,9.25,9,9.02
2/9/1984,9.08,9.08,8.58,8.79
2/10/1984,8.78,8.85,8.69,8.79
2/13/1984,8.75,8.79,8.69,8.74
2/14/1984,8.65,9.24,8.64,9.13
2/15/1984,9.13,9.33,9.08,9.12
2/16/1984,9.185,9.23,9.07,9.1
2/17/1984,9.07,9.2,9.06,9.18
2/21/1984,9.33,9.35,9.11,9.27
2/22/1984,9.5,9.74,9.42,9.73
2/23/1984,9.79,9.82,9.57,9.78
2/24/1984,9.69,9.73,9.58,9.62
2/27/1984,9.52,9.91,9.48,9.887
2/28/1984,9.98,10.04,9.76,9.8
2/29/1984,9.83,9.88,9.69,9.81
3/1/1984,9.77,9.975,9.63,9.81
3/2/1984,9.87,10.08,9.85,10.05
3/5/1984,10.25,10.32,10.175,10.21
3/6/1984,10.14,10.21,10.105,10.14
3/7/1984,9.87,10.09,9.87,9.9
3/8/1984,9.77,10.14,9.73,10.12
3/9/1984,10.02,10.18,9.95,10.03
3/12/1984,9.83,9.91,9.65,9.82
3/13/1984,9.92,9.995,9.78,9.88
3/14/1984,9.98,10,9.55,9.61
3/15/1984,9.6,9.69,9.5,9.62
3/16/1984,9.54,9.66,9.52,9.6
3/19/1984,9.53,9.74,9.53,9.7
3/20/1984,9.67,9.75,9.625,9.74
3/21/1984,9.65,9.78,9.63,9.725
3/22/1984,9.67,9.67,9.38,9.42
3/23/1984,9.49,9.5,9.33,9.45
3/26/1984,9.49,9.62,9.43,9.61
3/27/1984,9.64,9.69,9.55,9.61
3/28/1984,9.55,9.91,9.52,9.89
3/29/1984,9.9,9.95,9.83,9.84
3/30/1984,9.81,9.92,9.755,9.9
4/2/1984,9.84,9.85,9.4,9.4
4/3/1984,9.38,9.47,9.28,9.43
4/4/1984,9.43,9.49,9.38,9.435
4/5/1984,9.43,9.43,9.06,9.16
4/6/1984,9.22,9.255,9.14,9.231
4/9/1984,9.27,9.35,9.23,9.31
4/10/1984,9.26,9.41,9.22,9.33
4/11/1984,9.43,9.45,9.275,9.31
4/12/1984,9.27,9.29,9.06,9.18
4/13/1984,9.15,9.31,9.12,9.29
4/16/1984,9.21,9.24,9.11,9.21
4/17/1984,9.24,9.28,9.19,9.265
4/18/1984,9.23,9.7,9.1,9.44
4/19/1984,9.37,9.415,9.28,9.34
4/23/1984,9.41,9.53,9.38,9.455
4/24/1984,9.35,9.42,9.25,9.265
4/25/1984,9.28,9.34,9.18,9.28
4/26/1984,9.18,9.2,9.02,9.068
4/27/1984,9.28,9.315,9.205,9.23
4/30/1984,9.1,9.13,9.02,9.11
5/1/1984,9.11,9.22,9.095,9.16
5/2/1984,9.13,9.27,9.12,9.22
5/3/1984,9.215,9.34,9.18,9.19
5/4/1984,9.19,9.22,8.95,9
5/7/1984,8.93,8.94,8.68,8.75
5/8/1984,8.75,8.86,8.685,8.82
5/9/1984,8.77,8.88,8.68,8.75
5/10/1984,8.82,8.94,8.78,8.91
5/11/1984,8.94,8.94,8.68,8.86
5/14/1984,8.98,8.98,8.87,8.955
5/15/1984,8.9,9.05,8.85,9.01
5/16/1984,9.029,9.21,9.015,9.19
5/17/1984,9.17,9.28,8.97,9.03
5/18/1984,9.05,9.25,9.05,9.23
5/21/1984,9.23,9.37,9.18,9.2
5/22/1984,9.22,9.265,9.16,9.21
5/23/1984,9.1,9.24,9.05,9.07
5/24/1984,9.01,9.31,8.96,9.165
5/25/1984,9.34,9.46,9.3,9.43
5/29/1984,9.28,9.36,9.21,9.23
5/30/1984,9.202,9.335,9.2,9.25
5/31/1984,9.21,9.42,9.2,9.34
6/1/1984,9.505,9.62,9.34,9.36
6/4/1984,9.45,9.49,9.32,9.475
6/5/1984,9.43,9.51,9.39,9.455
6/6/1984,9.335,9.38,9.3,9.335
6/7/1984,9.31,9.345,9.21,9.25
6/8/1984,9.12,9.195,9.05,9.08
6/11/1984,8.995,9.08,8.65,8.68
6/12/1984,8.69,8.775,8.55,8.735
6/13/1984,8.725,8.78,8.59,8.66
6/14/1984,8.685,8.75,8.61,8.62
6/15/1984,8.54,8.6,8.46,8.55
6/18/1984,8.47,8.65,8.47,8.63
6/19/1984,8.6,8.695,8.58,8.6
6/20/1984,8.557,8.585,8.465,8.53
6/21/1984,8.54,8.68,8.485,8.63
6/22/1984,8.7,8.725,8.605,8.635
6/25/1984,8.43,8.47,8.29,8.345
6/26/1984,8.39,8.405,8.34,8.39
6/27/1984,8.32,8.45,8.27,8.286
6/28/1984,8.51,8.595,8.5,8.58
6/29/1984,8.61,8.61,8.535,8.55
7/2/1984,8.45,8.475,8.43,8.45
7/3/1984,8.365,8.37,8.22,8.305
7/5/1984,7.96,8.085,7.82,7.835
7/6/1984,7.75,7.87,7.52,7.645
7/9/1984,7.38,7.79,7.37,7.775
7/10/1984,7.67,7.79,7.54,7.58
7/11/1984,7.35,7.49,7.29,7.46
7/12/1984,7.43,7.53,7.38,7.41
7/13/1984,7.55,7.72,7.51,7.56
7/16/1984,7.68,7.7,7.575,7.6
7/17/1984,7.55,7.57,7.48,7.49
7/18/1984,7.51,7.72,7.45,7.7
7/19/1984,7.7,7.76,7.53,7.55
7/20/1984,7.5,7.53,7.34,7.42
7/23/1984,7.23,7.28,7.17,7.25
7/24/1984,7.32,7.33,7.2,7.21
7/25/1984,7.33,7.38,7.25,7.32
7/26/1984,7.31,7.34,7.01,7.015
7/27/1984,7.08,7.15,6.85,7.13
7/30/1984,7.02,7.21,6.99,7.17
7/31/1984,7.22,7.255,7.02,7.085
8/1/1984,7.01,7.56,6.99,7.5
8/2/1984,7.44,7.75,7.42,7.52
8/3/1984,7.7,7.8,7.58,7.76
8/6/1984,7.74,7.78,7.58,7.635
8/7/1984,7.41,7.575,7.4,7.555
8/8/1984,7.6,7.67,7.525,7.575
8/9/1984,7.59,7.92,7.55,7.89
8/10/1984,7.89,7.98,7.66,7.68
8/13/1984,7.63,7.96,7.61,7.91
8/14/1984,7.97,8.16,7.91,8.06
8/15/1984,8.02,8.12,7.89,8.03
8/16/1984,7.955,8.045,7.88,7.9
8/17/1984,7.89,7.99,7.845,7.86
8/20/1984,7.78,7.83,7.47,7.49
8/21/1984,7.52,7.56,7.38,7.455
8/22/1984,7.49,7.78,7.47,7.71
8/23/1984,7.68,7.84,7.55,7.62
8/24/1984,7.64,7.75,7.57,7.72
8/27/1984,7.67,7.67,7.53,7.627
8/28/1984,7.65,7.725,7.56,7.607
8/29/1984,7.67,7.69,7.6,7.607
8/30/1984,7.73,7.765,7.63,7.69
8/31/1984,7.66,7.69,7.65,7.66
9/4/1984,7.4,7.43,7.29,7.32
9/5/1984,7.34,7.42,7.3,7.38
9/6/1984,7.37,7.54,7.37,7.49
9/7/1984,7.35,7.395,7.225,7.28
9/10/1984,7.3,7.44,7.28,7.4
9/11/1984,7.43,7.49,7.32,7.365
9/12/1984,7.39,7.415,7.33,7.36
9/13/1984,7.31,7.335,7.2,7.28
9/14/1984,7.38,7.51,7.34,7.36
9/17/1984,7.25,7.25,7.125,7.185
9/18/1984,7.16,7.32,7.135,7.26
9/19/1984,7.28,7.32,7.23,7.28
9/20/1984,7.22,7.5,7.215,7.41
9/21/1984,7.4,7.82,7.38,7.8
9/24/1984,7.82,7.9,7.72,7.77
9/25/1984,7.7,7.82,7.685,7.77
9/26/1984,7.8,7.87,7.55,7.59
9/27/1984,7.62,7.71,7.56,7.64
9/28/1984,7.58,7.67,7.54,7.62
10/1/1984,7.66,7.73,7.615,7.67
10/2/1984,7.68,7.775,7.66,7.745
10/3/1984,7.78,7.865,7.66,7.71
10/4/1984,7.72,7.76,7.695,7.735
10/5/1984,7.66,7.675,7.39,7.4
10/8/1984,7.43,7.444,7.365,7.415
10/9/1984,7.34,7.365,7.18,7.235
10/10/1984,7.26,7.3,7.19,7.27
10/11/1984,7.225,7.31,7.18,7.2
10/12/1984,7.3,7.46,7.26,7.435
10/15/1984,7.34,7.49,7.265,7.41
10/16/1984,7.395,7.425,7.305,7.34
10/17/1984,7.405,7.43,7.22,7.23
10/18/1984,7.23,7.4,7.12,7.39
10/19/1984,7.36,7.46,7.28,7.3
10/22/1984,7.28,7.36,7.265,7.3
10/23/1984,7.4,7.45,7.365,7.425
10/24/1984,7.445,7.46,7.36,7.385
10/25/1984,7.37,7.65,7.3,7.35
10/26/1984,7.35,7.395,7.32,7.365
10/29/1984,7.28,7.295,7.22,7.23
10/30/1984,7.25,7.31,7.225,7.23
10/31/1984,7.23,7.29,7.18,7.28
11/1/1984,7.27,7.445,7.255,7.425
11/2/1984,7.51,7.62,7.51,7.57
11/5/1984,7.6,7.74,7.56,7.73
11/6/1984,7.67,7.695,7.6,7.62
11/7/1984,7.83,7.855,7.61,7.85
11/8/1984,7.73,7.78,7.7,7.775
11/9/1984,7.71,7.81,7.66,7.69
11/12/1984,7.73,7.78,7.69,7.76
11/13/1984,7.85,7.9,7.64,7.66
11/14/1984,7.66,7.72,7.62,7.695
11/15/1984,7.61,7.675,7.58,7.625
11/16/1984,7.645,7.68,7.61,7.615
11/19/1984,7.57,7.6,7.515,7.545
11/20/1984,7.53,7.57,7.48,7.555
11/21/1984,7.5,7.63,7.46,7.595
11/23/1984,7.56,7.59,7.53,7.55
11/26/1984,7.47,7.525,7.35,7.36
11/27/1984,7.38,7.39,7.07,7.12
11/28/1984,7.1,7.19,6.95,7.08
11/29/1984,7.29,7.32,7.25,7.275
11/30/1984,7.21,7.27,7.13,7.175
12/3/1984,7.15,7.27,7.14,7.255
12/4/1984,7.27,7.325,7.2,7.22
12/5/1984,7.23,7.255,7.185,7.22
12/6/1984,7.255,7.26,7.12,7.19
12/7/1984,7.13,7.14,7.01,7.03
12/10/1984,6.98,7.05,6.91,6.92
12/11/1984,6.96,6.99,6.87,6.885
12/12/1984,6.89,7.015,6.865,6.955
12/13/1984,6.93,6.945,6.86,6.87
12/14/1984,6.81,6.93,6.805,6.83
12/17/1984,6.69,6.69,6.51,6.53
12/18/1984,6.45,6.55,6.39,6.4
12/19/1984,6.42,6.495,6.37,6.395
12/20/1984,6.35,6.48,6.34,6.415
12/21/1984,6.51,6.6,6.49,6.555
12/26/1984,6.57,6.67,6.57,6.665
12/27/1984,6.47,6.515,6.405,6.44
12/28/1984,6.49,6.49,6.445,6.47
12/31/1984,6.41,6.425,6.37,6.38
1/2/1985,6.29,6.29,6.18,6.185
1/3/1985,6.13,6.2,6.125,6.145
1/4/1985,6.17,6.195,5.92,5.935
1/7/1985,5.92,6.14,5.855,6.12
1/8/1985,6.13,6.15,5.92,5.935
1/9/1985,6,6.24,5.925,6.22
1/10/1985,6.14,6.24,6.115,6.15
1/11/1985,6.18,6.24,6.02,6.03
1/14/1985,6,6.14,5.94,6.075
1/15/1985,6.08,6.12,6.02,6.075
1/16/1985,6.1,6.18,6.08,6.165
1/17/1985,6.23,6.37,6.205,6.345
1/18/1985,6.32,6.39,6.27,6.33
1/21/1985,6.32,6.355,6.28,6.335
1/22/1985,6.32,6.34,6.13,6.155
1/23/1985,6.08,6.1,5.965,6.035
1/24/1985,6.035,6.12,6.02,6.045
1/25/1985,6.03,6.05,5.98,6.04
1/28/1985,5.98,6.36,5.97,6.34
1/29/1985,6.28,6.375,6.13,6.195
1/30/1985,6.21,6.37,6.195,6.325
1/31/1985,6.46,6.52,6.33,6.39
2/1/1985,6.32,6.335,6.24,6.26
2/4/1985,6.16,6.24,6.14,6.195
2/5/1985,6.18,6.24,6.175,6.215
2/6/1985,6.24,6.27,6.19,6.235
2/7/1985,6.21,6.21,6.095,6.15
2/8/1985,6.16,6.18,6.08,6.155
2/11/1985,6.12,6.34,6.09,6.31
2/12/1985,6.29,6.29,6.205,6.23
2/13/1985,6.25,6.37,6.25,6.29
2/14/1985,6.36,6.38,6.22,6.255
2/15/1985,6.33,6.36,6.26,6.305
2/19/1985,6.245,6.3,6.16,6.295
2/20/1985,6.25,6.275,6.22,6.26
2/21/1985,6.17,6.18,6.05,6.07
2/22/1985,6.015,6.09,5.88,5.92
2/25/1985,5.63,5.67,5.49,5.535
2/26/1985,5.575,5.71,5.57,5.68
2/27/1985,5.861,5.88,5.72,5.73
2/28/1985,5.79,5.8,5.68,5.7
3/1/1985,5.68,5.82,5.665,5.79
3/4/1985,5.75,5.85,5.71,5.845
3/5/1985,5.73,5.78,5.68,5.74
3/6/1985,5.71,5.88,5.685,5.8
3/7/1985,5.76,5.785,5.715,5.78
3/8/1985,5.78,5.83,5.63,5.66
3/11/1985,5.72,5.745,5.53,5.585
3/12/1985,5.545,5.68,5.54,5.665
3/13/1985,5.64,5.88,5.59,5.745
3/14/1985,5.71,5.79,5.695,5.74
3/15/1985,5.72,5.805,5.71,5.75
3/18/1985,5.8,6.04,5.8,6.025
3/19/1985,6.18,6.525,6.16,6.525
3/20/1985,6.85,6.9,6.27,6.315
3/21/1985,6.24,6.51,6.22,6.365
3/22/1985,6.36,6.44,6.3,6.375
3/25/1985,6.32,6.385,6.3,6.345
3/26/1985,6.37,6.54,6.37,6.515
3/27/1985,6.72,6.79,6.615,6.65
3/28/1985,6.61,6.695,6.555,6.62
3/29/1985,6.72,6.78,6.665,6.725
4/1/1985,6.6,6.62,6.45,6.47
4/2/1985,6.43,6.61,6.43,6.6
4/3/1985,6.56,6.585,6.42,6.47
4/4/1985,6.465,6.635,6.39,6.59
4/8/1985,6.54,6.75,6.47,6.735
4/9/1985,6.68,6.785,6.6,6.65
4/10/1985,6.7,6.775,6.61,6.63
4/11/1985,6.8,6.83,6.67,6.705
4/12/1985,6.68,6.74,6.65,6.66
4/15/1985,6.76,6.785,6.57,6.595
4/16/1985,6.63,6.64,6.44,6.51
4/17/1985,6.51,6.57,6.455,6.475
4/18/1985,6.56,6.6,6.38,6.44
4/19/1985,6.42,6.48,6.415,6.465
4/22/1985,6.46,6.49,6.36,6.385
4/23/1985,6.385,6.39,6.16,6.195
4/24/1985,6.18,6.235,6.125,6.195
4/25/1985,6.19,6.295,6.185,6.285
4/26/1985,6.38,6.41,6.3,6.393
4/29/1985,6.39,6.46,6.335,6.44
4/30/1985,6.41,6.42,6.22,6.24
5/1/1985,6.2,6.3,6.16,6.245
5/2/1985,6.2,6.35,6.19,6.32
5/3/1985,6.26,6.34,6.21,6.235
5/6/1985,6.16,6.28,6.15,6.19
5/7/1985,6.28,6.41,6.245,6.395
5/8/1985,6.34,6.398,6.315,6.355
5/9/1985,6.44,6.48,6.37,6.39
5/10/1985,6.4,6.44,6.36,6.415
5/13/1985,6.43,6.68,6.4,6.67
5/14/1985,6.59,6.78,6.59,6.64
5/15/1985,6.59,6.675,6.565,6.61
5/16/1985,6.56,6.6,6.51,6.535
5/17/1985,6.56,6.6,6.51,6.55
5/20/1985,6.33,6.65,6.13,6.145
5/21/1985,6.22,6.285,6.15,6.265
5/22/1985,6.28,6.29,6.19,6.2
5/23/1985,6.22,6.23,6.145,6.18
5/24/1985,6.18,6.215,6.13,6.2
5/28/1985,6.15,6.18,5.99,6.025
5/29/1985,6.06,6.27,6.035,6.22
5/30/1985,6.19,6.225,6.125,6.17
5/31/1985,6.17,6.3,6.155,6.19
6/3/1985,6.24,6.285,5.96,6.19
6/4/1985,6.15,6.18,6.11,6.135
6/5/1985,6.11,6.18,6.1,6.14
6/6/1985,6.15,6.22,6.12,6.205
6/7/1985,6.15,6.25,6.12,6.16
6/10/1985,6.105,6.19,6.09,6.175
6/11/1985,6.18,6.24,6.17,6.177
6/12/1985,6.19,6.28,6.185,6.205
6/13/1985,6.18,6.21,6.15,6.19
6/14/1985,6.27,6.32,6.21,6.27
6/17/1985,6.25,6.34,6.25,6.255
6/18/1985,6.34,6.54,6.33,6.5
6/19/1985,6.45,6.49,6.31,6.325
6/20/1985,6.28,6.3,6.1,6.12
6/21/1985,6.12,6.17,6.075,6.135
6/24/1985,6.12,6.185,6.115,6.145
6/25/1985,6.11,6.19,6.08,6.155
6/26/1985,6.17,6.19,6.1,6.14
6/27/1985,6.23,6.29,6.18,6.22
6/28/1985,6.225,6.26,6.18,6.19
7/1/1985,6.18,6.18,6,6.005
7/2/1985,6.005,6.03,5.88,5.975
7/3/1985,5.98,6.01,5.965,5.995
7/8/1985,6.01,6.14,5.935,6.09
7/9/1985,6.14,6.18,6.03,6.1
7/10/1985,6.125,6.155,6.111,6.14
7/11/1985,6.06,6.175,6.025,6.065
7/12/1985,6.115,6.175,6.085,6.16
7/15/1985,6.125,6.235,6.075,6.185
7/16/1985,6.155,6.31,6.155,6.255
7/17/1985,6.35,6.38,6.255,6.295
7/18/1985,6.305,6.31,6.16,6.175
7/19/1985,6.18,6.229,6.14,6.175
7/22/1985,6.16,6.215,6.12,6.2
7/23/1985,6.23,6.26,6.14,6.15
7/24/1985,6.12,6.15,6.09,6.125
7/25/1985,6.17,6.175,6.1,6.14
7/26/1985,6.11,6.34,6.1,6.315
7/29/1985,6.32,6.48,6.24,6.31
7/30/1985,6.34,6.37,6.27,6.315
7/31/1985,6.4,6.415,6.28,6.33
8/1/1985,6.275,6.29,6.19,6.22
8/2/1985,6.21,6.27,6.19,6.235
8/5/1985,6.24,6.275,6.16,6.2
8/6/1985,6.15,6.18,6.11,6.165
8/7/1985,6.18,6.195,6.16,6.18
8/8/1985,6.19,6.2,6.15,6.175
8/9/1985,6.17,6.33,6.155,6.32
8/12/1985,6.3,6.38,6.29,6.335
8/13/1985,6.38,6.39,6.28,6.335
8/14/1985,6.285,6.374,6.275,6.32
8/15/1985,6.39,6.42,6.295,6.335
8/16/1985,6.36,6.5,6.355,6.425
8/19/1985,6.47,6.47,6.29,6.325
8/20/1985,6.26,6.315,6.225,6.28
8/21/1985,6.26,6.365,6.25,6.325
8/22/1985,6.34,6.34,6.18,6.235
8/23/1985,6.24,6.27,6.21,6.245
8/26/1985,6.23,6.38,6.21,6.325
8/27/1985,6.325,6.37,6.29,6.345
8/28/1985,6.38,6.41,6.315,6.325
8/29/1985,6.425,6.435,6.33,6.35
8/30/1985,6.35,6.405,6.325,6.37
9/3/1985,6.28,6.3,6.12,6.13
9/4/1985,6.2,6.21,6.14,6.17
9/5/1985,6.18,6.19,6.1,6.17
9/6/1985,6.1,6.25,6.09,6.24
9/9/1985,6.19,6.235,6.1,6.115
9/10/1985,6.15,6.19,6.125,6.16
9/11/1985,6.15,6.18,6.13,6.16
9/12/1985,6.105,6.19,6.065,6.13
9/13/1985,6.14,6.19,6.11,6.12
9/16/1985,6.11,6.16,6.1,6.125
9/17/1985,6.115,6.13,6.02,6.025
9/18/1985,6,6.045,5.96,6.015
9/19/1985,6.04,6.145,6.02,6.105
9/20/1985,6.13,6.135,6.06,6.09
9/23/1985,6.29,6.32,6.225,6.265
9/24/1985,6.265,6.27,6.23,6.265
9/25/1985,6.245,6.275,6.235,6.245
9/26/1985,6.21,6.225,6.14,6.15
9/27/1985,6.15,6.18,6.14,6.17
9/30/1985,6.12,6.15,6.065,6.095
10/1/1985,6.08,6.145,6.075,6.125
10/2/1985,6.105,6.165,6.1,6.13
10/3/1985,6.29,6.5,6.22,6.465
10/4/1985,6.43,6.53,6.355,6.4
10/7/1985,6.365,6.415,6.355,6.405
10/8/1985,6.37,6.4,6.35,6.355
10/9/1985,6.37,6.395,6.29,6.295
10/10/1985,6.29,6.325,6.265,6.275
10/11/1985,6.295,6.34,6.275,6.33
10/14/1985,6.319,6.34,6.301,6.335
10/15/1985,6.335,6.34,6.3,6.305
10/16/1985,6.27,6.285,6.15,6.155
10/17/1985,6.22,6.24,6.18,6.202
10/18/1985,6.23,6.235,6.185,6.23
10/21/1985,6.22,6.235,6.17,6.205
10/22/1985,6.2,6.29,6.19,6.263
10/23/1985,6.26,6.27,6.21,6.225
10/24/1985,6.2,6.275,6.2,6.24
10/25/1985,6.23,6.25,6.16,6.24
10/28/1985,6.23,6.24,6.215,6.223
10/29/1985,6.24,6.27,6.205,6.25
10/30/1985,6.22,6.239,6.165,6.173
10/31/1985,6.2,6.2,6.115,6.125
11/1/1985,6.11,6.215,6.09,6.165
11/4/1985,6.13,6.156,6.12,6.125
11/5/1985,6.114,6.14,6.105,6.125
11/6/1985,6.12,6.14,6.11,6.12
11/7/1985,6.08,6.114,6.045,6.055
11/8/1985,6.06,6.14,6.04,6.13
11/11/1985,6.1,6.12,6.095,6.105
11/12/1985,6.105,6.18,6.095,6.17
11/13/1985,6.16,6.235,6.155,6.195
11/14/1985,6.19,6.215,6.135,6.145
11/15/1985,6.15,6.185,6.092,6.1
11/18/1985,6.105,6.13,6.09,6.105
11/19/1985,6.13,6.15,6.095,6.11
11/20/1985,6.17,6.21,6.156,6.185
11/21/1985,6.195,6.2,6.16,6.188
11/22/1985,6.17,6.26,6.165,6.225
11/25/1985,6.27,6.318,6.25,6.285
11/26/1985,6.27,6.275,6.21,6.245
11/27/1985,6.22,6.22,6.07,6.085
11/29/1985,6.26,6.27,6.205,6.21
12/2/1985,6.22,6.26,6.145,6.23
12/3/1985,6.205,6.23,6.18,6.185
12/4/1985,6.22,6.24,6.165,6.17
12/5/1985,6.19,6.205,6.155,6.185
12/6/1985,6.17,6.194,6.145,6.15
12/9/1985,6.08,6.09,5.92,5.935
12/10/1985,5.93,5.965,5.855,5.91
12/11/1985,5.82,5.92,5.78,5.87
12/12/1985,5.9,5.965,5.88,5.955
12/13/1985,5.98,5.995,5.945,5.98
12/16/1985,5.96,6.035,5.935,6.01
12/17/1985,6.015,6.02,5.87,5.875
12/18/1985,5.83,5.96,5.79,5.945
12/19/1985,5.92,6.035,5.92,5.94
12/20/1985,5.94,6,5.915,5.95
12/23/1985,5.98,6.025,5.835,5.85
12/24/1985,5.86,5.89,5.84,5.885
12/26/1985,5.86,5.885,5.845,5.855
12/27/1985,5.885,6.01,5.87,5.95
12/30/1985,5.96,5.97,5.9,5.93
12/31/1985,5.91,5.93,5.895,5.905
1/2/1986,5.88,5.92,5.72,5.83
1/3/1986,5.825,5.915,5.82,5.895
1/6/1986,5.905,5.915,5.86,5.91
1/7/1986,5.95,5.989,5.925,5.975
1/8/1986,5.985,6.03,5.9,5.98
1/9/1986,5.995,6.35,5.94,6.195
1/10/1986,6.2,6.225,6.095,6.15
1/13/1986,6.12,6.15,6.06,6.07
1/14/1986,6.085,6.105,6.045,6.075
1/15/1986,6.17,6.23,6.15,6.21
1/16/1986,6.41,6.42,6.18,6.21
1/17/1986,6.21,6.265,6.14,6.215
1/20/1986,6.11,6.265,6.105,6.23
1/21/1986,6.28,6.29,6.175,6.24
1/22/1986,6.23,6.27,6.18,6.195
1/23/1986,6.18,6.24,6.175,6.215
1/24/1986,6.25,6.34,6.225,6.335
1/27/1986,6.32,6.325,6.205,6.215
1/28/1986,6.21,6.25,6.185,6.195
1/29/1986,6.21,6.23,6.185,6.225
1/30/1986,6.23,6.265,6.13,6.14
1/31/1986,6.13,6.16,6.07,6.075
2/3/1986,6.07,6.095,5.93,5.94
2/4/1986,5.82,5.915,5.805,5.875
2/5/1986,5.89,5.94,5.88,5.93
2/6/1986,5.92,5.94,5.84,5.88
2/7/1986,5.92,5.965,5.88,5.945
2/10/1986,5.955,5.96,5.9,5.925
2/11/1986,5.88,5.98,5.86,5.965
2/12/1986,5.93,5.96,5.906,5.94
2/13/1986,5.885,5.925,5.875,5.89
2/14/1986,5.82,5.95,5.82,5.93
2/18/1986,5.93,5.955,5.85,5.9
2/19/1986,5.995,6.025,5.875,5.915
2/20/1986,5.915,5.915,5.865,5.89
2/21/1986,5.88,5.92,5.86,5.905
2/24/1986,5.92,6.005,5.87,5.985
2/25/1986,6.045,6.08,5.88,5.895
2/26/1986,5.87,5.91,5.59,5.625
2/27/1986,5.73,5.78,5.685,5.697
2/28/1986,5.74,5.75,5.67,5.705
3/3/1986,5.71,5.725,5.53,5.67
3/4/1986,5.65,5.715,5.59,5.705
3/5/1986,5.71,5.74,5.61,5.655
3/6/1986,5.65,5.699,5.63,5.665
3/7/1986,5.67,5.7,5.63,5.67
3/10/1986,5.61,5.69,5.61,5.66
3/11/1986,5.73,5.74,5.65,5.735
3/12/1986,5.74,5.895,5.72,5.88
3/13/1986,5.84,5.865,5.74,5.75
3/14/1986,5.76,5.78,5.71,5.73
3/17/1986,5.74,5.875,5.735,5.825
3/18/1986,5.82,5.85,5.73,5.76
3/19/1986,5.75,5.8,5.705,5.77
3/20/1986,5.785,5.84,5.76,5.815
3/21/1986,5.815,5.86,5.775,5.8
3/24/1986,5.74,5.775,5.685,5.725
3/25/1986,5.77,5.78,5.58,5.605
3/26/1986,5.62,5.655,5.595,5.64
3/27/1986,5.63,5.655,5.56,5.565
3/31/1986,5.52,5.52,5.14,5.165
4/1/1986,5.12,5.25,4.99,5.065
4/2/1986,5.13,5.214,5.11,5.175
4/3/1986,5.14,5.18,5.125,5.155
4/4/1986,5.125,5.235,5.125,5.225
4/7/1986,5.25,5.37,5.25,5.365
4/8/1986,5.33,5.42,5.215,5.4
4/9/1986,5.34,5.415,5.305,5.385
4/10/1986,5.35,5.44,5.325,5.41
4/11/1986,5.47,5.58,5.415,5.56
4/14/1986,5.47,5.47,5.32,5.42
4/15/1986,5.43,5.45,5.365,5.42
4/16/1986,5.36,5.46,5.32,5.45
4/17/1986,5.44,5.455,5.18,5.29
4/18/1986,5.25,5.285,5.11,5.135
4/21/1986,5.14,5.165,5.04,5.045
4/22/1986,5.12,5.19,5.075,5.155
4/23/1986,5.16,5.195,5.12,5.17
4/24/1986,5.1,5.14,5.08,5.105
4/25/1986,5.095,5.165,5.08,5.09
4/28/1986,5.08,5.095,5.005,5.025
4/29/1986,5.07,5.24,5.065,5.125
4/30/1986,5.16,5.205,5.145,5.19
5/1/1986,5.18,5.235,5.115,5.16
5/2/1986,5.18,5.3,5.165,5.28
5/5/1986,5.27,5.275,5.2,5.22
5/6/1986,5.185,5.255,5.175,5.245
5/7/1986,5.235,5.34,5.22,5.24
5/8/1986,5.27,5.325,5.24,5.27
5/9/1986,5.28,5.325,5.255,5.265
5/12/1986,5.28,5.305,5.18,5.205
5/13/1986,5.205,5.215,5.09,5.135
5/14/1986,5.14,5.175,5.07,5.08
5/15/1986,5.08,5.125,5.065,5.11
5/16/1986,5.115,5.139,5.095,5.11
5/19/1986,5.08,5.09,4.885,4.895
5/20/1986,4.875,5.005,4.87,4.985
5/21/1986,4.97,4.995,4.95,4.975
5/22/1986,4.98,5.1,4.97,5.075
5/23/1986,5.05,5.25,5.04,5.18
5/27/1986,5.14,5.22,5.11,5.17
5/28/1986,5.18,5.19,5.12,5.125
5/29/1986,5.125,5.245,5.125,5.235
5/30/1986,5.26,5.32,5.22,5.27
6/2/1986,5.25,5.25,5.15,5.165
6/3/1986,5.17,5.195,5.125,5.17
6/4/1986,5.13,5.235,5.105,5.185
6/5/1986,5.19,5.21,5.15,5.185
6/6/1986,5.195,5.215,5.175,5.19
6/9/1986,5.17,5.415,5.16,5.4
6/10/1986,5.37,5.44,5.34,5.365
6/11/1986,5.355,5.485,5.33,5.39
6/12/1986,5.43,5.455,5.265,5.32
6/13/1986,5.33,5.33,5.265,5.275
6/16/1986,5.25,5.25,5.05,5.07
6/17/1986,5.07,5.095,5.04,5.075
6/18/1986,5.12,5.135,5.075,5.08
6/19/1986,5.08,5.12,5.04,5.075
6/20/1986,5.09,5.16,5.075,5.11
6/23/1986,5.12,5.135,5.04,5.07
6/24/1986,5.065,5.115,5.025,5.095
6/25/1986,5.115,5.145,5.09,5.11
6/26/1986,5.08,5.09,5.045,5.05
6/27/1986,5.1,5.105,5.02,5.025
6/30/1986,5.11,5.23,5.095,5.165
7/1/1986,5.16,5.165,5.12,5.157
7/2/1986,5.16,5.18,5.075,5.125
7/3/1986,5.135,5.162,5.087,5.121
7/7/1986,5.11,5.145,5.1,5.117
7/8/1986,5.17,5.21,5.15,5.185
7/9/1986,5.175,5.19,5.09,5.145
7/10/1986,5.12,5.13,5.1,5.115
7/11/1986,5.115,5.119,5.103,5.112
7/14/1986,5.06,5.09,5.05,5.067
7/15/1986,5.07,5.165,5.07,5.113
7/16/1986,5.125,5.15,5.06,5.08
7/17/1986,5.06,5.105,5.051,5.095
7/18/1986,5.08,5.14,5.065,5.105
7/21/1986,5.07,5.09,4.995,5.08
7/22/1986,5.075,5.08,5.02,5.04
7/23/1986,4.99,5.09,4.98,5.075
7/24/1986,5.075,5.11,5.035,5.043
7/25/1986,5.06,5.075,5.015,5.027
7/28/1986,5.08,5.085,5.03,5.067
7/29/1986,5.05,5.06,5.025,5.043
7/30/1986,5.01,5.05,5.003,5.02
7/31/1986,5.075,5.16,5.07,5.127
8/1/1986,5.1,5.25,5.1,5.24
8/4/1986,5.19,5.24,5.17,5.213
8/5/1986,5.17,5.27,5.16,5.221
8/6/1986,5.24,5.27,5.19,5.195
8/7/1986,5.25,5.255,5.2,5.225
8/8/1986,5.29,5.36,5.23,5.335
8/11/1986,5.55,5.68,5.465,5.588
8/12/1986,5.44,5.465,5.37,5.415
8/13/1986,5.465,5.49,5.28,5.305
8/14/1986,5.3,5.38,5.285,5.345
8/15/1986,5.335,5.355,5.28,5.283
8/18/1986,5.17,5.185,5.1,5.115
8/19/1986,5.09,5.16,5.08,5.13
8/20/1986,5.16,5.195,5.145,5.177
8/21/1986,5.15,5.235,5.141,5.205
8/22/1986,5.24,5.25,5.08,5.087
8/25/1986,5.125,5.14,5.06,5.125
8/26/1986,5.115,5.17,5.09,5.12
8/27/1986,5.08,5.15,5.07,5.14
8/28/1986,5.24,5.295,5.2,5.225
8/29/1986,5.26,5.27,5.19,5.23
9/2/1986,5.275,5.52,5.24,5.505
9/3/1986,5.45,5.53,5.39,5.405
9/4/1986,5.38,5.57,5.34,5.435
9/5/1986,5.505,5.69,5.465,5.67
9/8/1986,5.58,5.94,5.54,5.745
9/9/1986,5.8,5.84,5.69,5.773
9/10/1986,5.85,5.96,5.53,5.615
9/11/1986,5.69,5.8,5.57,5.775
9/12/1986,5.86,5.96,5.8,5.89
9/15/1986,5.87,5.98,5.82,5.947
9/16/1986,5.94,5.98,5.82,5.862
9/17/1986,5.88,5.885,5.72,5.825
9/18/1986,5.845,5.92,5.77,5.82
9/19/1986,5.94,6.12,5.9,6.065
9/22/1986,6.07,6.1,5.98,6.055
9/23/1986,5.99,6.08,5.96,6
9/24/1986,6,6.03,5.955,5.978
9/25/1986,5.9,5.955,5.82,5.83
9/26/1986,5.77,5.78,5.62,5.64
9/29/1986,5.67,5.705,5.51,5.555
9/30/1986,5.58,5.66,5.545,5.625
10/1/1986,5.625,5.635,5.58,5.63
10/2/1986,5.66,5.875,5.655,5.85
10/3/1986,5.88,5.89,5.69,5.7
10/6/1986,5.77,5.835,5.75,5.815
10/7/1986,5.785,5.79,5.7,5.75
10/8/1986,5.74,5.84,5.72,5.795
10/9/1986,5.76,5.77,5.62,5.695
10/10/1986,5.675,5.74,5.67,5.695
10/13/1986,5.72,5.735,5.675,5.725
10/14/1986,5.7,5.7,5.625,5.64
10/15/1986,5.6,5.645,5.54,5.615
10/16/1986,5.64,5.66,5.56,5.58
10/17/1986,5.5,5.64,5.47,5.625
10/20/1986,5.59,5.9,5.59,5.84
10/21/1986,5.84,5.87,5.77,5.81
10/22/1986,5.875,5.885,5.79,5.87
10/23/1986,5.84,5.89,5.67,5.685
10/24/1986,5.64,5.725,5.616,5.66
10/27/1986,5.7,5.74,5.65,5.67
10/28/1986,5.7,5.73,5.67,5.675
10/29/1986,5.615,5.67,5.56,5.63
10/30/1986,5.62,5.745,5.62,5.72
10/31/1986,5.62,5.695,5.62,5.68
11/3/1986,5.71,5.785,5.71,5.735
11/4/1986,5.78,5.805,5.751,5.755
11/5/1986,5.73,5.734,5.63,5.655
11/6/1986,5.67,5.775,5.65,5.77
11/7/1986,5.75,5.83,5.75,5.79
11/10/1986,5.84,5.85,5.72,5.76
11/11/1986,5.765,5.79,5.705,5.78
11/12/1986,5.775,5.83,5.735,5.82
11/13/1986,5.83,5.84,5.79,5.83
11/14/1986,5.87,5.87,5.7,5.71
11/17/1986,5.68,5.68,5.51,5.515
11/18/1986,5.54,5.58,5.52,5.565
11/19/1986,5.58,5.59,5.44,5.47
11/20/1986,5.47,5.48,5.4,5.435
11/21/1986,5.445,5.47,5.2,5.215
11/24/1986,5.27,5.315,5.23,5.265
11/25/1986,5.24,5.32,5.23,5.305
11/26/1986,5.29,5.34,5.24,5.271
11/28/1986,5.45,5.49,5.421,5.475
12/1/1986,5.57,5.58,5.475,5.535
12/2/1986,5.53,5.53,5.41,5.43
12/3/1986,5.39,5.51,5.39,5.47
12/4/1986,5.47,5.475,5.4,5.44
12/5/1986,5.46,5.495,5.43,5.455
12/8/1986,5.46,5.47,5.39,5.455
12/9/1986,5.445,5.45,5.39,5.4
12/10/1986,5.41,5.51,5.4,5.45
12/11/1986,5.42,5.475,5.4,5.46
12/12/1986,5.455,5.49,5.44,5.475
12/15/1986,5.56,5.58,5.53,5.56
12/16/1986,5.55,5.555,5.38,5.43
12/17/1986,5.445,5.46,5.41,5.435
12/18/1986,5.44,5.479,5.405,5.465
12/19/1986,5.465,5.485,5.42,5.445
12/22/1986,5.47,5.5,5.425,5.44
12/23/1986,5.44,5.445,5.33,5.36
12/24/1986,5.37,5.4,5.365,5.365
12/29/1986,5.375,5.385,5.335,5.355
12/30/1986,5.355,5.36,5.32,5.34
12/31/1986,5.35,5.465,5.315,5.46
1/2/1987,5.465,5.57,5.45,5.492
1/5/1987,5.51,5.51,5.405,5.485
1/6/1987,5.465,5.5,5.43,5.435
1/7/1987,5.425,5.469,5.4,5.455
1/8/1987,5.47,5.49,5.445,5.455
1/9/1987,5.41,5.55,5.4,5.545
1/12/1987,5.59,5.67,5.58,5.6
1/13/1987,5.605,5.64,5.56,5.585
1/14/1987,5.655,5.71,5.61,5.64
1/15/1987,5.58,5.65,5.58,5.647
1/16/1987,5.62,5.67,5.6,5.647
1/19/1987,5.72,5.74,5.675,5.712
1/20/1987,5.617,5.66,5.49,5.515
1/21/1987,5.525,5.569,5.5,5.56
1/22/1987,5.594,5.61,5.575,5.605
1/23/1987,5.54,5.6,5.505,5.59
1/26/1987,5.595,5.74,5.59,5.69
1/27/1987,5.68,5.765,5.645,5.715
1/28/1987,5.72,5.75,5.605,5.635
1/29/1987,5.63,5.67,5.61,5.655
1/30/1987,5.52,5.565,5.46,5.525
2/2/1987,5.55,5.595,5.505,5.515
2/3/1987,5.54,5.555,5.495,5.545
2/4/1987,5.535,5.56,5.52,5.525
2/5/1987,5.52,5.62,5.48,5.585
2/6/1987,5.57,5.585,5.54,5.56
2/9/1987,5.56,5.61,5.55,5.58
2/10/1987,5.56,5.595,5.54,5.58
2/11/1987,5.56,5.57,5.535,5.545
2/12/1987,5.555,5.555,5.45,5.46
2/13/1987,5.46,5.48,5.42,5.465
2/17/1987,5.46,5.495,5.38,5.405
2/18/1987,5.4,5.42,5.365,5.41
2/19/1987,5.41,5.48,5.39,5.475
2/20/1987,5.45,5.54,5.44,5.535
2/23/1987,5.505,5.52,5.455,5.475
2/24/1987,5.465,5.48,5.43,5.465
2/25/1987,5.5,5.54,5.46,5.47
2/26/1987,5.52,5.55,5.475,5.516
2/27/1987,5.52,5.54,5.49,5.493
3/2/1987,5.485,5.54,5.48,5.535
3/3/1987,5.52,5.535,5.485,5.525
3/4/1987,5.565,5.565,5.515,5.548
3/5/1987,5.56,5.66,5.555,5.627
3/6/1987,5.615,5.659,5.585,5.627
3/9/1987,5.605,5.64,5.58,5.607
3/10/1987,5.6,5.615,5.58,5.61
3/11/1987,5.62,5.635,5.59,5.6
3/12/1987,5.625,5.695,5.62,5.69
3/13/1987,5.665,5.715,5.585,5.634
3/16/1987,5.64,5.64,5.6,5.624
3/17/1987,5.645,5.645,5.6,5.606
3/18/1987,5.61,5.64,5.6,5.625
3/19/1987,5.62,5.62,5.585,5.618
3/20/1987,5.61,5.617,5.535,5.585
3/23/1987,5.56,5.79,5.56,5.78
3/24/1987,5.785,5.95,5.72,5.945
3/25/1987,5.935,6.01,5.88,5.93
3/26/1987,5.885,5.975,5.87,5.96
3/27/1987,6.05,6.43,6.04,6.24
3/30/1987,6.3,6.405,6.265,6.325
3/31/1987,6.39,6.39,6.2,6.22
4/1/1987,6.255,6.345,6.235,6.3
4/2/1987,6.34,6.53,6.32,6.355
4/3/1987,6.39,6.47,6.28,6.45
4/6/1987,6.52,6.7,6.52,6.58
4/7/1987,6.705,6.78,6.635,6.765
4/8/1987,6.64,6.715,6.59,6.635
4/9/1987,6.685,6.879,6.641,6.86
4/10/1987,6.97,6.97,6.76,6.805
4/13/1987,6.88,6.91,6.8,6.865
4/14/1987,6.91,7.31,6.91,7.28
4/15/1987,7.18,7.275,7.12,7.245
4/16/1987,7.17,7.32,7.08,7.3
4/20/1987,7.27,7.8,7.23,7.78
4/21/1987,7.88,7.94,7.65,7.865
4/22/1987,7.88,8.07,7.77,8.045
4/23/1987,8.35,8.545,8.2,8.545
4/24/1987,9.045,9.045,9.045,9.045
4/27/1987,9.795,9.795,8.295,8.295
4/28/1987,8.1,8.1,7.1,7.65
4/29/1987,7.95,8.12,7.65,8.01
4/30/1987,8.1,8.17,7.79,8.08
5/1/1987,8,8.3,8,8.26
5/4/1987,8.32,8.76,8.29,8.76
5/5/1987,9.07,9.07,8,8.4
5/6/1987,8.17,8.52,8.16,8.39
5/7/1987,8.21,8.55,8.16,8.355
5/8/1987,8.27,8.51,8.22,8.375
5/11/1987,8.37,8.68,8.34,8.645
5/12/1987,8.85,8.96,8.72,8.815
5/13/1987,8.82,8.935,8.71,8.73
5/14/1987,8.84,8.9,8.78,8.87
5/15/1987,9.08,9.52,9.05,9.5
5/18/1987,9.5,9.62,9.01,9.13
5/19/1987,9.17,9.45,8.93,9.42
5/20/1987,9.49,9.49,9.08,9.205
5/21/1987,8.93,9.07,8.82,8.855
5/22/1987,8.975,8.975,8.2,8.275
5/26/1987,7.75,7.9,7.27,7.575
5/27/1987,7.45,7.64,7.36,7.385
5/28/1987,7.57,7.82,7.53,7.665
5/29/1987,7.67,7.78,7.6,7.67
6/1/1987,7.37,7.51,7.28,7.46
6/2/1987,7.57,8,7.56,7.84
6/3/1987,7.68,7.78,7.61,7.62
6/4/1987,7.83,7.91,7.63,7.85
6/5/1987,7.9,7.95,7.82,7.83
6/8/1987,7.97,8.11,7.6,7.63
6/9/1987,7.79,7.94,7.72,7.91
6/10/1987,8.05,8.05,7.71,7.875
6/11/1987,7.83,8.07,7.78,8
6/12/1987,7.75,7.85,7.66,7.735
6/15/1987,7.48,7.72,7.43,7.68
6/16/1987,7.69,7.71,7.48,7.52
6/17/1987,7.51,7.6,7.41,7.45
6/18/1987,7.53,7.63,7.46,7.48
6/19/1987,7.48,7.5,7.16,7.17
6/22/1987,7.07,7.08,6.6,6.72
6/23/1987,6.79,7,6.64,6.895
6/24/1987,7,7.02,6.865,6.94
6/25/1987,6.84,6.89,6.79,6.855
6/26/1987,6.95,7.17,6.93,7.051
6/29/1987,7.1,7.27,7.05,7.2
6/30/1987,7.17,7.42,7.07,7.41
7/1/1987,7.34,7.58,7.26,7.53
7/2/1987,7.43,7.55,7.43,7.495
7/6/1987,7.27,7.69,7.27,7.655
7/7/1987,7.54,7.625,7.37,7.56
7/8/1987,7.45,7.8,7.42,7.725
7/9/1987,7.65,7.8,7.63,7.76
7/10/1987,7.76,7.85,7.64,7.665
7/13/1987,7.65,7.819,7.6,7.69
7/14/1987,7.758,7.805,7.655,7.68
7/15/1987,7.72,7.95,7.66,7.865
7/16/1987,7.815,7.88,7.785,7.82
7/17/1987,7.76,7.76,7.48,7.51
7/20/1987,7.57,7.72,7.565,7.71
7/21/1987,7.74,7.774,7.65,7.765
7/22/1987,7.8,7.93,7.74,7.83
7/23/1987,7.8,7.85,7.67,7.765
7/24/1987,7.74,7.83,7.71,7.775
7/27/1987,7.765,7.82,7.67,7.775
7/28/1987,7.8,8.06,7.8,8.005
7/29/1987,8.06,8.21,8.05,8.065
7/30/1987,8.02,8.38,8.015,8.365
7/31/1987,8.35,8.42,8.26,8.35
8/3/1987,8.65,8.84,8.63,8.825
8/4/1987,8.75,8.945,8.64,8.875
8/5/1987,8.55,8.67,8.34,8.38
8/6/1987,8.38,8.43,8.23,8.3
8/7/1987,8,8.18,7.6,7.625
8/10/1987,7.73,7.84,7.7,7.76
8/11/1987,7.84,7.94,7.77,7.855
8/12/1987,7.79,7.98,7.78,7.89
8/13/1987,7.87,7.89,7.59,7.67
8/14/1987,7.64,7.85,7.36,7.42
8/17/1987,7.5,7.62,7.48,7.58
8/18/1987,7.65,7.95,7.65,7.725
8/19/1987,7.694,7.84,7.63,7.825
8/20/1987,7.79,7.82,7.47,7.5
8/21/1987,7.61,7.69,7.53,7.675
8/24/1987,7.64,7.9,7.615,7.795
8/25/1987,7.77,7.785,7.64,7.69
8/26/1987,7.67,7.775,7.66,7.72
8/27/1987,7.75,7.77,7.48,7.535
8/28/1987,7.67,7.67,7.37,7.5
8/31/1987,7.65,7.65,7.49,7.53
9/1/1987,7.6,7.66,7.37,7.47
9/2/1987,7.7,7.95,7.7,7.93
9/3/1987,7.82,7.92,7.75,7.84
9/4/1987,7.85,7.92,7.76,7.77
9/8/1987,7.67,7.71,7.55,7.615
9/9/1987,7.63,7.685,7.565,7.655
9/10/1987,7.72,8.24,7.675,8.17
9/11/1987,8.01,8.15,7.745,7.83
9/14/1987,7.68,7.85,7.65,7.77
9/15/1987,7.82,7.83,7.705,7.755
9/16/1987,7.76,7.85,7.5,7.585
9/17/1987,7.61,7.76,7.595,7.7
9/18/1987,7.77,7.775,7.46,7.485
9/21/1987,7.45,7.89,7.44,7.795
9/22/1987,7.74,7.825,7.665,7.715
9/23/1987,7.68,7.805,7.645,7.77
9/24/1987,7.8,7.88,7.72,7.74
9/25/1987,7.65,7.75,7.65,7.7
9/28/1987,7.72,7.765,7.69,7.71
9/29/1987,7.65,7.81,7.6,7.755
9/30/1987,7.775,7.78,7.57,7.61
10/1/1987,7.66,7.685,7.58,7.64
10/2/1987,7.65,7.69,7.555,7.65
10/5/1987,7.67,7.76,7.67,7.72
10/6/1987,7.74,7.81,7.7,7.735
10/7/1987,7.77,7.8,7.725,7.755
10/8/1987,7.755,8.04,7.72,7.94
10/9/1987,7.92,7.96,7.84,7.91
10/12/1987,7.91,7.915,7.86,7.885
10/13/1987,7.81,7.83,7.765,7.795
10/14/1987,7.8,7.98,7.79,7.89
10/15/1987,7.93,8.07,7.8,7.84
10/16/1987,7.885,8.03,7.88,7.96
10/19/1987,8.44,8.62,8.18,8.28
10/20/1987,7.3,7.6,6.7,7.285
10/21/1987,7.5,7.55,7.375,7.465
10/22/1987,7.565,7.7,7.44,7.485
10/23/1987,7.56,7.675,7.435,7.6
10/26/1987,7.62,7.63,7.37,7.48
10/27/1987,7.4,7.49,7.34,7.405
10/28/1987,7.46,7.525,7.385,7.395
10/29/1987,7.17,7.2,6.84,6.925
10/30/1987,6.91,7.08,6.88,6.99
11/2/1987,7.04,7.045,6.87,6.965
11/3/1987,6.94,6.975,6.67,6.84
11/4/1987,6.78,6.78,6.6,6.695
11/5/1987,6.3,6.43,6.24,6.3
11/6/1987,6.36,6.55,6.35,6.5
11/9/1987,6.665,6.715,6.52,6.54
11/10/1987,6.45,6.58,6.33,6.53
11/11/1987,6.51,6.66,6.49,6.57
11/12/1987,6.64,6.73,6.59,6.645
11/13/1987,6.72,6.77,6.665,6.74
11/16/1987,6.6,6.685,6.57,6.635
11/17/1987,6.71,6.78,6.68,6.73
11/18/1987,6.68,6.695,6.55,6.63
11/19/1987,6.66,6.67,6.555,6.58
11/20/1987,6.62,6.73,6.49,6.67
11/23/1987,6.64,6.98,6.635,6.95
11/24/1987,6.93,7.01,6.81,6.92
11/25/1987,6.95,7.025,6.91,6.93
11/27/1987,7.16,7.36,7.15,7.295
11/30/1987,7.42,7.47,7.18,7.19
12/1/1987,7.19,7.2,7.06,7.075
12/2/1987,7.13,7.175,7.07,7.11
12/3/1987,7.1,7.19,6.99,7.03
12/4/1987,7,7.04,6.64,6.87
12/7/1987,6.77,6.88,6.755,6.8
12/8/1987,6.83,6.9,6.82,6.845
12/9/1987,6.88,6.89,6.795,6.855
12/10/1987,6.84,7.085,6.84,7.06
12/11/1987,7.14,7.16,6.965,7.04
12/14/1987,7.16,7.24,7.1,7.11
12/15/1987,7.03,7.05,6.75,6.77
12/16/1987,6.83,6.94,6.805,6.875
12/17/1987,6.8,6.945,6.65,6.915
12/18/1987,6.89,6.982,6.815,6.88
12/21/1987,6.89,6.92,6.855,6.91
12/22/1987,6.92,6.96,6.905,6.915
12/23/1987,6.88,6.89,6.83,6.835
12/24/1987,6.855,6.91,6.85,6.905
12/28/1987,6.97,6.99,6.88,6.945
12/29/1987,6.95,6.96,6.77,6.81
12/30/1987,6.79,6.8,6.7,6.705
12/31/1987,6.785,6.825,6.68,6.77
1/4/1988,6.64,6.65,6.5,6.55
1/5/1988,6.57,7,6.525,6.925
1/6/1988,6.75,7.19,6.72,7.145
1/7/1988,7.1,7.115,6.96,7.01
1/8/1988,6.93,7.08,6.88,7.06
1/11/1988,7.02,7.045,6.91,6.94
1/12/1988,6.92,6.94,6.8,6.81
1/13/1988,6.82,6.935,6.79,6.845
1/14/1988,6.84,6.96,6.83,6.935
1/15/1988,6.88,6.93,6.65,6.66
1/18/1988,6.75,6.78,6.705,6.725
1/19/1988,6.72,6.81,6.69,6.745
1/20/1988,6.77,6.82,6.67,6.685
1/21/1988,6.7,6.77,6.67,6.755
1/22/1988,6.74,6.895,6.705,6.83
1/25/1988,6.795,6.81,6.57,6.635
1/26/1988,6.64,6.7,6.61,6.66
1/27/1988,6.66,6.71,6.575,6.69
1/28/1988,6.67,6.705,6.65,6.665
1/29/1988,6.57,6.59,6.46,6.545
2/1/1988,6.56,6.66,6.55,6.61
2/2/1988,6.63,6.679,6.53,6.555
2/3/1988,6.41,6.48,6.28,6.355
2/4/1988,6.39,6.45,6.33,6.43
2/5/1988,6.42,6.43,6.28,6.325
2/8/1988,6.35,6.39,6.31,6.325
2/9/1988,6.305,6.32,6.225,6.29
2/10/1988,6.345,6.37,6.285,6.305
2/11/1988,6.28,6.345,6.27,6.315
2/12/1988,6.27,6.405,6.19,6.39
2/16/1988,6.37,6.435,6.355,6.375
2/17/1988,6.395,6.46,6.39,6.45
2/18/1988,6.48,6.515,6.34,6.35
2/19/1988,6.38,6.43,6.345,6.4
2/22/1988,6.39,6.43,6.375,6.41
2/23/1988,6.385,6.395,6.25,6.3
2/24/1988,6.23,6.269,6.175,6.195
2/25/1988,6.21,6.265,6.13,6.245
2/26/1988,6.3,6.31,6.23,6.235
2/29/1988,6.19,6.325,6.17,6.32
3/1/1988,6.3,6.42,6.24,6.3
3/2/1988,6.25,6.34,6.225,6.29
3/3/1988,6.265,6.385,6.235,6.335
3/4/1988,6.35,6.585,6.35,6.5
3/7/1988,6.445,6.49,6.435,6.465
3/8/1988,6.445,6.46,6.365,6.38
3/9/1988,6.345,6.39,6.325,6.365
3/10/1988,6.41,6.449,6.265,6.33
3/11/1988,6.36,6.37,6.22,6.24
3/14/1988,6.285,6.32,6.255,6.3
3/15/1988,6.32,6.43,6.275,6.425
3/16/1988,6.41,6.445,6.37,6.385
3/17/1988,6.38,6.41,6.3,6.36
3/18/1988,6.35,6.465,6.34,6.42
3/21/1988,6.42,6.575,6.415,6.5
3/22/1988,6.47,6.56,6.435,6.515
3/23/1988,6.53,6.7,6.48,6.66
3/24/1988,6.76,6.81,6.63,6.785
3/25/1988,6.7,6.74,6.65,6.715
3/28/1988,6.71,6.74,6.625,6.71
3/29/1988,6.705,6.83,6.7,6.75
3/30/1988,6.72,6.81,6.675,6.795
3/31/1988,6.84,6.85,6.73,6.785
4/4/1988,6.84,6.9,6.795,6.825
4/5/1988,6.76,6.78,6.65,6.685
4/6/1988,6.59,6.645,6.45,6.465
4/7/1988,6.46,6.48,6.37,6.435
4/8/1988,6.45,6.51,6.43,6.438
4/11/1988,6.4,6.48,6.39,6.47
4/12/1988,6.47,6.49,6.4,6.425
4/13/1988,6.41,6.47,6.335,6.345
4/14/1988,6.36,6.515,6.35,6.47
4/15/1988,6.49,6.545,6.45,6.475
4/18/1988,6.54,6.56,6.43,6.44
4/19/1988,6.43,6.49,6.41,6.465
4/20/1988,6.51,6.535,6.445,6.45
4/21/1988,6.44,6.49,6.43,6.46
4/22/1988,6.4,6.454,6.385,6.415
4/25/1988,6.42,6.44,6.36,6.365
4/26/1988,6.39,6.405,6.32,6.385
4/27/1988,6.385,6.53,6.365,6.5
4/28/1988,6.59,6.61,6.545,6.555
4/29/1988,6.56,6.59,6.525,6.585
5/2/1988,6.545,6.55,6.43,6.435
5/3/1988,6.43,6.465,6.37,6.38
5/4/1988,6.39,6.425,6.37,6.405
5/5/1988,6.42,6.46,6.415,6.44
5/6/1988,6.435,6.465,6.38,6.455
5/9/1988,6.45,6.55,6.45,6.545
5/10/1988,6.545,6.66,6.505,6.645
5/11/1988,6.62,6.644,6.55,6.625
5/12/1988,6.61,6.68,6.58,6.645
5/13/1988,6.65,6.71,6.56,6.7
5/16/1988,6.72,6.775,6.64,6.65
5/17/1988,6.66,6.69,6.55,6.605
5/18/1988,6.615,6.76,6.61,6.75
5/19/1988,6.8,6.82,6.655,6.675
5/20/1988,6.69,6.76,6.645,6.75
5/23/1988,6.81,6.85,6.705,6.795
5/24/1988,6.765,6.84,6.73,6.81
5/25/1988,6.73,6.75,6.64,6.645
5/26/1988,6.65,6.69,6.585,6.66
5/27/1988,6.63,6.645,6.555,6.575
5/31/1988,6.65,6.71,6.635,6.65
6/1/1988,6.77,6.88,6.77,6.865
6/2/1988,6.8,7.32,6.765,7.305
6/3/1988,7.23,7.47,7.23,7.27
6/6/1988,7.295,7.422,7.25,7.315
6/7/1988,7.31,7.445,7.18,7.28
6/8/1988,7.2,7.285,7.11,7.13
6/9/1988,7.07,7.23,7.03,7.18
6/10/1988,7.21,7.245,6.92,7.015
6/13/1988,7.03,7.09,6.985,7.055
6/14/1988,7.04,7.1,6.86,7.07
6/15/1988,7.07,7.225,7.05,7.155
6/16/1988,7.23,7.3,7.095,7.14
6/17/1988,7.135,7.27,7.08,7.255
6/20/1988,7.255,7.33,7.135,7.195
6/21/1988,7.21,7.34,7.19,7.195
6/22/1988,7.1,7.1,6.95,7.02
6/23/1988,6.985,7.075,6.935,6.985
6/24/1988,6.88,6.93,6.795,6.81
6/27/1988,6.84,6.95,6.82,6.94
6/28/1988,6.96,7.02,6.73,6.76
6/29/1988,6.79,6.81,6.65,6.72
6/30/1988,6.75,6.79,6.705,6.775
7/1/1988,6.77,6.86,6.73,6.795
7/5/1988,6.8,6.88,6.795,6.855
7/6/1988,6.86,6.91,6.83,6.905
7/7/1988,7.05,7.11,7,7.02
7/8/1988,7.02,7.165,7.015,7.085
7/11/1988,7.17,7.18,6.98,7.02
7/12/1988,6.96,7.09,6.94,7.057
7/13/1988,7.045,7.25,7.005,7.245
7/14/1988,7.32,7.46,7.3,7.36
7/15/1988,7.42,7.5,7.33,7.39
7/18/1988,7.29,7.31,7.17,7.225
7/19/1988,7.24,7.89,7.155,7.8
7/20/1988,7.805,7.94,7.73,7.9
7/21/1988,7.8,8.16,7.7,7.81
7/22/1988,7.81,7.87,7.62,7.675
7/25/1988,7.65,7.745,7.05,7.1
7/26/1988,7.08,7.15,6.92,6.94
7/27/1988,6.95,7.09,6.95,7.02
7/28/1988,6.86,6.905,6.69,6.76
7/29/1988,6.835,6.925,6.79,6.855
8/1/1988,6.905,6.945,6.83,6.915
8/2/1988,6.91,6.93,6.828,6.84
8/3/1988,6.79,6.99,6.77,6.88
8/4/1988,6.88,6.95,6.86,6.9
8/5/1988,6.89,6.96,6.865,6.89
8/8/1988,6.86,6.875,6.7,6.715
8/9/1988,6.74,6.76,6.56,6.63
8/10/1988,6.64,6.74,6.625,6.71
8/11/1988,6.73,6.82,6.685,6.715
8/12/1988,6.75,6.88,6.73,6.74
8/15/1988,6.73,6.795,6.7,6.785
8/16/1988,6.77,6.85,6.61,6.635
8/17/1988,6.64,6.685,6.59,6.665
8/18/1988,6.69,6.725,6.64,6.69
8/19/1988,6.7,6.72,6.65,6.67
8/22/1988,6.63,6.785,6.605,6.74
8/23/1988,6.75,6.775,6.69,6.74
8/24/1988,6.76,6.85,6.75,6.79
8/25/1988,6.83,6.83,6.71,6.715
8/26/1988,6.73,6.73,6.625,6.66
8/29/1988,6.68,6.69,6.49,6.52
8/30/1988,6.66,6.74,6.64,6.65
8/31/1988,6.61,6.72,6.6,6.71
9/1/1988,6.685,6.765,6.68,6.72
9/2/1988,6.72,6.74,6.555,6.66
9/6/1988,6.66,6.74,6.61,6.625
9/7/1988,6.65,6.715,6.62,6.685
9/8/1988,6.71,6.77,6.67,6.745
9/9/1988,6.76,6.78,6.56,6.57
9/12/1988,6.535,6.57,6.48,6.565
9/13/1988,6.57,6.659,6.55,6.6
9/14/1988,6.65,6.675,6.59,6.61
9/15/1988,6.6,6.615,6.485,6.585
9/16/1988,6.54,6.55,6.435,6.44
9/19/1988,6.37,6.49,6.34,6.475
9/20/1988,6.46,6.475,6.31,6.357
9/21/1988,6.28,6.34,6.24,6.28
9/22/1988,6.24,6.36,6.23,6.353
9/23/1988,6.355,6.39,6.26,6.265
9/26/1988,6.207,6.3,6.2,6.205
9/27/1988,6.24,6.28,6.19,6.26
9/28/1988,6.27,6.3,6.22,6.26
9/29/1988,6.27,6.32,6.25,6.265
9/30/1988,6.28,6.28,6.16,6.225
10/3/1988,6.23,6.37,6.196,6.335
10/4/1988,6.3,6.37,6.285,6.335
10/5/1988,6.315,6.415,6.24,6.385
10/6/1988,6.4,6.435,6.345,6.37
10/7/1988,6.385,6.46,6.37,6.405
10/10/1988,6.44,6.479,6.41,6.42
10/11/1988,6.42,6.43,6.27,6.275
10/12/1988,6.325,6.47,6.32,6.395
10/13/1988,6.4,6.435,6.3,6.375
10/14/1988,6.39,6.477,6.36,6.435
10/17/1988,6.445,6.545,6.415,6.475
10/18/1988,6.48,6.485,6.405,6.425
10/19/1988,6.4,6.465,6.375,6.405
10/20/1988,6.415,6.435,6.385,6.41
10/21/1988,6.4,6.42,6.28,6.285
10/24/1988,6.26,6.335,6.245,6.255
10/25/1988,6.29,6.319,6.265,6.278
10/26/1988,6.305,6.33,6.26,6.278
10/27/1988,6.28,6.295,6.225,6.248
10/28/1988,6.24,6.41,6.24,6.335
10/31/1988,6.35,6.37,6.33,6.348
11/1/1988,6.32,6.35,6.27,6.335
11/2/1988,6.405,6.535,6.39,6.53
11/3/1988,6.56,6.58,6.426,6.45
11/4/1988,6.44,6.48,6.38,6.465
11/7/1988,6.455,6.535,6.45,6.53
11/8/1988,6.525,6.53,6.405,6.425
11/9/1988,6.445,6.59,6.43,6.58
11/10/1988,6.56,6.565,6.43,6.44
11/11/1988,6.475,6.5,6.35,6.418
11/14/1988,6.41,6.47,6.375,6.445
11/15/1988,6.445,6.5,6.39,6.393
11/16/1988,6.42,6.44,6.28,6.3
11/17/1988,6.34,6.344,6.18,6.19
11/18/1988,6.195,6.225,6.06,6.08
11/21/1988,6.11,6.12,5.98,6.025
11/22/1988,6.09,6.149,6.06,6.075
11/23/1988,6.09,6.135,6.08,6.095
11/28/1988,6.16,6.22,6.08,6.115
11/29/1988,6.265,6.295,6.165,6.189
11/30/1988,6.215,6.315,6.185,6.29
12/1/1988,6.32,6.345,6.22,6.245
12/2/1988,6.245,6.39,6.19,6.335
12/5/1988,6.33,6.355,6.285,6.31
12/6/1988,6.295,6.31,6.23,6.305
12/7/1988,6.25,6.41,6.21,6.28
12/8/1988,6.32,6.325,6.26,6.263
12/9/1988,6.25,6.32,6.23,6.305
12/12/1988,6.285,6.34,6.245,6.298
12/13/1988,6.27,6.315,6.26,6.295
12/14/1988,6.3,6.335,6.265,6.305
12/15/1988,6.31,6.34,6.14,6.185
12/16/1988,6.175,6.23,6.175,6.205
12/19/1988,6.2,6.26,6.175,6.23
12/20/1988,6.21,6.25,6.2,6.213
12/21/1988,6.245,6.255,6.225,6.23
12/22/1988,6.24,6.28,6.235,6.268
12/23/1988,6.24,6.28,6.23,6.275
12/27/1988,6.27,6.29,6.245,6.255
12/28/1988,6.225,6.23,6.135,6.188
12/29/1988,6.155,6.17,6.075,6.093
12/30/1988,6.155,6.16,6.115,6.13
1/3/1989,6.15,6.175,6.11,6.115
1/4/1989,6.12,6.13,5.985,6.025
1/5/1989,6.035,6.07,6.03,6.05
1/6/1989,6.04,6.085,6.005,6.075
1/9/1989,6,6.045,5.97,6.043
1/10/1989,6.045,6.06,5.965,5.995
1/11/1989,5.985,6.035,5.97,5.995
1/12/1989,6.03,6.045,5.93,5.985
1/13/1989,5.965,6.035,5.94,5.957
1/16/1989,5.95,5.965,5.93,5.957
1/17/1989,5.98,6.03,5.97,6.01
1/18/1989,6.01,6.035,5.95,5.97
1/19/1989,5.98,6.05,5.97,6.038
1/20/1989,6.07,6.265,6.045,6.245
1/23/1989,6.24,6.29,6.21,6.255
1/24/1989,6.28,6.31,6.17,6.19
1/25/1989,6.175,6.235,6.16,6.225
1/26/1989,6.24,6.28,6.13,6.155
1/27/1989,6.15,6.16,5.83,5.935
1/30/1989,5.88,5.91,5.855,5.875
1/31/1989,5.89,5.92,5.785,5.835
2/1/1989,5.85,5.925,5.845,5.875
2/2/1989,5.86,5.91,5.845,5.863
2/3/1989,5.84,5.9,5.805,5.875
2/6/1989,5.86,5.95,5.81,5.935
2/7/1989,5.945,5.97,5.875,5.89
2/8/1989,5.9,5.955,5.89,5.945
2/9/1989,5.97,5.98,5.91,5.915
2/10/1989,5.935,5.955,5.76,5.835
2/13/1989,5.81,5.85,5.775,5.845
2/14/1989,5.85,5.875,5.825,5.847
2/15/1989,5.81,5.925,5.785,5.905
2/16/1989,5.905,5.92,5.86,5.895
2/17/1989,5.84,6.05,5.805,5.94
2/21/1989,5.95,6.03,5.91,5.935
2/22/1989,5.95,6,5.93,5.94
2/23/1989,5.985,6.05,5.915,5.935
2/24/1989,6.04,6.06,6.01,6.036
2/27/1989,6.055,6.075,5.95,5.956
2/28/1989,5.97,5.99,5.93,5.935
3/1/1989,5.92,5.925,5.84,5.845
3/2/1989,5.84,5.885,5.825,5.85
3/3/1989,5.89,5.925,5.88,5.893
3/6/1989,5.92,5.925,5.872,5.9
3/7/1989,5.88,5.99,5.875,5.965
3/8/1989,5.98,6.01,5.935,5.947
3/9/1989,5.95,6.1,5.926,6.09
3/10/1989,6.12,6.19,6.055,6.15
3/13/1989,6.11,6.17,6.095,6.16
3/14/1989,6.16,6.27,6.14,6.255
3/15/1989,6.235,6.245,6.145,6.17
3/16/1989,6.165,6.17,6.075,6.13
3/17/1989,6.145,6.26,6.14,6.195
3/20/1989,6.255,6.28,6.175,6.185
3/21/1989,6.17,6.195,6.085,6.128
3/22/1989,6.125,6.15,6.095,6.118
3/23/1989,6.16,6.17,6.025,6.058
3/27/1989,6.02,6.025,5.96,6.003
3/28/1989,6.01,6.02,5.84,5.848
3/29/1989,5.87,5.889,5.785,5.808
3/30/1989,5.84,5.85,5.765,5.78
3/31/1989,5.82,5.845,5.8,5.823
4/3/1989,5.849,5.85,5.805,5.833
4/4/1989,5.855,5.889,5.835,5.856
4/5/1989,5.83,5.885,5.82,5.838
4/6/1989,5.85,5.865,5.83,5.833
4/7/1989,5.85,5.855,5.77,5.798
4/10/1989,5.77,5.885,5.76,5.85
4/11/1989,5.855,5.88,5.846,5.863
4/12/1989,5.845,5.94,5.845,5.895
4/13/1989,5.91,5.955,5.875,5.89
4/14/1989,5.88,5.965,5.78,5.825
4/17/1989,5.826,5.84,5.8,5.83
4/18/1989,5.83,5.835,5.76,5.78
4/19/1989,5.79,5.819,5.74,5.765
4/20/1989,5.78,5.805,5.74,5.787
4/21/1989,5.78,5.795,5.75,5.765
4/24/1989,5.76,5.855,5.75,5.833
4/25/1989,5.82,5.84,5.79,5.795
4/26/1989,5.79,5.79,5.75,5.763
4/27/1989,5.875,5.88,5.75,5.75
4/28/1989,5.73,5.745,5.675,5.705
5/1/1989,5.691,5.79,5.69,5.75
5/2/1989,5.75,5.77,5.705,5.718
5/3/1989,5.725,5.765,5.72,5.73
5/4/1989,5.735,5.755,5.7,5.707
5/5/1989,5.7,5.715,5.66,5.687
5/8/1989,5.7,5.725,5.66,5.677
5/9/1989,5.69,5.76,5.675,5.755
5/10/1989,5.765,5.775,5.69,5.695
5/11/1989,5.73,5.75,5.705,5.735
5/12/1989,5.736,5.74,5.605,5.61
5/15/1989,5.56,5.605,5.56,5.565
5/16/1989,5.585,5.595,5.56,5.573
5/17/1989,5.57,5.58,5.48,5.497
5/18/1989,5.49,5.51,5.455,5.467
5/19/1989,5.38,5.42,5.28,5.292
5/22/1989,5.12,5.23,5.12,5.165
5/23/1989,5.235,5.35,5.22,5.232
5/24/1989,5.22,5.245,5.185,5.232
5/25/1989,5.26,5.35,5.255,5.318
5/26/1989,5.385,5.395,5.275,5.305
5/30/1989,5.27,5.285,5.23,5.28
5/31/1989,5.275,5.285,5.195,5.205
6/1/1989,5.205,5.26,5.175,5.24
6/2/1989,5.25,5.35,5.215,5.338
6/5/1989,5.33,5.355,5.285,5.303
6/6/1989,5.285,5.475,5.26,5.47
6/7/1989,5.45,5.55,5.39,5.5
6/8/1989,5.48,5.545,5.445,5.478
6/9/1989,5.39,5.495,5.17,5.19
6/12/1989,5.22,5.27,5.195,5.23
6/13/1989,5.235,5.275,5.195,5.25
6/14/1989,5.25,5.314,5.23,5.28
6/15/1989,5.22,5.36,5.17,5.33
6/16/1989,5.32,5.39,5.27,5.305
6/19/1989,5.315,5.39,5.315,5.34
6/20/1989,5.35,5.38,5.24,5.25
6/21/1989,5.254,5.335,5.24,5.298
6/22/1989,5.33,5.378,5.26,5.303
6/23/1989,5.33,5.41,5.23,5.338
6/26/1989,5.3,5.365,5.25,5.31
6/27/1989,5.295,5.35,5.28,5.31
6/28/1989,5.29,5.324,5.265,5.285
6/29/1989,5.39,5.4,5.2,5.21
6/30/1989,5.24,5.27,5.19,5.243
7/3/1989,5.27,5.319,5.255,5.315
7/5/1989,5.34,5.495,5.31,5.475
7/6/1989,5.43,5.465,5.405,5.457
7/7/1989,5.42,5.475,5.265,5.285
7/10/1989,5.33,5.34,5.29,5.305
7/11/1989,5.28,5.365,5.255,5.328
7/12/1989,5.32,5.365,5.2,5.255
7/13/1989,5.25,5.27,5.206,5.26
7/14/1989,5.24,5.31,5.19,5.268
7/17/1989,5.285,5.38,5.28,5.325
7/18/1989,5.3,5.36,5.275,5.305
7/19/1989,5.28,5.3,5.205,5.213
7/20/1989,5.225,5.285,5.215,5.237
7/21/1989,5.27,5.31,5.205,5.24
7/24/1989,5.255,5.279,5.24,5.255
7/25/1989,5.25,5.267,5.22,5.26
7/26/1989,5.245,5.31,5.24,5.275
7/27/1989,5.28,5.29,5.25,5.263
7/28/1989,5.24,5.24,5.135,5.183
7/31/1989,5.18,5.32,5.125,5.313
8/1/1989,5.29,5.33,5.225,5.293
8/2/1989,5.28,5.305,5.24,5.263
8/3/1989,5.25,5.38,5.235,5.333
8/4/1989,5.32,5.34,5.17,5.2
8/7/1989,5.205,5.225,5.15,5.16
8/8/1989,5.19,5.215,5.145,5.188
8/9/1989,5.17,5.21,5.155,5.185
8/10/1989,5.195,5.21,5.165,5.193
8/11/1989,5.16,5.26,5.1,5.218
8/14/1989,5.195,5.245,5.185,5.22
8/15/1989,5.21,5.275,5.205,5.265
8/16/1989,5.265,5.275,5.17,5.207
8/17/1989,5.19,5.295,5.17,5.265
8/18/1989,5.255,5.274,5.195,5.255
8/21/1989,5.235,5.255,5.22,5.243
8/22/1989,5.235,5.26,5.22,5.235
8/23/1989,5.23,5.25,5.17,5.175
8/24/1989,5.165,5.195,5.145,5.175
8/25/1989,5.14,5.15,5.11,5.115
8/28/1989,5.135,5.14,5.09,5.095
8/29/1989,5.105,5.15,5.085,5.093
8/30/1989,5.23,5.25,5.205,5.21
8/31/1989,5.2,5.205,5.16,5.165
9/1/1989,5.18,5.2,5.155,5.195
9/5/1989,5.18,5.195,5.17,5.18
9/6/1989,5.2,5.235,5.2,5.22
9/7/1989,5.2,5.245,5.19,5.233
9/8/1989,5.23,5.235,5.14,5.165
9/11/1989,5.175,5.185,5.16,5.163
9/12/1989,5.18,5.195,5.165,5.177
9/13/1989,5.179,5.185,5.135,5.172
9/14/1989,5.185,5.22,5.145,5.157
9/15/1989,5.15,5.19,5.11,5.185
9/18/1989,5.17,5.19,5.15,5.163
9/19/1989,5.16,5.185,5.15,5.16
9/20/1989,5.175,5.25,5.17,5.215
9/21/1989,5.2,5.28,5.19,5.275
9/22/1989,5.3,5.385,5.3,5.38
9/25/1989,5.42,5.43,5.345,5.375
9/26/1989,5.36,5.42,5.34,5.355
9/27/1989,5.39,5.41,5.312,5.335
9/28/1989,5.34,5.365,5.321,5.35
9/29/1989,5.37,5.385,5.28,5.31
10/2/1989,5.31,5.32,5.275,5.303
10/3/1989,5.29,5.31,5.285,5.3
10/4/1989,5.305,5.35,5.3,5.328
10/5/1989,5.34,5.375,5.22,5.243
10/6/1989,5.23,5.244,5.18,5.19
10/9/1989,5.19,5.205,5.115,5.123
10/10/1989,5.12,5.15,5.08,5.1
10/11/1989,5.11,5.15,5.095,5.143
10/12/1989,5.15,5.167,5.135,5.153
10/13/1989,5.15,5.18,5.135,5.14
10/16/1989,5.22,5.24,5.125,5.163
10/17/1989,5.155,5.195,5.145,5.158
10/18/1989,5.18,5.193,5.155,5.16
10/19/1989,5.175,5.185,5.11,5.133
10/20/1989,5.116,5.145,5.11,5.14
10/23/1989,5.125,5.14,5.12,5.138
10/24/1989,5.14,5.2,5.135,5.195
10/25/1989,5.18,5.185,5.14,5.16
10/26/1989,5.17,5.24,5.151,5.237
10/27/1989,5.23,5.35,5.215,5.32
10/30/1989,5.31,5.315,5.26,5.283
10/31/1989,5.275,5.28,5.195,5.218
11/1/1989,5.22,5.22,5.171,5.188
11/2/1989,5.194,5.3,5.185,5.29
11/3/1989,5.28,5.335,5.205,5.26
11/6/1989,5.27,5.29,5.24,5.268
11/7/1989,5.325,5.34,5.275,5.295
11/8/1989,5.295,5.3,5.26,5.295
11/9/1989,5.295,5.37,5.29,5.308
11/10/1989,5.305,5.31,5.24,5.26
11/13/1989,5.32,5.35,5.3,5.318
11/14/1989,5.36,5.41,5.3,5.408
11/15/1989,5.395,5.56,5.355,5.538
11/16/1989,5.5,5.68,5.48,5.595
11/17/1989,5.695,5.715,5.59,5.685
11/20/1989,5.7,5.76,5.655,5.703
11/21/1989,5.765,5.85,5.69,5.845
11/22/1989,5.85,5.885,5.755,5.808
11/24/1989,5.86,5.89,5.827,5.88
11/27/1989,5.82,5.82,5.68,5.693
11/28/1989,5.6,5.73,5.59,5.695
11/29/1989,5.73,5.809,5.705,5.733
11/30/1989,5.705,5.865,5.69,5.795
12/1/1989,5.82,5.865,5.775,5.788
12/4/1989,5.74,5.755,5.62,5.63
12/5/1989,5.645,5.725,5.63,5.655
12/6/1989,5.655,5.69,5.625,5.675
12/7/1989,5.69,5.745,5.665,5.74
12/8/1989,5.72,5.79,5.695,5.76
12/11/1989,5.78,5.86,5.761,5.805
12/12/1989,5.805,5.83,5.74,5.785
12/13/1989,5.76,5.795,5.64,5.655
12/14/1989,5.65,5.69,5.61,5.663
12/15/1989,5.695,5.73,5.68,5.71
12/18/1989,5.67,5.685,5.59,5.668
12/19/1989,5.631,5.68,5.605,5.63
12/20/1989,5.655,5.679,5.63,5.648
12/21/1989,5.687,5.71,5.631,5.638
12/22/1989,5.665,5.675,5.645,5.654
12/26/1989,5.65,5.66,5.59,5.604
12/27/1989,5.612,5.62,5.3,5.32
12/28/1989,5.322,5.365,5.2,5.225
12/29/1989,5.272,5.345,5.25,5.273
1/2/1990,5.232,5.35,5.225,5.253
1/3/1990,5.232,5.26,5.176,5.22
1/4/1990,5.27,5.35,5.265,5.335
1/5/1990,5.335,5.4,5.275,5.385
1/8/1990,5.335,5.377,5.306,5.31
1/9/1990,5.315,5.325,5.265,5.298
1/10/1990,5.322,5.395,5.32,5.368
1/11/1990,5.362,5.41,5.345,5.365
1/12/1990,5.393,5.445,5.385,5.388
1/15/1990,5.392,5.395,5.28,5.298
1/16/1990,5.282,5.34,5.255,5.285
1/17/1990,5.275,5.31,5.255,5.308
1/18/1990,5.32,5.334,5.235,5.24
1/19/1990,5.227,5.275,5.22,5.25
1/22/1990,5.23,5.325,5.2,5.315
1/23/1990,5.305,5.36,5.295,5.34
1/24/1990,5.38,5.41,5.245,5.258
1/25/1990,5.255,5.29,5.245,5.253
1/26/1990,5.297,5.34,5.23,5.26
1/29/1990,5.27,5.275,5.22,5.253
1/30/1990,5.24,5.28,5.23,5.245
1/31/1990,5.227,5.25,5.2,5.228
2/1/1990,5.237,5.33,5.235,5.328
2/2/1990,5.33,5.36,5.296,5.338
2/5/1990,5.35,5.405,5.34,5.358
2/6/1990,5.332,5.36,5.311,5.335
2/7/1990,5.32,5.44,5.316,5.336
2/8/1990,5.33,5.365,5.315,5.343
2/9/1990,5.32,5.33,5.26,5.273
2/12/1990,5.29,5.345,5.285,5.305
2/13/1990,5.347,5.39,5.32,5.333
2/14/1990,5.305,5.35,5.29,5.33
2/15/1990,5.345,5.384,5.315,5.33
2/16/1990,5.332,5.384,5.315,5.34
2/20/1990,5.355,5.37,5.32,5.343
2/21/1990,5.347,5.374,5.275,5.28
2/22/1990,5.275,5.3,5.26,5.273
2/23/1990,5.252,5.28,5.235,5.24
2/26/1990,5.148,5.239,5.13,5.148
2/27/1990,5.235,5.245,5.15,5.16
2/28/1990,5.185,5.21,5.15,5.205
3/1/1990,5.205,5.235,5.19,5.23
3/2/1990,5.217,5.225,5.18,5.198
3/5/1990,5.192,5.21,5.17,5.188
3/6/1990,5.202,5.22,5.182,5.186
3/7/1990,5.18,5.215,5.175,5.19
3/8/1990,5.2,5.225,5.175,5.178
3/9/1990,5.155,5.17,5.145,5.158
3/12/1990,5.17,5.19,5.075,5.103
3/13/1990,5.095,5.135,5.085,5.118
3/14/1990,5.125,5.148,5.12,5.138
3/15/1990,5.134,5.175,5.13,5.133
3/16/1990,5.154,5.185,5.14,5.145
3/19/1990,5.165,5.18,5.14,5.152
3/20/1990,5.157,5.165,5.08,5.093
3/21/1990,5.08,5.12,5.065,5.103
3/22/1990,5.102,5.134,5.095,5.13
3/23/1990,5.127,5.15,5.06,5.088
3/26/1990,4.96,5.01,4.9,4.997
3/27/1990,4.99,5.005,4.965,4.994
3/28/1990,5.015,5.028,4.94,4.955
3/29/1990,4.97,5.01,4.965,4.983
3/30/1990,4.987,4.995,4.95,4.98
4/2/1990,4.963,4.984,4.955,4.978
4/3/1990,5.005,5.045,5,5.038
4/4/1990,5.029,5.205,5.026,5.19
4/5/1990,5.175,5.25,5.145,5.168
4/6/1990,5.197,5.215,5.125,5.19
4/9/1990,5.128,5.175,5.105,5.128
4/10/1990,5.125,5.148,5.08,5.113
4/11/1990,5.097,5.158,5.09,5.148
4/12/1990,5.147,5.15,5.1,5.108
4/16/1990,5.092,5.095,5.026,5.075
4/17/1990,5.055,5.13,5.04,5.108
4/18/1990,5.097,5.125,5.06,5.078
4/19/1990,5.095,5.109,5.07,5.078
4/20/1990,5.075,5.111,5.05,5.108
4/23/1990,5.08,5.12,5.06,5.1
4/24/1990,5.09,5.11,4.99,5
4/25/1990,4.98,4.995,4.89,4.922
4/26/1990,4.922,4.95,4.905,4.914
4/27/1990,5,5.02,4.98,5
4/30/1990,4.985,5.02,4.97,5.015
5/1/1990,5.025,5.13,5.02,5.095
5/2/1990,5.07,5.09,5.055,5.065
5/3/1990,5.07,5.105,5.065,5.073
5/4/1990,5.11,5.131,5.07,5.073
5/7/1990,5.09,5.105,5.085,5.088
5/8/1990,5.085,5.1,5.04,5.058
5/9/1990,5.04,5.1,5.01,5.093
5/10/1990,5.085,5.18,5.085,5.15
5/11/1990,5.085,5.13,5.08,5.105
5/14/1990,5.1,5.16,5.095,5.125
5/15/1990,5.075,5.12,5.055,5.07
5/16/1990,5.055,5.085,5.05,5.065
5/17/1990,5.075,5.1,5.065,5.08
5/18/1990,5.095,5.18,5.085,5.175
5/21/1990,5.18,5.205,5.146,5.185
5/22/1990,5.17,5.345,5.165,5.335
5/23/1990,5.15,5.33,5.15,5.278
5/24/1990,5.27,5.314,5.245,5.275
5/25/1990,5.275,5.295,5.245,5.26
5/29/1990,5.26,5.275,5.16,5.178
5/30/1990,5.165,5.205,5.08,5.085
5/31/1990,5.085,5.119,5.075,5.11
6/1/1990,5.1,5.139,5.015,5.08
6/4/1990,5.055,5.085,5.04,5.082
6/5/1990,5.075,5.12,5.065,5.096
6/6/1990,5.105,5.125,5.052,5.063
6/7/1990,5.01,5.05,5.005,5.04
6/8/1990,5.035,5.054,5.01,5.033
6/11/1990,5.015,5.049,5,5.035
6/12/1990,5.03,5.08,5.03,5.04
6/13/1990,5,5.019,4.93,4.933
6/14/1990,4.91,4.93,4.775,4.785
6/15/1990,4.81,4.84,4.762,4.825
6/18/1990,4.83,4.859,4.82,4.837
6/19/1990,4.835,4.855,4.82,4.827
6/20/1990,4.805,4.86,4.765,4.842
6/21/1990,4.85,4.865,4.82,4.832
6/22/1990,4.805,4.84,4.79,4.82
6/25/1990,4.85,4.855,4.82,4.822
6/26/1990,4.79,4.83,4.735,4.825
6/27/1990,4.8,4.855,4.79,4.795
6/28/1990,4.885,4.935,4.88,4.892
6/29/1990,4.91,5,4.87,4.963
7/2/1990,4.965,5.065,4.955,5.01
7/3/1990,5.015,5.055,4.98,4.99
7/5/1990,4.935,4.975,4.935,4.937
7/6/1990,4.945,4.955,4.925,4.933
7/9/1990,4.93,4.974,4.86,4.865
7/10/1990,4.83,4.895,4.83,4.875
7/11/1990,4.86,4.9,4.855,4.897
7/12/1990,4.887,4.955,4.865,4.948
7/13/1990,4.945,5.015,4.93,4.965
7/16/1990,4.96,4.975,4.9,4.903
7/17/1990,4.895,4.915,4.81,4.868
7/18/1990,4.855,4.955,4.852,4.935
7/19/1990,4.93,4.949,4.895,4.9
7/20/1990,4.895,4.93,4.885,4.895
7/23/1990,4.935,4.989,4.913,4.928
7/24/1990,4.93,4.945,4.845,4.855
7/25/1990,4.91,4.95,4.855,4.87
7/26/1990,4.865,4.9,4.851,4.89
7/27/1990,4.86,4.894,4.83,4.87
7/30/1990,4.865,4.889,4.83,4.84
7/31/1990,4.88,4.9,4.82,4.822
8/1/1990,4.82,4.89,4.816,4.855
8/2/1990,4.93,4.97,4.86,4.865
8/3/1990,4.835,4.94,4.83,4.87
8/6/1990,4.895,4.935,4.885,4.92
8/7/1990,4.905,4.92,4.85,4.888
8/8/1990,4.9,4.91,4.865,4.87
8/9/1990,4.88,4.89,4.86,4.883
8/10/1990,4.925,5,4.925,4.994
8/13/1990,5.035,5.2,5.035,5.155
8/14/1990,5.035,5.35,5.035,5.215
8/15/1990,5.13,5.145,5.075,5.088
8/16/1990,5.08,5.205,5.08,5.185
8/17/1990,5.18,5.235,5.175,5.195
8/20/1990,5.175,5.185,5.1,5.145
8/21/1990,5.15,5.225,5.065,5.105
8/22/1990,5.12,5.165,5.11,5.14
8/23/1990,5.19,5.22,5.11,5.135
8/24/1990,5.11,5.215,5.105,5.195
8/27/1990,5.09,5.09,4.825,4.853
8/28/1990,4.88,4.9,4.775,4.844
8/29/1990,4.845,4.855,4.79,4.826
8/30/1990,4.92,4.96,4.9,4.92
8/31/1990,4.922,4.93,4.86,4.868
9/4/1990,4.87,4.905,4.785,4.825
9/5/1990,4.815,4.875,4.815,4.837
9/6/1990,4.86,4.89,4.855,4.87
9/7/1990,4.837,4.924,4.82,4.895
9/10/1990,4.825,4.859,4.811,4.85
9/11/1990,4.823,4.9,4.82,4.87
9/12/1990,4.87,4.925,4.87,4.893
9/13/1990,4.875,4.89,4.86,4.863
9/14/1990,4.88,4.895,4.83,4.837
9/17/1990,4.84,4.87,4.835,4.853
9/18/1990,4.83,4.889,4.81,4.877
9/19/1990,4.855,4.905,4.845,4.853
9/20/1990,4.855,4.87,4.84,4.86
9/21/1990,4.86,4.905,4.855,4.87
9/24/1990,4.89,5.01,4.875,4.995
9/25/1990,4.98,4.99,4.905,4.915
9/26/1990,4.88,4.895,4.82,4.873
9/27/1990,4.83,4.88,4.83,4.845
9/28/1990,4.84,4.865,4.83,4.832
10/1/1990,4.81,4.82,4.68,4.71
10/2/1990,4.72,4.76,4.72,4.745
10/3/1990,4.735,4.765,4.72,4.753
10/4/1990,4.76,4.785,4.711,4.73
10/5/1990,4.75,4.765,4.715,4.728
10/8/1990,4.715,4.74,4.68,4.728
10/9/1990,4.735,4.75,4.63,4.65
10/10/1990,4.65,4.67,4.45,4.462
10/11/1990,4.39,4.425,4.26,4.285
10/12/1990,4.195,4.45,4.195,4.355
10/15/1990,4.295,4.32,4.15,4.178
10/16/1990,4.181,4.295,4.17,4.188
10/17/1990,4.22,4.275,4.22,4.24
10/18/1990,4.241,4.265,4.195,4.24
10/19/1990,4.26,4.33,4.25,4.298
10/22/1990,4.23,4.29,4.22,4.233
10/23/1990,4.255,4.285,4.24,4.258
10/24/1990,4.22,4.27,4.22,4.26
10/25/1990,4.255,4.275,4.225,4.24
10/26/1990,4.245,4.25,4.06,4.08
10/29/1990,4.055,4.16,4.055,4.157
10/30/1990,4.14,4.255,4.136,4.245
10/31/1990,4.26,4.28,4.175,4.18
11/1/1990,4.2,4.34,4.175,4.256
11/2/1990,4.23,4.245,4.155,4.185
11/5/1990,4.185,4.24,4.165,4.227
11/6/1990,4.23,4.27,4.19,4.257
11/7/1990,4.22,4.32,4.22,4.287
11/8/1990,4.275,4.315,4.23,4.277
11/9/1990,4.25,4.265,4.22,4.237
11/12/1990,4.19,4.235,4.17,4.205
11/13/1990,4.209,4.23,4.2,4.212
11/14/1990,4.205,4.22,4.155,4.175
11/15/1990,4.17,4.18,4.09,4.117
11/16/1990,4.122,4.16,4.07,4.15
11/19/1990,4.12,4.17,4.12,4.14
11/20/1990,4.13,4.14,4.09,4.11
11/21/1990,4.096,4.15,4.09,4.125
11/23/1990,4.145,4.18,4.105,4.13
11/26/1990,4.17,4.22,4.15,4.152
11/27/1990,4.075,4.13,4.075,4.102
11/28/1990,4.09,4.13,4.06,4.125
11/29/1990,4.214,4.23,4.165,4.182
11/30/1990,4.155,4.225,4.155,4.217
12/3/1990,4.215,4.245,4.201,4.23
12/4/1990,4.25,4.265,4.215,4.243
12/5/1990,4.25,4.259,4.21,4.238
12/6/1990,4.185,4.23,4.183,4.205
12/7/1990,4.21,4.219,4.11,4.135
12/10/1990,4.155,4.17,4.115,4.128
12/11/1990,4.12,4.155,4.111,4.143
12/12/1990,4.14,4.145,4.07,4.098
12/13/1990,4.065,4.089,4.035,4.075
12/14/1990,4.01,4.065,3.985,4.005
12/17/1990,4.007,4.028,3.99,4.024
12/18/1990,4.015,4.03,3.995,4.028
12/19/1990,4.03,4.17,4.03,4.16
12/20/1990,4.155,4.4,4.155,4.263
12/21/1990,4.21,4.23,4.03,4.088
12/24/1990,4.088,4.088,4.088,4.088
12/26/1990,4.09,4.165,4.07,4.158
12/27/1990,4.155,4.175,4.11,4.155
12/28/1990,4.155,4.25,4.155,4.245
12/31/1990,4.235,4.255,4.201,4.247
1/2/1991,4.24,4.25,4.14,4.167
1/3/1991,4.12,4.285,4.12,4.267
1/4/1991,4.25,4.275,4.19,4.207
1/7/1991,4.24,4.345,4.235,4.34
1/8/1991,4.29,4.298,4.09,4.177
1/9/1991,4.14,4.185,4.08,4.175
1/10/1991,4.165,4.22,4.135,4.145
1/11/1991,4.18,4.195,4.16,4.175
1/14/1991,4.25,4.28,4.202,4.257
1/15/1991,4.235,4.27,4.21,4.222
1/16/1991,4.265,4.29,4.175,4.235
1/17/1991,4.1,4.14,4.035,4.04
1/18/1991,4.055,4.065,3.995,4.01
1/21/1991,4.04,4.055,4.01,4.02
1/22/1991,4.05,4.065,4.015,4.032
1/23/1991,3.96,3.984,3.92,3.937
1/24/1991,3.88,3.9,3.76,3.785
1/25/1991,3.815,3.845,3.8,3.817
1/28/1991,3.805,3.845,3.805,3.842
1/29/1991,3.855,3.87,3.835,3.867
1/30/1991,3.82,3.85,3.82,3.827
1/31/1991,3.835,3.855,3.825,3.851
2/1/1991,3.875,3.895,3.83,3.872
2/4/1991,3.865,3.875,3.855,3.857
2/5/1991,3.835,3.865,3.835,3.857
2/6/1991,3.82,3.835,3.765,3.785
2/7/1991,3.785,3.845,3.735,3.813
2/8/1991,3.825,3.86,3.806,3.833
2/11/1991,3.8,3.81,3.63,3.697
2/12/1991,3.67,3.72,3.655,3.715
2/13/1991,3.715,3.76,3.715,3.753
2/14/1991,3.76,3.92,3.755,3.833
2/15/1991,3.8,3.845,3.775,3.785
2/19/1991,3.74,3.76,3.62,3.69
2/20/1991,3.695,3.71,3.63,3.677
2/21/1991,3.64,3.68,3.6,3.64
2/22/1991,3.59,3.62,3.505,3.51
2/25/1991,3.53,3.595,3.515,3.577
2/26/1991,3.592,3.635,3.55,3.563
2/27/1991,3.635,3.665,3.61,3.615
2/28/1991,3.68,3.795,3.67,3.773
3/1/1991,3.77,3.825,3.735,3.818
3/4/1991,3.785,3.915,3.78,3.9
3/5/1991,3.84,3.925,3.83,3.885
3/6/1991,3.864,4.005,3.845,3.91
3/7/1991,3.91,4.035,3.9,4.015
3/8/1991,4.04,4.24,4.025,4.207
3/11/1991,4.2,4.229,4.085,4.11
3/12/1991,4.03,4.075,4.01,4.043
3/13/1991,4.08,4.2,4.08,4.145
3/14/1991,4.04,4.13,4.02,4.065
3/15/1991,4.045,4.165,4.03,4.125
3/18/1991,4.045,4.07,3.95,3.975
3/19/1991,3.96,4.1,3.96,4.053
3/20/1991,4.07,4.1,3.92,3.965
3/21/1991,3.975,4.045,3.96,4.023
3/22/1991,4.02,4.055,3.975,3.993
3/25/1991,3.955,3.975,3.91,3.953
3/26/1991,3.935,3.965,3.9,3.907
3/27/1991,3.87,3.896,3.805,3.835
3/28/1991,3.845,3.89,3.845,3.868
4/1/1991,3.865,3.97,3.865,3.96
4/2/1991,3.94,4.055,3.94,4.01
4/3/1991,4.1,4.15,4.075,4.082
4/4/1991,4.09,4.119,4.05,4.06
4/5/1991,4.035,4.055,3.915,3.95
4/8/1991,3.956,3.998,3.956,3.975
4/9/1991,4.01,4.055,4.01,4.032
4/10/1991,4.015,4.03,3.965,3.985
4/11/1991,3.975,4.005,3.97,3.977
4/12/1991,4.02,4.035,3.965,3.988
4/15/1991,3.975,4,3.95,3.992
4/16/1991,4.03,4.065,3.995,4.02
4/17/1991,4.05,4.1,4.035,4.095
4/18/1991,4.12,4.139,3.93,3.945
4/19/1991,3.94,3.955,3.87,3.91
4/22/1991,3.905,3.965,3.88,3.935
4/23/1991,3.92,3.945,3.88,3.94
4/24/1991,3.93,3.95,3.87,3.922
4/25/1991,3.875,3.915,3.86,3.897
4/26/1991,3.93,3.98,3.921,3.959
4/29/1991,3.93,3.97,3.9,3.965
4/30/1991,3.99,4.06,3.99,4.015
5/1/1991,4.025,4.035,3.985,3.992
5/2/1991,3.96,4.06,3.955,4.035
5/3/1991,4.04,4.065,3.965,3.98
5/6/1991,3.97,4.05,3.96,4.037
5/7/1991,4.04,4.105,4.04,4.073
5/8/1991,4.05,4.095,4.045,4.083
5/9/1991,4.08,4.14,4.05,4.085
5/10/1991,4.065,4.085,4.045,4.058
5/13/1991,4.052,4.06,3.995,4.023
5/14/1991,4.022,4.08,3.995,4.078
5/15/1991,4.152,4.18,4.105,4.133
5/16/1991,4.115,4.12,4,4.038
5/17/1991,4.035,4.065,4.01,4.033
5/20/1991,4.022,4.065,4,4.055
5/21/1991,4.057,4.08,4.04,4.063
5/22/1991,4.095,4.11,4.04,4.058
5/23/1991,4.045,4.08,4.035,4.063
5/24/1991,4.05,4.085,4.045,4.05
5/28/1991,4.05,4.21,4.045,4.175
5/29/1991,4.155,4.19,4.135,4.165
5/30/1991,4.12,4.18,4.09,4.165
5/31/1991,4.15,4.16,4.11,4.117
6/3/1991,4.172,4.2,4.155,4.175
6/4/1991,4.16,4.21,4.13,4.16
6/5/1991,4.17,4.19,4.14,4.185
6/6/1991,4.247,4.44,4.235,4.43
6/7/1991,4.482,4.64,4.43,4.47
6/10/1991,4.552,4.615,4.515,4.56
6/11/1991,4.475,4.55,4.47,4.513
6/12/1991,4.517,4.63,4.48,4.498
6/13/1991,4.465,4.565,4.46,4.522
6/14/1991,4.495,4.525,4.355,4.427
6/17/1991,4.407,4.45,4.39,4.445
6/18/1991,4.495,4.545,4.4,4.455
6/19/1991,4.41,4.46,4.38,4.44
6/20/1991,4.44,4.46,4.395,4.45
6/21/1991,4.44,4.455,4.375,4.38
6/24/1991,4.31,4.355,4.25,4.35
6/25/1991,4.35,4.4,4.325,4.375
6/26/1991,4.4,4.435,4.335,4.355
6/27/1991,4.405,4.44,4.37,4.438
6/28/1991,4.5,4.54,4.42,4.475
7/1/1991,4.475,4.525,4.45,4.488
7/2/1991,4.44,4.465,4.4,4.455
7/3/1991,4.48,4.55,4.46,4.53
7/8/1991,4.52,4.55,4.48,4.51
7/9/1991,4.48,4.52,4.47,4.473
7/10/1991,4.51,4.535,4.46,4.465
7/11/1991,4.43,4.45,4.37,4.377
7/12/1991,4.39,4.42,4.35,4.402
7/15/1991,4.39,4.41,4.37,4.388
7/16/1991,4.385,4.415,4.37,4.403
7/17/1991,4.415,4.45,4.41,4.448
7/18/1991,4.47,4.5,4.37,4.412
7/19/1991,4.41,4.425,4.405,4.42
7/22/1991,4.4,4.415,4.35,4.357
7/23/1991,4.31,4.33,4.285,4.29
7/24/1991,4.23,4.25,4,4.01
7/25/1991,4.09,4.125,4.07,4.075
7/26/1991,4.065,4.105,4.045,4.1
7/29/1991,4.095,4.11,4.075,4.085
7/30/1991,4.04,4.07,4.015,4.065
7/31/1991,4.075,4.09,4.05,4.078
8/1/1991,4.055,4.08,4.04,4.053
8/2/1991,3.962,3.975,3.91,3.935
8/5/1991,3.91,3.95,3.89,3.94
8/6/1991,3.96,3.985,3.94,3.96
8/7/1991,3.945,3.975,3.94,3.97
8/8/1991,3.97,3.985,3.92,3.927
8/9/1991,3.955,3.98,3.93,3.975
8/12/1991,3.977,3.98,3.96,3.965
8/13/1991,3.947,3.955,3.93,3.937
8/14/1991,3.915,3.98,3.865,3.965
8/15/1991,3.965,3.985,3.925,3.93
8/16/1991,3.945,4.03,3.94,3.995
8/19/1991,4.03,4.095,3.98,4.005
8/20/1991,3.995,4,3.885,3.945
8/21/1991,3.92,3.97,3.915,3.938
8/22/1991,3.922,3.95,3.905,3.91
8/23/1991,3.87,3.945,3.855,3.94
8/26/1991,3.955,3.96,3.92,3.933
8/27/1991,3.935,3.95,3.895,3.913
8/28/1991,3.935,3.94,3.915,3.923
8/29/1991,3.972,3.985,3.87,3.885
8/30/1991,3.862,3.895,3.845,3.87
9/3/1991,3.885,3.975,3.88,3.968
9/4/1991,3.97,3.985,3.95,3.965
9/5/1991,3.915,3.94,3.9,3.923
9/6/1991,3.915,4.04,3.9,4.028
9/9/1991,4.045,4.12,4.03,4.1
9/10/1991,4.11,4.14,4.03,4.04
9/11/1991,3.957,4.015,3.95,3.998
9/12/1991,4.022,4.055,3.995,4.008
9/13/1991,3.985,4.045,3.98,4.043
9/16/1991,4.095,4.12,4.035,4.05
9/17/1991,4.12,4.145,4.085,4.11
9/18/1991,4.132,4.16,4.1,4.132
9/19/1991,4.15,4.16,4.08,4.117
9/20/1991,4.11,4.14,4.095,4.138
9/23/1991,4.165,4.225,4.155,4.218
9/24/1991,4.285,4.325,4.245,4.3
9/25/1991,4.257,4.28,4.22,4.265
9/26/1991,4.25,4.265,4.14,4.155
9/27/1991,4.09,4.125,4.08,4.12
9/30/1991,4.177,4.22,4.16,4.173
10/1/1991,4.2,4.215,4.175,4.198
10/2/1991,4.245,4.26,4.18,4.183
10/3/1991,4.212,4.235,4.17,4.218
10/4/1991,4.195,4.21,4.13,4.17
10/7/1991,4.147,4.165,4.12,4.148
10/8/1991,4.075,4.095,4.06,4.085
10/9/1991,4.092,4.12,4.06,4.113
10/10/1991,4.132,4.14,4.06,4.077
10/11/1991,4.055,4.16,4.04,4.147
10/14/1991,4.12,4.125,4.07,4.097
10/15/1991,4.095,4.11,4.075,4.082
10/16/1991,4.07,4.135,4.065,4.127
10/17/1991,4.145,4.16,4.085,4.125
10/18/1991,4.135,4.175,4.095,4.16
10/21/1991,4.18,4.225,4.165,4.17
10/22/1991,4.162,4.17,4.14,4.162
10/23/1991,4.14,4.15,4.1,4.115
10/24/1991,4.09,4.14,4.085,4.133
10/25/1991,4.14,4.15,4.1,4.105
10/28/1991,4.08,4.09,4.03,4.085
10/29/1991,4.067,4.145,4.045,4.115
10/30/1991,4.125,4.13,4.1,4.113
10/31/1991,4.085,4.14,4.075,4.108
11/1/1991,4.107,4.14,4.055,4.063
11/4/1991,4.077,4.1,4.045,4.083
11/5/1991,4.097,4.115,4.06,4.063
11/6/1991,4.062,4.09,4.05,4.068
11/7/1991,4.072,4.075,3.98,3.998
11/8/1991,4.007,4.025,3.985,4.003
11/11/1991,4.035,4.04,4.005,4.01
11/12/1991,4.017,4.065,4.01,4.038
11/13/1991,4.05,4.065,4.01,4.048
11/14/1991,4.022,4.035,3.965,3.98
11/15/1991,3.995,4.09,3.985,4.027
11/18/1991,4.02,4.055,4.01,4.027
11/19/1991,4.04,4.125,4.035,4.072
11/20/1991,4.067,4.09,4.05,4.082
11/21/1991,4.065,4.13,4.06,4.125
11/22/1991,4.13,4.165,4.11,4.135
11/25/1991,4.135,4.175,4.065,4.075
11/26/1991,4.06,4.09,4.02,4.075
11/27/1991,4.082,4.09,4.05,4.06
11/29/1991,4.102,4.115,4.085,4.113
12/2/1991,4.125,4.14,4.1,4.105
12/3/1991,4.075,4.085,4.05,4.062
12/4/1991,4.077,4.08,4.04,4.057
12/5/1991,4.077,4.09,4.065,4.077
12/6/1991,4.087,4.12,4.06,4.07
12/9/1991,4.105,4.11,4.055,4.058
12/10/1991,4.047,4.065,4.005,4.023
12/11/1991,3.953,4.01,3.915,3.953
12/12/1991,3.947,3.955,3.83,3.863
12/13/1991,3.852,3.895,3.825,3.875
12/16/1991,3.877,3.89,3.855,3.863
12/17/1991,3.86,3.89,3.855,3.87
12/18/1991,3.88,3.885,3.84,3.868
12/19/1991,3.855,3.9,3.85,3.863
12/20/1991,3.825,3.92,3.81,3.878
12/23/1991,3.89,3.945,3.88,3.935
12/24/1991,3.932,3.95,3.925,3.938
12/26/1991,3.907,3.945,3.9,3.933
12/27/1991,3.915,3.92,3.855,3.888
12/30/1991,3.865,3.905,3.84,3.878
12/31/1991,3.865,3.905,3.84,3.878
1/2/1992,3.862,4.005,3.855,3.975
1/3/1992,3.995,4.04,3.96,3.972
1/6/1992,3.942,3.97,3.91,3.967
1/7/1992,3.955,3.975,3.935,3.942
1/8/1992,3.955,3.985,3.93,3.97
1/9/1992,3.987,4.18,3.97,4.153
1/10/1992,4.16,4.17,4.09,4.105
1/13/1992,4.07,4.09,4.06,4.087
1/14/1992,4.042,4.125,4.035,4.1
1/15/1992,4.145,4.205,4.135,4.16
1/16/1992,4.147,4.41,4.145,4.338
1/17/1992,4.357,4.375,4.28,4.29
1/20/1992,4.245,4.325,4.24,4.277
1/21/1992,4.27,4.34,4.26,4.285
1/22/1992,4.265,4.3,4.25,4.293
1/23/1992,4.267,4.32,4.21,4.225
1/24/1992,4.195,4.2,4.11,4.163
1/27/1992,4.195,4.21,4.135,4.168
1/28/1992,4.205,4.22,4.175,4.188
1/29/1992,4.16,4.28,4.15,4.248
1/30/1992,4.237,4.245,4.12,4.145
1/31/1992,4.13,4.215,4.11,4.18
2/3/1992,4.195,4.2,4.15,4.17
2/4/1992,4.172,4.205,4.16,4.173
2/5/1992,4.16,4.2,4.145,4.198
2/6/1992,4.235,4.245,4.205,4.218
2/7/1992,4.205,4.285,4.15,4.192
2/10/1992,4.19,4.21,4.175,4.198
2/11/1992,4.177,4.195,4.165,4.183
2/12/1992,4.2,4.23,4.195,4.213
2/13/1992,4.202,4.265,4.18,4.203
2/14/1992,4.185,4.195,4.13,4.158
2/18/1992,4.13,4.135,4.04,4.058
2/19/1992,4.055,4.075,4.04,4.055
2/20/1992,4.087,4.13,4.07,4.123
2/21/1992,4.085,4.115,4.08,4.098
2/24/1992,4.075,4.14,4.06,4.093
2/25/1992,4.117,4.13,4.065,4.068
2/26/1992,4.057,4.1,4.045,4.061
2/27/1992,4.11,4.165,4.11,4.14
2/28/1992,4.125,4.145,4.125,4.135
3/2/1992,4.11,4.16,4.105,4.148
3/3/1992,4.15,4.2,4.13,4.135
3/4/1992,4.12,4.145,4.115,4.143
3/5/1992,4.125,4.185,4.125,4.165
3/6/1992,4.175,4.225,4.165,4.183
3/9/1992,4.17,4.19,4.155,4.188
3/10/1992,4.19,4.205,4.17,4.173
3/11/1992,4.17,4.185,4.155,4.175
3/12/1992,4.15,4.175,4.085,4.113
3/13/1992,4.12,4.135,4.095,4.125
3/16/1992,4.1,4.115,4.08,4.087
3/17/1992,4.04,4.075,4.025,4.07
3/18/1992,4.075,4.09,4.05,4.052
3/19/1992,4.01,4.155,4.01,4.142
3/20/1992,4.12,4.155,4.095,4.132
3/23/1992,4.125,4.145,4.105,4.107
3/24/1992,4.115,4.125,4.105,4.107
3/25/1992,4.125,4.135,4.095,4.102
3/26/1992,4.09,4.125,4.09,4.105
3/27/1992,4.095,4.17,4.09,4.155
3/30/1992,4.15,4.16,4.13,4.14
3/31/1992,4.14,4.16,4.13,4.143
4/1/1992,4.16,4.17,4.1,4.103
4/2/1992,4.08,4.11,4.065,4.087
4/3/1992,4.08,4.1,4.075,4.087
4/6/1992,4.085,4.14,4.08,4.11
4/7/1992,4.09,4.1,4.07,4.083
4/8/1992,4.09,4.11,4.085,4.088
4/9/1992,4.095,4.13,4.09,4.113
4/10/1992,4.135,4.16,4.1,4.108
4/13/1992,4.11,4.115,4.065,4.093
4/14/1992,4.09,4.115,4.09,4.108
4/15/1992,4.105,4.12,3.985,4.013
4/16/1992,4.015,4.025,3.96,3.973
4/20/1992,3.98,3.99,3.92,3.968
4/21/1992,3.97,4.015,3.96,3.995
4/22/1992,3.97,4.03,3.965,4.018
4/23/1992,4.025,4.035,3.995,4.013
4/24/1992,3.965,3.985,3.95,3.965
4/27/1992,3.975,3.985,3.925,3.943
4/28/1992,3.955,3.96,3.93,3.94
4/29/1992,3.945,3.995,3.945,3.983
4/30/1992,3.99,4.02,3.98,4.015
5/1/1992,4.02,4.035,4.01,4.025
5/4/1992,4.01,4.035,3.995,4.028
5/5/1992,4.025,4.11,4.025,4.08
5/6/1992,4.09,4.105,4.07,4.09
5/7/1992,4.06,4.075,4.04,4.058
5/8/1992,4.045,4.145,4.045,4.098
5/11/1992,4.12,4.135,4.1,4.113
5/12/1992,4.097,4.12,4.09,4.108
5/13/1992,4.092,4.115,4.085,4.103
5/14/1992,4.117,4.13,4.105,4.123
5/15/1992,4.137,4.165,4.095,4.102
5/18/1992,4.105,4.13,4.09,4.102
5/19/1992,4.132,4.14,4.085,4.092
5/20/1992,4.082,4.1,4.08,4.092
5/21/1992,4.087,4.095,4.075,4.077
5/22/1992,4.08,4.115,4.075,4.097
5/26/1992,4.09,4.12,4.09,4.102
5/27/1992,4.112,4.125,4.09,4.095
5/28/1992,4.077,4.09,4.06,4.065
5/29/1992,4.067,4.075,4.015,4.022
6/1/1992,4.015,4.07,3.99,4.047
6/2/1992,4.072,4.1,4.065,4.083
6/3/1992,4.105,4.115,4.065,4.068
6/4/1992,4.067,4.085,4.055,4.083
6/5/1992,4.087,4.09,4.055,4.058
6/8/1992,4.057,4.065,4.03,4.048
6/9/1992,4.045,4.06,4.04,4.048
6/10/1992,4.062,4.07,4.055,4.058
6/11/1992,4.045,4.11,4.045,4.105
6/12/1992,4.12,4.135,4.065,4.128
6/15/1992,4.127,4.14,4.095,4.138
6/16/1992,4.112,4.13,4.095,4.103
6/17/1992,4.112,4.12,4.085,4.09
6/18/1992,4.08,4.11,4.075,4.092
6/19/1992,4.115,4.145,4.02,4.023
6/22/1992,4.035,4.05,4.02,4.038
6/23/1992,4.052,4.055,4.025,4.033
6/24/1992,4.027,4.045,4.01,4.023
6/25/1992,4.022,4.04,4,4.003
6/26/1992,4.027,4.035,4,4.005
6/29/1992,4.002,4.04,3.985,4.038
6/30/1992,4.042,4.06,4.04,4.058
7/1/1992,4.062,4.07,4.04,4.058
7/2/1992,4.077,4.105,4.045,4.06
7/6/1992,4.062,4.075,4.05,4.053
7/7/1992,3.907,3.915,3.835,3.895
7/8/1992,3.917,3.935,3.9,3.905
7/9/1992,3.915,3.95,3.905,3.947
7/10/1992,3.967,3.97,3.93,3.94
7/13/1992,3.935,3.945,3.925,3.938
7/14/1992,3.947,3.96,3.925,3.958
7/15/1992,3.95,3.965,3.94,3.96
7/16/1992,3.937,3.945,3.925,3.928
7/17/1992,3.922,4.02,3.92,3.99
7/20/1992,4.012,4.04,3.98,3.982
7/21/1992,3.962,3.97,3.945,3.955
7/22/1992,3.967,4.005,3.96,3.987
7/23/1992,4.005,4.015,3.97,3.977
7/24/1992,3.982,3.985,3.95,3.983
7/27/1992,3.967,3.975,3.96,3.963
7/28/1992,3.97,3.98,3.95,3.958
7/29/1992,3.935,3.945,3.895,3.903
7/30/1992,3.905,3.935,3.9,3.932
7/31/1992,3.957,3.965,3.925,3.937
8/3/1992,3.927,3.93,3.885,3.887
8/4/1992,3.88,3.89,3.86,3.882
8/5/1992,3.865,3.9,3.86,3.892
8/6/1992,3.915,3.92,3.905,3.917
8/7/1992,3.922,3.985,3.915,3.972
8/10/1992,3.972,3.985,3.955,3.965
8/11/1992,3.94,3.965,3.885,3.895
8/12/1992,3.89,3.905,3.76,3.775
8/13/1992,3.787,3.81,3.745,3.77
8/14/1992,3.787,3.82,3.78,3.792
8/17/1992,3.807,3.815,3.77,3.787
8/18/1992,3.787,3.79,3.75,3.777
8/19/1992,3.797,3.8,3.765,3.777
8/20/1992,3.725,3.74,3.715,3.732
8/21/1992,3.727,3.75,3.715,3.727
8/24/1992,3.74,3.75,3.69,3.717
8/25/1992,3.692,3.725,3.685,3.702
8/26/1992,3.632,3.675,3.62,3.67
8/27/1992,3.672,3.71,3.66,3.705
8/28/1992,3.745,3.76,3.705,3.713
8/31/1992,3.73,3.785,3.725,3.767
9/1/1992,3.772,3.78,3.735,3.75
9/2/1992,3.732,3.745,3.72,3.727
9/3/1992,3.73,3.77,3.71,3.757
9/4/1992,3.752,3.795,3.73,3.735
9/8/1992,3.74,3.745,3.725,3.742
9/9/1992,3.75,3.78,3.725,3.74
9/10/1992,3.737,3.75,3.73,3.732
9/11/1992,3.692,3.72,3.685,3.707
9/14/1992,3.767,3.84,3.76,3.797
9/15/1992,3.797,3.855,3.79,3.832
9/16/1992,3.867,3.87,3.84,3.847
9/17/1992,3.842,3.845,3.78,3.792
9/18/1992,3.815,3.92,3.795,3.872
9/21/1992,3.832,3.84,3.81,3.832
9/22/1992,3.802,3.9,3.8,3.852
9/23/1992,3.845,3.865,3.82,3.825
9/24/1992,3.825,3.845,3.81,3.837
9/25/1992,3.837,3.86,3.815,3.822
9/28/1992,3.82,3.825,3.73,3.753
9/29/1992,3.73,3.77,3.725,3.748
9/30/1992,3.767,3.785,3.75,3.762
10/1/1992,3.762,3.77,3.735,3.737
10/2/1992,3.737,3.76,3.73,3.757
10/5/1992,3.757,3.81,3.745,3.772
10/6/1992,3.767,3.77,3.745,3.755
10/7/1992,3.742,3.755,3.725,3.745
10/8/1992,3.732,3.79,3.725,3.753
10/9/1992,3.735,3.8,3.73,3.778
10/12/1992,3.745,3.765,3.74,3.752
10/13/1992,3.715,3.725,3.7,3.715
10/14/1992,3.71,3.73,3.695,3.707
10/15/1992,3.725,3.735,3.7,3.702
10/16/1992,3.705,3.74,3.7,3.722
10/19/1992,3.722,3.735,3.72,3.733
10/20/1992,3.742,3.825,3.74,3.793
10/21/1992,3.807,3.83,3.79,3.805
10/22/1992,3.795,3.805,3.775,3.795
10/23/1992,3.787,3.81,3.77,3.782
10/26/1992,3.755,3.765,3.75,3.757
10/27/1992,3.742,3.76,3.73,3.752
10/28/1992,3.767,3.775,3.755,3.77
10/29/1992,3.752,3.775,3.75,3.765
10/30/1992,3.762,3.77,3.75,3.762
11/2/1992,3.762,3.8,3.76,3.792
11/3/1992,3.792,3.805,3.775,3.782
11/4/1992,3.787,3.86,3.785,3.847
11/5/1992,3.887,3.97,3.88,3.935
11/6/1992,3.935,3.975,3.865,3.88
11/9/1992,3.87,3.89,3.68,3.702
11/10/1992,3.687,3.7,3.63,3.645
11/11/1992,3.655,3.69,3.65,3.67
11/12/1992,3.68,3.8,3.655,3.778
11/13/1992,3.75,3.825,3.745,3.75
11/16/1992,3.752,3.775,3.735,3.752
11/17/1992,3.745,3.765,3.74,3.758
11/18/1992,3.765,3.785,3.755,3.763
11/19/1992,3.747,3.765,3.745,3.763
11/20/1992,3.775,3.78,3.75,3.757
11/23/1992,3.742,3.755,3.735,3.747
11/24/1992,3.747,3.765,3.735,3.747
11/25/1992,3.755,3.76,3.725,3.747
11/27/1992,3.782,3.785,3.745,3.757
11/30/1992,3.76,3.785,3.755,3.772
12/1/1992,3.782,3.795,3.765,3.77
12/2/1992,3.782,3.795,3.77,3.772
12/3/1992,3.775,3.8,3.765,3.783
12/4/1992,3.787,3.795,3.77,3.783
12/7/1992,3.782,3.79,3.76,3.788
12/8/1992,3.785,3.8,3.77,3.773
12/9/1992,3.74,3.745,3.71,3.722
12/10/1992,3.712,3.745,3.705,3.743
12/11/1992,3.75,3.755,3.73,3.74
12/14/1992,3.737,3.74,3.725,3.737
12/15/1992,3.73,3.735,3.72,3.722
12/16/1992,3.737,3.765,3.73,3.76
12/17/1992,3.77,3.825,3.765,3.803
12/18/1992,3.797,3.805,3.78,3.793
12/21/1992,3.765,3.775,3.745,3.758
12/22/1992,3.74,3.745,3.695,3.708
12/23/1992,3.697,3.72,3.69,3.713
12/24/1992,3.707,3.715,3.69,3.693
12/28/1992,3.71,3.725,3.685,3.69
12/29/1992,3.677,3.68,3.645,3.667
12/30/1992,3.657,3.7,3.655,3.687
12/31/1992,3.685,3.7,3.68,3.69
1/4/1993,3.645,3.665,3.63,3.653
1/5/1993,3.662,3.705,3.655,3.695
1/6/1993,3.712,3.74,3.695,3.713
1/7/1993,3.705,3.71,3.67,3.673
1/8/1993,3.662,3.69,3.66,3.687
1/11/1993,3.67,3.68,3.665,3.667
1/12/1993,3.687,3.735,3.68,3.697
1/13/1993,3.672,3.72,3.665,3.697
1/14/1993,3.705,3.72,3.665,3.675
1/15/1993,3.665,3.675,3.645,3.668
1/18/1993,3.667,3.685,3.66,3.683
1/19/1993,3.69,3.735,3.68,3.693
1/20/1993,3.682,3.76,3.665,3.738
1/21/1993,3.732,3.75,3.72,3.723
1/22/1993,3.712,3.755,3.7,3.708
1/25/1993,3.692,3.71,3.68,3.692
1/26/1993,3.705,3.715,3.685,3.702
1/27/1993,3.682,3.695,3.67,3.682
1/28/1993,3.682,3.72,3.68,3.708
1/29/1993,3.722,3.725,3.655,3.66
2/1/1993,3.65,3.69,3.645,3.675
2/2/1993,3.665,3.69,3.665,3.672
2/3/1993,3.665,3.69,3.66,3.662
2/4/1993,3.66,3.68,3.655,3.672
2/5/1993,3.665,3.68,3.655,3.66
2/8/1993,3.655,3.675,3.655,3.667
2/9/1993,3.68,3.71,3.68,3.7
2/10/1993,3.715,3.765,3.705,3.762
2/11/1993,3.77,3.79,3.75,3.757
2/12/1993,3.74,3.75,3.68,3.692
2/16/1993,3.69,3.72,3.665,3.712
2/17/1993,3.7,3.71,3.635,3.653
2/18/1993,3.64,3.66,3.63,3.633
2/19/1993,3.62,3.63,3.56,3.565
2/22/1993,3.55,3.565,3.51,3.525
2/23/1993,3.55,3.585,3.55,3.582
2/24/1993,3.585,3.595,3.555,3.56
2/25/1993,3.59,3.605,3.56,3.565
2/26/1993,3.56,3.605,3.555,3.6
3/1/1993,3.585,3.595,3.58,3.582
3/2/1993,3.59,3.61,3.58,3.587
3/3/1993,3.59,3.6,3.575,3.578
3/4/1993,3.565,3.58,3.565,3.578
3/5/1993,3.585,3.625,3.585,3.593
3/8/1993,3.575,3.58,3.55,3.558
3/9/1993,3.565,3.58,3.565,3.578
3/10/1993,3.575,3.61,3.565,3.582
3/11/1993,3.605,3.65,3.605,3.637
3/12/1993,3.64,3.66,3.63,3.637
3/15/1993,3.635,3.68,3.625,3.672
3/16/1993,3.665,3.7,3.655,3.665
3/17/1993,3.655,3.665,3.63,3.643
3/18/1993,3.645,3.7,3.64,3.688
3/19/1993,3.69,3.7,3.675,3.693
3/22/1993,3.69,3.705,3.67,3.69
3/23/1993,3.67,3.675,3.65,3.662
3/24/1993,3.65,3.695,3.645,3.693
3/25/1993,3.695,3.73,3.69,3.72
3/26/1993,3.72,3.745,3.715,3.732
3/29/1993,3.7,3.755,3.7,3.753
3/30/1993,3.785,3.94,3.775,3.9
3/31/1993,3.905,3.92,3.86,3.892
4/1/1993,3.87,3.92,3.83,3.91
4/2/1993,3.98,4.015,3.93,3.968
4/5/1993,3.875,3.93,3.865,3.918
4/6/1993,3.88,3.94,3.835,3.855
4/7/1993,3.805,3.87,3.795,3.867
4/8/1993,3.92,3.94,3.83,3.837
4/12/1993,3.815,3.88,3.79,3.877
4/13/1993,3.875,3.895,3.855,3.877
4/14/1993,3.9,3.985,3.89,3.945
4/15/1993,3.94,3.945,3.84,3.878
4/16/1993,3.875,3.95,3.875,3.923
4/19/1993,3.965,3.98,3.87,3.91
4/20/1993,3.95,3.96,3.88,3.927
4/21/1993,3.895,3.92,3.865,3.907
4/22/1993,3.872,3.95,3.86,3.917
4/23/1993,3.945,3.995,3.92,3.955
4/26/1993,4,4.09,3.995,4.065
4/27/1993,4.105,4.12,4.045,4.087
4/28/1993,4.05,4.195,4.045,4.179
4/29/1993,4.37,4.405,4.305,4.38
4/30/1993,4.31,4.425,4.3,4.417
5/3/1993,4.467,4.48,4.315,4.317
5/4/1993,4.307,4.36,4.23,4.292
5/5/1993,4.327,4.335,4.26,4.315
5/6/1993,4.315,4.38,4.29,4.375
5/7/1993,4.39,4.405,4.26,4.285
5/10/1993,4.295,4.32,4.255,4.28
5/11/1993,4.255,4.3,4.25,4.273
5/12/1993,4.262,4.395,4.25,4.392
5/13/1993,4.54,4.595,4.46,4.48
5/14/1993,4.46,4.5,4.425,4.463
5/17/1993,4.47,4.5,4.41,4.422
5/18/1993,4.42,4.63,4.395,4.625
5/19/1993,4.747,4.75,4.51,4.54
5/20/1993,4.532,4.58,4.52,4.53
5/21/1993,4.532,4.69,4.515,4.683
5/24/1993,4.725,4.745,4.52,4.55
5/25/1993,4.545,4.65,4.54,4.643
5/26/1993,4.587,4.6,4.54,4.563
5/27/1993,4.6,4.705,4.52,4.7
5/28/1993,4.7,4.72,4.6,4.622
6/1/1993,4.61,4.655,4.31,4.405
6/2/1993,4.382,4.435,4.335,4.368
6/3/1993,4.41,4.485,4.405,4.458
6/4/1993,4.49,4.505,4.435,4.445
6/7/1993,4.382,4.445,4.365,4.415
6/8/1993,4.41,4.445,4.39,4.398
6/9/1993,4.37,4.375,4.325,4.345
6/10/1993,4.332,4.34,4.26,4.31
6/11/1993,4.32,4.365,4.16,4.193
6/14/1993,4.202,4.22,4.16,4.218
6/15/1993,4.21,4.3,4.185,4.288
6/16/1993,4.312,4.35,4.27,4.333
6/17/1993,4.332,4.38,4.31,4.34
6/18/1993,4.332,4.395,4.275,4.288
6/21/1993,4.282,4.335,4.27,4.285
6/22/1993,4.275,4.29,4.245,4.26
6/23/1993,4.262,4.42,4.255,4.395
6/24/1993,4.41,4.42,4.355,4.392
6/25/1993,4.41,4.495,4.4,4.49
6/28/1993,4.497,4.505,4.42,4.448
6/29/1993,4.46,4.64,4.415,4.595
6/30/1993,4.587,4.64,4.57,4.587
7/1/1993,4.575,4.835,4.55,4.798
7/2/1993,4.862,4.98,4.84,4.89
7/6/1993,5.095,5.135,5.03,5.125
7/7/1993,5.182,5.19,5.04,5.128
7/8/1993,5.092,5.145,5.055,5.078
7/9/1993,4.995,5.08,4.99,5.028
7/12/1993,5.092,5.11,5.045,5.085
7/13/1993,4.997,5.07,4.92,5.065
7/14/1993,5.08,5.095,4.94,4.96
7/15/1993,4.965,5.11,4.95,5.068
7/16/1993,5.067,5.1,5,5.073
7/19/1993,5.09,5.16,5.06,5.065
7/20/1993,5.06,5.1,5.02,5.062
7/21/1993,5.075,5.085,4.96,4.965
7/22/1993,4.94,5.035,4.85,5.015
7/23/1993,5.037,5.05,4.965,4.98
7/26/1993,4.982,5.12,4.97,5.1
7/27/1993,5.107,5.135,5.07,5.085
7/28/1993,5.082,5.195,5.075,5.17
7/29/1993,5.155,5.23,5.09,5.22
7/30/1993,5.32,5.415,5.27,5.408
8/2/1993,5.422,5.47,5.32,5.458
8/3/1993,5.392,5.425,5.355,5.385
8/4/1993,5.33,5.38,5.26,5.265
8/5/1993,5.185,5.21,4.735,4.783
8/6/1993,4.765,4.785,4.565,4.578
8/9/1993,4.68,4.765,4.66,4.725
8/10/1993,4.767,4.79,4.635,4.76
8/11/1993,4.785,4.795,4.65,4.678
8/12/1993,4.685,4.705,4.48,4.558
8/13/1993,4.572,4.635,4.53,4.62
8/16/1993,4.745,4.79,4.71,4.75
8/17/1993,4.727,4.74,4.685,4.705
8/18/1993,4.682,4.74,4.67,4.71
8/19/1993,4.72,4.735,4.65,4.658
8/20/1993,4.67,4.825,4.665,4.798
8/23/1993,4.765,4.84,4.74,4.763
8/24/1993,4.752,4.79,4.725,4.733
8/25/1993,4.73,4.75,4.685,4.735
8/26/1993,4.7,4.73,4.61,4.673
8/27/1993,4.737,4.8,4.7,4.793
8/30/1993,4.812,4.915,4.805,4.878
8/31/1993,4.88,4.895,4.84,4.885
9/1/1993,4.885,4.895,4.76,4.785
9/2/1993,4.767,4.77,4.4,4.61
9/3/1993,4.587,4.64,4.51,4.563
9/7/1993,4.535,4.54,4.27,4.3
9/8/1993,4.28,4.33,4.21,4.257
9/9/1993,4.272,4.325,4.26,4.277
9/10/1993,4.3,4.31,4.08,4.1
9/13/1993,4.067,4.095,3.93,3.938
9/14/1993,3.937,4.07,3.92,4.005
9/15/1993,4.035,4.08,3.97,4.008
9/16/1993,4.077,4.15,4.065,4.097
9/17/1993,4.12,4.15,4.03,4.073
9/20/1993,4.112,4.165,4.09,4.122
9/21/1993,4.132,4.24,4.07,4.215
9/22/1993,4.077,4.105,4.02,4.068
9/23/1993,4.087,4.19,4.075,4.185
9/24/1993,4.17,4.175,4.1,4.143
9/27/1993,4.115,4.13,4.045,4.07
9/28/1993,4.072,4.14,4.04,4.1
9/29/1993,4.06,4.075,3.985,4.035
9/30/1993,4.045,4.105,4.04,4.082
10/1/1993,4.075,4.11,4.03,4.062
10/4/1993,4.075,4.095,4.02,4.075
10/5/1993,4.08,4.1,4.035,4.085
10/6/1993,4.147,4.295,4.125,4.287
10/7/1993,4.4,4.4,4.315,4.383
10/8/1993,4.372,4.4,4.3,4.36
10/11/1993,4.385,4.44,4.3,4.33
10/12/1993,4.285,4.49,4.27,4.44
10/13/1993,4.435,4.45,4.39,4.433
10/14/1993,4.457,4.52,4.325,4.348
10/15/1993,4.342,4.375,4.315,4.355
10/18/1993,4.35,4.465,4.33,4.425
10/19/1993,4.445,4.45,4.34,4.43
10/20/1993,4.5,4.56,4.485,4.543
10/21/1993,4.535,4.6,4.5,4.53
10/22/1993,4.45,4.46,4.37,4.455
10/25/1993,4.487,4.49,4.35,4.417
10/26/1993,4.4,4.415,4.36,4.395
10/27/1993,4.39,4.49,4.385,4.457
10/28/1993,4.41,4.48,4.34,4.387
10/29/1993,4.407,4.43,4.36,4.367
11/1/1993,4.3,4.315,4.2,4.225
11/2/1993,4.212,4.265,4.17,4.19
11/3/1993,4.2,4.315,4.19,4.307
11/4/1993,4.397,4.47,4.36,4.382
11/5/1993,4.517,4.65,4.47,4.505
11/8/1993,4.522,4.53,4.475,4.495
11/9/1993,4.53,4.58,4.495,4.525
11/10/1993,4.525,4.6,4.495,4.575
11/11/1993,4.597,4.62,4.505,4.555
11/12/1993,4.577,4.605,4.5,4.512
11/15/1993,4.517,4.56,4.5,4.555
11/16/1993,4.58,4.61,4.55,4.56
11/17/1993,4.527,4.61,4.5,4.602
11/18/1993,4.622,4.705,4.61,4.675
11/19/1993,4.682,4.735,4.665,4.705
11/22/1993,4.725,4.73,4.66,4.695
11/23/1993,4.675,4.685,4.625,4.66
11/24/1993,4.635,4.66,4.63,4.643
11/29/1993,4.66,4.67,4.4,4.49
11/30/1993,4.487,4.52,4.445,4.465
12/1/1993,4.437,4.71,4.43,4.687
12/2/1993,4.692,4.7,4.62,4.652
12/3/1993,4.637,4.89,4.63,4.85
12/6/1993,4.877,4.885,4.82,4.857
12/7/1993,4.865,4.95,4.855,4.945
12/8/1993,5.002,5.1,4.96,5.013
12/9/1993,5.007,5.08,4.97,4.997
12/10/1993,5.022,5.065,4.97,5.06
12/13/1993,5.165,5.19,5.12,5.165
12/14/1993,5.15,5.17,5.08,5.125
12/15/1993,5.117,5.135,5.04,5.125
12/16/1993,5.117,5.15,5.01,5.047
12/17/1993,5.032,5.075,4.965,5.052
12/20/1993,5.157,5.18,5.115,5.142
12/21/1993,5.14,5.15,5.08,5.097
12/22/1993,4.995,5.09,4.975,5.07
12/23/1993,5.075,5.08,5.025,5.067
12/27/1993,5.065,5.135,5.055,5.127
12/28/1993,5.132,5.135,5.06,5.112
12/29/1993,5.1,5.16,5.09,5.145
12/30/1993,5.145,5.17,5.105,5.117
1/3/1994,5.147,5.285,5.11,5.25
1/4/1994,5.287,5.29,5.21,5.23
1/5/1994,5.24,5.285,4.98,5.085
1/6/1994,5.105,5.16,5.04,5.137
1/7/1994,5.135,5.15,5,5.025
1/10/1994,4.905,5.07,4.89,5.062
1/11/1994,5.062,5.145,5.05,5.135
1/12/1994,5.132,5.16,5.085,5.1
1/13/1994,5.085,5.27,5.08,5.205
1/14/1994,5.235,5.245,5.19,5.235
1/17/1994,5.352,5.36,5.31,5.332
1/18/1994,5.355,5.37,5.255,5.347
1/19/1994,5.332,5.41,5.18,5.347
1/20/1994,5.335,5.355,5.21,5.275
1/21/1994,5.21,5.255,5.115,5.122
1/24/1994,5.06,5.14,5.01,5.125
1/25/1994,5.145,5.165,5.09,5.107
1/26/1994,5.087,5.18,5.06,5.14
1/27/1994,5.15,5.16,4.96,4.98
1/28/1994,4.977,5.08,4.96,5.02
1/31/1994,5.05,5.15,4.93,5.135
2/1/1994,5.145,5.31,5.125,5.29
2/2/1994,5.3,5.39,5.28,5.345
2/3/1994,5.307,5.49,5.29,5.475
2/4/1994,5.487,5.51,5.36,5.427
2/7/1994,5.33,5.385,5.23,5.24
2/8/1994,5.245,5.285,5.22,5.27
2/9/1994,5.242,5.35,5.17,5.335
2/10/1994,5.297,5.42,5.26,5.32
2/11/1994,5.235,5.305,5.225,5.255
2/14/1994,5.275,5.385,5.25,5.35
2/15/1994,5.345,5.35,5.21,5.262
2/16/1994,5.255,5.285,5.235,5.28
2/17/1994,5.3,5.38,5.22,5.233
2/18/1994,5.2,5.25,5.12,5.177
2/22/1994,5.147,5.23,5.14,5.215
2/23/1994,5.192,5.26,5.165,5.23
2/24/1994,5.21,5.23,5.16,5.172
2/25/1994,5.21,5.27,5.19,5.262
2/28/1994,5.295,5.395,5.29,5.39
3/1/1994,5.365,5.42,5.3,5.305
3/2/1994,5.257,5.335,5.18,5.307
3/3/1994,5.3,5.315,5.25,5.272
3/4/1994,5.225,5.29,5.215,5.27
3/7/1994,5.265,5.28,5.2,5.207
3/8/1994,5.205,5.25,5.18,5.235
3/9/1994,5.225,5.345,5.215,5.34
3/10/1994,5.325,5.435,5.305,5.422
3/11/1994,5.465,5.48,5.395,5.405
3/14/1994,5.395,5.52,5.39,5.473
3/15/1994,5.47,5.505,5.425,5.488
3/16/1994,5.445,5.47,5.395,5.402
3/17/1994,5.37,5.405,5.36,5.377
3/18/1994,5.45,5.465,5.425,5.437
3/21/1994,5.435,5.465,5.42,5.442
3/22/1994,5.462,5.63,5.45,5.615
3/23/1994,5.62,5.72,5.58,5.652
3/24/1994,5.775,5.79,5.7,5.745
3/25/1994,5.765,5.81,5.66,5.8
3/28/1994,5.735,5.8,5.69,5.697
3/29/1994,5.675,5.745,5.59,5.657
3/30/1994,5.65,5.67,5.595,5.64
3/31/1994,5.705,5.795,5.69,5.785
4/4/1994,5.775,5.82,5.54,5.592
4/5/1994,5.597,5.655,5.53,5.555
4/6/1994,5.535,5.575,5.42,5.51
4/7/1994,5.502,5.51,5.435,5.457
4/8/1994,5.465,5.535,5.46,5.492
4/11/1994,5.45,5.47,5.26,5.265
4/12/1994,5.267,5.32,5.23,5.305
4/13/1994,5.332,5.335,5.28,5.315
4/14/1994,5.357,5.36,5.26,5.315
4/15/1994,5.287,5.305,5.22,5.24
4/18/1994,5.247,5.355,5.24,5.267
4/19/1994,5.225,5.245,5.17,5.212
4/20/1994,5.205,5.26,5.185,5.255
4/21/1994,5.252,5.29,5.23,5.232
4/22/1994,5.205,5.215,5.04,5.1
4/25/1994,5.085,5.145,5.08,5.13
4/26/1994,5.135,5.2,5.13,5.175
4/28/1994,5.195,5.325,5.185,5.285
4/29/1994,5.312,5.39,5.285,5.383
5/2/1994,5.387,5.405,5.325,5.343
5/3/1994,5.33,5.335,5.26,5.28
5/4/1994,5.237,5.245,5.13,5.217
5/5/1994,5.12,5.18,5.11,5.147
5/6/1994,5.105,5.52,5.1,5.475
5/9/1994,5.44,5.48,5.405,5.445
5/10/1994,5.425,5.445,5.305,5.317
5/11/1994,5.32,5.51,5.315,5.47
5/12/1994,5.377,5.44,5.33,5.395
5/13/1994,5.457,5.48,5.4,5.435
5/16/1994,5.41,5.72,5.36,5.597
5/17/1994,5.577,5.605,5.525,5.542
5/18/1994,5.447,5.64,5.43,5.577
5/19/1994,5.597,5.69,5.52,5.545
5/20/1994,5.605,5.7,5.57,5.66
5/23/1994,5.705,5.8,5.625,5.79
5/24/1994,5.737,5.755,5.555,5.625
5/25/1994,5.615,5.69,5.52,5.557
5/26/1994,5.547,5.575,5.41,5.472
5/27/1994,5.482,5.56,5.47,5.475
5/31/1994,5.515,5.64,5.51,5.55
6/1/1994,5.555,5.57,5.3,5.35
6/2/1994,5.35,5.39,5.26,5.385
6/3/1994,5.357,5.44,5.3,5.307
6/6/1994,5.295,5.33,5.215,5.262
6/7/1994,5.302,5.365,5.285,5.302
6/8/1994,5.362,5.38,5.33,5.355
6/9/1994,5.355,5.43,5.32,5.375
6/10/1994,5.375,5.39,5.33,5.367
6/13/1994,5.322,5.41,5.3,5.385
6/14/1994,5.417,5.425,5.39,5.392
6/15/1994,5.382,5.55,5.37,5.522
6/16/1994,5.535,5.58,5.44,5.46
6/17/1994,5.505,5.65,5.49,5.593
6/20/1994,5.607,5.61,5.445,5.475
6/21/1994,5.5,5.625,5.465,5.595
6/22/1994,5.555,5.56,5.34,5.372
6/23/1994,5.403,5.465,5.355,5.385
6/24/1994,5.428,5.49,5.34,5.4
6/27/1994,5.383,5.4,5.23,5.245
6/28/1994,5.273,5.34,5.24,5.293
6/29/1994,5.303,5.35,5.265,5.298
6/30/1994,5.315,5.46,5.31,5.425
7/1/1994,5.39,5.46,5.355,5.45
7/5/1994,5.475,5.515,5.32,5.365
7/6/1994,5.375,5.405,5.23,5.275
7/7/1994,5.235,5.29,5.215,5.252
7/8/1994,5.243,5.33,5.22,5.295
7/11/1994,5.293,5.39,5.275,5.347
7/12/1994,5.328,5.34,5.26,5.282
7/13/1994,5.218,5.3,5.15,5.165
7/14/1994,5.193,5.27,5.15,5.203
7/15/1994,5.25,5.29,5.215,5.275
7/18/1994,5.285,5.325,5.265,5.272
7/19/1994,5.23,5.365,5.2,5.345
7/20/1994,5.34,5.365,5.3,5.312
7/21/1994,5.285,5.385,5.245,5.252
7/22/1994,5.273,5.305,5.23,5.28
7/25/1994,5.278,5.33,5.275,5.31
7/26/1994,5.345,5.36,5.26,5.325
7/27/1994,5.34,5.44,5.33,5.372
7/28/1994,5.34,5.405,5.33,5.352
7/29/1994,5.31,5.35,5.25,5.332
8/1/1994,5.335,5.35,5.3,5.323
8/2/1994,5.29,5.305,5.18,5.205
8/3/1994,5.215,5.24,5.17,5.182
8/4/1994,5.145,5.185,5.07,5.175
8/5/1994,5.155,5.2,5.14,5.153
8/8/1994,5.12,5.145,5.105,5.113
8/9/1994,5.12,5.175,5.12,5.135
8/10/1994,5.15,5.175,5.14,5.145
8/11/1994,5.1,5.205,5.1,5.203
8/12/1994,5.185,5.2,5.06,5.07
8/15/1994,5.05,5.095,5.04,5.072
8/16/1994,5.075,5.16,5.025,5.107
8/17/1994,5.115,5.135,5.095,5.117
8/18/1994,5.115,5.195,5.115,5.162
8/19/1994,5.17,5.24,5.16,5.215
8/22/1994,5.215,5.265,5.185,5.213
8/23/1994,5.2,5.23,5.175,5.207
8/24/1994,5.23,5.28,5.205,5.252
8/25/1994,5.245,5.26,5.22,5.247
8/26/1994,5.245,5.26,5.17,5.205
8/29/1994,5.2,5.455,5.18,5.427
8/30/1994,5.45,5.48,5.435,5.44
8/31/1994,5.425,5.53,5.425,5.512
9/1/1994,5.48,5.51,5.47,5.495
9/2/1994,5.52,5.58,5.445,5.487
9/6/1994,5.49,5.56,5.485,5.535
9/7/1994,5.56,5.6,5.51,5.567
9/8/1994,5.555,5.575,5.48,5.515
9/9/1994,5.505,5.59,5.465,5.565
9/12/1994,5.54,5.555,5.49,5.535
9/13/1994,5.51,5.55,5.47,5.525
9/14/1994,5.52,5.55,5.48,5.487
9/15/1994,5.43,5.47,5.41,5.435
9/16/1994,5.44,5.57,5.44,5.475
9/19/1994,5.46,5.495,5.445,5.467
9/20/1994,5.515,5.71,5.515,5.67
9/21/1994,5.69,5.71,5.64,5.662
9/22/1994,5.63,5.74,5.625,5.735
9/23/1994,5.745,5.78,5.71,5.74
9/26/1994,5.67,5.735,5.67,5.672
9/27/1994,5.705,5.77,5.68,5.76
9/28/1994,5.735,5.75,5.63,5.65
9/29/1994,5.66,5.71,5.6,5.685
9/30/1994,5.668,5.68,5.615,5.657
10/3/1994,5.58,5.72,5.57,5.695
10/4/1994,5.61,5.67,5.605,5.64
10/5/1994,5.65,5.735,5.635,5.652
10/6/1994,5.625,5.685,5.61,5.665
10/7/1994,5.68,5.72,5.57,5.647
10/10/1994,5.635,5.65,5.61,5.615
10/11/1994,5.58,5.59,5.49,5.53
10/12/1994,5.535,5.55,5.51,5.515
10/13/1994,5.535,5.545,5.36,5.385
10/14/1994,5.4,5.43,5.38,5.387
10/17/1994,5.41,5.44,5.385,5.435
10/18/1994,5.425,5.44,5.365,5.382
10/19/1994,5.395,5.45,5.385,5.405
10/20/1994,5.43,5.48,5.4,5.435
10/21/1994,5.42,5.43,5.32,5.325
10/24/1994,5.3,5.37,5.3,5.342
10/25/1994,5.36,5.37,5.315,5.32
10/26/1994,5.31,5.42,5.31,5.412
10/27/1994,5.4,5.47,5.39,5.447
10/28/1994,5.39,5.44,5.365,5.367
10/31/1994,5.35,5.36,5.25,5.262
11/1/1994,5.255,5.35,5.23,5.295
11/2/1994,5.285,5.34,5.26,5.335
11/3/1994,5.325,5.34,5.27,5.287
11/4/1994,5.275,5.325,5.24,5.262
11/7/1994,5.235,5.25,5.195,5.205
11/8/1994,5.23,5.275,5.21,5.225
11/9/1994,5.2,5.245,5.1,5.118
11/10/1994,5.135,5.18,5.12,5.175
11/11/1994,5.175,5.21,5.155,5.165
11/14/1994,5.15,5.205,5.15,5.175
11/15/1994,5.215,5.24,5.205,5.22
11/16/1994,5.18,5.27,5.18,5.232
11/17/1994,5.235,5.275,5.23,5.245
11/18/1994,5.21,5.23,5.13,5.147
11/21/1994,5.14,5.175,5.115,5.157
11/22/1994,5.145,5.17,5.125,5.142
11/23/1994,5.165,5.2,5.145,5.147
11/28/1994,5.14,5.16,5.1,5.108
11/29/1994,5.2,5.23,5.11,5.132
11/30/1994,5.135,5.155,4.92,4.975
12/1/1994,4.97,4.99,4.935,4.985
12/2/1994,4.985,5.02,4.755,4.765
12/5/1994,4.79,4.805,4.59,4.645
12/6/1994,4.69,4.73,4.645,4.697
12/7/1994,4.74,4.76,4.645,4.686
12/8/1994,4.67,4.74,4.655,4.727
12/9/1994,4.7,4.77,4.695,4.757
12/12/1994,4.755,4.84,4.755,4.827
12/13/1994,4.84,4.86,4.78,4.79
12/14/1994,4.8,4.84,4.78,4.815
12/15/1994,4.8,4.87,4.79,4.847
12/16/1994,4.855,4.875,4.825,4.83
12/19/1994,4.81,4.845,4.795,4.817
12/20/1994,4.835,4.9,4.835,4.867
12/21/1994,4.87,4.875,4.79,4.842
12/22/1994,4.82,4.845,4.8,4.81
12/23/1994,4.78,4.815,4.78,4.807
12/27/1994,4.81,4.835,4.81,4.827
12/28/1994,4.845,4.945,4.825,4.93
12/29/1994,4.925,4.97,4.89,4.902
12/30/1994,4.88,4.92,4.86,4.917
1/3/1995,4.865,4.89,4.72,4.762
1/4/1995,4.74,4.76,4.61,4.635
1/5/1995,4.625,4.74,4.625,4.732
1/6/1995,4.71,4.735,4.635,4.652
1/9/1995,4.65,4.72,4.64,4.69
1/10/1995,4.72,4.725,4.63,4.685
1/11/1995,4.705,4.74,4.685,4.735
1/12/1995,4.74,4.895,4.74,4.862
1/13/1995,4.835,4.86,4.8,4.822
1/16/1995,4.76,4.85,4.76,4.827
1/17/1995,4.8,4.93,4.795,4.877
1/18/1995,4.925,4.965,4.88,4.897
1/19/1995,4.945,4.945,4.83,4.9
1/20/1995,4.865,4.93,4.85,4.917
1/23/1995,4.92,4.93,4.79,4.82
1/24/1995,4.815,4.85,4.81,4.837
1/25/1995,4.82,4.845,4.755,4.79
1/26/1995,4.78,4.82,4.775,4.795
1/27/1995,4.765,4.775,4.65,4.675
1/30/1995,4.67,4.735,4.665,4.73
1/31/1995,4.695,4.705,4.58,4.663
2/1/1995,4.685,4.715,4.665,4.67
2/2/1995,4.66,4.73,4.66,4.712
2/3/1995,4.72,4.73,4.655,4.672
2/6/1995,4.69,4.715,4.65,4.705
2/7/1995,4.69,4.7,4.64,4.662
2/8/1995,4.66,4.73,4.66,4.717
2/9/1995,4.725,4.79,4.725,4.757
2/10/1995,4.75,4.77,4.74,4.757
2/13/1995,4.73,4.74,4.67,4.725
2/14/1995,4.74,4.765,4.73,4.755
2/15/1995,4.775,4.81,4.72,4.727
2/16/1995,4.73,4.76,4.715,4.725
2/17/1995,4.715,4.795,4.715,4.77
2/21/1995,4.77,4.775,4.735,4.738
2/22/1995,4.74,4.85,4.72,4.835
2/23/1995,4.82,4.83,4.79,4.803
2/24/1995,4.86,4.89,4.65,4.678
2/27/1995,4.675,4.695,4.48,4.54
2/28/1995,4.535,4.61,4.535,4.565
3/1/1995,4.485,4.535,4.37,4.422
3/2/1995,4.43,4.5,4.39,4.442
3/3/1995,4.44,4.495,4.34,4.42
3/6/1995,4.44,4.515,4.41,4.503
3/7/1995,4.55,4.735,4.53,4.695
3/8/1995,4.645,4.66,4.54,4.562
3/9/1995,4.61,4.65,4.585,4.625
3/10/1995,4.615,4.64,4.545,4.608
3/13/1995,4.63,4.815,4.63,4.735
3/14/1995,4.72,4.73,4.665,4.72
3/15/1995,4.74,4.8,4.725,4.762
3/16/1995,4.7,4.77,4.675,4.76
3/17/1995,4.655,4.755,4.65,4.735
3/20/1995,4.655,4.715,4.655,4.702
3/21/1995,4.695,4.74,4.6,4.605
3/22/1995,4.585,4.68,4.585,4.67
3/23/1995,4.685,4.715,4.66,4.695
3/24/1995,4.7,4.705,4.57,4.622
3/27/1995,4.63,4.675,4.61,4.625
3/28/1995,4.64,4.785,4.62,4.757
3/29/1995,4.755,4.85,4.74,4.775
3/30/1995,4.755,5.35,4.75,5.237
3/31/1995,5.225,5.43,5.14,5.31
4/3/1995,5.325,5.38,5.27,5.3
4/4/1995,5.22,5.37,5.22,5.297
4/5/1995,5.38,5.47,5.28,5.405
4/6/1995,5.395,5.475,5.32,5.42
4/7/1995,5.395,5.465,5.36,5.392
4/10/1995,5.33,5.35,5.19,5.255
4/11/1995,5.235,5.385,5.205,5.343
4/12/1995,5.33,5.375,5.315,5.337
4/13/1995,5.26,5.39,5.255,5.382
4/17/1995,5.6,5.76,5.54,5.725
4/18/1995,5.66,5.88,5.625,5.865
4/19/1995,5.92,6.06,5.78,5.795
4/20/1995,5.63,5.875,5.63,5.692
4/21/1995,5.65,5.75,5.57,5.68
4/24/1995,5.7,5.765,5.645,5.665
4/25/1995,5.645,5.745,5.6,5.717
4/26/1995,5.675,5.72,5.56,5.57
4/27/1995,5.88,5.9,5.82,5.9
4/28/1995,5.86,5.98,5.74,5.783
5/1/1995,5.76,5.94,5.74,5.913
5/2/1995,5.915,6,5.86,5.96
5/3/1995,5.945,6.03,5.88,6.02
5/4/1995,6.04,6.21,5.98,6.16
5/5/1995,6.12,6.18,5.98,6.095
5/8/1995,6.045,6.085,6.02,6.05
5/9/1995,6.05,6.05,5.44,5.5
5/10/1995,5.5,5.58,5.33,5.445
5/11/1995,5.465,5.51,5.35,5.372
5/12/1995,5.41,5.485,5.12,5.352
5/15/1995,5.35,5.46,5.34,5.45
5/16/1995,5.41,5.485,5.35,5.44
5/17/1995,5.375,5.45,5.365,5.39
5/18/1995,5.39,5.47,5.375,5.392
5/19/1995,5.44,5.46,5.365,5.38
5/22/1995,5.36,5.39,5.27,5.3
5/23/1995,5.29,5.42,5.28,5.415
5/24/1995,5.415,5.57,5.39,5.527
5/25/1995,5.52,5.63,5.43,5.475
5/26/1995,5.505,5.545,5.4,5.46
5/30/1995,5.46,5.49,5.28,5.295
5/31/1995,5.295,5.34,5.21,5.31
6/1/1995,5.32,5.41,5.235,5.365
6/2/1995,5.355,5.39,5.23,5.24
6/5/1995,5.335,5.34,5.18,5.335
6/6/1995,5.34,5.345,5.27,5.305
6/7/1995,5.335,5.4,5.31,5.362
6/8/1995,5.36,5.37,5.28,5.327
6/9/1995,5.335,5.49,5.3,5.437
6/12/1995,5.405,5.425,5.37,5.382
6/13/1995,5.38,5.415,5.31,5.357
6/14/1995,5.37,5.42,5.285,5.317
6/15/1995,5.33,5.47,5.315,5.445
6/16/1995,5.45,5.48,5.385,5.415
6/19/1995,5.44,5.555,5.435,5.5
6/20/1995,5.49,5.515,5.45,5.472
6/21/1995,5.47,5.48,5.415,5.435
6/22/1995,5.425,5.46,5.29,5.357
6/23/1995,5.34,5.375,5.31,5.355
6/26/1995,5.35,5.355,5.295,5.322
6/27/1995,5.32,5.35,5.29,5.312
6/28/1995,5.29,5.325,5.215,5.222
6/29/1995,5.275,5.37,5.255,5.335
6/30/1995,5.345,5.35,5.02,5.065
7/5/1995,5.07,5.095,5.025,5.08
7/6/1995,5.09,5.13,5.075,5.105
7/7/1995,5.12,5.22,5.12,5.19
7/10/1995,5.17,5.205,5.16,5.17
7/11/1995,5.11,5.18,5.085,5.175
7/12/1995,5.18,5.325,5.18,5.283
7/13/1995,5.26,5.28,5.23,5.235
7/14/1995,5.205,5.325,5.195,5.255
7/17/1995,5.215,5.43,5.2,5.375
7/18/1995,5.38,5.385,5.295,5.345
7/19/1995,5.345,5.46,5.07,5.213
7/20/1995,5.17,5.215,5.135,5.148
7/21/1995,5.17,5.23,5.12,5.21
7/24/1995,5.22,5.235,5.16,5.195
7/25/1995,5.18,5.21,5.16,5.17
7/26/1995,5.175,5.22,5.16,5.2
7/27/1995,5.195,5.23,5.13,5.14
7/28/1995,5.14,5.14,5.04,5.085
7/31/1995,5.1,5.115,5.045,5.052
8/1/1995,5.035,5.2,5.025,5.16
8/2/1995,5.15,5.165,5.11,5.115
8/3/1995,5.145,5.195,5.12,5.17
8/4/1995,5.17,5.23,5.155,5.167
8/7/1995,5.155,5.265,5.155,5.195
8/8/1995,5.205,5.28,5.195,5.248
8/9/1995,5.27,5.32,5.245,5.25
8/10/1995,5.22,5.285,5.2,5.275
8/11/1995,5.28,5.295,5.12,5.215
8/14/1995,5.205,5.41,5.19,5.352
8/15/1995,5.35,5.49,5.28,5.345
8/16/1995,5.335,5.41,5.24,5.37
8/17/1995,5.49,5.62,5.35,5.58
8/18/1995,5.6,5.76,5.6,5.697
8/21/1995,5.72,5.86,5.72,5.792
8/22/1995,5.72,5.81,5.615,5.655
8/23/1995,5.67,5.67,5.53,5.637
8/24/1995,5.64,5.725,5.575,5.607
8/25/1995,5.585,5.62,5.56,5.592
8/28/1995,5.58,5.655,5.555,5.612
8/29/1995,5.56,5.605,5.505,5.519
8/30/1995,5.58,5.58,5.27,5.315
8/31/1995,5.28,5.4,5.275,5.39
9/1/1995,5.37,5.405,5.265,5.35
9/5/1995,5.305,5.35,5.2,5.26
9/6/1995,5.25,5.41,5.24,5.36
9/7/1995,5.405,5.47,5.365,5.453
9/8/1995,5.48,5.51,5.375,5.403
9/11/1995,5.435,5.535,5.415,5.53
9/12/1995,5.55,5.575,5.495,5.555
9/13/1995,5.54,5.565,5.42,5.445
9/14/1995,5.46,5.55,5.43,5.535
9/15/1995,5.49,5.545,5.45,5.495
9/18/1995,5.49,5.6,5.475,5.565
9/19/1995,5.565,5.585,5.41,5.522
9/20/1995,5.49,5.52,5.43,5.445
9/21/1995,5.345,5.62,5.345,5.517
9/22/1995,5.46,5.535,5.415,5.447
9/25/1995,5.405,5.505,5.385,5.457
9/26/1995,5.49,5.525,5.45,5.495
9/27/1995,5.5,5.52,5.415,5.475
9/28/1995,5.5,5.525,5.46,5.517
9/29/1995,5.515,5.545,5.47,5.485
10/2/1995,5.44,5.48,5.29,5.308
10/3/1995,5.34,5.375,5.29,5.305
10/4/1995,5.35,5.36,5.28,5.342
10/5/1995,5.355,5.38,5.3,5.307
10/6/1995,5.305,5.38,5.3,5.372
10/9/1995,5.42,5.455,5.38,5.45
10/10/1995,5.44,5.51,5.42,5.447
10/11/1995,5.43,5.455,5.42,5.442
10/12/1995,5.43,5.45,5.385,5.395
10/13/1995,5.39,5.435,5.36,5.397
10/16/1995,5.4,5.42,5.35,5.36
10/17/1995,5.35,5.365,5.285,5.355
10/18/1995,5.35,5.395,5.345,5.365
10/19/1995,5.34,5.37,5.27,5.332
10/20/1995,5.335,5.38,5.32,5.37
10/23/1995,5.375,5.4,5.36,5.362
10/24/1995,5.355,5.38,5.33,5.367
10/25/1995,5.355,5.465,5.355,5.45
10/26/1995,5.44,5.48,5.42,5.435
10/27/1995,5.415,5.44,5.26,5.32
10/30/1995,5.33,5.35,5.315,5.343
10/31/1995,5.355,5.375,5.335,5.36
11/1/1995,5.335,5.37,5.31,5.317
11/2/1995,5.3,5.36,5.265,5.34
11/3/1995,5.34,5.365,5.285,5.295
11/6/1995,5.295,5.31,5.265,5.275
11/7/1995,5.27,5.385,5.27,5.367
11/8/1995,5.375,5.395,5.335,5.357
11/9/1995,5.36,5.41,5.345,5.387
11/10/1995,5.42,5.48,5.38,5.44
11/13/1995,5.425,5.425,5.28,5.312
11/14/1995,5.315,5.345,5.3,5.32
11/15/1995,5.33,5.37,5.315,5.342
11/16/1995,5.315,5.335,5.3,5.31
11/17/1995,5.34,5.36,5.31,5.347
11/20/1995,5.33,5.345,5.325,5.337
11/21/1995,5.35,5.36,5.265,5.275
11/22/1995,5.27,5.29,5.125,5.155
11/27/1995,5.2,5.25,5.18,5.202
11/28/1995,5.22,5.275,5.175,5.198
11/29/1995,5.255,5.3,5.21,5.217
11/30/1995,5.195,5.275,5.17,5.267
12/1/1995,5.25,5.29,5.235,5.242
12/4/1995,5.215,5.26,5.215,5.237
12/5/1995,5.25,5.29,5.225,5.277
12/6/1995,5.285,5.315,5.275,5.3
12/7/1995,5.295,5.3,5.23,5.272
12/8/1995,5.27,5.29,5.25,5.262
12/11/1995,5.28,5.3,5.24,5.255
12/12/1995,5.255,5.275,5.17,5.2
12/13/1995,5.155,5.21,5.105,5.145
12/14/1995,5.13,5.19,5.125,5.162
12/15/1995,5.145,5.18,5.135,5.162
12/18/1995,5.175,5.225,5.155,5.197
12/19/1995,5.19,5.22,5.16,5.165
12/20/1995,5.15,5.21,5.15,5.187
12/21/1995,5.185,5.2,5.14,5.18
12/22/1995,5.175,5.195,5.15,5.19
12/26/1995,5.195,5.22,5.19,5.195
12/27/1995,5.175,5.2,5.165,5.177
12/28/1995,5.16,5.185,5.145,5.172
12/29/1995,5.16,5.22,5.125,5.207
1/2/1996,5.2,5.4,5.18,5.39
1/3/1996,5.4,5.48,5.36,5.387
1/4/1996,5.39,5.42,5.365,5.41
1/5/1996,5.48,5.63,5.41,5.55
1/8/1996,5.53,5.58,5.515,5.55
1/9/1996,5.55,5.615,5.5,5.557
1/10/1996,5.58,5.7,5.555,5.62
1/11/1996,5.63,5.645,5.5,5.53
1/12/1996,5.525,5.585,5.46,5.47
1/15/1996,5.42,5.48,5.4,5.445
1/16/1996,5.455,5.51,5.445,5.487
1/17/1996,5.495,5.53,5.45,5.515
1/18/1996,5.485,5.49,5.455,5.46
1/19/1996,5.435,5.54,5.43,5.47
1/22/1996,5.52,5.6,5.49,5.595
1/23/1996,5.6,5.67,5.545,5.575
1/24/1996,5.56,5.56,5.475,5.527
1/25/1996,5.585,5.635,5.55,5.585
1/26/1996,5.595,5.67,5.54,5.545
1/29/1996,5.54,5.565,5.505,5.545
1/30/1996,5.54,5.61,5.53,5.563
1/31/1996,5.56,5.605,5.555,5.588
2/1/1996,5.61,5.8,5.61,5.795
2/2/1996,5.815,5.87,5.75,5.84
2/5/1996,5.855,5.88,5.8,5.815
2/6/1996,5.79,5.79,5.72,5.777
2/7/1996,5.78,5.845,5.67,5.71
2/8/1996,5.7,5.75,5.68,5.727
2/9/1996,5.74,5.74,5.625,5.667
2/12/1996,5.66,5.755,5.655,5.67
2/13/1996,5.675,5.735,5.64,5.717
2/14/1996,5.72,5.745,5.69,5.735
2/15/1996,5.74,5.76,5.6,5.645
2/16/1996,5.655,5.745,5.65,5.722
2/20/1996,5.695,5.695,5.51,5.53
2/21/1996,5.53,5.585,5.47,5.58
2/22/1996,5.59,5.605,5.515,5.525
2/23/1996,5.51,5.52,5.425,5.452
2/26/1996,5.465,5.49,5.465,5.477
2/27/1996,5.48,5.53,5.44,5.452
2/28/1996,5.48,5.6,5.47,5.535
2/29/1996,5.555,5.595,5.54,5.545
3/1/1996,5.555,5.57,5.51,5.54
3/4/1996,5.525,5.555,5.38,5.417
3/5/1996,5.435,5.435,5.365,5.39
3/6/1996,5.395,5.43,5.375,5.407
3/7/1996,5.425,5.46,5.36,5.455
3/8/1996,5.455,5.56,5.435,5.522
3/11/1996,5.535,5.535,5.485,5.525
3/12/1996,5.53,5.605,5.51,5.595
3/13/1996,5.58,5.645,5.57,5.632
3/14/1996,5.63,5.635,5.57,5.597
3/15/1996,5.59,5.655,5.56,5.612
3/18/1996,5.585,5.585,5.535,5.57
3/19/1996,5.57,5.57,5.535,5.54
3/20/1996,5.535,5.595,5.5,5.587
3/21/1996,5.58,5.64,5.575,5.63
3/22/1996,5.615,5.665,5.56,5.65
3/25/1996,5.65,5.66,5.615,5.65
3/26/1996,5.68,5.73,5.68,5.71
3/27/1996,5.71,5.71,5.67,5.685
3/28/1996,5.675,5.685,5.48,5.53
3/29/1996,5.53,5.56,5.495,5.54
4/1/1996,5.54,5.56,5.515,5.55
4/2/1996,5.55,5.555,5.495,5.517
4/3/1996,5.52,5.59,5.495,5.522
4/4/1996,5.53,5.55,5.41,5.435
4/8/1996,5.47,5.57,5.47,5.565
4/9/1996,5.565,5.57,5.46,5.467
4/10/1996,5.47,5.515,5.45,5.492
4/11/1996,5.505,5.57,5.48,5.562
4/12/1996,5.56,5.56,5.48,5.518
4/15/1996,5.515,5.515,5.45,5.48
4/16/1996,5.475,5.505,5.23,5.292
4/17/1996,5.3,5.335,5.27,5.305
4/18/1996,5.305,5.33,5.25,5.267
4/19/1996,5.27,5.295,5.23,5.257
4/22/1996,5.26,5.34,5.255,5.325
4/23/1996,5.33,5.355,5.31,5.315
4/24/1996,5.31,5.325,5.285,5.292
4/25/1996,5.28,5.4,5.28,5.365
4/26/1996,5.415,5.42,5.3,5.31
4/29/1996,5.33,5.345,5.25,5.265
4/30/1996,5.31,5.385,5.295,5.34
5/1/1996,5.35,5.45,5.35,5.425
5/2/1996,5.42,5.435,5.34,5.42
5/3/1996,5.425,5.53,5.375,5.47
5/6/1996,5.48,5.515,5.455,5.49
5/7/1996,5.49,5.55,5.46,5.515
5/8/1996,5.515,5.55,5.455,5.465
5/9/1996,5.465,5.48,5.435,5.447
5/10/1996,5.46,5.465,5.36,5.375
5/13/1996,5.38,5.415,5.38,5.395
5/14/1996,5.395,5.435,5.35,5.4
5/15/1996,5.41,5.445,5.4,5.412
5/16/1996,5.4,5.4,5.36,5.377
5/17/1996,5.38,5.4,5.31,5.337
5/20/1996,5.34,5.345,5.27,5.275
5/21/1996,5.27,5.32,5.26,5.298
5/22/1996,5.3,5.35,5.3,5.343
5/23/1996,5.335,5.365,5.315,5.335
5/24/1996,5.34,5.35,5.315,5.323
5/28/1996,5.325,5.385,5.325,5.358
5/29/1996,5.36,5.375,5.32,5.335
5/30/1996,5.33,5.365,5.3,5.343
5/31/1996,5.335,5.42,5.31,5.403
6/3/1996,5.41,5.41,5.37,5.38
6/4/1996,5.37,5.37,5.17,5.185
6/5/1996,5.19,5.21,5.145,5.155
6/6/1996,5.15,5.215,5.13,5.195
6/7/1996,5.19,5.24,5.17,5.173
6/10/1996,5.185,5.19,5.165,5.177
6/11/1996,5.15,5.155,5.04,5.1
6/12/1996,5.11,5.13,5.08,5.09
6/13/1996,5.095,5.11,5.045,5.05
6/14/1996,4.98,5.18,4.96,5.172
6/17/1996,5.15,5.2,5.145,5.182
6/18/1996,5.175,5.195,5.135,5.175
6/19/1996,5.205,5.22,5.09,5.112
6/20/1996,5.1,5.125,5.09,5.122
6/21/1996,5.085,5.11,5.055,5.107
6/24/1996,5.115,5.155,5.075,5.135
6/25/1996,5.14,5.19,5.14,5.147
6/26/1996,5.13,5.13,5.04,5.055
6/27/1996,5.115,5.17,5.03,5.04
6/28/1996,5.04,5.08,5.015,5.035
7/1/1996,5.06,5.12,5.06,5.082
7/2/1996,5.085,5.12,5.07,5.112
7/3/1996,5.12,5.175,5.12,5.13
7/8/1996,5.15,5.2,5.045,5.067
7/9/1996,5.11,5.16,5.11,5.115
7/10/1996,5.115,5.18,5.09,5.115
7/11/1996,5.12,5.16,5.1,5.145
7/12/1996,5.145,5.165,5.11,5.142
7/15/1996,5.145,5.17,5.07,5.165
7/16/1996,5.17,5.175,4.93,4.943
7/17/1996,4.955,5.005,4.95,4.96
7/18/1996,4.975,5.02,4.975,5
7/19/1996,5.01,5.045,4.96,4.965
7/22/1996,5.005,5.03,4.965,5.015
7/23/1996,5.015,5.04,4.935,4.97
7/24/1996,4.97,5.025,4.97,5.01
7/25/1996,5,5,4.975,4.987
7/26/1996,4.995,5.14,4.98,5.103
7/29/1996,5.1,5.1,5.055,5.068
7/30/1996,5.075,5.085,5.065,5.068
7/31/1996,5.085,5.155,5.085,5.148
8/1/1996,5.15,5.16,5.1,5.11
8/2/1996,5.12,5.14,5.01,5.075
8/5/1996,5.08,5.135,5.08,5.087
8/6/1996,5.07,5.07,5.015,5.035
8/7/1996,5.035,5.055,5.03,5.042
8/8/1996,5.045,5.11,5.02,5.098
8/9/1996,5.085,5.145,5.025,5.04
8/12/1996,5.045,5.1,5.035,5.067
8/13/1996,5.075,5.09,5.065,5.085
8/14/1996,5.08,5.08,4.99,5.045
8/15/1996,5.045,5.13,5.03,5.087
8/16/1996,5.08,5.08,5.055,5.077
8/19/1996,5.08,5.24,5.075,5.21
8/20/1996,5.21,5.23,5.17,5.21
8/21/1996,5.21,5.21,5.165,5.17
8/22/1996,5.165,5.245,5.165,5.22
8/23/1996,5.22,5.24,5.185,5.197
8/26/1996,5.21,5.27,5.205,5.253
8/27/1996,5.25,5.25,5.21,5.238
8/28/1996,5.23,5.315,5.15,5.172
8/29/1996,5.255,5.27,5.235,5.255
8/30/1996,5.25,5.265,5.18,5.25
9/3/1996,5.25,5.25,5.205,5.208
9/4/1996,5.21,5.25,5.195,5.23
9/5/1996,5.235,5.25,5.155,5.193
9/6/1996,5.19,5.22,5.145,5.158
9/9/1996,5.15,5.175,5.09,5.128
9/10/1996,5.12,5.15,5.105,5.143
9/11/1996,5.135,5.17,5.1,5.14
9/12/1996,5.125,5.125,5.03,5.06
9/13/1996,5.06,5.11,5.045,5.053
9/16/1996,5.06,5.09,5.05,5.085
9/17/1996,5.085,5.125,5.065,5.078
9/18/1996,5.075,5.105,5.065,5.098
9/19/1996,5.095,5.095,4.925,4.94
9/20/1996,4.95,4.955,4.84,4.863
9/23/1996,4.885,4.92,4.87,4.895
9/24/1996,4.89,4.94,4.89,4.935
9/25/1996,4.94,4.945,4.91,4.922
9/26/1996,4.905,4.905,4.875,4.885
9/27/1996,4.88,4.955,4.855,4.92
9/30/1996,4.9,4.9,4.86,4.877
10/1/1996,4.88,4.955,4.87,4.91
10/2/1996,4.905,4.98,4.9,4.927
10/3/1996,4.925,4.925,4.885,4.905
10/4/1996,4.905,4.935,4.87,4.875
10/7/1996,4.875,4.91,4.875,4.888
10/8/1996,4.89,4.925,4.885,4.898
10/9/1996,4.905,4.995,4.88,4.973
10/10/1996,4.98,5.095,4.955,5.06
10/11/1996,5.06,5.065,5.005,5.058
10/14/1996,5.05,5.06,5.01,5.035
10/15/1996,5.03,5.065,5.005,5.045
10/16/1996,5.045,5.08,5.015,5.02
10/17/1996,5,5,4.88,4.902
10/18/1996,4.905,4.93,4.89,4.897
10/21/1996,4.905,4.955,4.905,4.937
10/22/1996,4.955,5,4.95,4.99
10/23/1996,4.965,5,4.965,4.988
10/24/1996,4.985,4.985,4.89,4.918
10/25/1996,4.91,4.94,4.9,4.925
10/28/1996,4.93,4.935,4.915,4.93
10/29/1996,4.905,4.905,4.81,4.82
10/30/1996,4.81,4.84,4.79,4.828
10/31/1996,4.835,4.88,4.76,4.808
11/1/1996,4.805,4.815,4.765,4.798
11/4/1996,4.8,4.82,4.8,4.808
11/5/1996,4.81,4.83,4.78,4.793
11/6/1996,4.785,4.81,4.71,4.713
11/7/1996,4.73,4.875,4.73,4.833
11/8/1996,4.835,4.845,4.765,4.838
11/11/1996,4.85,4.9,4.84,4.893
11/12/1996,4.895,4.905,4.83,4.88
11/13/1996,4.89,4.94,4.865,4.898
11/14/1996,4.89,4.935,4.83,4.84
11/15/1996,4.845,4.97,4.82,4.938
11/18/1996,4.94,4.94,4.87,4.883
11/19/1996,4.88,4.885,4.855,4.873
11/20/1996,4.87,4.965,4.865,4.945
11/21/1996,4.93,4.945,4.805,4.84
11/22/1996,4.825,4.875,4.825,4.835
11/25/1996,4.82,4.825,4.69,4.72
11/26/1996,4.74,4.74,4.69,4.714
11/27/1996,4.7,4.73,4.66,4.714
12/2/1996,4.76,4.775,4.72,4.742
12/3/1996,4.72,4.85,4.71,4.845
12/4/1996,4.825,4.885,4.815,4.862
12/5/1996,4.86,4.915,4.77,4.892
12/6/1996,4.89,4.93,4.8,4.805
12/9/1996,4.8,4.84,4.78,4.807
12/10/1996,4.805,4.89,4.805,4.872
12/11/1996,4.865,4.92,4.79,4.86
12/12/1996,4.86,4.89,4.835,4.86
12/13/1996,4.87,4.895,4.83,4.85
12/16/1996,4.845,4.85,4.82,4.835
12/17/1996,4.84,4.955,4.82,4.893
12/18/1996,4.895,4.92,4.855,4.893
12/19/1996,4.89,4.915,4.875,4.885
12/20/1996,4.88,4.935,4.825,4.858
12/23/1996,4.855,4.875,4.85,4.863
12/24/1996,4.86,4.875,4.855,4.873
12/26/1996,4.87,4.93,4.87,4.928
12/27/1996,4.92,4.945,4.9,4.913
12/30/1996,4.905,4.92,4.8,4.815
12/31/1996,4.83,4.835,4.71,4.79
1/2/1997,4.785,4.805,4.72,4.732
1/3/1997,4.73,4.745,4.67,4.685
1/6/1997,4.7,4.7,4.635,4.652
1/7/1997,4.66,4.76,4.655,4.71
1/8/1997,4.71,4.71,4.64,4.66
1/9/1997,4.67,4.76,4.66,4.735
1/10/1997,4.735,4.785,4.735,4.765
1/13/1997,4.75,4.795,4.675,4.717
1/14/1997,4.72,4.745,4.67,4.675
1/15/1997,4.68,4.715,4.61,4.685
1/16/1997,4.67,4.775,4.665,4.74
1/17/1997,4.745,4.81,4.735,4.772
1/20/1997,4.78,4.78,4.71,4.732
1/21/1997,4.735,4.79,4.705,4.715
1/22/1997,4.715,4.745,4.69,4.723
1/23/1997,4.72,4.895,4.71,4.875
1/24/1997,4.87,5,4.855,4.977
1/27/1997,4.97,5.055,4.94,5.047
1/28/1997,5.05,5.06,4.945,4.963
1/29/1997,4.965,4.965,4.895,4.94
1/30/1997,4.94,4.975,4.86,4.955
1/31/1997,4.945,4.98,4.81,4.92
2/3/1997,4.92,4.93,4.84,4.902
2/4/1997,4.905,4.92,4.835,4.857
2/5/1997,4.86,4.895,4.81,4.872
2/6/1997,4.88,4.895,4.815,4.857
2/7/1997,4.845,4.97,4.79,4.942
2/10/1997,4.95,4.97,4.905,4.96
2/11/1997,4.955,4.96,4.8,4.838
2/12/1997,4.85,5.22,4.81,5.135
2/13/1997,5.13,5.185,5.105,5.142
2/14/1997,5.14,5.275,5.13,5.252
2/18/1997,5.22,5.255,5.19,5.215
2/19/1997,5.22,5.24,5.155,5.19
2/20/1997,5.19,5.26,5.14,5.23
2/21/1997,5.23,5.27,5.185,5.19
2/24/1997,5.19,5.225,5.185,5.2
2/25/1997,5.195,5.23,5.16,5.227
2/26/1997,5.225,5.34,5.15,5.197
2/27/1997,5.245,5.395,5.235,5.295
2/28/1997,5.29,5.38,5.25,5.36
3/3/1997,5.345,5.435,5.31,5.34
3/4/1997,5.335,5.35,5.25,5.265
3/5/1997,5.26,5.28,5.17,5.24
3/6/1997,5.245,5.3,5.185,5.227
3/7/1997,5.23,5.24,5.165,5.185
3/10/1997,5.18,5.3,5.11,5.275
3/11/1997,5.275,5.305,5.235,5.285
3/12/1997,5.28,5.305,5.21,5.228
3/13/1997,5.23,5.34,5.23,5.313
3/14/1997,5.31,5.345,5.27,5.283
3/17/1997,5.28,5.29,5.23,5.238
3/18/1997,5.23,5.245,5.115,5.203
3/19/1997,5.2,5.28,5.19,5.24
3/20/1997,5.25,5.275,5.185,5.22
3/21/1997,5.22,5.23,5.145,5.165
3/24/1997,5.17,5.21,5.12,5.197
3/25/1997,5.19,5.2,5.1,5.12
3/26/1997,5.12,5.19,5.1,5.165
3/27/1997,5.17,5.18,5.12,5.147
3/31/1997,5.16,5.17,5.03,5.075
4/1/1997,5.075,5.085,4.965,5.005
4/2/1997,5.01,5.035,4.86,4.87
4/3/1997,4.87,4.89,4.655,4.73
4/4/1997,4.74,4.78,4.71,4.742
4/7/1997,4.7,4.805,4.7,4.79
4/8/1997,4.79,4.825,4.75,4.78
4/9/1997,4.79,4.805,4.76,4.775
4/10/1997,4.765,4.8,4.76,4.782
4/11/1997,4.795,4.8,4.68,4.72
4/14/1997,4.71,4.745,4.7,4.723
4/15/1997,4.72,4.725,4.66,4.708
4/16/1997,4.715,4.795,4.705,4.77
4/17/1997,4.775,4.83,4.67,4.695
4/18/1997,4.705,4.755,4.67,4.713
4/21/1997,4.72,4.755,4.72,4.735
4/22/1997,4.745,4.77,4.705,4.715
4/23/1997,4.71,4.74,4.675,4.725
4/24/1997,4.73,4.73,4.675,4.693
4/25/1997,4.69,4.735,4.685,4.72
4/28/1997,4.705,4.715,4.57,4.61
4/29/1997,4.67,4.695,4.645,4.67
4/30/1997,4.68,4.76,4.67,4.693
5/1/1997,4.7,4.8,4.67,4.768
5/2/1997,4.77,4.775,4.72,4.728
5/5/1997,4.73,4.79,4.72,4.768
5/6/1997,4.765,4.79,4.72,4.733
5/7/1997,4.73,4.78,4.73,4.758
5/8/1997,4.76,4.88,4.76,4.86
5/9/1997,4.855,4.925,4.84,4.88
5/12/1997,4.885,4.93,4.83,4.835
5/13/1997,4.84,4.905,4.82,4.878
5/14/1997,4.885,4.895,4.83,4.838
5/15/1997,4.84,4.87,4.835,4.858
5/16/1997,4.855,4.865,4.665,4.693
5/19/1997,4.72,4.72,4.625,4.713
5/20/1997,4.71,4.735,4.68,4.713
5/21/1997,4.715,4.72,4.67,4.695
5/22/1997,4.7,4.705,4.66,4.678
5/23/1997,4.685,4.78,4.64,4.738
5/27/1997,4.74,4.76,4.725,4.748
5/28/1997,4.755,4.77,4.65,4.73
5/29/1997,4.735,4.845,4.71,4.838
5/30/1997,4.825,4.85,4.67,4.675
6/2/1997,4.675,4.73,4.675,4.698
6/3/1997,4.705,4.745,4.69,4.728
6/4/1997,4.73,4.74,4.69,4.7
6/5/1997,4.7,4.82,4.685,4.77
6/6/1997,4.78,4.93,4.77,4.783
6/9/1997,4.78,4.82,4.695,4.74
6/10/1997,4.745,4.785,4.725,4.745
6/11/1997,4.75,4.77,4.72,4.745
6/12/1997,4.75,4.75,4.705,4.708
6/13/1997,4.7,4.74,4.65,4.675
6/16/1997,4.68,4.7,4.675,4.687
6/17/1997,4.71,4.805,4.68,4.762
6/18/1997,4.765,4.78,4.675,4.695
6/19/1997,4.695,4.78,4.62,4.745
6/20/1997,4.75,4.75,4.69,4.712
6/23/1997,4.685,4.82,4.675,4.812
6/24/1997,4.81,4.83,4.73,4.75
6/25/1997,4.75,4.785,4.745,4.755
6/26/1997,4.76,4.775,4.68,4.74
6/27/1997,4.79,4.795,4.72,4.725
6/30/1997,4.715,4.745,4.63,4.648
7/1/1997,4.655,4.71,4.65,4.678
7/2/1997,4.675,4.7,4.64,4.645
7/3/1997,4.64,4.68,4.56,4.57
7/7/1997,4.57,4.575,4.25,4.285
7/8/1997,4.3,4.38,4.175,4.335
7/9/1997,4.335,4.345,4.25,4.32
7/10/1997,4.32,4.395,4.305,4.383
7/11/1997,4.37,4.395,4.325,4.36
7/14/1997,4.36,4.375,4.26,4.275
7/15/1997,4.275,4.345,4.235,4.297
7/16/1997,4.295,4.335,4.18,4.185
7/17/1997,4.19,4.285,4.145,4.245
7/18/1997,4.26,4.34,4.22,4.27
7/21/1997,4.3,4.32,4.25,4.258
7/22/1997,4.275,4.36,4.255,4.303
7/23/1997,4.32,4.33,4.255,4.295
7/24/1997,4.29,4.45,4.26,4.28
7/25/1997,4.28,4.35,4.195,4.32
7/28/1997,4.325,4.38,4.305,4.358
7/29/1997,4.37,4.37,4.28,4.325
7/30/1997,4.325,4.405,4.32,4.373
7/31/1997,4.365,4.5,4.36,4.49
8/1/1997,4.48,4.5,4.42,4.47
8/4/1997,4.47,4.54,4.455,4.507
8/5/1997,4.49,4.5,4.29,4.315
8/6/1997,4.325,4.36,4.305,4.333
8/7/1997,4.335,4.39,4.31,4.375
8/8/1997,4.37,4.475,4.31,4.375
8/11/1997,4.4,4.45,4.37,4.44
8/12/1997,4.44,4.445,4.38,4.425
8/13/1997,4.44,4.545,4.42,4.507
8/14/1997,4.5,4.52,4.365,4.405
8/15/1997,4.41,4.57,4.39,4.56
8/18/1997,4.565,4.57,4.47,4.502
8/19/1997,4.48,4.53,4.475,4.512
8/20/1997,4.5,4.52,4.425,4.49
8/21/1997,4.49,4.545,4.465,4.505
8/22/1997,4.515,4.7,4.465,4.682
8/25/1997,4.655,4.67,4.595,4.612
8/26/1997,4.615,4.665,4.6,4.657
8/27/1997,4.66,4.66,4.61,4.64
8/28/1997,4.675,4.86,4.675,4.71
8/29/1997,4.72,4.77,4.66,4.685
9/2/1997,4.705,4.74,4.645,4.662
9/3/1997,4.66,4.735,4.635,4.707
9/4/1997,4.71,4.75,4.655,4.71
9/5/1997,4.715,4.78,4.66,4.73
9/8/1997,4.72,4.74,4.68,4.702
9/9/1997,4.705,4.775,4.68,4.76
9/10/1997,4.755,4.77,4.725,4.748
9/11/1997,4.755,4.85,4.745,4.765
9/12/1997,4.765,4.815,4.725,4.775
9/15/1997,4.765,4.78,4.735,4.757
9/16/1997,4.765,4.77,4.58,4.615
9/17/1997,4.595,4.64,4.57,4.605
9/18/1997,4.605,4.72,4.605,4.685
9/19/1997,4.695,4.74,4.685,4.705
9/22/1997,4.715,4.715,4.66,4.673
9/23/1997,4.68,4.705,4.65,4.695
9/24/1997,4.7,4.76,4.7,4.755
9/25/1997,4.755,4.825,4.735,4.785
9/26/1997,4.79,4.84,4.755,4.822
9/29/1997,4.82,5.12,4.82,5.105
9/30/1997,5.105,5.33,5.075,5.232
10/1/1997,5.23,5.25,5.15,5.185
10/2/1997,5.17,5.23,5.165,5.17
10/3/1997,5.18,5.315,5.15,5.303
10/6/1997,5.31,5.31,5.19,5.207
10/7/1997,5.195,5.24,5.16,5.202
10/8/1997,5.205,5.32,5.185,5.23
10/9/1997,5.235,5.285,5.085,5.125
10/10/1997,5.14,5.2,5.115,5.195
10/13/1997,5.18,5.21,5.14,5.147
10/14/1997,5.135,5.145,5.055,5.08
10/15/1997,5.085,5.085,4.99,5.067
10/16/1997,5.07,5.115,4.895,4.91
10/17/1997,4.925,4.975,4.88,4.958
10/20/1997,4.95,4.96,4.87,4.938
10/21/1997,4.93,4.99,4.92,4.978
10/22/1997,4.965,5.08,4.945,5.033
10/23/1997,5.03,5.08,4.925,4.938
10/24/1997,4.945,4.95,4.77,4.785
10/27/1997,4.785,4.855,4.74,4.79
10/28/1997,4.79,4.82,4.63,4.805
10/29/1997,4.8,4.83,4.725,4.795
10/30/1997,4.78,4.895,4.745,4.867
10/31/1997,4.835,4.865,4.72,4.737
11/3/1997,4.75,4.87,4.71,4.845
11/4/1997,4.83,4.89,4.81,4.848
11/5/1997,4.845,4.885,4.83,4.873
11/6/1997,4.87,4.945,4.825,4.897
11/7/1997,4.905,4.96,4.81,4.85
11/10/1997,4.85,4.885,4.825,4.863
11/11/1997,4.86,5.02,4.845,4.905
11/12/1997,4.905,4.97,4.88,4.903
11/13/1997,4.89,5.15,4.88,5.135
11/14/1997,5.135,5.22,4.99,5.08
11/17/1997,5.085,5.155,5.085,5.118
11/18/1997,5.12,5.13,5.06,5.1
11/19/1997,5.1,5.27,5.085,5.218
11/20/1997,5.22,5.24,5.17,5.228
11/21/1997,5.225,5.495,5.21,5.418
11/24/1997,5.44,5.465,5.34,5.375
11/25/1997,5.345,5.38,5.15,5.221
11/26/1997,5.205,5.24,5.15,5.221
12/1/1997,5.3,5.35,5.205,5.345
12/2/1997,5.36,5.38,5.32,5.348
12/3/1997,5.355,5.4,5.25,5.323
12/4/1997,5.32,5.34,5.275,5.305
12/5/1997,5.3,5.495,5.3,5.428
12/8/1997,5.44,5.46,5.365,5.395
12/9/1997,5.395,5.46,5.33,5.448
12/10/1997,5.455,5.885,5.455,5.875
12/11/1997,5.905,6.22,5.775,5.81
12/12/1997,5.795,5.96,5.76,5.878
12/15/1997,5.89,6.045,5.865,5.905
12/16/1997,5.9,5.99,5.81,5.965
12/17/1997,5.99,6.095,5.915,5.968
12/18/1997,5.97,6.08,5.93,6.073
12/19/1997,6.08,6.13,6,6.055
12/22/1997,6.05,6.08,6.015,6.025
12/23/1997,6.03,6.25,6.015,6.243
12/24/1997,6.265,6.395,6.195,6.378
12/26/1997,6.375,6.38,6.31,6.35
12/29/1997,6.35,6.35,6.2,6.33
12/30/1997,6.33,6.33,6.12,6.185
12/31/1997,6.175,6.175,5.8,5.988
1/2/1998,5.955,5.99,5.925,5.955
1/5/1998,5.93,5.955,5.815,5.923
1/6/1998,5.93,6.19,5.835,6.065
1/7/1998,6.045,6.08,5.96,6.018
1/8/1998,6.01,6.08,5.64,5.773
1/9/1998,5.755,5.805,5.615,5.638
1/12/1998,5.61,5.64,5.405,5.475
1/13/1998,5.47,5.695,5.385,5.685
1/14/1998,5.685,5.81,5.595,5.688
1/15/1998,5.675,5.835,5.63,5.813
1/16/1998,5.83,5.89,5.755,5.783
1/20/1998,5.74,5.855,5.66,5.673
1/21/1998,5.67,5.815,5.66,5.803
1/22/1998,5.815,5.875,5.7,5.718
1/23/1998,5.76,5.94,5.715,5.893
1/26/1998,5.92,5.95,5.815,5.938
1/27/1998,5.945,6.11,5.92,6.103
1/28/1998,6.105,6.145,5.82,6.053
1/29/1998,6.07,6.11,6,6.03
1/30/1998,6.025,6.34,5.96,6.125
2/2/1998,6.135,6.26,6.115,6.248
2/3/1998,6.255,6.63,6.215,6.615
2/4/1998,6.615,7.08,6.56,7.02
2/5/1998,7.01,7.47,6.88,7.28
2/6/1998,7.25,7.5,7.03,7.06
2/9/1998,7.06,7.115,6.835,6.945
2/10/1998,6.95,7.17,6.885,7.1
2/11/1998,7.11,7.14,6.92,6.998
2/12/1998,7.015,7.1,6.925,7
2/13/1998,7.025,7.14,6.98,7.095
2/17/1998,7.07,7.205,6.7,6.77
2/18/1998,6.78,6.795,6.52,6.565
2/19/1998,6.595,6.84,6.48,6.82
2/20/1998,6.82,6.82,6.48,6.523
2/23/1998,6.52,6.53,6.36,6.473
2/24/1998,6.475,6.52,6.29,6.335
2/25/1998,6.35,6.385,5.99,6.007
2/26/1998,6.06,6.245,6.02,6.203
2/27/1998,6.21,6.5,6.205,6.48
3/2/1998,6.485,6.6,6.45,6.568
3/3/1998,6.57,6.57,6.3,6.383
3/4/1998,6.39,6.405,6.3,6.348
3/5/1998,6.345,6.415,6.26,6.363
3/6/1998,6.35,6.4,6.05,6.07
3/9/1998,6.07,6.12,5.905,6.093
3/10/1998,6.1,6.32,6.05,6.305
3/11/1998,6.315,6.335,6.11,6.125
3/12/1998,6.11,6.21,6.04,6.185
3/13/1998,6.195,6.23,6.035,6.135
3/16/1998,6.15,6.155,6.055,6.095
3/17/1998,6.085,6.125,5.8,5.835
3/18/1998,5.835,5.95,5.71,5.928
3/19/1998,5.92,5.99,5.57,5.89
3/20/1998,5.895,6.16,5.755,6.135
3/23/1998,6.135,6.395,6.12,6.38
3/24/1998,6.375,6.51,6.29,6.335
3/25/1998,6.32,6.36,6.16,6.19
3/26/1998,6.19,6.385,6.14,6.363
3/27/1998,6.365,6.43,6.305,6.32
3/30/1998,6.35,6.375,6.27,6.295
3/31/1998,6.29,6.49,6.23,6.467
4/1/1998,6.45,6.47,6.28,6.33
4/2/1998,6.33,6.57,6.3,6.533
4/3/1998,6.53,6.745,6.51,6.575
4/6/1998,6.57,6.63,6.26,6.37
4/7/1998,6.38,6.48,6.315,6.377
4/8/1998,6.415,6.485,6.33,6.393
4/9/1998,6.4,6.45,6.2,6.4
4/13/1998,6.38,6.4,6.31,6.353
4/14/1998,6.355,6.365,6.18,6.265
4/15/1998,6.23,6.32,6.19,6.3
4/16/1998,6.305,6.305,6.05,6.29
4/17/1998,6.29,6.29,6.205,6.237
4/20/1998,6.23,6.28,6.18,6.215
4/21/1998,6.22,6.375,6.155,6.293
4/22/1998,6.295,6.34,6.23,6.263
4/23/1998,6.27,6.305,6.23,6.285
4/24/1998,6.285,6.29,6.18,6.225
4/27/1998,6.225,6.245,6.12,6.148
4/28/1998,6.135,6.18,6.075,6.115
4/29/1998,6.17,6.27,6.08,6.24
4/30/1998,6.25,6.34,6.17,6.23
5/1/1998,6.23,6.26,6.14,6.153
5/4/1998,6.17,6.27,6.125,6.247
5/5/1998,6.26,6.33,6.08,6.108
5/6/1998,6.11,6.17,5.88,5.918
5/7/1998,5.94,5.995,5.85,5.975
5/8/1998,5.975,6.04,5.955,5.962
5/11/1998,5.96,5.98,5.725,5.732
5/12/1998,5.75,5.79,5.5,5.565
5/13/1998,5.57,5.595,5.425,5.533
5/14/1998,5.53,5.62,5.52,5.56
5/15/1998,5.57,5.69,5.55,5.572
5/18/1998,5.575,5.575,5.28,5.287
5/19/1998,5.295,5.295,5.165,5.172
5/20/1998,5.18,5.335,5.09,5.235
5/21/1998,5.24,5.35,5.215,5.28
5/22/1998,5.28,5.33,5.25,5.255
5/26/1998,5.25,5.285,5.07,5.105
5/27/1998,5.1,5.205,4.995,5.168
5/28/1998,5.135,5.22,5.04,5.05
5/29/1998,5.04,5.1,4.92,5.085
6/1/1998,5.1,5.155,4.98,5.055
6/2/1998,5.05,5.2,4.985,5.168
6/3/1998,5.17,5.21,5.1,5.178
6/4/1998,5.18,5.23,5.12,5.22
6/5/1998,5.22,5.29,5.055,5.273
6/8/1998,5.27,5.425,5.125,5.418
6/9/1998,5.42,5.48,5.29,5.32
6/10/1998,5.32,5.38,5.295,5.318
6/11/1998,5.325,5.33,5.13,5.155
6/12/1998,5.14,5.205,5.065,5.103
6/15/1998,5.12,5.12,5.05,5.078
6/16/1998,5.07,5.22,5.04,5.183
6/17/1998,5.185,5.375,5.175,5.365
6/18/1998,5.35,5.4,5.21,5.26
6/19/1998,5.245,5.455,5.245,5.352
6/22/1998,5.31,5.34,5.26,5.325
6/23/1998,5.31,5.36,5.31,5.34
6/24/1998,5.335,5.34,5.24,5.262
6/25/1998,5.26,5.35,5.25,5.335
6/26/1998,5.37,5.43,5.255,5.328
6/29/1998,5.33,5.37,5.26,5.34
6/30/1998,5.325,5.585,5.325,5.535
7/1/1998,5.53,5.595,5.45,5.475
7/2/1998,5.47,5.515,5.28,5.332
7/6/1998,5.355,5.375,5.325,5.34
7/7/1998,5.345,5.445,5.34,5.408
7/8/1998,5.41,5.445,5.26,5.365
7/9/1998,5.35,5.385,5.285,5.355
7/10/1998,5.36,5.36,5.26,5.305
7/13/1998,5.31,5.405,5.235,5.333
7/14/1998,5.335,5.385,5.285,5.325
7/15/1998,5.34,5.36,5.29,5.343
7/16/1998,5.35,5.42,5.295,5.34
7/17/1998,5.335,5.395,5.285,5.373
7/20/1998,5.375,5.475,5.375,5.47
7/21/1998,5.47,5.575,5.405,5.54
7/22/1998,5.54,5.71,5.525,5.66
7/23/1998,5.67,5.85,5.645,5.802
7/24/1998,5.84,5.885,5.635,5.707
7/27/1998,5.71,5.72,5.61,5.65
7/28/1998,5.655,5.705,5.615,5.67
7/29/1998,5.68,5.75,5.58,5.593
7/30/1998,5.59,5.6,5.48,5.515
7/31/1998,5.52,5.54,5.425,5.458
8/3/1998,5.46,5.485,5.355,5.36
8/4/1998,5.365,5.48,5.35,5.453
8/5/1998,5.45,5.5,5.385,5.405
8/6/1998,5.41,5.48,5.395,5.43
8/7/1998,5.43,5.45,5.265,5.273
8/10/1998,5.275,5.325,5.265,5.31
8/11/1998,5.32,5.335,5.14,5.178
8/12/1998,5.17,5.25,5.12,5.14
8/13/1998,5.15,5.2,5.04,5.188
8/14/1998,5.18,5.2,5.1,5.15
8/17/1998,5.165,5.165,5.03,5.11
8/18/1998,5.12,5.12,5.04,5.07
8/19/1998,5.07,5.12,5.04,5.068
8/20/1998,5.065,5.18,5.045,5.145
8/21/1998,5.145,5.175,5.12,5.165
8/24/1998,5.175,5.175,5.12,5.125
8/25/1998,5.125,5.13,4.99,5.01
8/26/1998,5.01,5.085,4.895,4.965
8/27/1998,4.96,4.985,4.84,4.855
8/28/1998,4.9,4.935,4.675,4.695
8/31/1998,4.705,4.78,4.67,4.678
9/1/1998,4.68,4.885,4.605,4.79
9/2/1998,4.79,4.885,4.79,4.84
9/3/1998,4.84,5,4.75,4.95
9/4/1998,4.96,5.06,4.93,5.03
9/8/1998,5.04,5.055,4.86,4.913
9/9/1998,4.91,4.985,4.855,4.95
9/10/1998,4.95,5.11,4.94,5.05
9/11/1998,5.05,5.15,4.935,5.025
9/14/1998,5.005,5.03,4.94,4.96
9/15/1998,4.96,5.02,4.905,4.955
9/16/1998,4.94,5.005,4.91,4.92
9/17/1998,4.92,5.02,4.905,4.985
9/18/1998,5,5.01,4.94,4.975
9/21/1998,4.985,5.055,4.84,4.855
9/22/1998,4.87,4.925,4.865,4.89
9/23/1998,4.89,5.07,4.88,5.043
9/24/1998,5.05,5.175,5.025,5.153
9/25/1998,5.16,5.25,5.145,5.168
9/28/1998,5.21,5.3,5.12,5.29
9/29/1998,5.29,5.4,5.28,5.36
9/30/1998,5.36,5.4,5.24,5.36
10/1/1998,5.36,5.475,5.28,5.295
10/2/1998,5.295,5.345,5.195,5.207
10/5/1998,5.2,5.23,5.055,5.065
10/6/1998,5.07,5.12,5.05,5.09
10/7/1998,5.1,5.165,5.03,5.137
10/8/1998,5.15,5.23,4.95,4.997
10/9/1998,5,5.035,4.765,4.8
10/12/1998,4.835,4.89,4.81,4.838
10/13/1998,4.84,4.88,4.82,4.84
10/14/1998,4.835,4.865,4.79,4.83
10/15/1998,4.845,4.935,4.765,4.895
10/16/1998,4.915,4.99,4.83,4.95
10/19/1998,4.935,4.95,4.88,4.885
10/20/1998,4.89,4.92,4.84,4.885
10/21/1998,4.88,4.94,4.865,4.885
10/22/1998,4.89,4.895,4.835,4.883
10/23/1998,4.885,4.91,4.855,4.875
10/26/1998,4.87,5,4.82,4.983
10/27/1998,4.98,5.03,4.915,4.945
10/28/1998,4.945,5.11,4.945,5.048
10/29/1998,5.05,5.13,5.02,5.075
10/30/1998,5.075,5.09,5.02,5.043
11/2/1998,5.05,5.07,4.995,5.03
11/3/1998,5.03,5.03,4.86,4.92
11/4/1998,4.925,4.965,4.895,4.942
11/5/1998,4.93,5.055,4.93,5.045
11/6/1998,5.045,5.085,4.99,5.01
11/9/1998,5,5.05,4.975,5.035
11/10/1998,5.04,5.045,4.975,4.993
11/11/1998,4.99,5.015,4.975,5
11/12/1998,5,5.15,4.98,5.133
11/13/1998,5.135,5.15,5.005,5.025
11/16/1998,5.01,5.05,4.895,4.927
11/17/1998,4.935,4.96,4.905,4.927
11/18/1998,4.915,5.005,4.915,4.972
11/19/1998,4.965,5.01,4.94,4.95
11/20/1998,4.95,4.965,4.85,4.89
11/23/1998,4.9,4.91,4.865,4.892
11/24/1998,4.89,4.905,4.855,4.882
11/25/1998,4.88,4.985,4.87,4.901
11/30/1998,4.95,4.995,4.865,4.885
12/1/1998,4.9,4.94,4.875,4.91
12/2/1998,4.905,4.91,4.71,4.72
12/3/1998,4.74,4.8,4.585,4.795
12/4/1998,4.79,4.875,4.775,4.787
12/7/1998,4.79,4.85,4.76,4.808
12/8/1998,4.8,4.86,4.76,4.805
12/9/1998,4.805,4.865,4.785,4.79
12/10/1998,4.795,4.86,4.79,4.81
12/11/1998,4.825,4.84,4.72,4.8
12/14/1998,4.805,4.93,4.79,4.892
12/15/1998,4.895,4.92,4.875,4.892
12/16/1998,4.9,5.08,4.9,5.075
12/17/1998,5.07,5.11,4.895,4.96
12/18/1998,4.96,5,4.92,4.947
12/21/1998,4.98,4.98,4.895,4.905
12/22/1998,4.915,4.96,4.88,4.918
12/23/1998,4.925,4.93,4.84,4.903
12/24/1998,4.91,4.945,4.905,4.93
12/28/1998,4.925,4.945,4.915,4.935
12/29/1998,4.935,5.055,4.92,5.035
12/30/1998,5.03,5.095,4.995,5.035
12/31/1998,5.035,5.065,5.005,5.02
1/4/1999,5.03,5.04,4.86,4.94
1/5/1999,4.925,5.06,4.9,5.042
1/6/1999,5.04,5.24,5.04,5.165
1/7/1999,5.16,5.35,5.15,5.24
1/8/1999,5.235,5.305,5.175,5.288
1/11/1999,5.285,5.385,5.215,5.355
1/12/1999,5.355,5.41,5.225,5.245
1/13/1999,5.25,5.25,5.07,5.19
1/14/1999,5.19,5.2,5.08,5.175
1/15/1999,5.175,5.175,5.05,5.13
1/19/1999,5.13,5.18,5.06,5.133
1/20/1999,5.135,5.18,5.11,5.163
1/21/1999,5.165,5.21,5.085,5.123
1/22/1999,5.125,5.145,5.085,5.095
1/25/1999,5.09,5.19,5.085,5.182
1/26/1999,5.185,5.185,5.08,5.115
1/27/1999,5.105,5.135,5.06,5.103
1/28/1999,5.1,5.25,5.08,5.245
1/29/1999,5.245,5.29,5.21,5.235
2/1/1999,5.235,5.32,5.235,5.308
2/2/1999,5.31,5.475,5.24,5.468
2/3/1999,5.465,5.58,5.41,5.543
2/4/1999,5.54,5.8,5.49,5.76
2/5/1999,5.765,5.81,5.61,5.642
2/8/1999,5.625,5.635,5.555,5.622
2/9/1999,5.62,5.62,5.5,5.505
2/10/1999,5.51,5.565,5.46,5.488
2/11/1999,5.48,5.575,5.45,5.565
2/12/1999,5.56,5.7,5.56,5.662
2/16/1999,5.735,5.735,5.31,5.445
2/17/1999,5.44,5.475,5.345,5.408
2/18/1999,5.41,5.51,5.37,5.48
2/19/1999,5.495,5.615,5.495,5.6
2/22/1999,5.62,5.62,5.425,5.46
2/23/1999,5.445,5.55,5.44,5.46
2/24/1999,5.46,5.525,5.325,5.373
2/25/1999,5.4,5.62,5.38,5.565
2/26/1999,5.56,5.64,5.46,5.63
3/1/1999,5.625,5.66,5.49,5.525
3/2/1999,5.52,5.58,5.29,5.323
3/3/1999,5.34,5.36,5.17,5.245
3/4/1999,5.24,5.315,5.195,5.273
3/5/1999,5.27,5.325,5.13,5.203
3/8/1999,5.19,5.3,5.185,5.288
3/9/1999,5.3,5.325,5.21,5.24
3/10/1999,5.24,5.3,5.21,5.268
3/11/1999,5.275,5.35,5.265,5.343
3/12/1999,5.335,5.36,5.25,5.31
3/15/1999,5.29,5.3,5.08,5.098
3/16/1999,5.1,5.13,4.955,5.043
3/17/1999,5.045,5.07,4.985,5.04
3/18/1999,5.05,5.065,4.99,5.015
3/19/1999,5.01,5.095,4.99,5.045
3/22/1999,5.05,5.115,5.04,5.107
3/23/1999,5.105,5.135,5.035,5.11
3/24/1999,5.1,5.115,5.06,5.075
3/25/1999,5.075,5.12,5.04,5.105
3/26/1999,5.1,5.115,5.035,5.09
3/29/1999,5.09,5.18,5.05,5.115
3/30/1999,5.11,5.12,4.995,5.003
3/31/1999,5.01,5.06,4.96,4.97
4/1/1999,4.975,5.04,4.97,5.028
4/5/1999,5.03,5.04,4.905,4.918
4/6/1999,4.915,4.965,4.885,4.948
4/7/1999,4.95,4.985,4.935,4.96
4/8/1999,4.96,4.985,4.88,4.885
4/9/1999,4.88,4.945,4.845,4.93
4/12/1999,4.935,5.005,4.885,4.895
4/13/1999,4.895,4.94,4.825,4.905
4/14/1999,4.92,4.95,4.82,4.86
4/15/1999,4.855,5.03,4.85,5.01
4/16/1999,5.005,5.065,4.995,5.04
4/19/1999,5.05,5.17,5.045,5.15
4/20/1999,5.15,5.18,5.1,5.125
4/21/1999,5.13,5.17,5.085,5.155
4/22/1999,5.155,5.2,5.09,5.167
4/23/1999,5.17,5.19,5.12,5.145
4/26/1999,5.135,5.14,5.055,5.1
4/27/1999,5.1,5.19,5.085,5.183
4/28/1999,5.175,5.28,5.165,5.253
4/29/1999,5.275,5.42,5.265,5.413
4/30/1999,5.395,5.485,5.36,5.43
5/3/1999,5.425,5.47,5.38,5.385
5/4/1999,5.38,5.38,5.305,5.325
5/5/1999,5.325,5.41,5.305,5.397
5/6/1999,5.395,5.45,5.375,5.387
5/7/1999,5.395,5.455,5.2,5.445
5/10/1999,5.425,5.47,5.37,5.43
5/11/1999,5.455,5.48,5.38,5.415
5/12/1999,5.42,5.425,5.365,5.383
5/13/1999,5.375,5.58,5.365,5.57
5/14/1999,5.58,5.58,5.34,5.39
5/17/1999,5.39,5.435,5.375,5.39
5/18/1999,5.38,5.41,5.27,5.338
5/19/1999,5.34,5.345,5.255,5.285
5/20/1999,5.295,5.355,5.29,5.31
5/21/1999,5.305,5.335,5.19,5.21
5/24/1999,5.22,5.22,5.05,5.055
5/25/1999,5.055,5.105,5.05,5.06
5/26/1999,5.06,5.12,5.04,5.055
5/27/1999,5.055,5.06,4.93,4.94
5/28/1999,4.945,4.98,4.88,4.895
6/1/1999,4.9,5.01,4.885,4.985
6/2/1999,4.985,5.025,4.945,4.978
6/3/1999,4.97,5,4.92,4.938
6/4/1999,4.945,4.965,4.85,4.94
6/7/1999,4.94,5,4.94,4.98
6/8/1999,4.985,4.995,4.925,4.94
6/9/1999,4.955,5.03,4.91,5.027
6/10/1999,5.03,5.14,5.015,5.095
6/11/1999,5.095,5.13,5.05,5.115
6/14/1999,5.115,5.15,5.1,5.105
6/15/1999,5.1,5.12,5.02,5.05
6/16/1999,5.045,5.045,4.995,5.033
6/17/1999,5.03,5.08,5.02,5.073
6/18/1999,5.075,5.1,4.93,4.96
6/21/1999,4.96,5.055,4.95,5.015
6/22/1999,5.02,5.07,5.01,5.04
6/23/1999,5.045,5.12,5.025,5.105
6/24/1999,5.1,5.15,5.09,5.13
6/25/1999,5.12,5.15,5.05,5.065
6/28/1999,5.055,5.185,5.045,5.152
6/29/1999,5.17,5.24,5.14,5.207
6/30/1999,5.21,5.305,5.205,5.287
7/1/1999,5.3,5.38,5.26,5.302
7/2/1999,5.285,5.38,5.26,5.367
7/6/1999,5.31,5.32,5.18,5.23
7/7/1999,5.225,5.27,5.185,5.25
7/8/1999,5.25,5.33,5.23,5.27
7/9/1999,5.26,5.29,5.22,5.263
7/12/1999,5.255,5.28,5.24,5.26
7/13/1999,5.255,5.255,5.12,5.16
7/14/1999,5.155,5.16,5.07,5.11
7/15/1999,5.1,5.145,5.06,5.127
7/16/1999,5.12,5.155,5.08,5.105
7/19/1999,5.11,5.11,5.065,5.07
7/20/1999,5.07,5.105,5.025,5.082
7/21/1999,5.085,5.17,5.04,5.142
7/22/1999,5.15,5.19,5.09,5.162
7/23/1999,5.155,5.2,5.135,5.172
7/26/1999,5.17,5.185,5.115,5.165
7/27/1999,5.165,5.215,5.14,5.195
7/28/1999,5.19,5.275,5.16,5.265
7/29/1999,5.265,5.46,5.24,5.435
7/30/1999,5.435,5.49,5.41,5.465
8/2/1999,5.46,5.47,5.35,5.385
8/3/1999,5.38,5.495,5.37,5.462
8/4/1999,5.46,5.57,5.45,5.505
8/5/1999,5.51,5.56,5.405,5.435
8/6/1999,5.43,5.45,5.35,5.412
8/9/1999,5.39,5.405,5.305,5.337
8/10/1999,5.335,5.35,5.29,5.342
8/11/1999,5.345,5.425,5.335,5.415
8/12/1999,5.42,5.45,5.36,5.372
8/13/1999,5.37,5.385,5.305,5.322
8/16/1999,5.325,5.325,5.23,5.257
8/17/1999,5.26,5.285,5.22,5.27
8/18/1999,5.265,5.295,5.225,5.24
8/19/1999,5.235,5.245,5.15,5.22
8/20/1999,5.22,5.27,5.18,5.255
8/23/1999,5.25,5.285,5.14,5.145
8/24/1999,5.15,5.18,5.13,5.15
8/25/1999,5.145,5.165,5.07,5.095
8/26/1999,5.1,5.15,5.075,5.13
8/27/1999,5.18,5.195,5.13,5.155
8/30/1999,5.15,5.175,5.095,5.152
8/31/1999,5.15,5.27,5.115,5.22
9/1/1999,5.22,5.25,5.165,5.185
9/2/1999,5.175,5.275,5.15,5.255
9/3/1999,5.255,5.26,5.15,5.173
9/7/1999,5.175,5.235,5.175,5.225
9/8/1999,5.23,5.24,5.165,5.225
9/9/1999,5.225,5.285,5.21,5.24
9/10/1999,5.235,5.255,5.2,5.225
9/13/1999,5.225,5.23,5.155,5.182
9/14/1999,5.18,5.2,5.145,5.155
9/15/1999,5.16,5.17,5.105,5.115
9/16/1999,5.115,5.155,5.115,5.135
9/17/1999,5.13,5.15,5.11,5.123
9/20/1999,5.12,5.14,5.11,5.122
9/21/1999,5.12,5.29,5.115,5.282
9/22/1999,5.28,5.33,5.26,5.29
9/23/1999,5.29,5.32,5.25,5.275
9/24/1999,5.275,5.31,5.245,5.255
9/27/1999,5.26,5.4,5.26,5.355
9/28/1999,5.355,5.95,5.35,5.77
9/29/1999,5.77,5.805,5.595,5.607
9/30/1999,5.595,5.64,5.55,5.615
10/1/1999,5.61,5.715,5.52,5.582
10/4/1999,5.57,5.64,5.56,5.63
10/5/1999,5.64,5.765,5.545,5.563
10/6/1999,5.56,5.58,5.475,5.53
10/7/1999,5.535,5.63,5.535,5.595
10/8/1999,5.6,5.63,5.49,5.55
10/11/1999,5.525,5.575,5.51,5.532
10/12/1999,5.53,5.61,5.525,5.567
10/13/1999,5.56,5.64,5.55,5.6
10/14/1999,5.61,5.675,5.3,5.34
10/15/1999,5.34,5.41,5.32,5.338
10/18/1999,5.36,5.38,5.205,5.24
10/19/1999,5.245,5.265,5.17,5.223
10/20/1999,5.225,5.28,5.2,5.205
10/21/1999,5.21,5.25,5.15,5.233
10/22/1999,5.23,5.26,5.2,5.25
10/25/1999,5.26,5.3,5.24,5.263
10/26/1999,5.265,5.31,5.18,5.21
10/27/1999,5.205,5.245,5.17,5.208
10/28/1999,5.2,5.29,5.2,5.28
10/29/1999,5.285,5.33,5.17,5.18
11/1/1999,5.205,5.23,5.155,5.22
11/2/1999,5.22,5.23,5.18,5.225
11/3/1999,5.225,5.245,5.205,5.227
11/4/1999,5.225,5.255,5.215,5.222
11/5/1999,5.22,5.235,5.08,5.085
11/8/1999,5.09,5.105,5.025,5.053
11/9/1999,5.055,5.12,5.055,5.088
11/10/1999,5.095,5.205,5.085,5.13
11/11/1999,5.14,5.15,5.085,5.098
11/12/1999,5.12,5.12,5.05,5.055
11/15/1999,5.08,5.105,5.055,5.098
11/16/1999,5.085,5.185,5.08,5.165
11/17/1999,5.155,5.185,5.09,5.108
11/18/1999,5.115,5.155,5.11,5.15
11/19/1999,5.15,5.18,5.12,5.13
11/22/1999,5.13,5.215,5.125,5.2
11/23/1999,5.195,5.29,5.185,5.285
11/24/1999,5.285,5.285,5.215,5.235
11/29/1999,5.25,5.255,5.2,5.208
11/30/1999,5.21,5.31,5.21,5.24
12/1/1999,5.24,5.25,5.18,5.218
12/2/1999,5.22,5.23,5.11,5.135
12/3/1999,5.135,5.16,5.105,5.145
12/6/1999,5.14,5.16,5.055,5.155
12/7/1999,5.155,5.2,5.145,5.193
12/8/1999,5.195,5.225,5.13,5.165
12/9/1999,5.17,5.17,5.13,5.153
12/10/1999,5.15,5.185,5.15,5.165
12/13/1999,5.16,5.18,5.145,5.163
12/14/1999,5.17,5.26,5.15,5.23
12/15/1999,5.24,5.25,5.205,5.225
12/16/1999,5.235,5.26,5.19,5.25
12/17/1999,5.25,5.31,5.235,5.262
12/20/1999,5.265,5.275,5.23,5.235
12/21/1999,5.23,5.24,5.185,5.2
12/22/1999,5.22,5.28,5.195,5.267
12/23/1999,5.27,5.27,5.24,5.247
12/27/1999,5.23,5.285,5.215,5.255
12/28/1999,5.255,5.27,5.225,5.242
12/29/1999,5.24,5.44,5.235,5.415
12/30/1999,5.425,5.47,5.37,5.453
1/4/2000,5.42,5.42,5.32,5.375
1/5/2000,5.375,5.38,5.16,5.21
1/6/2000,5.205,5.215,5.15,5.167
1/7/2000,5.17,5.215,5.15,5.195
1/10/2000,5.19,5.23,5.17,5.19
1/11/2000,5.19,5.22,5.19,5.195
1/12/2000,5.205,5.225,5.125,5.143
1/13/2000,5.14,5.175,5.125,5.153
1/14/2000,5.16,5.18,5.13,5.15
1/18/2000,5.16,5.19,5.125,5.165
1/19/2000,5.17,5.19,5.14,5.173
1/20/2000,5.18,5.285,5.155,5.257
1/21/2000,5.26,5.3,5.23,5.26
1/24/2000,5.26,5.32,5.255,5.293
1/25/2000,5.295,5.36,5.29,5.315
1/26/2000,5.32,5.325,5.255,5.283
1/27/2000,5.28,5.43,5.255,5.415
1/28/2000,5.415,5.5,5.32,5.327
1/31/2000,5.31,5.36,5.275,5.317
2/1/2000,5.32,5.325,5.23,5.253
2/2/2000,5.255,5.315,5.235,5.24
2/3/2000,5.24,5.295,5.235,5.288
2/4/2000,5.29,5.6,5.28,5.572
2/7/2000,5.57,5.6,5.26,5.285
2/8/2000,5.29,5.37,5.28,5.34
2/9/2000,5.345,5.46,5.33,5.43
2/10/2000,5.43,5.47,5.35,5.425
2/11/2000,5.425,5.445,5.335,5.35
2/14/2000,5.355,5.355,5.26,5.27
2/15/2000,5.28,5.3,5.25,5.258
2/16/2000,5.26,5.32,5.255,5.305
2/17/2000,5.3,5.355,5.25,5.265
2/18/2000,5.26,5.295,5.26,5.283
2/22/2000,5.285,5.3,5.24,5.293
2/23/2000,5.3,5.305,5.255,5.263
2/24/2000,5.26,5.265,5.16,5.17
2/25/2000,5.225,5.245,5.08,5.088
2/28/2000,5.11,5.15,5.09,5.11
2/29/2000,5.11,5.15,5.1,5.108
3/1/2000,5.125,5.19,5.12,5.133
3/2/2000,5.14,5.14,5.06,5.063
3/3/2000,5.065,5.17,5.06,5.153
3/6/2000,5.145,5.15,5.1,5.105
3/7/2000,5.105,5.165,5.1,5.12
3/8/2000,5.13,5.14,5.11,5.125
3/9/2000,5.125,5.155,5.075,5.14
3/10/2000,5.145,5.155,5.105,5.107
3/13/2000,5.12,5.16,5.105,5.107
3/14/2000,5.12,5.155,5.115,5.132
3/15/2000,5.135,5.2,5.1,5.165
3/16/2000,5.17,5.175,5.09,5.125
3/17/2000,5.13,5.14,5.105,5.13
3/20/2000,5.13,5.145,5.06,5.068
3/21/2000,5.075,5.2,5.065,5.158
3/22/2000,5.165,5.21,5.15,5.165
3/23/2000,5.17,5.17,5.1,5.123
3/24/2000,5.125,5.17,5.105,5.148
3/27/2000,5.155,5.155,5.105,5.12
3/28/2000,5.115,5.135,5.095,5.103
3/29/2000,5.105,5.12,4.965,4.98
3/30/2000,4.99,4.99,4.92,4.983
3/31/2000,4.98,5.05,4.95,5.045
4/3/2000,5.045,5.085,5.035,5.057
4/4/2000,5.055,5.21,5.015,5.165
4/5/2000,5.155,5.19,5.115,5.137
4/6/2000,5.135,5.15,5.1,5.132
4/7/2000,5.145,5.145,5.105,5.122
4/10/2000,5.135,5.185,5.12,5.168
4/11/2000,5.17,5.185,5.13,5.145
4/12/2000,5.15,5.18,5.115,5.148
4/13/2000,5.145,5.195,5.14,5.175
4/14/2000,5.175,5.24,5.125,5.175
4/17/2000,5.17,5.185,5.135,5.143
4/18/2000,5.14,5.175,5.11,5.14
4/19/2000,5.145,5.16,5.125,5.133
4/20/2000,5.135,5.14,4.97,5
4/24/2000,5.01,5.035,4.95,4.953
4/25/2000,4.955,5.02,4.955,5.015
4/26/2000,5.01,5.02,4.93,4.947
4/27/2000,5.015,5.045,4.975,5.015
4/28/2000,5.025,5.04,4.985,5.015
5/1/2000,5.025,5.1,5,5.077
5/2/2000,5.09,5.095,5.06,5.077
5/3/2000,5.07,5.105,5.055,5.077
5/4/2000,5.075,5.18,5.065,5.17
5/5/2000,5.17,5.175,5.035,5.053
5/8/2000,5.055,5.095,5.04,5.065
5/9/2000,5.07,5.135,5.045,5.085
5/10/2000,5.08,5.11,5.065,5.08
5/11/2000,5.075,5.08,5.035,5.06
5/12/2000,5.05,5.095,5.035,5.058
5/15/2000,5.06,5.07,5.015,5.06
5/16/2000,5.06,5.19,5.05,5.145
5/17/2000,5.135,5.14,5.035,5.04
5/18/2000,5.055,5.06,5,5.055
5/19/2000,5.06,5.065,5.01,5.03
5/22/2000,5.03,5.07,5.025,5.048
5/23/2000,5.055,5.065,5.035,5.048
5/24/2000,5.045,5.05,5,5.02
5/25/2000,5.025,5.04,4.92,4.948
5/26/2000,4.955,4.98,4.935,4.963
5/30/2000,4.98,4.995,4.915,4.948
5/31/2000,4.955,4.99,4.945,4.965
6/1/2000,4.985,4.985,4.91,4.965
6/2/2000,4.97,5.09,4.955,5.05
6/5/2000,5.05,5.105,5.045,5.075
6/6/2000,5.07,5.17,5.05,5.11
6/7/2000,5.11,5.135,5.085,5.12
6/8/2000,5.11,5.155,5.08,5.097
6/9/2000,5.1,5.115,5.04,5.062
6/12/2000,5.07,5.07,5.025,5.042
6/13/2000,5.05,5.14,5.015,5.025
6/14/2000,5.025,5.11,5.015,5.09
6/15/2000,5.095,5.115,5.065,5.077
6/16/2000,5.08,5.11,5.065,5.085
6/19/2000,5.09,5.09,5.025,5.043
6/20/2000,5.045,5.065,5.025,5.035
6/21/2000,5.035,5.055,4.96,4.97
6/22/2000,4.97,5,4.95,4.978
6/23/2000,4.98,4.985,4.95,4.958
6/26/2000,4.965,4.995,4.94,4.985
6/27/2000,4.99,5,4.935,4.958
6/28/2000,4.95,4.99,4.95,4.989
6/29/2000,5.035,5.12,5.03,5.058
6/30/2000,5.06,5.11,5.055,5.083
7/5/2000,5.055,5.075,5.015,5.04
7/6/2000,5.04,5.08,5.03,5.053
7/7/2000,5.05,5.055,5.01,5.033
7/10/2000,5.04,5.065,5.035,5.053
7/11/2000,5.05,5.06,5.005,5.01
7/12/2000,5.015,5.05,4.99,5.023
7/13/2000,5.025,5.05,5,5.03
7/14/2000,5.03,5.075,5.02,5.05
7/17/2000,5.055,5.09,5.055,5.065
7/18/2000,5.065,5.085,5.055,5.068
7/19/2000,5.065,5.07,5.02,5.028
7/20/2000,5.03,5.05,5.01,5.04
7/21/2000,5.035,5.055,4.965,4.97
7/24/2000,4.98,5,4.95,4.988
7/25/2000,4.985,5.055,4.98,5.033
7/26/2000,5.035,5.04,4.975,4.99
7/27/2000,5,5.04,4.99,5.005
7/28/2000,5.005,5.025,4.995,5
7/31/2000,5.01,5.04,4.99,5.038
8/1/2000,5.035,5.045,5.01,5.028
8/2/2000,5.03,5.04,5.01,5.023
8/3/2000,5.03,5.03,4.99,5.005
8/4/2000,5.005,5.01,4.925,4.943
8/7/2000,4.943,4.975,4.94,4.97
8/8/2000,4.985,5,4.915,4.935
8/9/2000,4.945,4.945,4.895,4.918
8/10/2000,4.92,4.94,4.9,4.925
8/11/2000,4.925,4.965,4.925,4.945
8/14/2000,4.95,4.955,4.895,4.908
8/15/2000,4.905,4.915,4.875,4.883
8/16/2000,4.89,4.915,4.87,4.875
8/17/2000,4.885,4.915,4.875,4.883
8/18/2000,4.89,4.89,4.845,4.855
8/21/2000,4.86,4.87,4.855,4.868
8/22/2000,4.865,4.865,4.835,4.848
8/23/2000,4.84,4.855,4.78,4.798
8/24/2000,4.8,4.865,4.775,4.86
8/25/2000,4.86,4.93,4.86,4.895
8/28/2000,4.9,4.94,4.9,4.935
8/29/2000,4.93,4.955,4.905,4.947
8/30/2000,4.949999809,4.949999809,4.894999981,4.929999828
8/31/2000,4.920000076,5.045000076,4.920000076,5.002999783
9/1/2000,5.034999847,5.034999847,4.985000134,5.004000187
9/5/2000,4.989999771,5.005000114,4.974999905,4.998000145
9/6/2000,5,5,4.980000019,4.982999802
9/7/2000,4.980000019,4.980000019,4.929999828,4.934999943
9/8/2000,4.940000057,4.945000172,4.909999847,4.922999859
9/11/2000,4.90500021,4.909999847,4.885000229,4.885000229
9/12/2000,4.934999943,4.940000057,4.900000095,4.90899992
9/13/2000,4.920000076,4.920000076,4.880000114,4.892000198
9/14/2000,4.894999981,4.909999847,4.880000114,4.888000011
9/15/2000,4.869999886,4.880000114,4.855000019,4.868000031
9/18/2000,4.875999928,4.875999928,4.875999928,4.875999928
9/19/2000,4.889999866,4.889999866,4.875,4.882999897
9/20/2000,4.860000134,4.864999771,4.829999924,4.829999924
9/21/2000,4.900000095,4.900000095,4.869999886,4.872000217
9/22/2000,4.900000095,4.909999847,4.900000095,4.909999847
9/25/2000,4.900000095,4.914999962,4.860000134,4.914999962
9/26/2000,4.929999828,4.931000233,4.929999828,4.931000233
9/27/2000,4.909999847,4.967999935,4.909999847,4.967999935
9/28/2000,4.953000069,4.953000069,4.953000069,4.953000069
9/29/2000,4.869999886,4.899000168,4.869999886,4.899000168
10/2/2000,4.906000137,4.906000137,4.906000137,4.906000137
10/3/2000,4.913000107,4.913000107,4.913000107,4.913000107
10/4/2000,4.840000153,4.874000072,4.840000153,4.874000072
10/5/2000,4.888999939,4.888999939,4.888999939,4.888999939
10/6/2000,4.882999897,4.882999897,4.882999897,4.882999897
10/9/2000,4.885000229,4.885000229,4.885000229,4.885000229
10/10/2000,4.918000221,4.918000221,4.918000221,4.918000221
10/11/2000,4.869999886,4.869999886,4.869999886,4.869999886
10/12/2000,4.922999859,4.922999859,4.922999859,4.922999859
10/13/2000,4.882999897,4.882999897,4.882999897,4.882999897
10/16/2000,4.881000042,4.881000042,4.881000042,4.881000042
10/17/2000,4.842999935,4.842999935,4.842999935,4.842999935
10/18/2000,4.853000164,4.853000164,4.853000164,4.853000164
10/19/2000,4.828000069,4.828000069,4.828000069,4.828000069
10/20/2000,4.828000069,4.828000069,4.828000069,4.828000069
10/23/2000,4.785999775,4.785999775,4.785999775,4.785999775
10/24/2000,4.775000095,4.798999786,4.775000095,4.798999786
10/25/2000,4.763999939,4.763999939,4.763999939,4.763999939
10/26/2000,4.730999947,4.730999947,4.730999947,4.730999947
10/27/2000,4.745999813,4.745999813,4.745999813,4.745999813
10/30/2000,4.769999981,4.769999981,4.748000145,4.748000145
10/31/2000,4.754000187,4.754000187,4.754000187,4.754000187
11/1/2000,4.774000168,4.774000168,4.774000168,4.774000168
11/2/2000,4.710999966,4.710999966,4.710999966,4.710999966
11/3/2000,4.741000175,4.741000175,4.741000175,4.741000175
11/6/2000,4.761000156,4.761000156,4.761000156,4.761000156
11/7/2000,4.721000195,4.721000195,4.721000195,4.721000195
11/8/2000,4.738999844,4.738999844,4.738999844,4.738999844
11/9/2000,4.749000072,4.749000072,4.749000072,4.749000072
11/10/2000,4.706999779,4.706999779,4.706999779,4.706999779
11/13/2000,4.699999809,4.699999809,4.671999931,4.671999931
11/14/2000,4.678999901,4.678999901,4.678999901,4.678999901
11/15/2000,4.671999931,4.671999931,4.671999931,4.671999931
11/16/2000,4.679999828,4.679999828,4.659999847,4.659999847
11/17/2000,4.644999981,4.644999981,4.644999981,4.644999981
11/20/2000,4.642000198,4.642000198,4.642000198,4.642000198
11/21/2000,4.626999855,4.626999855,4.626999855,4.626999855
11/22/2000,4.625,4.625,4.625,4.625
11/27/2000,4.695000172,4.695000172,4.695000172,4.695000172
11/28/2000,4.697999954,4.697999954,4.697999954,4.697999954
11/29/2000,4.695000172,4.710000038,4.599999905,4.614999771
11/30/2000,4.605000019,4.675000191,4.599999905,4.673999786
12/1/2000,4.675000191,4.684999943,4.639999866,4.639999866
12/4/2000,4.650000095,4.744999886,4.650000095,4.714000225
12/5/2000,4.699999809,4.71999979,4.675000191,4.703999996
12/6/2000,4.695000172,4.760000229,4.695000172,4.754000187
12/7/2000,4.764999866,4.764999866,4.704999924,4.723999977
12/8/2000,4.699999809,4.699999809,4.647999763,4.647999763
12/11/2000,4.656000137,4.664999962,4.65500021,4.656000137
12/12/2000,4.675000191,4.675000191,4.659999847,4.659999847
12/13/2000,4.635000229,4.635000229,4.619999886,4.623000145
12/14/2000,4.625,4.625,4.59800005,4.59800005
12/15/2000,4.550000191,4.574999809,4.550000191,4.563000202
12/18/2000,4.579999924,4.579999924,4.574999809,4.574999809
12/19/2000,4.59499979,4.59499979,4.585000038,4.585000038
12/20/2000,4.610000134,4.650000095,4.596000195,4.596000195
12/21/2000,4.598999977,4.598999977,4.598999977,4.598999977
12/22/2000,4.599999905,4.611000061,4.599999905,4.611000061
12/26/2000,4.623000145,4.623000145,4.623000145,4.623000145
12/27/2000,4.583000183,4.583000183,4.583000183,4.583000183
12/28/2000,4.559999943,4.586999893,4.559999943,4.586999893
12/29/2000,4.585000038,4.585000038,4.585000038,4.585000038
1/2/2001,4.545000076,4.545000076,4.545000076,4.545000076
1/3/2001,4.5,4.5,4.489999771,4.489999771
1/4/2001,4.532000065,4.532000065,4.532000065,4.532000065
1/5/2001,4.554999828,4.554999828,4.554999828,4.554999828
1/8/2001,4.545000076,4.545000076,4.545000076,4.545000076
1/9/2001,4.53000021,4.550000191,4.53000021,4.550000191
1/10/2001,4.534999847,4.534999847,4.534999847,4.534999847
1/11/2001,4.55700016,4.55700016,4.55700016,4.55700016
1/12/2001,4.622000217,4.622000217,4.622000217,4.622000217
1/16/2001,4.677000046,4.677000046,4.677000046,4.677000046
1/17/2001,4.710000038,4.710000038,4.710000038,4.710000038
1/18/2001,4.794000149,4.794000149,4.794000149,4.794000149
1/19/2001,4.749000072,4.749000072,4.749000072,4.749000072
1/22/2001,4.774000168,4.774000168,4.774000168,4.774000168
1/23/2001,4.776000023,4.776000023,4.776000023,4.776000023
1/24/2001,4.768000126,4.768000126,4.768000126,4.768000126
1/25/2001,4.784999847,4.784999847,4.784999847,4.784999847
1/26/2001,4.804999828,4.804999828,4.804999828,4.804999828
1/29/2001,4.802999973,4.802999973,4.802999973,4.802999973
1/30/2001,4.796000004,4.796000004,4.796000004,4.796000004
1/31/2001,4.769999981,4.790999889,4.769999981,4.790999889
2/1/2001,4.739999771,4.789999962,4.739999771,4.789999962
2/2/2001,4.768000126,4.768000126,4.768000126,4.768000126
2/5/2001,4.677999973,4.677999973,4.677999973,4.677999973
2/6/2001,4.652999878,4.652999878,4.652999878,4.652999878
2/7/2001,4.611000061,4.611000061,4.611000061,4.611000061
2/8/2001,4.559999943,4.559999943,4.559999943,4.559999943
2/9/2001,4.552999973,4.552999973,4.552999973,4.552999973
2/12/2001,4.552999973,4.552999973,4.552999973,4.552999973
2/13/2001,4.552999973,4.552999973,4.552999973,4.552999973
2/14/2001,4.579999924,4.579999924,4.579999924,4.579999924
2/15/2001,4.513000011,4.513000011,4.513000011,4.513000011
2/16/2001,4.487999916,4.487999916,4.487999916,4.487999916
2/20/2001,4.418000221,4.418000221,4.418000221,4.418000221
2/21/2001,4.406000137,4.406000137,4.406000137,4.406000137
2/22/2001,4.413000107,4.413000107,4.413000107,4.413000107
2/23/2001,4.431000233,4.431000233,4.431000233,4.431000233
2/26/2001,4.44299984,4.44299984,4.44299984,4.44299984
2/27/2001,4.460000038,4.46999979,4.400000095,4.414000034
2/28/2001,4.420000076,4.539999962,4.389999866,4.472000122
3/1/2001,4.485000134,4.489999771,4.389999866,4.394999981
3/2/2001,4.40500021,4.449999809,4.389999866,4.419000149
3/5/2001,4.40500021,4.449999809,4.380000114,4.415999889
3/6/2001,4.389999866,4.420000076,4.389999866,4.407999992
3/7/2001,4.380000114,4.440000057,4.380000114,4.427999973
3/8/2001,4.409999847,4.494999886,4.409999847,4.475999832
3/9/2001,4.460000038,4.519999981,4.460000038,4.487999916
3/12/2001,4.494999886,4.494999886,4.400000095,4.40899992
3/13/2001,4.375,4.434999943,4.375,4.419000149
3/14/2001,4.389999866,4.445000172,4.389999866,4.427999973
3/15/2001,4.394999981,4.425000191,4.320000172,4.324999809
3/16/2001,4.309999943,4.309999943,4.269999981,4.288000107
3/19/2001,4.284999847,4.295000076,4.28000021,4.295000076
3/20/2001,4.289999962,4.328000069,4.289999962,4.328000069
3/21/2001,4.300000191,4.329999924,4.300000191,4.322999954
3/22/2001,4.309999943,4.334000111,4.309999943,4.334000111
3/23/2001,4.329999924,4.342000008,4.329999924,4.342000008
3/26/2001,4.355000019,4.359000206,4.340000153,4.359000206
3/27/2001,4.414000034,4.414000034,4.414000034,4.414000034
3/28/2001,4.354000092,4.385000229,4.354000092,4.354000092
3/29/2001,4.349999905,4.349999905,4.31799984,4.31799984
3/30/2001,4.277999878,4.277999878,4.277999878,4.277999878
4/2/2001,4.297999859,4.297999859,4.297999859,4.297999859
4/3/2001,4.296000004,4.296000004,4.296000004,4.296000004
4/4/2001,4.322999954,4.322999954,4.322999954,4.322999954
4/5/2001,4.34100008,4.34100008,4.34100008,4.34100008
4/6/2001,4.321000099,4.321000099,4.321000099,4.321000099
4/9/2001,4.301000118,4.301000118,4.301000118,4.301000118
4/10/2001,4.31099987,4.31099987,4.31099987,4.31099987
4/11/2001,4.353000164,4.353000164,4.353000164,4.353000164
4/12/2001,4.357999802,4.357999802,4.357999802,4.357999802
4/16/2001,4.43200016,4.43200016,4.43200016,4.43200016
4/17/2001,4.360000134,4.360000134,4.360000134,4.360000134
4/18/2001,4.356999874,4.356999874,4.356999874,4.356999874
4/19/2001,4.419000149,4.419000149,4.419000149,4.419000149
4/20/2001,4.434999943,4.434999943,4.434999943,4.434999943
4/23/2001,4.434999943,4.434999943,4.434999943,4.434999943
4/24/2001,4.447999954,4.447999954,4.447999954,4.447999954
4/25/2001,4.364999771,4.364999771,4.364999771,4.364999771
4/26/2001,4.376999855,4.376999855,4.376999855,4.376999855
4/27/2001,4.380000114,4.409999847,4.349999905,4.356999874
4/30/2001,4.360000134,4.360000134,4.309999943,4.320000172
5/1/2001,4.309999943,4.360000134,4.309999943,4.349999905
5/2/2001,4.335000038,4.389999866,4.335000038,4.360000134
5/3/2001,4.375,4.375,4.329999924,4.329999924
5/4/2001,4.327000141,4.327000141,4.320000172,4.327000141
5/7/2001,4.294000149,4.315000057,4.294000149,4.294000149
5/8/2001,4.309999943,4.309999943,4.303999901,4.303999901
5/9/2001,4.329999924,4.386000156,4.329999924,4.386000156
5/10/2001,4.340000153,4.340000153,4.322999954,4.322999954
5/11/2001,4.324999809,4.329999924,4.309999943,4.309999943
5/14/2001,4.331999779,4.331999779,4.331999779,4.331999779
5/15/2001,4.295000076,4.295000076,4.295000076,4.295000076
5/16/2001,4.438000202,4.438000202,4.438000202,4.438000202
5/17/2001,4.429999828,4.46999979,4.429999828,4.46999979
5/18/2001,4.480000019,4.552000046,4.480000019,4.552000046
5/21/2001,4.635000229,4.635000229,4.526000023,4.526000023
5/22/2001,4.514999866,4.544000149,4.514999866,4.544000149
5/23/2001,4.505000114,4.559999943,4.505000114,4.559999943
5/24/2001,4.610000134,4.610000134,4.603000164,4.603000164
5/25/2001,4.579999924,4.590000153,4.559999943,4.563000202
5/29/2001,4.522999763,4.522999763,4.522999763,4.522999763
5/30/2001,4.422999859,4.445000172,4.422999859,4.422999859
5/31/2001,4.395999908,4.395999908,4.395999908,4.395999908
6/1/2001,4.40899992,4.40899992,4.40899992,4.40899992
6/4/2001,4.320000172,4.321000099,4.320000172,4.321000099
6/5/2001,4.328999996,4.328999996,4.328999996,4.328999996
6/6/2001,4.328000069,4.328000069,4.328000069,4.328000069
6/7/2001,4.322999954,4.322999954,4.322999954,4.322999954
6/8/2001,4.357999802,4.357999802,4.357999802,4.357999802
6/11/2001,4.326000214,4.326000214,4.326000214,4.326000214
6/12/2001,4.364999771,4.364999771,4.364999771,4.364999771
6/13/2001,4.40500021,4.40500021,4.364999771,4.40500021
6/14/2001,4.460000038,4.460000038,4.460000038,4.460000038
6/15/2001,4.393000126,4.393000126,4.393000126,4.393000126
6/18/2001,4.414999962,4.414999962,4.414999962,4.414999962
6/19/2001,4.400000095,4.400000095,4.393000126,4.393000126
6/20/2001,4.337999821,4.337999821,4.337999821,4.337999821
6/21/2001,4.315999985,4.315999985,4.315999985,4.315999985
6/22/2001,4.298999786,4.298999786,4.298999786,4.298999786
6/25/2001,4.294000149,4.294000149,4.294000149,4.294000149
6/26/2001,4.343999863,4.343999863,4.343999863,4.343999863
6/27/2001,4.304999828,4.304999828,4.304999828,4.304999828
6/28/2001,4.309999943,4.320000172,4.28000021,4.293000221
6/29/2001,4.284999847,4.324999809,4.28000021,4.291999817
7/2/2001,4.260000229,4.28000021,4.239999771,4.27699995
7/3/2001,4.269999981,4.28000021,4.235000134,4.243000031
7/5/2001,4.239999771,4.239999771,4.199999809,4.208000183
7/6/2001,4.235000134,4.25,4.179999828,4.235000134
7/9/2001,4.215000153,4.235000134,4.199999809,4.212999821
7/10/2001,4.215000153,4.25,4.215000153,4.235000134
7/11/2001,4.21999979,4.260000229,4.21999979,4.231999874
7/12/2001,4.210000038,4.25,4.210000038,4.241000175
7/13/2001,4.215000153,4.282000065,4.215000153,4.282000065
7/16/2001,4.260000229,4.28000021,4.186999798,4.186999798
7/17/2001,4.179999828,4.224999905,4.179999828,4.224999905
7/18/2001,4.224999905,4.264999866,4.190000057,4.264999866
7/19/2001,4.217999935,4.217999935,4.217999935,4.217999935
7/20/2001,4.218999863,4.218999863,4.218999863,4.218999863
7/23/2001,4.238999844,4.238999844,4.238999844,4.238999844
7/24/2001,4.239999771,4.239999771,4.239999771,4.239999771
7/25/2001,4.212999821,4.212999821,4.212999821,4.212999821
7/26/2001,4.239999771,4.239999771,4.222000122,4.222000122
7/27/2001,4.21999979,4.21999979,4.202000141,4.202000141
7/30/2001,4.184999943,4.210000038,4.184999943,4.190000057
7/31/2001,4.210000038,4.210000038,4.210000038,4.210000038
8/1/2001,4.217000008,4.217000008,4.217000008,4.217000008
8/2/2001,4.21999979,4.21999979,4.21999979,4.21999979
8/3/2001,4.212999821,4.212999821,4.212999821,4.212999821
8/6/2001,4.177999973,4.177999973,4.177999973,4.177999973
8/7/2001,4.157999992,4.157999992,4.157999992,4.157999992
8/8/2001,4.138000011,4.138000011,4.138000011,4.138000011
8/9/2001,4.204999924,4.204999924,4.204999924,4.204999924
8/10/2001,4.210000038,4.210000038,4.135000229,4.135000229
8/13/2001,4.136000156,4.136000156,4.136000156,4.136000156
8/14/2001,4.190999985,4.190999985,4.190999985,4.190999985
8/15/2001,4.144000053,4.144000053,4.144000053,4.144000053
8/16/2001,4.190000057,4.190000057,4.190000057,4.190000057
8/17/2001,4.256999969,4.256999969,4.256999969,4.256999969
8/20/2001,4.144999981,4.144999981,4.144999981,4.144999981
8/21/2001,4.184999943,4.184999943,4.184999943,4.184999943
8/22/2001,4.202000141,4.202000141,4.202000141,4.202000141
8/23/2001,4.214000225,4.214000225,4.214000225,4.214000225
8/24/2001,4.18200016,4.18200016,4.18200016,4.18200016
8/27/2001,4.193999767,4.193999767,4.193999767,4.193999767
8/28/2001,4.179999828,4.179999828,4.179999828,4.179999828
8/29/2001,4.18200016,4.18200016,4.18200016,4.18200016
8/30/2001,4.184999943,4.190000057,4.139999866,4.156000137
8/31/2001,4.144999981,4.170000076,4.139999866,4.162000179
9/4/2001,4.15500021,4.159999847,4.135000229,4.142000198
9/5/2001,4.144999981,4.159999847,4.144999981,4.149000168
9/6/2001,4.159999847,4.159999847,4.139999866,4.147999763
9/7/2001,4.170000076,4.170000076,4.135000229,4.144000053
9/10/2001,4.150000095,4.159999847,4.139999866,4.156000137
9/11/2001,4.170000076,4.175000191,4.170000076,4.175000191
9/14/2001,4.293000221,4.293000221,4.293000221,4.293000221
9/17/2001,4.289999962,4.420000076,4.269999981,4.382999897
9/18/2001,4.44299984,4.44299984,4.369999886,4.44299984
9/19/2001,4.449999809,4.717999935,4.449999809,4.717999935
9/20/2001,4.65500021,4.65500021,4.510000229,4.510000229
9/21/2001,4.639999866,4.639999866,4.579999924,4.592000008
9/24/2001,4.53000021,4.570000172,4.5,4.570000172
9/25/2001,4.550000191,4.559999943,4.489999771,4.521999836
9/26/2001,4.550000191,4.610000134,4.550000191,4.599999905
9/27/2001,4.590000153,4.590000153,4.579999924,4.579999924
9/28/2001,4.646999836,4.646999836,4.646999836,4.646999836
10/1/2001,4.638999939,4.638999939,4.638999939,4.638999939
10/2/2001,4.622000217,4.622000217,4.622000217,4.622000217
10/3/2001,4.606999874,4.606999874,4.606999874,4.606999874
10/4/2001,4.637000084,4.637000084,4.637000084,4.637000084
10/5/2001,4.670000076,4.670000076,4.664999962,4.664999962
10/8/2001,4.650000095,4.650000095,4.650000095,4.650000095
10/9/2001,4.53000021,4.53000021,4.53000021,4.53000021
10/10/2001,4.460000038,4.460000038,4.418000221,4.418000221
10/11/2001,4.402999878,4.402999878,4.402999878,4.402999878
10/12/2001,4.447999954,4.447999954,4.447999954,4.447999954
10/15/2001,4.370999813,4.370999813,4.370999813,4.370999813
10/16/2001,4.322999954,4.322999954,4.322999954,4.322999954
10/17/2001,4.34800005,4.34800005,4.34800005,4.34800005
10/18/2001,4.289999962,4.289999962,4.243000031,4.243000031
10/19/2001,4.257999897,4.257999897,4.257999897,4.257999897
10/22/2001,4.150000095,4.21999979,4.150000095,4.21999979
10/23/2001,4.21999979,4.228000164,4.21999979,4.228000164
10/24/2001,4.203000069,4.203000069,4.203000069,4.203000069
10/25/2001,4.208000183,4.208000183,4.208000183,4.208000183
10/26/2001,4.203000069,4.203000069,4.203000069,4.203000069
10/29/2001,4.230999947,4.230999947,4.230999947,4.230999947
10/30/2001,4.251999855,4.251999855,4.251999855,4.251999855
10/31/2001,4.21999979,4.21999979,4.214000225,4.214000225
11/1/2001,4.196000099,4.196000099,4.196000099,4.196000099
11/2/2001,4.139999866,4.139999866,4.098999977,4.098999977
11/5/2001,4.086999893,4.086999893,4.086999893,4.086999893
11/6/2001,4.090000153,4.107999802,4.090000153,4.107999802
11/7/2001,4.118000031,4.118000031,4.118000031,4.118000031
11/8/2001,4.079999924,4.079999924,4.06799984,4.06799984
11/9/2001,4.070000172,4.070000172,4.070000172,4.070000172
11/12/2001,4.107999802,4.107999802,4.107999802,4.107999802
11/13/2001,4.135000229,4.135000229,4.135000229,4.135000229
11/14/2001,4.138000011,4.138000011,4.138000011,4.138000011
11/15/2001,4.105999947,4.105999947,4.105999947,4.105999947
11/16/2001,4.092999935,4.092999935,4.092999935,4.092999935
11/19/2001,4.056000233,4.056000233,4.056000233,4.056000233
11/20/2001,4.047999859,4.047999859,4.047999859,4.047999859
11/21/2001,4.032999992,4.032999992,4.032999992,4.032999992
11/26/2001,4.026000023,4.026000023,4.026000023,4.026000023
11/27/2001,4.038000107,4.038000107,4.038000107,4.038000107
11/28/2001,4.112999916,4.112999916,4.112999916,4.112999916
11/29/2001,4.114999771,4.159999847,4.050000191,4.063000202
11/30/2001,4.065000057,4.159999847,4.065000057,4.127999783
12/3/2001,4.175000191,4.224999905,4.125,4.199999809
12/4/2001,4.190000057,4.190000057,4.127999783,4.127999783
12/5/2001,4.135000229,4.190000057,4.090000153,4.176000118
12/6/2001,4.179999828,4.217000008,4.170000076,4.217000008
12/7/2001,4.230000019,4.260000229,4.21999979,4.25
12/10/2001,4.25,4.25,4.199999809,4.224999905
12/11/2001,4.256999969,4.256999969,4.230000019,4.256999969
12/12/2001,4.25,4.28000021,4.244999886,4.244999886
12/13/2001,4.25,4.264999866,4.235000134,4.264999866
12/14/2001,4.349999905,4.356999874,4.349999905,4.356999874
12/17/2001,4.340000153,4.360000134,4.340000153,4.360000134
12/18/2001,4.375,4.429999828,4.375,4.414999962
12/19/2001,4.302999973,4.409999847,4.302999973,4.302999973
12/20/2001,4.335000038,4.400000095,4.335000038,4.393000126
12/21/2001,4.389999866,4.480000019,4.389999866,4.465000153
12/26/2001,4.489999771,4.559999943,4.474999905,4.535999775
12/27/2001,4.480000019,4.519999981,4.460999966,4.460999966
12/28/2001,4.485000134,4.488999844,4.485000134,4.488999844
12/31/2001,4.5,4.578999996,4.5,4.578999996
1/2/2002,4.526000023,4.526000023,4.526000023,4.526000023
1/3/2002,4.598999977,4.598999977,4.598999977,4.598999977
1/4/2002,4.579999924,4.642000198,4.579999924,4.642000198
1/7/2002,4.599999905,4.659999847,4.599999905,4.659999847
1/8/2002,4.619999886,4.632999897,4.619999886,4.632999897
1/9/2002,4.703000069,4.703000069,4.703000069,4.703000069
1/10/2002,4.690000057,4.71999979,4.690000057,4.69299984
1/11/2002,4.659999847,4.690999985,4.659999847,4.690999985
1/14/2002,4.579999924,4.590000153,4.507999897,4.507999897
1/15/2002,4.547999859,4.547999859,4.547999859,4.547999859
1/16/2002,4.554999828,4.554999828,4.554999828,4.554999828
1/17/2002,4.438000202,4.438000202,4.438000202,4.438000202
1/18/2002,4.337999821,4.337999821,4.337999821,4.337999821
1/22/2002,4.281000137,4.281000137,4.281000137,4.281000137
1/23/2002,4.252999783,4.252999783,4.252999783,4.252999783
1/24/2002,4.265999794,4.265999794,4.265999794,4.265999794
1/25/2002,4.297999859,4.297999859,4.297999859,4.297999859
1/28/2002,4.243000031,4.243000031,4.243000031,4.243000031
1/29/2002,4.288000107,4.288000107,4.288000107,4.288000107
1/30/2002,4.285999775,4.285999775,4.285999775,4.285999775
1/31/2002,4.21600008,4.21600008,4.21600008,4.21600008
2/1/2002,4.306000233,4.306000233,4.306000233,4.306000233
2/4/2002,4.288000107,4.288000107,4.288000107,4.288000107
2/5/2002,4.28000021,4.393000126,4.28000021,4.393000126
2/6/2002,4.361000061,4.361000061,4.361000061,4.361000061
2/7/2002,4.342000008,4.342000008,4.342000008,4.342000008
2/8/2002,4.452000141,4.452000141,4.452000141,4.452000141
2/11/2002,4.412000179,4.412000179,4.412000179,4.412000179
2/12/2002,4.481999874,4.481999874,4.481999874,4.481999874
2/13/2002,4.501999855,4.501999855,4.501999855,4.501999855
2/14/2002,4.52699995,4.52699995,4.52699995,4.52699995
2/15/2002,4.534999847,4.534999847,4.534999847,4.534999847
2/19/2002,4.467000008,4.467000008,4.467000008,4.467000008
2/20/2002,4.396999836,4.396999836,4.396999836,4.396999836
2/21/2002,4.416999817,4.416999817,4.416999817,4.416999817
2/22/2002,4.394999981,4.394999981,4.394999981,4.394999981
2/25/2002,4.364999771,4.364999771,4.364999771,4.364999771
2/26/2002,4.420000076,4.420000076,4.420000076,4.420000076
2/27/2002,4.429999828,4.46999979,4.409999847,4.423999786
2/28/2002,4.420000076,4.510000229,4.394999981,4.497000217
3/1/2002,4.485000134,4.574999809,4.460000038,4.548999786
3/4/2002,4.53000021,4.630000114,4.53000021,4.586999893
3/5/2002,4.565000057,4.630000114,4.534999847,4.540999889
3/6/2002,4.550000191,4.550000191,4.5,4.515999794
3/7/2002,4.510000229,4.510000229,4.460000038,4.46600008
3/8/2002,4.46999979,4.550000191,4.460000038,4.492000103
3/11/2002,4.525000095,4.539999962,4.472000122,4.472000122
3/12/2002,4.489999771,4.510000229,4.480000019,4.485000134
3/13/2002,4.517000198,4.525000095,4.5,4.517000198
3/14/2002,4.539999962,4.539999962,4.485000134,4.488999844
3/15/2002,4.481999874,4.494999886,4.454999924,4.481999874
3/18/2002,4.519999981,4.519999981,4.492000103,4.492000103
3/19/2002,4.489999771,4.550000191,4.489999771,4.512000084
3/20/2002,4.521999836,4.539999962,4.5,4.521999836
3/21/2002,4.53000021,4.53000021,4.499000072,4.499000072
3/22/2002,4.519999981,4.531000137,4.5,4.531000137
3/25/2002,4.550000191,4.599999905,4.519999981,4.572000027
3/26/2002,4.599999905,4.599999905,4.559999943,4.578999996
3/27/2002,4.619999886,4.671000004,4.619999886,4.671000004
3/28/2002,4.640999794,4.640999794,4.640999794,4.640999794
4/1/2002,4.690999985,4.690999985,4.690999985,4.690999985
4/2/2002,4.699999809,4.737999916,4.699999809,4.737999916
4/3/2002,4.657999992,4.657999992,4.657999992,4.657999992
4/4/2002,4.616000175,4.616000175,4.616000175,4.616000175
4/5/2002,4.571000099,4.571000099,4.571000099,4.571000099
4/8/2002,4.56099987,4.56099987,4.56099987,4.56099987
4/9/2002,4.548999786,4.548999786,4.548999786,4.548999786
4/10/2002,4.618999958,4.618999958,4.618999958,4.618999958
4/11/2002,4.610000134,4.619999886,4.570000172,4.578000069
4/12/2002,4.587999821,4.587999821,4.587999821,4.587999821
4/15/2002,4.445000172,4.445000172,4.445000172,4.445000172
4/16/2002,4.400000095,4.400000095,4.400000095,4.400000095
4/17/2002,4.445000172,4.445000172,4.445000172,4.445000172
4/18/2002,4.493000031,4.493000031,4.493000031,4.493000031
4/19/2002,4.498000145,4.498000145,4.498000145,4.498000145
4/22/2002,4.538000107,4.538000107,4.538000107,4.538000107
4/23/2002,4.565000057,4.565000057,4.565000057,4.565000057
4/24/2002,4.55700016,4.55700016,4.55700016,4.55700016
4/25/2002,4.614999771,4.614999771,4.614999771,4.614999771
4/26/2002,4.646999836,4.646999836,4.646999836,4.646999836
4/29/2002,4.650000095,4.659999847,4.599999905,4.636000156
4/30/2002,4.625,4.635000229,4.505000114,4.532000065
5/1/2002,4.519999981,4.554999828,4.510000229,4.528999805
5/2/2002,4.534999847,4.550000191,4.514999866,4.543000221
5/3/2002,4.545000076,4.610000134,4.539999962,4.597000122
5/6/2002,4.590000153,4.605000019,4.579999924,4.596000195
5/7/2002,4.590000153,4.639999866,4.590000153,4.618000031
5/8/2002,4.614999771,4.630000114,4.572000027,4.572000027
5/9/2002,4.565000057,4.614999771,4.565000057,4.614999771
5/10/2002,4.630000114,4.670000076,4.630000114,4.657999992
5/13/2002,4.679999828,4.690000057,4.596000195,4.596000195
5/14/2002,4.579999924,4.605000019,4.579999924,4.596000195
5/15/2002,4.599999905,4.644999981,4.599999905,4.625999928
5/16/2002,4.630000114,4.639999866,4.614999771,4.638999939
5/17/2002,4.690000057,4.710000038,4.650000095,4.653999805
5/20/2002,4.679999828,4.769000053,4.679999828,4.769000053
5/21/2002,4.744999886,4.880000114,4.744999886,4.834000111
5/22/2002,4.840000153,4.840000153,4.800000191,4.824999809
5/23/2002,4.784999847,4.909999847,4.784999847,4.896999836
5/24/2002,4.875,4.875,4.856999874,4.856999874
5/28/2002,4.889999866,4.889999866,4.840000153,4.869999886
5/29/2002,4.929999828,4.980000019,4.900000095,4.933000088
5/30/2002,4.968999863,4.968999863,4.968999863,4.968999863
5/31/2002,5.026000023,5.026000023,5.026000023,5.026000023
6/3/2002,5.06799984,5.06799984,5.06799984,5.06799984
6/4/2002,5.150000095,5.150000095,5.112999916,5.112999916
6/5/2002,5.010000229,5.010000229,4.933000088,4.933000088
6/6/2002,4.986000061,4.986000061,4.986000061,4.986000061
6/7/2002,4.971000195,4.971000195,4.971000195,4.971000195
6/10/2002,4.902999878,4.902999878,4.902999878,4.902999878
6/11/2002,4.873000145,4.873000145,4.873000145,4.873000145
6/12/2002,4.909999847,4.920000076,4.909999847,4.909999847
6/13/2002,4.909999847,4.909999847,4.800000191,4.827000141
6/14/2002,4.847000122,4.847000122,4.847000122,4.847000122
6/17/2002,4.820000172,4.820000172,4.820000172,4.820000172
6/18/2002,4.842000008,4.842000008,4.842000008,4.842000008
6/19/2002,4.839000225,4.839000225,4.839000225,4.839000225
6/20/2002,4.840000153,4.867000103,4.840000153,4.867000103
6/21/2002,4.852000237,4.852000237,4.852000237,4.852000237
6/24/2002,4.863999844,4.863999844,4.863999844,4.863999844
6/25/2002,4.828999996,4.828999996,4.828999996,4.828999996
6/26/2002,4.829999924,4.848999977,4.829999924,4.848999977
6/27/2002,4.840000153,4.880000114,4.800000191,4.875999928
6/28/2002,4.855000019,4.889999866,4.824999809,4.833000183
7/1/2002,4.84499979,4.869999886,4.800000191,4.867000103
7/2/2002,4.880000114,4.980000019,4.849999905,4.929999828
7/3/2002,4.945000172,4.945000172,4.90500021,4.934999943
7/8/2002,4.889999866,4.960000038,4.889999866,4.960000038
7/9/2002,4.994999886,5.050000191,4.980000019,5.038000107
7/10/2002,5.039999962,5.079999924,5.010000229,5.03000021
7/11/2002,5.039999962,5.110000134,5.039999962,5.072000027
7/12/2002,5.050000191,5.059999943,5.03000021,5.046000004
7/15/2002,5.139999866,5.139999866,5.099999905,5.100999832
7/16/2002,5.050000191,5.050000191,5,5.018000126
7/17/2002,5.010000229,5.010000229,4.96999979,4.989999771
7/18/2002,4.96999979,5.025000095,4.96999979,4.989999771
7/19/2002,5.063000202,5.085000038,5.059999943,5.063000202
7/22/2002,5.050000191,5.070000172,5.032999992,5.032999992
7/23/2002,5,5,4.874000072,4.874000072
7/24/2002,4.880000114,4.880000114,4.804999828,4.854000092
7/25/2002,4.84499979,4.860000134,4.840000153,4.850999832
7/26/2002,4.840000153,4.840000153,4.610000134,4.660999775
7/29/2002,4.679999828,4.690000057,4.610000134,4.636000156
7/30/2002,4.635000229,4.664999962,4.635000229,4.65500021
7/31/2002,4.59499979,4.59499979,4.59499979,4.59499979
8/1/2002,4.579999924,4.579999924,4.579999924,4.579999924
8/2/2002,4.590000153,4.590000153,4.590000153,4.590000153
8/5/2002,4.630000114,4.630000114,4.630000114,4.630000114
8/6/2002,4.610000134,4.610000134,4.610000134,4.610000134
8/7/2002,4.671999931,4.671999931,4.671999931,4.671999931
8/8/2002,4.635000229,4.635000229,4.635000229,4.635000229
8/9/2002,4.666999817,4.666999817,4.666999817,4.666999817
8/12/2002,4.590000153,4.590000153,4.590000153,4.590000153
8/13/2002,4.577000141,4.577000141,4.577000141,4.577000141
8/14/2002,4.454999924,4.454999924,4.454999924,4.454999924
8/15/2002,4.480000019,4.480000019,4.480000019,4.480000019
8/16/2002,4.489999771,4.489999771,4.489999771,4.489999771
8/19/2002,4.40199995,4.40199995,4.40199995,4.40199995
8/20/2002,4.434000015,4.434000015,4.434000015,4.434000015
8/21/2002,4.416999817,4.416999817,4.416999817,4.416999817
8/22/2002,4.461999893,4.461999893,4.461999893,4.461999893
8/23/2002,4.420000076,4.420000076,4.420000076,4.420000076
8/26/2002,4.434999943,4.434999943,4.434999943,4.434999943
8/27/2002,4.5,4.5,4.5,4.5
8/28/2002,4.494999886,4.494999886,4.494999886,4.494999886
8/29/2002,4.5,4.539999962,4.5,4.52699995
8/30/2002,4.539999962,4.559999943,4.420000076,4.436999798
9/3/2002,4.460999966,4.494999886,4.453999996,4.453999996
9/4/2002,4.449999809,4.465000153,4.429999828,4.465000153
9/5/2002,4.474999905,4.545000076,4.474999905,4.514999866
9/6/2002,4.534999847,4.570000172,4.510000229,4.512000084
9/9/2002,4.53000021,4.599999905,4.53000021,4.578999996
9/10/2002,4.570000172,4.570000172,4.55700016,4.55700016
9/11/2002,4.510000229,4.541999817,4.510000229,4.541999817
9/12/2002,4.539999962,4.625,4.539999962,4.586999893
9/13/2002,4.565000057,4.565000057,4.553999901,4.553999901
9/16/2002,4.545000076,4.548999786,4.545000076,4.548999786
9/17/2002,4.519999981,4.577000141,4.519999981,4.577000141
9/18/2002,4.599999905,4.639999866,4.599999905,4.618999958
9/19/2002,4.650000095,4.670000076,4.638999939,4.638999939
9/20/2002,4.644999981,4.644999981,4.629000187,4.629000187
9/23/2002,4.626999855,4.626999855,4.626999855,4.626999855
9/24/2002,4.625,4.649000168,4.625,4.649000168
9/25/2002,4.65500021,4.65500021,4.578999996,4.578999996
9/26/2002,4.53000021,4.53000021,4.485000134,4.505000114
9/27/2002,4.486999989,4.486999989,4.486999989,4.486999989
9/30/2002,4.53000021,4.53000021,4.53000021,4.53000021
10/1/2002,4.46999979,4.46999979,4.46999979,4.46999979
10/2/2002,4.46999979,4.46999979,4.46999979,4.46999979
10/3/2002,4.46999979,4.46999979,4.46999979,4.46999979
10/4/2002,4.474999905,4.474999905,4.474999905,4.474999905
10/7/2002,4.438000202,4.438000202,4.438000202,4.438000202
10/8/2002,4.361000061,4.361000061,4.361000061,4.361000061
10/9/2002,4.315000057,4.340000153,4.315000057,4.337999821
10/10/2002,4.272999763,4.272999763,4.272999763,4.272999763
10/11/2002,4.300000191,4.308000088,4.300000191,4.308000088
10/14/2002,4.297999859,4.297999859,4.297999859,4.297999859
10/15/2002,4.31099987,4.31099987,4.31099987,4.31099987
10/16/2002,4.357999802,4.357999802,4.357999802,4.357999802
10/17/2002,4.333000183,4.333000183,4.333000183,4.333000183
10/18/2002,4.340000153,4.352000237,4.340000153,4.352000237
10/21/2002,4.343999863,4.343999863,4.343999863,4.343999863
10/22/2002,4.403999805,4.403999805,4.403999805,4.403999805
10/23/2002,4.399000168,4.399000168,4.399000168,4.399000168
10/24/2002,4.349999905,4.354000092,4.349999905,4.354000092
10/25/2002,4.399000168,4.399000168,4.399000168,4.399000168
10/28/2002,4.403999805,4.403999805,4.403999805,4.403999805
10/29/2002,4.501999855,4.501999855,4.501999855,4.501999855
10/30/2002,4.479000092,4.479000092,4.479000092,4.479000092
10/31/2002,4.499000072,4.499000072,4.499000072,4.499000072
11/1/2002,4.484000206,4.484000206,4.484000206,4.484000206
11/4/2002,4.480999947,4.480999947,4.480999947,4.480999947
11/5/2002,4.488999844,4.488999844,4.488999844,4.488999844
11/6/2002,4.477000237,4.477000237,4.46999979,4.477000237
11/7/2002,4.544000149,4.544000149,4.544000149,4.544000149
11/8/2002,4.526000023,4.526000023,4.526000023,4.526000023
11/11/2002,4.559999943,4.565999985,4.559999943,4.565999985
11/12/2002,4.593999863,4.593999863,4.593999863,4.593999863
11/13/2002,4.553999901,4.604000092,4.553999901,4.553999901
11/14/2002,4.556000233,4.556000233,4.556000233,4.556000233
11/15/2002,4.572999954,4.572999954,4.572999954,4.572999954
11/18/2002,4.534999847,4.534999847,4.534999847,4.534999847
11/19/2002,4.545000076,4.545000076,4.545000076,4.545000076
11/20/2002,4.532999992,4.532999992,4.532999992,4.532999992
11/21/2002,4.46600008,4.46600008,4.46600008,4.46600008
11/22/2002,4.540999889,4.540999889,4.540999889,4.540999889
11/25/2002,4.471000195,4.471000195,4.471000195,4.471000195
11/26/2002,4.474999905,4.489999771,4.425000191,4.433000088
11/27/2002,4.434999943,4.445000172,4.40500021,4.414000034
12/2/2002,4.425000191,4.434999943,4.400000095,4.421999931
12/3/2002,4.440000057,4.532000065,4.434999943,4.532000065
12/4/2002,4.570000172,4.590000153,4.545000076,4.559000015
12/5/2002,4.554999828,4.650000095,4.554999828,4.622000217
12/6/2002,4.679999828,4.679999828,4.59499979,4.631999969
12/9/2002,4.599999905,4.610000134,4.539999962,4.599999905
12/10/2002,4.59499979,4.625,4.585000038,4.607999802
12/11/2002,4.619999886,4.659999847,4.605000019,4.633999825
12/12/2002,4.644999981,4.75,4.639999866,4.743999958
12/13/2002,4.75,4.78000021,4.670000076,4.703999996
12/16/2002,4.690000057,4.724999905,4.659999847,4.702000141
12/17/2002,4.724999905,4.739999771,4.614999771,4.639999866
12/18/2002,4.630000114,4.670000076,4.610000134,4.664999962
12/19/2002,4.730000019,4.735000134,4.699999809,4.724999905
12/20/2002,4.610000134,4.630000114,4.610000134,4.630000114
12/23/2002,4.65500021,4.65500021,4.630000114,4.652999878
12/24/2002,4.670000076,4.670000076,4.635000229,4.657000065
12/26/2002,4.704999924,4.704999924,4.699999809,4.699999809
12/27/2002,4.679999828,4.711999893,4.679999828,4.711999893
12/30/2002,4.699999809,4.699999809,4.662000179,4.662000179
12/31/2002,4.801000118,4.801000118,4.801000118,4.801000118
1/2/2003,4.811999798,4.811999798,4.811999798,4.811999798
1/3/2003,4.892000198,4.892000198,4.892000198,4.892000198
1/6/2003,4.880000114,4.899000168,4.880000114,4.899000168
1/7/2003,4.880000114,4.880000114,4.803999901,4.803999901
1/8/2003,4.855999947,4.855999947,4.855999947,4.855999947
1/9/2003,4.843999863,4.843999863,4.843999863,4.843999863
1/10/2003,4.859000206,4.859000206,4.859000206,4.859000206
1/13/2003,4.829999924,4.829999924,4.828000069,4.828000069
1/14/2003,4.78000021,4.78000021,4.752999783,4.752999783
1/15/2003,4.768000126,4.768000126,4.768000126,4.768000126
1/16/2003,4.822999954,4.822999954,4.822999954,4.822999954
1/17/2003,4.797999859,4.797999859,4.797999859,4.797999859
1/21/2003,4.808000088,4.808000088,4.808000088,4.808000088
1/22/2003,4.835999966,4.835999966,4.835999966,4.835999966
1/23/2003,4.760000229,4.78000021,4.760000229,4.775000095
1/24/2003,4.875,4.875,4.875,4.875
1/27/2003,4.824999809,4.824999809,4.824999809,4.824999809
1/28/2003,4.864999771,4.864999771,4.864999771,4.864999771
1/29/2003,4.800000191,4.800000191,4.800000191,4.800000191
1/30/2003,4.869999886,4.869999886,4.862999916,4.862999916
1/31/2003,4.853000164,4.853000164,4.853000164,4.853000164
2/3/2003,4.828000069,4.828000069,4.828000069,4.828000069
2/4/2003,4.910999775,4.910999775,4.910999775,4.910999775
2/5/2003,4.761000156,4.761000156,4.761000156,4.761000156
2/6/2003,4.672999859,4.672999859,4.672999859,4.672999859
2/7/2003,4.645999908,4.645999908,4.645999908,4.645999908
2/10/2003,4.596000195,4.596000195,4.596000195,4.596000195
2/11/2003,4.565999985,4.565999985,4.565999985,4.565999985
2/12/2003,4.550000191,4.550000191,4.502999783,4.502999783
2/13/2003,4.528999805,4.528999805,4.528999805,4.528999805
2/14/2003,4.539999962,4.539999962,4.531000137,4.531000137
2/18/2003,4.551000118,4.551000118,4.551000118,4.551000118
2/19/2003,4.623000145,4.623000145,4.623000145,4.623000145
2/20/2003,4.659999847,4.659999847,4.659999847,4.659999847
2/21/2003,4.663000107,4.663000107,4.663000107,4.663000107
2/24/2003,4.712999821,4.712999821,4.712999821,4.712999821
2/25/2003,4.639999866,4.639999866,4.639999866,4.639999866
2/26/2003,4.65500021,4.65500021,4.65500021,4.65500021
2/27/2003,4.650000095,4.670000076,4.550000191,4.56099987
2/28/2003,4.559999943,4.644999981,4.539999962,4.585000038
3/3/2003,4.579999924,4.659999847,4.574999809,4.657000065
3/4/2003,4.650000095,4.690000057,4.644999981,4.657000065
3/5/2003,4.670000076,4.670000076,4.599999905,4.622000217
3/6/2003,4.619999886,4.690000057,4.614999771,4.660999775
3/7/2003,4.675000191,4.684999943,4.619999886,4.676000118
3/10/2003,4.684999943,4.684999943,4.659999847,4.668000221
3/11/2003,4.675000191,4.677999973,4.670000076,4.677999973
3/12/2003,4.659999847,4.659999847,4.623000145,4.623000145
3/13/2003,4.570000172,4.570000172,4.510000229,4.527999878
3/14/2003,4.5,4.52699995,4.5,4.52699995
3/17/2003,4.579999924,4.579999924,4.43900013,4.43900013
3/18/2003,4.46999979,4.489999771,4.449999809,4.452000141
3/19/2003,4.480000019,4.480000019,4.400000095,4.40899992
3/20/2003,4.409999847,4.440000057,4.380000114,4.407999992
3/21/2003,4.389999866,4.40500021,4.346000195,4.346000195
3/24/2003,4.380000114,4.380000114,4.349999905,4.359000206
3/25/2003,4.375,4.420000076,4.349999905,4.386000156
3/26/2003,4.414999962,4.414999962,4.380000114,4.390999794
3/27/2003,4.420000076,4.420000076,4.386000156,4.386000156
3/28/2003,4.414999962,4.428999901,4.414999962,4.428999901
3/31/2003,4.460999966,4.460999966,4.460999966,4.460999966
4/1/2003,4.433000088,4.433000088,4.433000088,4.433000088
4/2/2003,4.397999763,4.397999763,4.397999763,4.397999763
4/3/2003,4.40899992,4.40899992,4.40899992,4.40899992
4/4/2003,4.410999775,4.410999775,4.410999775,4.410999775
4/7/2003,4.419000149,4.419000149,4.419000149,4.419000149
4/8/2003,4.473999977,4.473999977,4.473999977,4.473999977
4/9/2003,4.449999809,4.479000092,4.449999809,4.479000092
4/10/2003,4.486000061,4.486000061,4.486000061,4.486000061
4/11/2003,4.488999844,4.488999844,4.488999844,4.488999844
4/14/2003,4.5,4.53399992,4.5,4.53399992
4/15/2003,4.519000053,4.519000053,4.519000053,4.519000053
4/16/2003,4.480999947,4.480999947,4.480999947,4.480999947
4/17/2003,4.46600008,4.46600008,4.46600008,4.46600008
4/21/2003,4.460000038,4.531000137,4.460000038,4.531000137
4/22/2003,4.592999935,4.592999935,4.592999935,4.592999935
4/23/2003,4.623000145,4.623000145,4.623000145,4.623000145
4/24/2003,4.643000126,4.643000126,4.643000126,4.643000126
4/25/2003,4.630000114,4.630000114,4.630000114,4.630000114
4/28/2003,4.578000069,4.578000069,4.578000069,4.578000069
4/29/2003,4.579999924,4.579999924,4.545000076,4.547999859
4/30/2003,4.547999859,4.659999847,4.545000076,4.638000011
5/1/2003,4.65500021,4.764999866,4.650000095,4.761000156
5/2/2003,4.75,4.800000191,4.739999771,4.78399992
5/5/2003,4.800000191,4.802000046,4.78000021,4.802000046
5/6/2003,4.789999962,4.804999828,4.787000179,4.787000179
5/7/2003,4.760000229,4.764999866,4.729000092,4.729000092
5/8/2003,4.730000019,4.840000153,4.730000019,4.789000034
5/9/2003,4.787000179,4.787000179,4.787000179,4.787000179
5/12/2003,4.784999847,4.869999886,4.78000021,4.861000061
5/13/2003,4.860000134,4.860000134,4.81400013,4.81400013
5/14/2003,4.820000172,4.880000114,4.820000172,4.863999844
5/15/2003,4.840000153,4.840000153,4.75,4.771999836
5/16/2003,4.782000065,4.782000065,4.782000065,4.782000065
5/19/2003,4.815000057,4.840000153,4.811999798,4.811999798
5/20/2003,4.815000057,4.815000057,4.755000114,4.763999939
5/21/2003,4.715000153,4.760000229,4.715000153,4.717000008
5/22/2003,4.710000038,4.710000038,4.653999805,4.653999805
5/23/2003,4.670000076,4.670000076,4.625,4.638999939
5/27/2003,4.664999962,4.664999962,4.618999958,4.618999958
5/28/2003,4.599999905,4.633999825,4.579999924,4.633999825
5/29/2003,4.56799984,4.56799984,4.56799984,4.56799984
5/30/2003,4.526000023,4.526000023,4.526000023,4.526000023
6/2/2003,4.500999928,4.500999928,4.500999928,4.500999928
6/3/2003,4.5,4.504000187,4.489999771,4.504000187
6/4/2003,4.493999958,4.493999958,4.493999958,4.493999958
6/5/2003,4.493999958,4.493999958,4.493999958,4.493999958
6/6/2003,4.538000107,4.538000107,4.538000107,4.538000107
6/9/2003,4.511000156,4.511000156,4.511000156,4.511000156
6/10/2003,4.462999821,4.462999821,4.462999821,4.462999821
6/11/2003,4.493000031,4.493000031,4.493000031,4.493000031
6/12/2003,4.5,4.5,4.5,4.5
6/13/2003,4.650000095,4.650000095,4.570000172,4.570000172
6/16/2003,4.606999874,4.606999874,4.606999874,4.606999874
6/17/2003,4.605000019,4.605000019,4.605000019,4.605000019
6/18/2003,4.554999828,4.554999828,4.554999828,4.554999828
6/19/2003,4.566999912,4.566999912,4.566999912,4.566999912
6/20/2003,4.525000095,4.525000095,4.525000095,4.525000095
6/23/2003,4.519999981,4.554999828,4.519999981,4.554999828
6/24/2003,4.512000084,4.512000084,4.512000084,4.512000084
6/25/2003,4.561999798,4.561999798,4.561999798,4.561999798
6/26/2003,4.519999981,4.519999981,4.519999981,4.519999981
6/27/2003,4.519999981,4.545000076,4.489999771,4.505000114
6/30/2003,4.505000114,4.55700016,4.494999886,4.55700016
7/1/2003,4.550000191,4.59499979,4.545000076,4.573999882
7/2/2003,4.579999924,4.675000191,4.525000095,4.633999825
7/3/2003,4.635000229,4.684999943,4.614999771,4.68200016
7/7/2003,4.679999828,4.730000019,4.65500021,4.728000164
7/8/2003,4.71999979,4.760000229,4.71999979,4.736000061
7/9/2003,4.75,4.846000195,4.75,4.815999985
7/10/2003,4.809999943,4.880000114,4.808000088,4.808000088
7/11/2003,4.800000191,4.824999809,4.797999859,4.797999859
7/14/2003,4.78000021,4.800000191,4.760000229,4.789999962
7/15/2003,4.78000021,4.78000021,4.651000023,4.651000023
7/16/2003,4.639999866,4.679999828,4.639999866,4.656000137
7/17/2003,4.679999828,4.679999828,4.670000076,4.670000076
7/18/2003,4.715000153,4.723999977,4.704999924,4.723999977
7/21/2003,4.760000229,4.764999866,4.743999958,4.743999958
7/22/2003,4.795000076,4.795000076,4.78399992,4.78399992
7/23/2003,4.940000057,5.06400013,4.900000095,5.06400013
7/24/2003,5.050000191,5.175000191,5.050000191,5.105000019
7/25/2003,5.050000191,5.079999924,5.050000191,5.070000172
7/28/2003,5.119999886,5.190000057,5.119999886,5.190000057
7/29/2003,5.150000095,5.162000179,5.150000095,5.162000179
7/30/2003,5.056000233,5.056000233,5.056000233,5.056000233
7/31/2003,5.116000175,5.116000175,5.116000175,5.116000175
8/1/2003,5.092999935,5.092999935,5.092999935,5.092999935
8/4/2003,5.015999794,5.015999794,5.015999794,5.015999794
8/5/2003,4.93599987,4.93599987,4.93599987,4.93599987
8/6/2003,4.96600008,4.96600008,4.96600008,4.96600008
8/7/2003,5.03399992,5.03399992,5.03399992,5.03399992
8/8/2003,4.987999916,4.987999916,4.987999916,4.987999916
8/11/2003,4.995999813,4.995999813,4.995999813,4.995999813
8/12/2003,4.820000172,4.857999802,4.820000172,4.857999802
8/13/2003,5.026000023,5.026000023,5.026000023,5.026000023
8/14/2003,5.031000137,5.031000137,5.031000137,5.031000137
8/15/2003,4.922999859,4.922999859,4.922999859,4.922999859
8/18/2003,4.922999859,4.922999859,4.922999859,4.922999859
8/19/2003,4.991000175,4.991000175,4.991000175,4.991000175
8/20/2003,5.018000126,5.018000126,5.018000126,5.018000126
8/21/2003,4.940999985,4.940999985,4.940999985,4.940999985
8/22/2003,4.993000031,4.993000031,4.993000031,4.993000031
8/25/2003,4.987999916,4.987999916,4.987999916,4.987999916
8/26/2003,4.998000145,4.998000145,4.998000145,4.998000145
8/27/2003,5.126999855,5.126999855,5.126999855,5.126999855
8/28/2003,5.125,5.139999866,5.065000057,5.127999783
8/29/2003,5.114999771,5.179999828,5.09499979,5.109000206
9/2/2003,5.135000229,5.170000076,4.96999979,4.987999916
9/3/2003,4.989999771,5.070000172,4.974999905,5.059999943
9/4/2003,5.065000057,5.065000057,5.010000229,5.015999794
9/5/2003,5.019999981,5.150000095,5.019999981,5.129000187
9/8/2003,5.099999905,5.119999886,5.089000225,5.089000225
9/9/2003,5.119999886,5.300000191,5.119999886,5.247000217
9/10/2003,5.260000229,5.28000021,5.204999924,5.247000217
9/11/2003,5.275000095,5.364999771,5.260000229,5.327000141
9/12/2003,5.340000153,5.34499979,5.198999882,5.198999882
9/15/2003,5.21999979,5.21999979,5.090000153,5.19299984
9/16/2003,5.21999979,5.21999979,5.199999809,5.212999821
9/17/2003,5.239999771,5.289999962,5.239999771,5.278999805
9/18/2003,5.349999905,5.349999905,5.184999943,5.255000114
9/19/2003,5.260000229,5.295000076,5.260000229,5.282000065
9/22/2003,5.34499979,5.34499979,5.264999866,5.264999866
9/23/2003,5.25,5.255000114,5.235000134,5.235000134
9/24/2003,5.260000229,5.320000172,5.239999771,5.302000046
9/25/2003,5.340000153,5.360000134,5.179999828,5.214000225
9/26/2003,5.235000134,5.235000134,5.137000084,5.137000084
9/29/2003,5.199999809,5.199999809,5.039999962,5.070000172
9/30/2003,5.137000084,5.137000084,5.137000084,5.137000084
10/1/2003,5.099999905,5.099999905,5.099999905,5.099999905
10/2/2003,5.09499979,5.09499979,5.09499979,5.09499979
10/3/2003,4.829999924,4.829999924,4.829999924,4.829999924
10/6/2003,4.809999943,4.809999943,4.809999943,4.809999943
10/7/2003,4.869999886,4.875,4.840000153,4.875
10/8/2003,4.849999905,4.864999771,4.849999905,4.864999771
10/9/2003,4.804999828,4.836999893,4.804999828,4.836999893
10/10/2003,4.90500021,4.90500021,4.90500021,4.90500021
10/13/2003,4.974999905,4.974999905,4.974999905,4.974999905
10/14/2003,4.927000046,4.927000046,4.927000046,4.927000046
10/15/2003,4.941999912,4.941999912,4.941999912,4.941999912
10/16/2003,4.916999817,4.916999817,4.916999817,4.916999817
10/17/2003,4.934999943,4.934999943,4.934999943,4.934999943
10/20/2003,5,5,5,5
10/21/2003,5.063000202,5.063000202,5.063000202,5.063000202
10/22/2003,5.130000114,5.130000114,5.130000114,5.130000114
10/23/2003,5.170000076,5.170000076,5.166999817,5.166999817
10/24/2003,5.159999847,5.159999847,5.159999847,5.159999847
10/27/2003,5.186999798,5.186999798,5.186999798,5.186999798
10/28/2003,5.150000095,5.150000095,5.092000008,5.092000008
10/29/2003,5.138999939,5.138999939,5.138999939,5.138999939
10/30/2003,5.129000187,5.129000187,5.129000187,5.129000187
10/31/2003,5.059000015,5.059000015,5.059000015,5.059000015
11/3/2003,4.921000004,4.921000004,4.921000004,4.921000004
11/4/2003,5.024000168,5.024000168,5.024000168,5.024000168
11/5/2003,4.979000092,4.979000092,4.979000092,4.979000092
11/6/2003,4.951000214,4.951000214,4.951000214,4.951000214
11/7/2003,5.052000046,5.052000046,5.052000046,5.052000046
11/10/2003,5.054999828,5.085999966,5.054999828,5.085999966
11/11/2003,5.063000202,5.063000202,5.063000202,5.063000202
11/12/2003,5.330999851,5.330999851,5.330999851,5.330999851
11/13/2003,5.290999889,5.290999889,5.290999889,5.290999889
11/14/2003,5.410999775,5.410999775,5.410999775,5.410999775
11/17/2003,5.22300005,5.22300005,5.22300005,5.22300005
11/18/2003,5.362999916,5.362999916,5.362999916,5.362999916
11/19/2003,5.265999794,5.265999794,5.265999794,5.265999794
11/20/2003,5.257999897,5.257999897,5.257999897,5.257999897
11/21/2003,5.290999889,5.290999889,5.290999889,5.290999889
11/24/2003,5.28000021,5.28000021,5.241000175,5.241000175
11/25/2003,5.25,5.335000038,5.190000057,5.297999859
11/26/2003,5.289999962,5.389999866,5.289999962,5.355000019
12/1/2003,5.360000134,5.550000191,5.355000019,5.445000172
12/2/2003,5.46999979,5.510000229,5.429999828,5.495999813
12/3/2003,5.480000019,5.505000114,5.429999828,5.467999935
12/4/2003,5.46999979,5.474999905,5.360000134,5.452000141
12/5/2003,5.409999847,5.519999981,5.409999847,5.472000122
12/8/2003,5.489999771,5.550000191,5.46999979,5.539999962
12/9/2003,5.559999943,5.650000095,5.559999943,5.635000229
12/10/2003,5.635000229,5.690000057,5.599999905,5.599999905
12/11/2003,5.550000191,5.599999905,5.519999981,5.578999996
12/12/2003,5.630000114,5.639999866,5.610000134,5.622000217
12/15/2003,5.599999905,5.644999981,5.579999924,5.638999939
12/16/2003,5.664999962,5.670000076,5.629000187,5.629000187
12/17/2003,5.639999866,5.699999809,5.639999866,5.691999912
12/18/2003,5.710000038,5.71999979,5.650000095,5.711999893
12/19/2003,5.710000038,5.724999905,5.679999828,5.722000122
12/22/2003,5.71999979,5.71999979,5.709000111,5.709000111
12/23/2003,5.730000019,5.739999771,5.715000153,5.735000134
12/24/2003,5.75,5.789999962,5.75,5.78000021
12/29/2003,5.880000114,5.916999817,5.880000114,5.916999817
12/30/2003,5.929999828,5.982999802,5.929999828,5.982999802
12/31/2003,5.953000069,5.953000069,5.953000069,5.953000069
1/5/2004,6.199999809,6.232999802,6.150000095,6.232999802
1/6/2004,6.300000191,6.315999985,6.260000229,6.315999985
1/7/2004,6.250999928,6.250999928,6.250999928,6.250999928
1/8/2004,6.239999771,6.261000156,6.239999771,6.261000156
1/9/2004,6.485000134,6.485000134,6.485000134,6.485000134
1/12/2004,6.659999847,6.670000076,6.605000019,6.605000019
1/13/2004,6.510000229,6.586999893,6.510000229,6.586999893
1/14/2004,6.421999931,6.421999931,6.421999931,6.421999931
1/15/2004,6.25,6.25,6.204999924,6.204999924
1/16/2004,6.322000027,6.322000027,6.322000027,6.322000027
1/20/2004,6.360000134,6.360000134,6.315000057,6.315000057
1/21/2004,6.199999809,6.199999809,6.199999809,6.199999809
1/22/2004,6.275000095,6.342000008,6.275000095,6.342000008
1/23/2004,6.324999809,6.355000019,6.260000229,6.355000019
1/26/2004,6.300000191,6.30700016,6.300000191,6.30700016
1/27/2004,6.550000191,6.550000191,6.550000191,6.550000191
1/28/2004,6.519999981,6.625,6.519999981,6.625
1/29/2004,6.225999832,6.225999832,6.225999832,6.225999832
1/30/2004,6.245999813,6.245999813,6.245999813,6.245999813
2/2/2004,6.039999962,6.245999813,6.039999962,6.039999962
2/3/2004,6.120999813,6.120999813,6.120999813,6.120999813
2/4/2004,6.114999771,6.144999981,6.114999771,6.144999981
2/5/2004,6.150000095,6.15500021,6.119999886,6.119999886
2/6/2004,6.28000021,6.28000021,6.275000095,6.275000095
2/9/2004,6.269999981,6.425000191,6.269999981,6.425000191
2/10/2004,6.385000229,6.385000229,6.385000229,6.385000229
2/11/2004,6.554999828,6.554999828,6.554999828,6.554999828
2/12/2004,6.545000076,6.617000103,6.539999962,6.617000103
2/13/2004,6.578999996,6.578999996,6.578999996,6.578999996
2/17/2004,6.77699995,6.77699995,6.77699995,6.77699995
2/18/2004,6.697000027,6.697000027,6.697000027,6.697000027
2/19/2004,6.65500021,6.65500021,6.65500021,6.65500021
2/20/2004,6.53000021,6.53000021,6.53000021,6.53000021
2/23/2004,6.486999989,6.486999989,6.486999989,6.486999989
2/24/2004,6.618999958,6.618999958,6.618999958,6.618999958
2/25/2004,6.550000191,6.550000191,6.532000065,6.532000065
2/26/2004,6.534999847,6.75,6.300000191,6.708000183
2/27/2004,6.699999809,6.78000021,6.554999828,6.696000099
3/1/2004,6.699999809,7.019999981,6.699999809,6.927999973
3/2/2004,6.934999943,6.965000153,6.690000057,6.710000038
3/3/2004,6.710000038,6.769999981,6.570000172,6.743000031
3/4/2004,6.760000229,6.775000095,6.710000038,6.758999825
3/5/2004,6.789999962,6.989999771,6.789999962,6.980999947
3/8/2004,6.945000172,7.070000172,6.889999866,6.973999977
3/9/2004,6.994999886,7.190000057,6.929999828,7.165999889
3/10/2004,7.235000134,7.260000229,7.085000038,7.171000004
3/11/2004,7.150000095,7.239999771,7.079999924,7.181000233
3/12/2004,7.119999886,7.119999886,7,7.051000118
3/15/2004,7.054999828,7.164999962,7.054999828,7.127999783
3/16/2004,7.164999962,7.164999962,7.150000095,7.15500021
3/17/2004,7.150000095,7.248000145,7.150000095,7.248000145
3/18/2004,7.460000038,7.46999979,7.425000191,7.453000069
3/19/2004,7.449999809,7.590000153,7.449999809,7.551000118
3/22/2004,7.710000038,7.710000038,7.599999905,7.618000031
3/23/2004,7.65500021,7.697999954,7.565000057,7.697999954
3/24/2004,7.570000172,7.71999979,7.570000172,7.639999866
3/25/2004,7.510000229,7.619999886,7.510000229,7.592000008
3/26/2004,7.565000057,7.75,7.53000021,7.706999779
3/29/2004,7.699999809,7.699999809,7.614999771,7.614999771
3/30/2004,7.765999794,7.765999794,7.760000229,7.765999794
3/31/2004,7.93599987,7.93599987,7.93599987,7.93599987
4/1/2004,8.074999809,8.138999939,8.074999809,8.138999939
4/2/2004,8.145999908,8.145999908,8.145999908,8.145999908
4/5/2004,8.107999802,8.107999802,8.107999802,8.107999802
4/6/2004,8.211000443,8.211000443,8.210000038,8.211000443
4/7/2004,8.18500042,8.18500042,8.18500042,8.18500042
4/8/2004,8.085000038,8.085000038,8.085000038,8.085000038
4/12/2004,8.104999542,8.104999542,8.024999619,8.024999619
4/13/2004,7.429999828,7.445000172,7.429999828,7.445000172
4/14/2004,7,7,7,7
4/15/2004,7.072999954,7.072999954,7.072999954,7.072999954
4/16/2004,7.139999866,7.139999866,7.139999866,7.139999866
4/19/2004,7.204999924,7.204999924,7.204999924,7.204999924
4/20/2004,6.940000057,6.940000057,6.940000057,6.940000057
4/21/2004,6.164999962,6.164999962,6.164999962,6.164999962
4/22/2004,6.022999763,6.022999763,6.022999763,6.022999763
4/23/2004,6.130000114,6.157999992,6.130000114,6.157999992
4/26/2004,6.168000221,6.168000221,6.168000221,6.168000221
4/27/2004,6.230000019,6.230000019,6.230000019,6.230000019
4/28/2004,5.900000095,5.900000095,5.867000103,5.867000103
4/29/2004,5.869999886,5.985000134,5.545000076,5.820000172
4/30/2004,5.840000153,6.150000095,5.840000153,6.078000069
5/3/2004,6.070000172,6.110000134,5.900000095,6.015999794
5/4/2004,6.045000076,6.159999847,6.025000095,6.037000179
5/5/2004,6.09499979,6.144999981,6.03000021,6.104000092
5/6/2004,6,6.019999981,5.78000021,5.818999767
5/7/2004,5.75,5.889999866,5.570000172,5.589000225
5/10/2004,5.554999828,5.756000042,5.494999886,5.756000042
5/11/2004,5.699999809,5.704999924,5.513999939,5.513999939
5/12/2004,5.610000134,5.664999962,5.539999962,5.556000233
5/13/2004,5.534999847,5.650000095,5.519999981,5.606999874
5/14/2004,5.739999771,5.739999771,5.659999847,5.721000195
5/17/2004,5.820000172,5.820000172,5.668000221,5.668000221
5/18/2004,5.684999943,5.730000019,5.672999859,5.672999859
5/19/2004,5.710000038,5.920000076,5.710000038,5.920000076
5/20/2004,5.820000172,5.855000019,5.772999763,5.772999763
5/21/2004,5.860000134,5.925000191,5.860000134,5.862999916
5/24/2004,5.835000038,6,5.835000038,5.989999771
5/25/2004,6.070000172,6.078000069,6.059999943,6.078000069
5/26/2004,6.150000095,6.150000095,6.047999859,6.047999859
5/27/2004,6.090000153,6.190000057,6.090000153,6.190000057
5/28/2004,6.105000019,6.105000019,6.105000019,6.105000019
6/1/2004,6.050000191,6.050000191,6.050000191,6.050000191
6/2/2004,5.833000183,5.833000183,5.833000183,5.833000183
6/3/2004,5.728000164,5.728000164,5.728000164,5.728000164
6/4/2004,5.802999973,5.802999973,5.802999973,5.802999973
6/7/2004,5.894000053,5.894000053,5.894000053,5.894000053
6/8/2004,5.763999939,5.763999939,5.763999939,5.763999939
6/9/2004,5.627999783,5.627999783,5.627999783,5.627999783
6/10/2004,5.744999886,5.744999886,5.744999886,5.744999886
6/14/2004,5.65500021,5.65500021,5.65500021,5.65500021
6/15/2004,5.731999874,5.731999874,5.72300005,5.731999874
6/16/2004,5.722000122,5.722000122,5.722000122,5.722000122
6/17/2004,5.921999931,5.921999931,5.921999931,5.921999931
6/18/2004,5.980999947,5.980999947,5.980999947,5.980999947
6/21/2004,5.857999802,5.857999802,5.857999802,5.857999802
6/22/2004,5.864999771,5.864999771,5.864999771,5.864999771
6/23/2004,5.873000145,5.873000145,5.873000145,5.873000145
6/24/2004,6.172999859,6.172999859,6.172999859,6.172999859
6/25/2004,6.125,6.125,6.125,6.125
6/28/2004,5.896999836,5.896999836,5.896999836,5.896999836
6/29/2004,5.907999992,5.949999809,5.800000191,5.853000164
6/30/2004,5.840000153,5.989999771,5.730000019,5.776000023
7/1/2004,5.835000038,5.954999924,5.829999924,5.934999943
7/2/2004,5.929999828,6.050000191,5.920000076,5.998000145
7/6/2004,6.010000229,6.065000057,5.900000095,5.964000225
7/7/2004,5.980000019,6.139999866,5.980000019,6.110000134
7/8/2004,6.114999771,6.420000076,6.114999771,6.420000076
7/9/2004,6.40500021,6.539999962,6.400000095,6.460999966
7/12/2004,6.550000191,6.550000191,6.46999979,6.527999878
7/13/2004,6.510000229,6.510000229,6.28000021,6.377999783
7/14/2004,6.434999943,6.59800005,6.434999943,6.59800005
7/15/2004,6.610000134,6.65500021,6.570000172,6.65199995
7/16/2004,6.75,6.75,6.711999893,6.711999893
7/19/2004,6.690000057,6.690000057,6.586999893,6.586999893
7/20/2004,6.635000229,6.635000229,6.489999771,6.598999977
7/21/2004,6.5,6.5,6.349999905,6.396999836
7/22/2004,6.474999905,6.474999905,6.418000221,6.418000221
7/23/2004,6.260000229,6.334000111,6.260000229,6.334000111
7/26/2004,6.309999943,6.309999943,6.159999847,6.234000206
7/27/2004,6.300000191,6.300000191,6.236999989,6.236999989
7/28/2004,6.230000019,6.362999916,6.230000019,6.362999916
7/29/2004,6.380000114,6.380000114,6.34499979,6.34499979
7/30/2004,6.550000191,6.550000191,6.550000191,6.550000191
8/2/2004,6.610000134,6.610000134,6.610000134,6.610000134
8/3/2004,6.675000191,6.675000191,6.675000191,6.675000191
8/4/2004,6.727000237,6.727000237,6.727000237,6.727000237
8/5/2004,6.739999771,6.739999771,6.739999771,6.739999771
8/6/2004,6.767000198,6.767000198,6.767000198,6.767000198
8/9/2004,6.729000092,6.729000092,6.729000092,6.729000092
8/10/2004,6.714000225,6.714000225,6.714000225,6.714000225
8/11/2004,6.519000053,6.519000053,6.519000053,6.519000053
8/12/2004,6.548999786,6.548999786,6.548999786,6.548999786
8/13/2004,6.617000103,6.617000103,6.617000103,6.617000103
8/16/2004,6.730000019,6.730000019,6.730000019,6.730000019
8/17/2004,6.72300005,6.72300005,6.72300005,6.72300005
8/18/2004,6.829999924,6.829999924,6.829999924,6.829999924
8/19/2004,6.900000095,6.900000095,6.815000057,6.815000057
8/20/2004,6.869999886,6.869999886,6.866000175,6.866000175
8/23/2004,6.741000175,6.741000175,6.741000175,6.741000175
8/24/2004,6.573999882,6.573999882,6.573999882,6.573999882
8/25/2004,6.610000134,6.610000134,6.610000134,6.610000134
8/26/2004,6.675000191,6.675000191,6.675000191,6.675000191
8/27/2004,6.587999821,6.587999821,6.587999821,6.587999821
8/30/2004,6.605000019,6.840000153,6.590000153,6.704999924
8/31/2004,6.704999924,6.800000191,6.659999847,6.770999908
9/1/2004,6.735000134,6.820000172,6.699999809,6.793000221
9/2/2004,6.784999847,6.800000191,6.75,6.768000126
9/3/2004,6.760000229,6.764999866,6.5,6.552999973
9/7/2004,6.585000038,6.585000038,6.184999943,6.198999882
9/8/2004,6.21999979,6.239999771,6.099999905,6.177999973
9/9/2004,6.195000172,6.195000172,6.065000057,6.153999805
9/10/2004,6.139999866,6.239999771,6.132999897,6.132999897
9/13/2004,6.110000134,6.210000038,6.079999924,6.183000088
9/14/2004,6.199999809,6.289999962,6.198999882,6.198999882
9/15/2004,6.215000153,6.270999908,6.215000153,6.270999908
9/16/2004,6.304999828,6.304999828,6.230000019,6.289000034
9/17/2004,6.258999825,6.258999825,6.258999825,6.258999825
9/20/2004,6.230000019,6.251999855,6.21999979,6.251999855
9/21/2004,6.324999809,6.355000019,6.309999943,6.346000195
9/22/2004,6.350999832,6.350999832,6.350999832,6.350999832
9/23/2004,6.349999905,6.645999908,6.349999905,6.446000099
9/24/2004,6.449999809,6.449999809,6.40500021,6.40500021
9/27/2004,6.420000076,6.550000191,6.420000076,6.528999805
9/28/2004,6.650000095,6.650000095,6.592000008,6.592000008
9/29/2004,6.610000134,6.672999859,6.610000134,6.672999859
9/30/2004,6.915999889,6.915999889,6.915999889,6.915999889
10/1/2004,6.918000221,6.918000221,6.918000221,6.918000221
10/4/2004,6.739999771,6.739999771,6.739999771,6.739999771
10/5/2004,7.078999996,7.078999996,7.078999996,7.078999996
10/6/2004,7.222000122,7.222000122,7.222000122,7.222000122
10/7/2004,7.193999767,7.193999767,7.193999767,7.193999767
10/8/2004,7.260000229,7.272999763,7.260000229,7.272999763
10/11/2004,7.230000019,7.230000019,7.230000019,7.230000019
10/12/2004,7.032999992,7.032999992,7.032999992,7.032999992
10/13/2004,6.877999783,6.877999783,6.877999783,6.877999783
10/14/2004,7.035999775,7.035999775,7.035999775,7.035999775
10/15/2004,7.09100008,7.09100008,7.019000053,7.09100008
10/18/2004,6.967999935,6.967999935,6.967999935,6.967999935
10/19/2004,7.176000118,7.176000118,7.176000118,7.176000118
10/20/2004,7.333000183,7.333000183,7.329999924,7.333000183
10/21/2004,7.290999889,7.290999889,7.290999889,7.290999889
10/22/2004,7.31400013,7.31400013,7.31400013,7.31400013
10/25/2004,7.361000061,7.361000061,7.361000061,7.361000061
10/26/2004,7.340000153,7.340000153,7.321000099,7.321000099
10/27/2004,7.186999798,7.186999798,7.186999798,7.186999798
10/28/2004,7.178999901,7.186999798,7.178999901,7.186999798
10/29/2004,7.291999817,7.291999817,7.291999817,7.291999817
11/1/2004,7.316999912,7.316999912,7.316999912,7.316999912
11/2/2004,7.006999969,7.006999969,7.006999969,7.006999969
11/3/2004,7.144999981,7.144999981,7.144999981,7.144999981
11/4/2004,7.370999813,7.370999813,7.370999813,7.370999813
11/5/2004,7.493000031,7.493000031,7.493000031,7.493000031
11/8/2004,7.477000237,7.477000237,7.477000237,7.477000237
11/9/2004,7.525000095,7.525000095,7.525000095,7.525000095
11/10/2004,7.412000179,7.412000179,7.412000179,7.412000179
11/11/2004,7.46999979,7.46999979,7.46999979,7.46999979
11/12/2004,7.614999771,7.614999771,7.614999771,7.614999771
11/15/2004,7.566999912,7.566999912,7.566999912,7.566999912
11/16/2004,7.589000225,7.589000225,7.579999924,7.589000225
11/17/2004,7.662000179,7.662000179,7.662000179,7.662000179
11/18/2004,7.548999786,7.548999786,7.548999786,7.548999786
11/19/2004,7.597000122,7.597000122,7.597000122,7.597000122
11/22/2004,7.579999924,7.579999924,7.568999767,7.568999767
11/23/2004,7.552999973,7.552999973,7.552999973,7.552999973
11/24/2004,7.611999989,7.611999989,7.611999989,7.611999989
11/29/2004,7.639999866,7.795000076,7.605000019,7.769999981
11/30/2004,7.755000114,7.820000172,7.659999847,7.72300005
12/1/2004,7.715000153,8.079999924,7.710000038,8.026000023
12/2/2004,8.029999733,8.18999958,7.869999886,7.907999992
12/3/2004,7.909999847,8.029999733,7.849999905,7.995999813
12/6/2004,8.020000458,8.020000458,7.880000114,7.915999889
12/7/2004,7.889999866,7.925000191,7.809999943,7.837999821
12/8/2004,7.820000172,7.820000172,7,7.102000237
12/9/2004,7.184999943,7.184999943,6.659999847,6.760000229
12/10/2004,6.800000191,6.800000191,6.605000019,6.705999851
12/13/2004,6.699999809,6.889999866,6.699999809,6.793000221
12/14/2004,6.829999924,6.829999924,6.599999905,6.717999935
12/15/2004,6.829999924,6.940000057,6.809999943,6.842999935
12/16/2004,6.860000134,6.860000134,6.650000095,6.690000057
12/17/2004,6.679999828,6.769999981,6.679999828,6.765999794
12/20/2004,6.84499979,6.84499979,6.829999924,6.829999924
12/21/2004,6.829999924,6.894999981,6.829999924,6.894999981
12/22/2004,6.869999886,6.869999886,6.802999973,6.802999973
12/23/2004,6.940000057,6.940000057,6.882999897,6.882999897
12/27/2004,7.065000057,7.065000057,6.97300005,6.97300005
12/28/2004,6.989999771,7.039999962,6.989999771,7.026000023
12/29/2004,6.796999931,6.796999931,6.796999931,6.796999931
12/30/2004,6.800000191,6.80700016,6.800000191,6.80700016
1/3/2005,6.739999771,6.739999771,6.477000237,6.477000237
1/4/2005,6.449999809,6.449999809,6.427000046,6.427000046
1/5/2005,6.512000084,6.512000084,6.512000084,6.512000084
1/6/2005,6.433000088,6.433000088,6.433000088,6.433000088
1/7/2005,6.440000057,6.440000057,6.414999962,6.428999901
1/10/2005,6.429999828,6.431000233,6.414999962,6.431000233
1/11/2005,6.614999771,6.623000145,6.614999771,6.623000145
1/12/2005,6.699999809,6.728000164,6.699999809,6.728000164
1/13/2005,6.730000019,6.730000019,6.730000019,6.730000019
1/14/2005,6.579999924,6.579999924,6.579999924,6.579999924
1/18/2005,6.639999866,6.639999866,6.639999866,6.639999866
1/19/2005,6.610000134,6.610000134,6.610000134,6.610000134
1/20/2005,6.543000221,6.543000221,6.543000221,6.543000221
1/21/2005,6.796999931,6.796999931,6.796999931,6.796999931
1/24/2005,6.789999962,6.889999866,6.789999962,6.84499979
1/25/2005,6.670000076,6.670000076,6.670000076,6.670000076
1/26/2005,6.793000221,6.793000221,6.793000221,6.793000221
1/27/2005,6.808000088,6.808000088,6.808000088,6.808000088
1/28/2005,6.784999847,6.784999847,6.784999847,6.784999847
1/31/2005,6.736999989,6.736999989,6.736999989,6.736999989
2/1/2005,6.71999979,6.71999979,6.71999979,6.71999979
2/2/2005,6.739999771,6.739999771,6.739999771,6.739999771
2/3/2005,6.666999817,6.666999817,6.666999817,6.666999817
2/4/2005,6.625,6.625,6.625,6.625
2/7/2005,6.519999981,6.545000076,6.519999981,6.545000076
2/8/2005,6.546999931,6.546999931,6.546999931,6.546999931
2/9/2005,6.580999851,6.580999851,6.580999851,6.580999851
2/10/2005,6.955999851,6.955999851,6.955999851,6.955999851
2/11/2005,7.201000214,7.201000214,7.201000214,7.201000214
2/14/2005,7.210000038,7.333000183,7.210000038,7.333000183
2/15/2005,7.353000164,7.353000164,7.353000164,7.353000164
2/16/2005,7.248000145,7.248000145,7.248000145,7.248000145
2/17/2005,7.364999771,7.364999771,7.364999771,7.364999771
2/18/2005,7.413000107,7.413000107,7.413000107,7.413000107
2/22/2005,7.517000198,7.517000198,7.517000198,7.517000198
2/23/2005,7.440999985,7.440999985,7.440999985,7.440999985
2/24/2005,7.381000042,7.381000042,7.381000042,7.381000042
2/25/2005,7.364999771,7.375,7.190000057,7.290999889
2/28/2005,7.320000172,7.420000076,7.289999962,7.359000206
3/1/2005,7.34499979,7.34499979,7.170000076,7.229000092
3/2/2005,7.235000134,7.340000153,7.099999905,7.30700016
3/3/2005,7.324999809,7.329999924,7.210000038,7.229000092
3/4/2005,7.230000019,7.389999866,7.179999828,7.348999977
3/7/2005,7.364999771,7.389999866,7.289999962,7.359000206
3/8/2005,7.53000021,7.539999962,7.480000019,7.501999855
3/9/2005,7.534999847,7.639999866,7.465000153,7.604000092
3/10/2005,7.574999809,7.590000153,7.492000103,7.492000103
3/11/2005,7.409999847,7.574999809,7.409999847,7.534999847
3/14/2005,7.460000038,7.460000038,7.349999905,7.380000114
3/15/2005,7.429999828,7.429999828,7.340000153,7.376999855
3/16/2005,7.400000095,7.440000057,7.369999886,7.425000191
3/17/2005,7.420000076,7.420000076,7.309999943,7.385000229
3/18/2005,7.335000038,7.376999855,7.289999962,7.376999855
3/21/2005,7.380000114,7.380000114,7.079999924,7.097000122
3/22/2005,7.090000153,7.150000095,7.070000172,7.070000172
3/23/2005,6.965000153,7.019999981,6.929999828,6.977000237
3/24/2005,6.949999809,6.949999809,6.933000088,6.933000088
3/28/2005,6.900000095,6.940000057,6.860000134,6.909999847
3/29/2005,6.929999828,7.050000191,6.909999847,7.012000084
3/31/2005,7.190999985,7.190999985,7.190999985,7.190999985
4/1/2005,6.989999771,6.989999771,6.989999771,6.989999771
4/4/2005,7.019999981,7.019999981,7.019999981,7.019999981
4/5/2005,7.039000034,7.039000034,7.039000034,7.039000034
4/6/2005,7.116000175,7.116000175,7.116000175,7.116000175
4/7/2005,7.071000099,7.071000099,7.071000099,7.071000099
4/8/2005,7.099999905,7.160999775,7.099999905,7.160999775
4/11/2005,7.250999928,7.250999928,7.250999928,7.250999928
4/12/2005,7.151000023,7.151000023,7.151000023,7.151000023
4/13/2005,7.221000195,7.221000195,7.221000195,7.221000195
4/14/2005,7.056000233,7.056000233,7.056000233,7.056000233
4/15/2005,7.018000126,7.018000126,7.018000126,7.018000126
4/18/2005,7.040999889,7.040999889,7.040999889,7.040999889
4/19/2005,7.245999813,7.245999813,7.245999813,7.245999813
4/20/2005,7.333000183,7.333000183,7.333000183,7.333000183
4/21/2005,7.212999821,7.212999821,7.212999821,7.212999821
4/22/2005,7.270999908,7.270999908,7.270999908,7.270999908
4/25/2005,7.256000042,7.256000042,7.256000042,7.256000042
4/26/2005,7.250999928,7.250999928,7.250999928,7.250999928
4/27/2005,7.133999825,7.133999825,7.133999825,7.133999825
4/29/2005,6.90199995,6.90199995,6.90199995,6.90199995
5/2/2005,6.925000191,6.945000172,6.769999981,6.840000153
5/3/2005,6.840000153,6.875,6.800000191,6.850999832
5/4/2005,6.909999847,7.019999981,6.889999866,6.981999874
5/5/2005,7.014999866,7.079999924,6.96999979,7.050000191
5/6/2005,7.070000172,7.070000172,6.889999866,6.952000141
5/9/2005,6.980000019,7.099999905,6.980000019,7.066999912
5/10/2005,7.054999828,7.139999866,7.039999962,7.099999905
5/11/2005,7.079999924,7.090000153,7.079999924,7.079999924
5/12/2005,7,7,6.929999828,6.947999954
5/13/2005,6.929999828,6.949999809,6.889999866,6.925000191
5/16/2005,6.889999866,6.949999809,6.889999866,6.934999943
5/17/2005,7.050000191,7.050000191,7.025000095,7.025000095
5/18/2005,7.119999886,7.184999943,7.059999943,7.184999943
5/19/2005,7.144999981,7.144999981,7.119999886,7.119999886
5/20/2005,7,7,6.929999828,6.934999943
5/23/2005,6.965000153,7.014999866,6.949999809,6.949999809
5/24/2005,7.025000095,7.025000095,6.987999916,6.987999916
5/25/2005,6.989999771,7.150000095,6.989999771,7.123000145
5/26/2005,7.139999866,7.179999828,7.139999866,7.15199995
5/27/2005,7.302000046,7.302000046,7.302000046,7.302000046
5/31/2005,7.443999767,7.443999767,7.443999767,7.443999767
6/1/2005,7.507999897,7.507999897,7.507999897,7.507999897
6/2/2005,7.526000023,7.526000023,7.526000023,7.526000023
6/3/2005,7.579999924,7.579999924,7.489999771,7.489999771
6/6/2005,7.520999908,7.520999908,7.520999908,7.520999908
6/7/2005,7.428999901,7.428999901,7.428999901,7.428999901
6/8/2005,7.458000183,7.458000183,7.458000183,7.458000183
6/9/2005,7.252999783,7.257999897,7.252999783,7.257999897
6/10/2005,7.276000023,7.276000023,7.276000023,7.276000023
6/13/2005,7.252999783,7.252999783,7.252999783,7.252999783
6/14/2005,7.269000053,7.269000053,7.269000053,7.269000053
6/15/2005,7.320000172,7.320000172,7.320000172,7.320000172
6/16/2005,7.360000134,7.360000134,7.360000134,7.360000134
6/17/2005,7.329999924,7.329999924,7.329999924,7.329999924
6/20/2005,7.296999931,7.296999931,7.296999931,7.296999931
6/21/2005,7.287000179,7.287000179,7.287000179,7.287000179
6/22/2005,7.252999783,7.252999783,7.252999783,7.252999783
6/23/2005,7.269999981,7.269999981,7.269999981,7.269999981
6/24/2005,7.235000134,7.277999878,7.235000134,7.277999878
6/27/2005,7.239999771,7.239999771,7.239999771,7.239999771
6/28/2005,7.170000076,7.170000076,7.096000195,7.096000195
6/30/2005,7.027999878,7.027999878,7.027999878,7.027999878
7/1/2005,7.039999962,7.045000076,6.840000153,6.850999832
7/5/2005,6.869999886,6.880000114,6.809999943,6.829999924
7/6/2005,6.860000134,6.929999828,6.860000134,6.915999889
7/7/2005,6.929999828,7.050000191,6.909999847,6.948999882
7/8/2005,6.949999809,7.019999981,6.914999962,6.993999958
7/11/2005,7.039999962,7.099999905,7.039999962,7.068999767
7/12/2005,7.079999924,7.090000153,7.03000021,7.047999859
7/13/2005,7.039999962,7.045000076,7.032999992,7.032999992
7/14/2005,7.010000229,7.059999943,6.900000095,6.960999966
7/15/2005,6.920000076,6.980000019,6.920000076,6.955999851
7/18/2005,6.940000057,7.019999981,6.940000057,6.973999977
7/19/2005,6.949999809,6.980000019,6.940000057,6.953999996
7/20/2005,7.039999962,7.050000191,7.038000107,7.038000107
7/21/2005,7.150000095,7.150000095,7.105999947,7.105999947
7/22/2005,7.119999886,7.119999886,7.079999924,7.085999966
7/25/2005,7.099999905,7.119999886,7.079999924,7.112999916
7/26/2005,7.074999809,7.074999809,6.993000031,6.993000031
7/27/2005,7,7.045000076,6.949999809,7.014999866
7/28/2005,7.173999786,7.173999786,7.173999786,7.173999786
7/29/2005,7.237999916,7.237999916,7.237999916,7.237999916
8/1/2005,7.281000137,7.281000137,7.281000137,7.281000137
8/2/2005,7.237999916,7.237999916,7.237999916,7.237999916
8/3/2005,7.28399992,7.28399992,7.28399992,7.28399992
8/4/2005,7.230000019,7.230000019,7.230000019,7.230000019
8/5/2005,7.137000084,7.137000084,7.137000084,7.137000084
8/8/2005,6.995999813,6.995999813,6.995999813,6.995999813
8/9/2005,7.015999794,7.015999794,7.015999794,7.015999794
8/10/2005,7.06099987,7.06099987,7.06099987,7.06099987
8/11/2005,7.169000149,7.169000149,7.169000149,7.169000149
8/12/2005,7.076000214,7.076000214,7.076000214,7.076000214
8/15/2005,6.920000076,6.953000069,6.920000076,6.953000069
8/16/2005,7.032999992,7.032999992,7.032999992,7.032999992
8/17/2005,6.985000134,6.985000134,6.985000134,6.985000134
8/18/2005,6.985000134,6.989999771,6.985000134,6.989999771
8/19/2005,7,7,7,7
8/22/2005,7.053999901,7.053999901,7.053999901,7.053999901
8/23/2005,6.961999893,6.961999893,6.961999893,6.961999893
8/24/2005,6.918000221,6.918000221,6.918000221,6.918000221
8/25/2005,6.909999847,6.909999847,6.828000069,6.828000069
8/26/2005,6.739999771,6.739999771,6.739999771,6.739999771
8/29/2005,6.730000019,6.730000019,6.730000019,6.730000019
8/30/2005,6.690999985,6.690999985,6.690999985,6.690999985
8/31/2005,6.781000137,6.781000137,6.781000137,6.781000137
9/1/2005,6.824999809,6.989999771,6.809999943,6.96600008
9/2/2005,6.974999905,7.034999847,6.934999943,7
9/6/2005,7,7.059999943,6.989999771,7.031000137
9/7/2005,7.03000021,7.090000153,7.014999866,7.051000118
9/8/2005,7.045000076,7.090000153,6.96600008,6.96600008
9/9/2005,6.954999924,7.034999847,6.954999924,7.002999783
9/12/2005,7.03000021,7.03000021,6.965000153,6.998000145
9/13/2005,6.989999771,6.994999886,6.900000095,6.94299984
9/14/2005,7,7,6.980000019,6.986000061
9/15/2005,7.03000021,7.070000172,6.940000057,7.019000053
9/16/2005,7.065000057,7.229000092,7.059999943,7.229000092
9/19/2005,7.349999905,7.389999866,7.337999821,7.337999821
9/20/2005,7.360000134,7.369999886,7.289999962,7.315000057
9/21/2005,7.340000153,7.355000019,7.340000153,7.355000019
9/22/2005,7.349999905,7.355000019,7.349999905,7.353000164
9/23/2005,7.230000019,7.272999763,7.230000019,7.272999763
9/26/2005,7.289999962,7.335000038,7.289999962,7.30700016
9/27/2005,7.320000172,7.320000172,7.270999908,7.270999908
9/28/2005,7.289999962,7.360000134,7.28000021,7.347000122
9/29/2005,7.493000031,7.493000031,7.493000031,7.493000031
9/30/2005,7.458000183,7.458000183,7.458000183,7.458000183
10/3/2005,7.402999878,7.402999878,7.402999878,7.402999878
10/4/2005,7.375,7.375,7.375,7.375
10/5/2005,7.427999973,7.427999973,7.427999973,7.427999973
10/6/2005,7.547999859,7.547999859,7.547999859,7.547999859
10/7/2005,7.724999905,7.724999905,7.724999905,7.724999905
10/10/2005,7.798999786,7.798999786,7.798999786,7.798999786
10/11/2005,7.824999809,7.824999809,7.824999809,7.824999809
10/12/2005,7.788000107,7.788000107,7.788000107,7.788000107
10/13/2005,7.670000076,7.684999943,7.670000076,7.684999943
10/14/2005,7.619999886,7.81400013,7.619999886,7.81400013
10/17/2005,7.827000141,7.827000141,7.827000141,7.827000141
10/18/2005,7.739999771,7.788000107,7.739999771,7.788000107
10/19/2005,7.59499979,7.59499979,7.59499979,7.59499979
10/20/2005,7.610000134,7.612999916,7.610000134,7.612999916
10/21/2005,7.65500021,7.65500021,7.65500021,7.65500021
10/24/2005,7.668000221,7.668000221,7.668000221,7.668000221
10/25/2005,7.787000179,7.787000179,7.787000179,7.787000179
10/26/2005,7.824999809,7.824999809,7.824999809,7.824999809
10/27/2005,7.802000046,7.802000046,7.802000046,7.802000046
10/28/2005,7.789999962,7.789999962,7.789999962,7.789999962
10/31/2005,7.550000191,7.550000191,7.550000191,7.550000191
11/1/2005,7.400000095,7.441999912,7.400000095,7.441999912
11/2/2005,7.532000065,7.532000065,7.532000065,7.532000065
11/3/2005,7.597000122,7.597000122,7.597000122,7.597000122
11/4/2005,7.546999931,7.546999931,7.546999931,7.546999931
11/7/2005,7.578999996,7.578999996,7.578999996,7.578999996
11/8/2005,7.600999832,7.600999832,7.600999832,7.600999832
11/9/2005,7.653999805,7.653999805,7.653999805,7.653999805
11/10/2005,7.684000015,7.684000015,7.684000015,7.684000015
11/11/2005,7.738999844,7.738999844,7.738999844,7.738999844
11/14/2005,7.763999939,7.763999939,7.763999939,7.763999939
11/15/2005,7.769999981,7.769999981,7.769999981,7.769999981
11/16/2005,7.986000061,7.986000061,7.986000061,7.986000061
11/17/2005,8.086999893,8.086999893,8.086999893,8.086999893
11/18/2005,8.05300045,8.05300045,8.05300045,8.05300045
11/21/2005,8.12100029,8.12100029,8.12100029,8.12100029
11/22/2005,8.164999962,8.164999962,8.164999962,8.164999962
11/23/2005,8.125,8.125,8.125,8.125
11/28/2005,8.300000191,8.348999977,8.300000191,8.348999977
11/29/2005,8.364999771,8.364999771,8.229999542,8.295999527
11/30/2005,8.300000191,8.300000191,8.175000191,8.279999733
12/1/2005,8.274999619,8.5,8.18999958,8.498999596
12/2/2005,8.5,8.600000381,8.460000038,8.543999672
12/5/2005,8.569999695,8.640000343,8.529999733,8.631999969
12/6/2005,8.614999771,8.725000381,8.5,8.692000389
12/7/2005,8.715000153,8.819999695,8.715000153,8.777999878
12/8/2005,8.770000458,8.920000076,8.699999809,8.894000053
12/9/2005,8.890000343,9.029999733,8.890000343,9
12/12/2005,9,9.170000076,8.654999733,8.791999817
12/13/2005,8.75,8.774999619,8.479999542,8.496999741
12/14/2005,8.470000267,8.539999962,8.376999855,8.376999855
12/15/2005,8.354999542,8.56000042,8.354999542,8.548999786
12/16/2005,8.630000114,8.645000458,8.520999908,8.520999908
12/19/2005,8.604999542,8.604999542,8.567000389,8.567000389
12/20/2005,8.56000042,8.604999542,8.300000191,8.312000275
12/21/2005,8.31000042,8.352999687,8.260000229,8.352999687
12/22/2005,8.399999619,8.501999855,8.369999886,8.501999855
12/23/2005,8.529999733,8.569000244,8.5,8.569000244
12/27/2005,8.590000153,8.75,8.590000153,8.741999626
12/28/2005,8.760000229,8.949999809,8.760000229,8.864999771
12/29/2005,8.899999619,8.899999619,8.699999809,8.812000275
12/30/2005,8.819999695,8.819999695,8.819999695,8.819999695
1/3/2006,9.029999733,9.086999893,9.010000229,9.086999893
1/4/2006,8.949999809,9.102000237,8.949999809,9.102000237
1/5/2006,9,9,8.809000015,8.809000015
1/6/2006,9.112000465,9.112000465,9.112000465,9.112000465
1/9/2006,9.119999886,9.222000122,9.119999886,9.222000122
1/10/2006,9.239999771,9.239999771,8.956999779,8.956999779
1/11/2006,8.93500042,9.039999962,8.899999619,9.006999969
1/12/2006,9.100000381,9.100000381,8.920000076,9.006999969
1/13/2006,9.112000465,9.112000465,9.112000465,9.112000465
1/17/2006,9.039999962,9.039999962,9.020000458,9.020000458
1/18/2006,8.805000305,8.819999695,8.805000305,8.819999695
1/19/2006,8.920000076,9.057999611,8.920000076,9.057999611
1/20/2006,8.880000114,9.079999924,8.880000114,8.880000114
1/23/2006,8.899999619,9.026000023,8.899999619,9.026000023
1/24/2006,9.182999611,9.182999611,9.182999611,9.182999611
1/25/2006,9.220000267,9.5,9.220000267,9.465000153
1/26/2006,9.649999619,9.649999619,9.56400013,9.56400013
1/27/2006,9.565999985,9.565999985,9.565999985,9.565999985
1/30/2006,9.659999847,9.739999771,9.659999847,9.739999771
1/31/2006,9.760000229,9.869999886,9.760000229,9.850000381
2/1/2006,9.760000229,9.760000229,9.760000229,9.760000229
2/2/2006,9.819999695,9.843999863,9.819999695,9.843999863
2/3/2006,9.729999542,9.729999542,9.729999542,9.729999542
2/6/2006,9.727999687,9.727999687,9.727999687,9.727999687
2/7/2006,9.350000381,9.380000114,9.350000381,9.380000114
2/8/2006,9.414999962,9.414999962,9.414999962,9.414999962
2/9/2006,9.637999535,9.637999535,9.637999535,9.637999535
2/10/2006,9.359999657,9.359999657,9.359999657,9.359999657
2/13/2006,9.289999962,9.300000191,9.100000381,9.100000381
2/14/2006,9.25,9.296999931,9.25,9.296999931
2/15/2006,9.199000359,9.199000359,9.199000359,9.199000359
2/16/2006,9.357999802,9.357999802,9.357999802,9.357999802
2/17/2006,9.407999992,9.407999992,9.407999992,9.407999992
2/21/2006,9.536000252,9.536000252,9.536000252,9.536000252
2/22/2006,9.567000389,9.567000389,9.567000389,9.567000389
2/23/2006,9.461999893,9.461999893,9.461999893,9.461999893
2/24/2006,9.732999802,9.732999802,9.732999802,9.732999802
2/27/2006,9.710000038,9.725000381,9.520000458,9.602000237
2/28/2006,9.604999542,9.779999733,9.56499958,9.720000267
3/1/2006,9.734999657,9.81000042,9.68999958,9.710000038
3/2/2006,9.699999809,10.18999958,9.699999809,10.12800026
3/3/2006,10.18500042,10.22500038,10.05000019,10.16100025
3/6/2006,10.11999989,10.22000027,9.840000153,9.953000069
3/7/2006,10.02499962,10.06000042,9.909999847,10.03499985
3/8/2006,10.03499985,10.03499985,9.640000343,9.777000427
3/9/2006,9.819999695,9.989999771,9.725000381,9.902999878
3/10/2006,9.899999619,9.949999809,9.789999962,9.895000458
3/13/2006,9.914999962,10.09300041,9.899999619,10.09300041
3/14/2006,10.06999969,10.19999981,10.06999969,10.18200016
3/15/2006,10.31999969,10.35000038,10.25,10.2869997
3/16/2006,10.22000027,10.35000038,10.15999985,10.28100014
3/17/2006,10.39999962,10.44999981,10.30599976,10.30599976
3/20/2006,10.36999989,10.36999989,10.25,10.30700016
3/21/2006,10.25,10.51599979,10.17000008,10.51599979
3/22/2006,10.5,10.60000038,10.4460001,10.4460001
3/23/2006,10.44999981,10.65999985,10.43500042,10.64299965
3/24/2006,10.60499954,10.73999977,10.60499954,10.68799973
3/27/2006,10.85999966,10.85999966,10.78999996,10.84799957
3/28/2006,10.82999992,10.88000011,10.78999996,10.82600021
3/29/2006,10.85000038,11.10000038,10.85000038,11.07299995
3/30/2006,11.14000034,11.61800003,11.14000034,11.61800003
3/31/2006,11.61999989,11.61999989,11.47999954,11.47999954
4/3/2006,11.63000011,11.72299957,11.63000011,11.72299957
4/4/2006,11.68799973,11.68799973,11.68799973,11.68799973
4/5/2006,11.66499996,11.66499996,11.66499996,11.66499996
4/6/2006,11.96000004,12.00699997,11.96000004,12.00699997
4/7/2006,12.11999989,12.11999989,12.03499985,12.03499985
4/10/2006,12.30000019,12.57999992,12.30000019,12.52900028
4/11/2006,12.94499969,12.94499969,12.57299995,12.57299995
4/12/2006,12.59000015,12.63599968,12.59000015,12.63599968
4/13/2006,12.82800007,12.82800007,12.82800007,12.82800007
4/17/2006,13.19999981,13.34000015,13.19999981,13.34000015
4/18/2006,13.55000019,13.76000023,13.5,13.76000023
4/19/2006,14.4989996,14.4989996,14.4989996,14.4989996
4/20/2006,12.51000023,12.51000023,12.51000023,12.51000023
4/21/2006,12.96500015,12.96500015,12.96500015,12.96500015
4/24/2006,11.77200031,11.77200031,11.77200031,11.77200031
4/25/2006,12.67000008,12.67000008,12.55500031,12.55500031
4/26/2006,12.81000042,12.81000042,12.81000042,12.81000042
4/27/2006,12.85499954,13.14999962,12.18999958,12.47000027
4/28/2006,12.5,13.76000023,12.39999962,13.51000023
5/1/2006,13.76000023,13.94999981,13.42000008,13.85200024
5/2/2006,13.875,14.11999989,13.67000008,14.10999966
5/3/2006,14.09000015,14.30000019,13,13.70400047
5/4/2006,13.56999969,14.06999969,13.56999969,13.73499966
5/5/2006,13.81999969,13.98999977,13.68999958,13.79199982
5/8/2006,13.875,13.875,13.34000015,13.67700005
5/9/2006,13.59000015,14.38000011,13.59000015,14.3739996
5/10/2006,14.34000015,14.39000034,14.19099998,14.19099998
5/11/2006,14.21000004,14.94999981,14.21000004,14.84599972
5/12/2006,14.77000046,14.81000042,14.14599991,14.14599991
5/15/2006,13.27999973,13.39999962,13.10000038,13.24600029
5/16/2006,13.18000031,13.45199966,13.18000031,13.45199966
5/17/2006,13.44999981,13.68000031,12.94999981,13.15699959
5/18/2006,12.97999954,13.18999958,12.43700027,12.43700027
5/19/2006,12.60000038,12.60000038,12,12.27700043
5/22/2006,12.27999973,12.39999962,12.19999981,12.35499954
5/23/2006,12.50500011,13.10000038,12.35000038,13.10000038
5/24/2006,12.84500027,12.85000038,12.44999981,12.44999981
5/25/2006,12.44999981,12.59000015,12.44999981,12.53999996
5/26/2006,12.47999954,12.67500019,12.46000004,12.67500019
5/30/2006,13.05000019,13.05000019,13.01299953,13.01299953
5/31/2006,12.39799976,12.39799976,12.39799976,12.39799976
6/1/2006,11.85000038,11.85000038,11.85000038,11.85000038
6/2/2006,12.03499985,12.03499985,12.03499985,12.03499985
6/5/2006,12.10000038,12.24499989,12.10000038,12.24499989
6/6/2006,11.61999989,11.80500031,11.61999989,11.80500031
6/7/2006,11.75500011,11.85700035,11.43999958,11.85700035
6/8/2006,11.04199982,11.04199982,11.04199982,11.04199982
6/9/2006,11.17700005,11.17700005,11.17700005,11.17700005
6/12/2006,11.03499985,11.03499985,11.03499985,11.03499985
6/13/2006,9.595000267,9.595000267,9.595000267,9.595000267
6/14/2006,9.75,9.789999962,9.706999779,9.706999779
6/15/2006,10.06999969,10.06999969,9.949999809,9.949999809
6/16/2006,10.10999966,10.10999966,10.10999966,10.10999966
6/19/2006,9.949000359,9.949000359,9.949000359,9.949000359
6/20/2006,9.869999886,10.25,9.869999886,10.25
6/21/2006,10.39999962,10.39999962,10.39999962,10.39999962
6/22/2006,10.19499969,10.19499969,10.19499969,10.19499969
6/23/2006,10.27099991,10.27099991,10.27099991,10.27099991
6/26/2006,10.22900009,10.22900009,10.22900009,10.22900009
6/27/2006,10.18500042,10.18500042,10.18500042,10.18500042
6/28/2006,10.14799976,10.14799976,10.14799976,10.14799976
6/29/2006,10.18000031,10.5,10.13000011,10.33300018
6/30/2006,10.30000019,11.05000019,10.30000019,10.90999985
7/3/2006,10.83300018,10.83300018,10.83300018,10.83300018
7/5/2006,11.24499989,11.39000034,11.15999985,11.33500004
7/6/2006,11.28999996,11.50699997,11.18500042,11.50699997
7/7/2006,11.53999996,11.53999996,11.27999973,11.32499981
7/10/2006,11.14500046,11.14999962,10.94499969,11.02999973
7/11/2006,10.97999954,11.47000027,10.97999954,11.47000027
7/12/2006,11.44999981,11.77999973,11.44999981,11.47500038
7/13/2006,11.63000011,11.63000011,11.35499954,11.40499973
7/14/2006,11.63000011,11.63000011,11.44999981,11.44999981
7/17/2006,11.60999966,11.67000008,11.01000023,11.01000023
7/18/2006,10.91499996,11,10.45499992,10.45499992
7/19/2006,10.86999989,11.05500031,10.86999989,11.05500031
7/20/2006,11.22000027,11.22000027,11.00500011,11.00500011
7/21/2006,11.14999962,11.14999962,10.78499985,10.78499985
7/24/2006,10.76000023,10.86999989,10.76000023,10.86999989
7/25/2006,10.90499973,10.90499973,10.84000015,10.89500046
7/26/2006,11,11.02999973,10.94999981,11.02999973
7/27/2006,11.14999962,11.44999981,11.14999962,11.34000015
7/28/2006,11.31999969,11.31999969,11.31999969,11.31999969
7/31/2006,11.32499981,11.32499981,11.32499981,11.32499981
8/1/2006,11.69499969,11.69499969,11.69499969,11.69499969
8/2/2006,12.20300007,12.20300007,12.20300007,12.20300007
8/3/2006,12.04500008,12.04500008,12.04500008,12.04500008
8/4/2006,12.43999958,12.43999958,12.43999958,12.43999958
8/7/2006,12.22299957,12.22299957,12.22299957,12.22299957
8/8/2006,12.22299957,12.22299957,12.22000027,12.22000027
8/9/2006,12.52999973,12.52999973,12.52999973,12.52999973
8/10/2006,12.19999981,12.19999981,12.06999969,12.06999969
8/11/2006,11.85299969,11.85299969,11.85299969,11.85299969
8/14/2006,12.12800026,12.12800026,12.12800026,12.12800026
8/15/2006,12.05599976,12.05599976,12.05599976,12.05599976
8/16/2006,12.25899982,12.25899982,12.25899982,12.25899982
8/17/2006,11.97299957,11.97299957,11.97299957,11.97299957
8/18/2006,12.01000023,12.01000023,12.01000023,12.01000023
8/21/2006,12.32499981,12.32499981,12.32499981,12.32499981
8/22/2006,12.24499989,12.24499989,12.24499989,12.24499989
8/23/2006,12.49800014,12.49800014,12.49800014,12.49800014
8/24/2006,12.29699993,12.29699993,12.29699993,12.29699993
8/25/2006,12.35900021,12.35900021,12.35900021,12.35900021
8/28/2006,12.01399994,12.01399994,12.01399994,12.01399994
8/29/2006,12.1420002,12.1420002,12.1420002,12.1420002
8/30/2006,12.14999962,12.51000023,12.14999962,12.49800014
8/31/2006,12.5,12.93000031,12.5,12.89999962
9/1/2006,12.86999989,13,12.80000019,12.97000027
9/4/2006,12.97000027,12.97000027,12.91499996,12.91499996
9/5/2006,13.22500038,13.26000023,12.97999954,13.00500011
9/6/2006,12.94999981,13.22000027,12.92500019,13.06499958
9/7/2006,13.04500008,13.04500008,12.51000023,12.56299973
9/8/2006,12.60999966,12.60999966,11.97999954,12.16300011
9/11/2006,11.80500031,11.80500031,11.1079998,11.1079998
9/12/2006,11.15999985,11.31000042,10.97000027,11.02499962
9/13/2006,10.97999954,11.25,10.97999954,11.08500004
9/14/2006,11.27999973,11.27999973,10.83500004,10.83500004
9/15/2006,10.81499958,10.81499958,10.44999981,10.76000023
9/18/2006,10.94999981,11.17500019,10.84000015,11.17500019
9/19/2006,11.19999981,11.19999981,10.82999992,10.82999992
9/20/2006,11,11.02700043,11,11.02700043
9/21/2006,11,11.13700008,10.93999958,11.13700008
9/22/2006,11.23999977,11.23999977,11.20199966,11.20199966
9/25/2006,11.21700001,11.21700001,11.21700001,11.21700001
9/26/2006,11.30000019,11.44999981,11.30000019,11.39500046
9/27/2006,11.60999966,11.60999966,11.60000038,11.60000038
9/28/2006,11.64500046,11.64500046,11.64500046,11.64500046
9/29/2006,11.44999981,11.44999981,11.44999981,11.44999981
10/2/2006,11.55000019,11.55000019,11.55000019,11.55000019
10/3/2006,10.95499992,10.95499992,10.95499992,10.95499992
10/4/2006,10.70499992,10.70499992,10.70499992,10.70499992
10/5/2006,11.02999973,11.02999973,10.97999954,10.97999954
10/6/2006,11.02999973,11.08500004,11.02999973,11.08500004
10/9/2006,11.32999992,11.32999992,11.32999992,11.32999992
10/10/2006,11.13500023,11.13500023,11.13500023,11.13500023
10/11/2006,11.27999973,11.27999973,11.24499989,11.24499989
10/12/2006,11.29500008,11.29500008,11.29500008,11.29500008
10/13/2006,11.59799957,11.59799957,11.59799957,11.59799957
10/16/2006,11.82800007,11.82800007,11.82800007,11.82800007
10/17/2006,11.69799995,11.69799995,11.69799995,11.69799995
10/18/2006,11.74300003,11.74300003,11.74300003,11.74300003
10/19/2006,12.08500004,12.08500004,12.08500004,12.08500004
10/20/2006,11.89000034,11.89000034,11.89000034,11.89000034
10/23/2006,11.60000038,11.60000038,11.60000038,11.60000038
10/24/2006,11.77999973,11.77999973,11.77999973,11.77999973
10/25/2006,11.81999969,11.81999969,11.81999969,11.81999969
10/26/2006,12.17000008,12.17000008,12.17000008,12.17000008
10/27/2006,12.01500034,12.01500034,12.01500034,12.01500034
10/30/2006,12.19499969,12.19499969,12.19499969,12.19499969
10/31/2006,12.21199989,12.21199989,12.21199989,12.21199989
11/1/2006,12.41699982,12.41699982,12.41699982,12.41699982
11/2/2006,12.59799957,12.59799957,12.59799957,12.59799957
11/3/2006,12.58500004,12.58500004,12.58500004,12.58500004
11/6/2006,12.7130003,12.7130003,12.7130003,12.7130003
11/7/2006,12.62800026,12.62800026,12.62800026,12.62800026
11/8/2006,12.50699997,12.50699997,12.50699997,12.50699997
11/9/2006,13.01000023,13.01000023,13.01000023,13.01000023
11/10/2006,13.07699966,13.07699966,13.07699966,13.07699966
11/13/2006,12.86499977,12.86499977,12.85499954,12.85499954
11/14/2006,12.86100006,12.86100006,12.86100006,12.86100006
11/15/2006,12.91699982,12.91699982,12.91699982,12.91699982
11/16/2006,12.92199993,12.92199993,12.92199993,12.92199993
11/17/2006,12.77900028,12.77900028,12.77900028,12.77900028
11/20/2006,12.72099972,12.72099972,12.72099972,12.72099972
11/21/2006,13.07199955,13.07199955,13.07199955,13.07199955
11/22/2006,13.02999973,13.02999973,13.02999973,13.02999973
11/27/2006,13.48499966,13.48499966,13.48499966,13.48499966
11/28/2006,13.61999989,13.61999989,13.61999989,13.61999989
11/29/2006,13.61999989,13.80500031,13.55000019,13.56599998
11/30/2006,13.55000019,14,13.53999996,13.92500019
12/1/2006,13.89999962,14.02000046,13.80000019,14.00599957
12/4/2006,14.05000019,14.10000038,13.94499969,14.06099987
12/5/2006,14.09500027,14.14000034,13.82999992,13.84500027
12/6/2006,13.69999981,13.81000042,13.53499985,13.61499977
12/7/2006,13.52499962,13.89500046,13.5,13.86100006
12/8/2006,13.85000038,13.92000008,13.71899986,13.71899986
12/11/2006,13.71500015,13.88000011,13.65999985,13.85000038
12/12/2006,13.82999992,13.84000015,13.77000046,13.81299973
12/13/2006,13.59000015,13.74699974,13.59000015,13.74699974
12/14/2006,13.84000015,13.84000015,13.64999962,13.78499985
12/15/2006,13.77499962,13.77499962,12.81999969,12.82299995
12/18/2006,12.80000019,12.80000019,12.22999954,12.38199997
12/19/2006,12.40999985,12.57999992,12.40999985,12.56999969
12/20/2006,12.5,12.68000031,12.5,12.51000023
12/21/2006,12.49499989,12.49499989,12.35000038,12.3579998
12/22/2006,12.56000042,12.56000042,12.36999989,12.50800037
12/26/2006,12.61999989,12.75,12.60000038,12.60299969
12/27/2006,12.70499992,12.80300045,12.70499992,12.80300045
12/28/2006,12.73999977,12.82299995,12.73999977,12.82299995
12/29/2006,12.88000011,12.88000011,12.81799984,12.81799984
1/2/2007,12.81799984,12.81799984,12.81799984,12.81799984
1/3/2007,12.55000019,12.55500031,12.55000019,12.55500031
1/4/2007,12.72000027,12.72999954,12.72000027,12.72700024
1/5/2007,12.13000011,12.13000011,12.13000011,12.13000011
1/8/2007,12.25,12.26000023,12.25,12.26000023
1/9/2007,12.19999981,12.49800014,12.19999981,12.49800014
1/10/2007,12.35000038,12.35000038,12.35000038,12.35000038
1/11/2007,12.375,12.375,12.375,12.375
1/12/2007,12.79800034,12.79800034,12.79800034,12.79800034
1/16/2007,12.53999996,12.53999996,12.53999996,12.53999996
1/17/2007,12.81299973,12.81299973,12.81299973,12.81299973
1/18/2007,12.6079998,12.6079998,12.6079998,12.6079998
1/19/2007,12.69999981,12.84500027,12.69999981,12.84500027
1/22/2007,12.86499977,12.92500019,12.85499954,12.92500019
1/23/2007,13.11999989,13.18500042,13.11999989,13.18500042
1/24/2007,13.16499996,13.20100021,13.07999992,13.20100021
1/25/2007,13.42199993,13.42199993,13.42199993,13.42199993
1/26/2007,13.43000031,13.43000031,13.31000042,13.31000042
1/29/2007,13.18999958,13.18999958,13.18999958,13.18999958
1/30/2007,13.31900024,13.31900024,13.31900024,13.31900024
1/31/2007,13.53499985,13.55000019,13.51399994,13.51399994
2/1/2007,13.61999989,13.67199993,13.61499977,13.67199993
2/2/2007,13.30000019,13.32699966,13.30000019,13.32699966
2/5/2007,13.51500034,13.51500034,13.51500034,13.51500034
2/6/2007,13.63000011,13.63000011,13.63000011,13.63000011
2/7/2007,13.64999962,13.66699982,13.64999962,13.66699982
2/8/2007,13.73200035,13.73200035,13.73200035,13.73200035
2/9/2007,13.81000042,13.87899971,13.81000042,13.87899971
2/12/2007,13.6789999,13.6789999,13.6789999,13.6789999
2/13/2007,13.88099957,13.88099957,13.88099957,13.88099957
2/14/2007,13.93299961,13.93299961,13.93299961,13.93299961
2/15/2007,13.93999958,13.93999958,13.93999958,13.93999958
2/16/2007,13.93999958,13.97000027,13.93999958,13.97000027
2/20/2007,13.81200027,13.81200027,13.81200027,13.81200027
2/21/2007,14.25800037,14.25800037,14.25800037,14.25800037
2/22/2007,14.24100018,14.24100018,14.24100018,14.24100018
2/23/2007,14.64999962,14.64999962,14.58899975,14.58899975
2/26/2007,14.68999958,14.68999958,14.68999958,14.68999958
2/27/2007,14.71500015,14.72000027,14.03999996,14.54500008
2/28/2007,14.16499996,14.38500023,13.97999954,14.10000038
3/1/2007,14.22999954,14.30500031,13.44999981,13.52999973
3/2/2007,13.63500023,13.64000034,12.70499992,12.84500027
3/5/2007,12.85999966,12.89000034,12.47000027,12.64000034
3/6/2007,12.81999969,12.94999981,12.72000027,12.87699986
3/7/2007,12.90999985,13.02000046,12.88000011,13
3/8/2007,13.06999969,13.11999989,12.97000027,13.0170002
3/9/2007,12.98499966,13.03999996,12.86999989,12.86999989
3/12/2007,12.88500023,12.98499966,12.86999989,12.98499966
3/13/2007,12.89000034,12.94999981,12.77499962,12.86299992
3/14/2007,12.64000034,12.77000046,12.64000034,12.73999977
3/15/2007,13.01500034,13.02999973,12.98700047,12.98700047
3/16/2007,13.06000042,13.12699986,13.03499985,13.12699986
3/19/2007,13.10999966,13.14700031,13.10999966,13.14700031
3/20/2007,13.28499985,13.28499985,13.28499985,13.28499985
3/21/2007,13.35000038,13.35000038,13.23700047,13.23700047
3/22/2007,13.40299988,13.40299988,13.40299988,13.40299988
3/23/2007,13.31999969,13.32499981,13.15200043,13.15200043
3/26/2007,13.31999969,13.47000027,13.31999969,13.34000015
3/27/2007,13.31999969,13.35000038,13.20499992,13.21000004
3/28/2007,13.42000008,13.42000008,13.27000046,13.38700008
3/29/2007,13.15999985,13.29500008,13.15999985,13.27799988
3/30/2007,13.39000034,13.39000034,13.39000034,13.39000034
4/2/2007,13.10000038,13.29300022,13.02000046,13.29300022
4/3/2007,13.42500019,13.42500019,13.375,13.375
4/4/2007,13.56999969,13.56999969,13.56999969,13.56999969
4/5/2007,13.69400024,13.69400024,13.69400024,13.69400024
4/9/2007,13.76599979,13.76599979,13.76599979,13.76599979
4/10/2007,13.86999989,13.88799953,13.77999973,13.88799953
4/11/2007,13.85000038,13.85000038,13.85000038,13.85000038
4/12/2007,13.81999969,13.81999969,13.81999969,13.81999969
4/13/2007,14.01500034,14.10000038,14.01000023,14.05799961
4/16/2007,13.99499989,14.05000019,13.86999989,14.05000019
4/17/2007,13.99199963,13.99199963,13.99199963,13.99199963
4/18/2007,13.99199963,13.99199963,13.94900036,13.94900036
4/19/2007,13.7159996,13.7159996,13.7159996,13.7159996
4/20/2007,13.93799973,13.93799973,13.93799973,13.93799973
4/23/2007,14.03299999,14.03299999,14.03299999,14.03299999
4/24/2007,13.76900005,13.76900005,13.76900005,13.76900005
4/25/2007,13.75199986,13.75199986,13.75199986,13.75199986
4/26/2007,13.31999969,13.31999969,13.31999969,13.31999969
4/27/2007,13.32999992,13.55000019,13.22999954,13.44299984
4/30/2007,13.44499969,13.54500008,13.39999962,13.44499969
5/1/2007,13.42000008,13.44999981,13.09000015,13.24499989
5/2/2007,13.29500008,13.29500008,13,13.21399975
5/3/2007,13.22999954,13.42000008,13.22999954,13.39299965
5/4/2007,13.42000008,13.58500004,13.41499996,13.41499996
5/7/2007,13.52000046,13.54500008,13.5,13.52700043
5/8/2007,13.43500042,13.56000042,13.32999992,13.48900032
5/9/2007,13.35000038,13.36100006,13.18999958,13.36100006
5/10/2007,13.29500008,13.29500008,13.03999996,13.03999996
5/11/2007,12.97000027,13.21500015,12.97000027,13.21000004
5/14/2007,13.22500038,13.22500038,13.07499981,13.1420002
5/15/2007,13.14500046,13.22599983,13.14000034,13.22599983
5/16/2007,12.89999962,12.94999981,12.84300041,12.84300041
5/17/2007,12.85000038,12.86499977,12.78499985,12.80599976
5/18/2007,12.95499992,12.97999954,12.86999989,12.92599964
5/21/2007,12.88000011,13.06000042,12.88000011,13.05700016
5/22/2007,13.08500004,13.08500004,12.91899967,12.91899967
5/23/2007,13.02999973,13.10999966,13,13.03499985
5/24/2007,12.85200024,12.85200024,12.85200024,12.85200024
5/25/2007,12.92000008,12.93500042,12.88000011,12.93500042
5/29/2007,13.06000042,13.19999981,13.06000042,13.15799999
5/30/2007,13.03999996,13.15499973,13.03999996,13.15499973
5/31/2007,13.4090004,13.4090004,13.4090004,13.4090004
6/1/2007,13.68099976,13.68099976,13.68099976,13.68099976
6/4/2007,13.76500034,13.76500034,13.68599987,13.68599987
6/5/2007,13.75699997,13.75699997,13.75699997,13.75699997
6/6/2007,13.66399956,13.66399956,13.66399956,13.66399956
6/7/2007,13.72500038,13.72500038,13.43500042,13.43500042
6/8/2007,12.9989996,12.9989996,12.9989996,12.9989996
6/11/2007,13.11499977,13.23700047,13.05500031,13.23700047
6/12/2007,12.99499989,13.15999985,12.99499989,13.05500031
6/13/2007,13.02700043,13.02700043,13.02700043,13.02700043
6/14/2007,13.14999962,13.14999962,13.13500023,13.13500023
6/15/2007,13.23400021,13.23400021,13.23400021,13.23400021
6/18/2007,13.33500004,13.33500004,13.21100044,13.21100044
6/19/2007,13.30300045,13.30300045,13.30300045,13.30300045
6/20/2007,13.22799969,13.22799969,13.22799969,13.22799969
6/21/2007,13.07499981,13.07499981,13.07499981,13.07499981
6/22/2007,13.00800037,13.00800037,13.00800037,13.00800037
6/25/2007,12.86600018,12.86600018,12.86600018,12.86600018
6/26/2007,12.27000046,12.27000046,12.27000046,12.27000046
6/27/2007,12.21000004,12.21000004,12.21000004,12.21000004
6/28/2007,12.28999996,12.46000004,12.26500034,12.37899971
6/29/2007,12.43500042,12.52999973,12.30000019,12.35299969
7/2/2007,12.40499973,12.64000034,12.40499973,12.62199974
7/3/2007,12.59500027,12.64999962,12.47000027,12.56900024
7/5/2007,12.64500046,12.64500046,12.43000031,12.46899986
7/6/2007,12.43500042,12.72999954,12.42000008,12.64799976
7/9/2007,12.65999985,12.84000015,12.65999985,12.71399975
7/10/2007,12.69999981,12.94999981,12.69999981,12.86699963
7/11/2007,12.88000011,12.92000008,12.81999969,12.86900043
7/12/2007,12.96000004,13.07999992,12.96000004,13.07800007
7/13/2007,13.10000038,13.10000038,12.98499966,13.01099968
7/16/2007,13.05500031,13.05500031,12.94999981,12.96800041
7/17/2007,12.93000031,13.03999996,12.92000008,12.92300034
7/18/2007,13.00500011,13.23999977,13.00500011,13.19799995
7/19/2007,13.28499985,13.28499985,13.27000046,13.28499985
7/20/2007,13.38500023,13.38500023,13.29500008,13.31499958
7/23/2007,13.25500011,13.27000046,13.23999977,13.24400043
7/24/2007,13.39000034,13.42000008,13.33500004,13.35900021
7/25/2007,13.16499996,13.20499992,13.06799984,13.06799984
7/26/2007,13.14999962,13.16499996,12.72500038,12.87800026
7/27/2007,12.61499977,12.70499992,12.61499977,12.64299965
7/30/2007,12.76000023,12.83399963,12.76000023,12.83399963
7/31/2007,12.94999981,12.94999981,12.94999981,12.94999981
8/1/2007,12.88799953,12.88799953,12.88799953,12.88799953
8/2/2007,12.93500042,12.93500042,12.93500042,12.93500042
8/3/2007,12.95499992,13.10000038,12.94999981,13.10000038
8/6/2007,12.97700024,12.97700024,12.97700024,12.97700024
8/7/2007,13.04100037,13.04100037,13.04100037,13.04100037
8/8/2007,13.11800003,13.11800003,13.11800003,13.11800003
8/9/2007,12.65499973,12.65499973,12.65499973,12.65499973
8/10/2007,12.82499981,12.82499981,12.82499981,12.82499981
8/13/2007,12.81200027,12.81200027,12.81200027,12.81200027
8/14/2007,12.70699978,12.70699978,12.70699978,12.70699978
8/15/2007,12.51799965,12.51799965,12.51799965,12.51799965
8/16/2007,11.46500015,11.46500015,11.46500015,11.46500015
8/17/2007,11.77200031,11.77200031,11.77200031,11.77200031
8/20/2007,11.70899963,11.70899963,11.70899963,11.70899963
8/21/2007,11.48900032,11.48900032,11.48900032,11.48900032
8/22/2007,11.54599953,11.54599953,11.54599953,11.54599953
8/23/2007,11.62300014,11.62300014,11.62300014,11.62300014
8/24/2007,11.92500019,11.92500019,11.92500019,11.92500019
8/27/2007,11.75199986,11.75199986,11.75199986,11.75199986
8/28/2007,11.75399971,11.75399971,11.75399971,11.75399971
8/29/2007,11.83699989,11.83699989,11.83699989,11.83699989
8/30/2007,11.89500046,11.90499973,11.72500038,11.79100037
8/31/2007,11.77000046,12.10999966,11.77000046,12.06299973
9/4/2007,12.09500027,12.33500004,12,12.28100014
9/5/2007,12.19999981,12.22500038,12.11499977,12.18999958
9/6/2007,12.22999954,12.47000027,12.22999954,12.36499977
9/7/2007,12.53499985,12.59200001,12.40499973,12.59200001
9/10/2007,12.53499985,12.53999996,12.47000027,12.53199959
9/11/2007,12.60000038,12.74499989,12.55000019,12.66699982
9/12/2007,12.71000004,12.71000004,12.5,12.625
9/13/2007,12.59000015,12.59000015,12.39999962,12.51399994
9/14/2007,12.5,12.68999958,12.5,12.54399967
9/17/2007,12.59500027,12.75,12.59500027,12.73900032
9/18/2007,13.02000046,13.02000046,12.7670002,12.7670002
9/19/2007,12.92500019,12.96000004,12.92500019,12.95600033
9/20/2007,12.95499992,13.46500015,12.95499992,13.3210001
9/21/2007,13.47000027,13.48499966,13.35999966,13.47399998
9/24/2007,13.48999977,13.49699974,13.48999977,13.49699974
9/25/2007,13.39999962,13.48200035,13.39999962,13.48200035
9/26/2007,13.39999962,13.41600037,13.39999962,13.41600037
9/27/2007,13.53999996,13.53999996,13.47500038,13.5170002
9/28/2007,13.81499958,13.81499958,13.72000027,13.79399967
10/1/2007,13.71000004,13.72900009,13.71000004,13.72900009
10/2/2007,13.32699966,13.32699966,13.32699966,13.32699966
10/3/2007,13.34899998,13.34899998,13.34899998,13.34899998
10/4/2007,13.21000004,13.39500046,13.20499992,13.38899994
10/5/2007,13.42000008,13.42000008,13.37899971,13.37899971
10/8/2007,13.25,13.25,13.25,13.25
10/9/2007,13.47500038,13.47500038,13.47500038,13.47500038
10/10/2007,13.60999966,13.60999966,13.56200027,13.56200027
10/11/2007,13.85499954,13.88300037,13.85499954,13.88300037
10/12/2007,13.80300045,13.80300045,13.80300045,13.80300045
10/15/2007,13.75699997,13.75699997,13.75699997,13.75699997
10/16/2007,13.56200027,13.56200027,13.56200027,13.56200027
10/17/2007,13.65600014,13.65600014,13.65600014,13.65600014
10/18/2007,13.71100044,13.71100044,13.71100044,13.71100044
10/19/2007,13.85499954,13.86499977,13.55300045,13.55300045
10/22/2007,13.47500038,13.47500038,13.47500038,13.47500038
10/23/2007,13.57199955,13.57199955,13.57199955,13.57199955
10/24/2007,13.51500034,13.51500034,13.51500034,13.51500034
10/25/2007,13.5,13.83500004,13.5,13.83500004
10/26/2007,14.21199989,14.21199989,14.21199989,14.21199989
10/29/2007,14.36499977,14.36499977,14.36499977,14.36499977
10/30/2007,14.2670002,14.2670002,14.2670002,14.2670002
10/31/2007,14.30000019,14.44999981,14.30000019,14.37699986
11/1/2007,14.26399994,14.27000046,14.06000042,14.27000046
11/2/2007,14.54599953,14.54599953,14.54599953,14.54599953
11/5/2007,14.73999977,14.73999977,14.73200035,14.73200035
11/6/2007,14.69999981,15.32699966,14.69999981,15.32699966
11/7/2007,15.43000031,15.48499966,15.27000046,15.27200031
11/8/2007,15.46700001,15.46700001,15.46700001,15.46700001
11/9/2007,15.4989996,15.4989996,15.4989996,15.4989996
11/12/2007,14.73499966,14.75,14.55500031,14.71899986
11/13/2007,14.55000019,14.5710001,14.54500008,14.5710001
11/14/2007,15.02900028,15.02900028,15.02900028,15.02900028
11/15/2007,14.39999962,14.45199966,14.39999962,14.45199966
11/16/2007,14.4829998,14.4829998,14.4829998,14.4829998
11/19/2007,14.13599968,14.13599968,14.13599968,14.13599968
11/20/2007,14.47599983,14.47799969,14.47599983,14.47799969
11/21/2007,14.39999962,14.39999962,14.39999962,14.39999962
11/23/2007,14.71500015,14.71500015,14.71500015,14.71500015
11/26/2007,14.83500004,14.83500004,14.81700039,14.81700039
11/27/2007,14.47399998,14.47399998,14.47399998,14.47399998
11/28/2007,14.32900047,14.32900047,14.32900047,14.32900047
11/29/2007,14.40499973,14.5,14.10499954,14.23700047
11/30/2007,14.14500046,14.22000027,13.76000023,13.9630003
12/3/2007,13.96000004,14.18000031,13.76000023,14.01099968
12/4/2007,14.10000038,14.39000034,14.00500011,14.27099991
12/5/2007,14.35999966,14.35999966,14.13000011,14.27000046
12/6/2007,14.25,14.5,14.11499977,14.43999958
12/7/2007,14.27999973,14.34000015,14.27999973,14.32499981
12/10/2007,14.34000015,14.70499992,14.34000015,14.67399979
12/11/2007,14.72500038,14.73999977,14.42500019,14.69499969
12/12/2007,14.55000019,14.66499996,14.55000019,14.65499973
12/13/2007,14.68500042,14.68500042,14,14.07199955
12/14/2007,13.99499989,14,13.75,13.82600021
12/17/2007,13.60000038,13.82600021,13.60000038,13.82600021
12/18/2007,14.02499962,14.04500008,14.01000023,14.01399994
12/19/2007,14.02999973,14.09500027,14.02999973,14.07299995
12/20/2007,14.1960001,14.1960001,14.1960001,14.1960001
12/21/2007,14.36999989,14.38500023,14.34599972,14.34599972
12/24/2007,14.52000046,14.52000046,14.52000046,14.52000046
12/26/2007,14.52999973,14.69999981,14.52999973,14.69499969
12/27/2007,14.60999966,14.67800045,14.60999966,14.67800045
12/28/2007,14.74499989,14.82499981,14.72500038,14.77000046
12/31/2007,14.79699993,14.79699993,14.79699993,14.79699993
1/2/2008,15.16699982,15.16699982,15.16699982,15.16699982
1/3/2008,15.34000015,15.38199997,15.08500004,15.38199997
1/4/2008,15.18000031,15.34599972,15.18000031,15.34599972
1/7/2008,15.18500042,15.18500042,15.18000031,15.18000031
1/8/2008,15.72500038,15.72500038,15.68000031,15.70699978
1/9/2008,15.77999973,15.77999973,15.73400021,15.73400021
1/10/2008,15.51500034,16.17300034,15.51500034,16.17300034
1/11/2008,16.27300072,16.27300072,16.27300072,16.27300072
1/14/2008,16.32500076,16.32500076,16.32500076,16.32500076
1/15/2008,16.20499992,16.20499992,16.20499992,16.20499992
1/16/2008,15.80700016,15.80700016,15.80700016,15.80700016
1/17/2008,16.02499962,16.02499962,15.93000031,15.93000031
1/18/2008,16.04500008,16.13800049,16.04500008,16.13800049
1/22/2008,15.51500034,16.03000069,15.51000023,16.03000069
1/23/2008,16.05500031,16.05500031,15.90200043,15.90200043
1/24/2008,16.27300072,16.27300072,16.27300072,16.27300072
1/25/2008,16.4279995,16.4279995,16.4279995,16.4279995
1/28/2008,16.69000053,16.69000053,16.69000053,16.69000053
1/29/2008,16.74500084,16.74500084,16.74500084,16.74500084
1/30/2008,16.71500015,16.71500015,16.71100044,16.71100044
1/31/2008,16.77499962,16.94799995,16.77499962,16.94799995
2/1/2008,16.88999939,16.88999939,16.77499962,16.8239994
2/4/2008,16.73999977,16.73999977,16.73999977,16.73999977
2/5/2008,16.44499969,16.44499969,16.3029995,16.3029995
2/6/2008,16.50799942,16.50799942,16.50799942,16.50799942
2/7/2008,16.73500061,16.73500061,16.73500061,16.73500061
2/8/2008,17.04999924,17.07500076,17.04999924,17.07500076
2/11/2008,17.43300056,17.43300056,17.43300056,17.43300056
2/12/2008,17.52499962,17.57999992,17.12000084,17.21800041
2/13/2008,17.32600021,17.32600021,17.32600021,17.32600021
2/14/2008,17.22999954,17.22999954,17.22999954,17.22999954
2/15/2008,17.09799957,17.09799957,17.09799957,17.09799957
2/19/2008,17.15999985,17.48999977,17.04999924,17.48999977
2/20/2008,17.74500084,17.74500084,17.74500084,17.74500084
2/21/2008,17.94000053,17.94000053,17.94000053,17.94000053
2/22/2008,18.02499962,18.02499962,18.02499962,18.02499962
2/25/2008,18.01000023,18.07999992,17.91500092,18.07999992
2/26/2008,18.71199989,18.71199989,18.71199989,18.71199989
2/27/2008,19.20199966,19.20199966,19.20199966,19.20199966
2/28/2008,19.27000046,19.84499931,19.05500031,19.62999916
2/29/2008,19.78000069,19.92499924,19.35499954,19.80800056
3/3/2008,19.78000069,20.61000061,19.77000046,20.07299995
3/4/2008,20.36000061,20.5,19.60000038,19.73800087
3/5/2008,19.70999908,20.79999924,19.39999962,20.68499947
3/6/2008,20.77499962,21.10000038,19.87000084,20.13100052
3/7/2008,20.30999947,20.70000076,20.01000023,20.15800095
3/10/2008,20.21999931,20.24500084,19.33499908,19.69799995
3/11/2008,19.68499947,20.02499962,19.5,19.6760006
3/12/2008,19.67499924,20.11000061,19.39999962,19.9109993
3/13/2008,20.15500069,20.82999992,20.15500069,20.3390007
3/14/2008,20.57500076,20.82999992,20.31999969,20.5739994
3/17/2008,21.00499916,21.18499947,19.99500084,20.22200012
3/18/2008,21.00499916,21.00499916,19.64999962,19.88999939
3/19/2008,19.73999977,19.77499962,18.25,18.39500046
3/20/2008,17.85000038,18.07999992,16.77000046,16.80500031
3/24/2008,17.19000053,17.19000053,16.87000084,17.06699944
3/25/2008,17.19000053,17.76199913,17.19000053,17.76199913
3/26/2008,17.95000076,18.34600067,17.95000076,18.34600067
3/27/2008,18.28000069,18.51300049,18.28000069,18.51300049
3/28/2008,18.29000092,18.31999969,17.70999908,17.89999962
3/31/2008,18.125,18.125,17.23999977,17.27499962
4/1/2008,16.88500023,16.91500092,16.45499992,16.85499954
4/2/2008,16.79999924,17.20999908,16.75499916,17.14699936
4/3/2008,17.33499908,17.4470005,17.03000069,17.4470005
4/4/2008,17.82999992,17.82999992,17.38500023,17.72200012
4/7/2008,18.08699989,18.08699989,18.08699989,18.08699989
4/8/2008,17.86000061,17.86000061,17.56999969,17.67499924
4/9/2008,18.17000008,18.17000008,18.17000008,18.17000008
4/10/2008,18.01300049,18.01300049,18.01300049,18.01300049
4/11/2008,17.66799927,17.66799927,17.66799927,17.66799927
4/14/2008,17.76799965,17.76799965,17.76799965,17.76799965
4/15/2008,17.82999992,17.82999992,17.82999992,17.82999992
4/16/2008,18.30500031,18.30500031,18.30500031,18.30500031
4/17/2008,18.28700066,18.28700066,18.28700066,18.28700066
4/18/2008,17.80200005,17.80200005,17.80200005,17.80200005
4/21/2008,17.34199905,17.34199905,17.34199905,17.34199905
4/22/2008,17.69799995,17.69799995,17.69799995,17.69799995
4/23/2008,17.15500069,17.15500069,17.15500069,17.15500069
4/24/2008,16.65200043,16.65200043,16.65200043,16.65200043
4/25/2008,16.56500053,16.84600067,16.56500053,16.84600067
4/28/2008,17.01099968,17.01099968,17.01099968,17.01099968
4/29/2008,17.01499939,17.03499985,16.42499924,16.54000092
4/30/2008,16.52000046,16.87000084,16.36499977,16.50200081
5/1/2008,16.96999931,16.97500038,15.99499989,16.12100029
5/2/2008,16.25,16.47999954,16.125,16.38100052
5/5/2008,16.51000023,16.76499939,16.51000023,16.74600029
5/6/2008,16.72999954,17,16.63500023,16.78000069
5/7/2008,16.73999977,16.73999977,16.47999954,16.61700058
5/8/2008,16.54000092,16.89500046,16.45000076,16.79400063
5/9/2008,16.84499931,16.95999908,16.52499962,16.84300041
5/12/2008,16.75499916,17.29999924,16.75499916,17.15800095
5/13/2008,17.16500092,17.16500092,16.60000038,16.76300049
5/14/2008,16.79500008,16.79500008,16.54999924,16.54999924
5/15/2008,16.53000069,16.97999954,16.52000046,16.62700081
5/16/2008,16.79999924,16.92000008,16.79999924,16.90399933
5/19/2008,17.15999985,17.18000031,16.97400093,16.97400093
5/20/2008,17.06500053,17.67099953,17.04999924,17.67099953
5/21/2008,17.84499931,18,17.84000015,17.99799919
5/22/2008,17.85499954,18.04999924,17.85499954,17.97500038
5/23/2008,18.11499977,18.24099922,18.04000092,18.24099922
5/27/2008,18.28499985,18.29000092,17.42000008,17.42499924
5/28/2008,17.51499939,17.64999962,17.37999916,17.37999916
5/29/2008,16.86499977,16.86499977,16.47699928,16.47699928
5/30/2008,16.59000015,16.82699966,16.53000069,16.82699966
6/2/2008,16.87400055,16.87400055,16.87400055,16.87400055
6/3/2008,16.85000038,16.86000061,16.57999992,16.79899979
6/4/2008,16.72500038,16.90600014,16.64999962,16.90600014
6/5/2008,16.98999977,17.13699913,16.78000069,17.13699913
6/6/2008,17.39699936,17.39699936,17.39699936,17.39699936
6/9/2008,17.26000023,17.43000031,17.18000031,17.18000031
6/10/2008,16.60700035,16.60700035,16.60700035,16.60700035
6/11/2008,16.87999916,16.89500046,16.60499954,16.82900047
6/12/2008,16.46299934,16.46299934,16.46299934,16.46299934
6/13/2008,16.46500015,16.57500076,16.46500015,16.54000092
6/16/2008,16.84000015,17.2140007,16.84000015,17.2140007
6/17/2008,17.13999939,17.13999939,17.05900002,17.05900002
6/18/2008,17.18000031,17.39999962,17.18000031,17.32500076
6/19/2008,17.5,17.5,17.24500084,17.45700073
6/20/2008,17.61499977,17.66500092,17.38699913,17.38699913
6/23/2008,16.78199959,16.78199959,16.78199959,16.78199959
6/24/2008,16.62700081,16.62700081,16.62700081,16.62700081
6/25/2008,16.49900055,16.63999939,16.49900055,16.49900055
6/26/2008,17.12299919,17.12299919,17.12299919,17.12299919
6/27/2008,17.20499992,17.65999985,17.125,17.62000084
6/30/2008,17.56999969,17.87999916,17.21999931,17.42000008
7/1/2008,17.44000053,18.20000076,17.37999916,18.20000076
7/2/2008,18.11000061,18.37999916,17.93499947,18.33699989
7/3/2008,18.31999969,18.40999985,18,18.28499985
7/7/2008,18.12000084,18.14999962,17.54999924,17.83799934
7/8/2008,17.80500031,17.90999985,17.52000046,17.87999916
7/9/2008,17.79999924,18.13999939,17.79000092,18.10000038
7/10/2008,18.25,18.25,18.18000031,18.24500084
7/11/2008,18.5,18.79000092,18.5,18.74500084
7/14/2008,18.80500031,19.22500038,18.69499969,19.17499924
7/15/2008,19.04999924,19.375,18.63999939,18.94099998
7/16/2008,18.72999954,19.02000046,18.69000053,18.73500061
7/17/2008,18.81999969,18.86499977,18.35000038,18.66699982
7/18/2008,18.5,18.61000061,18.13500023,18.13500023
7/21/2008,18.23500061,18.45499992,18.23500061,18.36199951
7/22/2008,18.45999908,18.60000038,17.94499969,17.94499969
7/23/2008,17.73500061,17.79999924,17.39999962,17.39999962
7/24/2008,17.24600029,17.24600029,17.24600029,17.24600029
7/25/2008,17.43499947,17.43499947,17.32500076,17.32500076
7/28/2008,17.51499939,17.52000046,17.41699982,17.41699982
7/29/2008,17.375,17.375,17.32999992,17.32999992
7/30/2008,17.12000084,17.58499908,16.82999992,17.42200089
7/31/2008,17.52499962,17.75,17.50499916,17.75
8/1/2008,17.64999962,17.64999962,17.47500038,17.4810009
8/4/2008,17.10300064,17.10300064,17.10300064,17.10300064
8/5/2008,16.75,16.75,16.45000076,16.53700066
8/6/2008,16.47200012,16.47200012,16.47200012,16.47200012
8/7/2008,16.52499962,16.52499962,16.21500015,16.22699928
8/8/2008,15.38000011,15.38000011,15.26000023,15.30300045
8/11/2008,14.63000011,14.64000034,14.59500027,14.59500027
8/12/2008,14.77999973,14.77999973,14.46199989,14.46199989
8/13/2008,14.81000042,14.82400036,14.81000042,14.82400036
8/14/2008,14.86499977,14.86499977,14.21399975,14.21399975
8/15/2008,13.11999989,13.11999989,12.80000019,12.80099964
8/18/2008,13.08699989,13.08699989,13.08699989,13.08699989
8/19/2008,13.15499973,13.15499973,13.09300041,13.09300041
8/20/2008,13.14999962,13.14999962,12.98999977,13.02900028
8/21/2008,13.61499977,13.71899986,13.61499977,13.71899986
8/22/2008,13.42000008,13.47000027,13.42000008,13.47000027
8/25/2008,13.36499977,13.36499977,13.36499977,13.36499977
8/26/2008,13.57199955,13.57199955,13.57199955,13.57199955
8/27/2008,13.46800041,13.46800041,13.46800041,13.46800041
8/28/2008,13.49499989,14.02999973,13.45499992,13.60400009
8/29/2008,13.65999985,13.89000034,13.52999973,13.60700035
9/2/2008,13.77000046,13.77000046,12.47500038,13.05000019
9/3/2008,13.09000015,13.09000015,12.56000042,12.85999966
9/4/2008,12.82999992,13.14000034,12.61999989,12.85599995
9/5/2008,12.69999981,13.00500011,12.09500027,12.24499989
9/8/2008,12.40999985,12.67500019,11.93000031,11.98999977
9/9/2008,12.14000034,12.14000034,11.27499962,11.64000034
9/10/2008,11.14999962,11.30000019,10.68000031,10.81700039
9/11/2008,10.64500046,10.93999958,10.27999973,10.48999977
9/12/2008,10.77999973,10.84000015,10.65999985,10.73499966
9/15/2008,10.79500008,11.11999989,10.46000004,11.07499981
9/16/2008,11.04500008,11.04500008,10.46199989,10.46199989
9/17/2008,10.72999954,12.09500027,10.72999954,11.61999989
9/18/2008,12.80000019,12.82999992,11.93999958,12.64799976
9/19/2008,12.40499973,12.58500004,12.31000042,12.42500019
9/22/2008,13.39999962,13.39999962,13.39999962,13.39999962
9/23/2008,13.22000027,13.28999996,13.11999989,13.11999989
9/24/2008,13.33500004,13.38399982,13.33500004,13.38399982
9/25/2008,13.39000034,13.73499966,13.17000008,13.22200012
9/26/2008,13.19999981,13.52000046,13.19999981,13.45800018
9/29/2008,12.97500038,13.21500015,12.83500004,12.98099995
9/30/2008,12.97000027,12.97500038,12.23099995,12.23099995
10/1/2008,12.56999969,12.72000027,12.56999969,12.72000027
10/2/2008,11.80000019,11.80000019,11.06499958,11.06499958
10/3/2008,10.85999966,11.64000034,10.85999966,11.27000046
10/6/2008,11.38000011,11.38000011,10.92500019,11.22999954
10/7/2008,11.43500042,11.55500031,11.24499989,11.32499981
10/8/2008,11.89999962,11.89999962,11.60499954,11.71700001
10/9/2008,11.64999962,11.92000008,11.64999962,11.81999969
10/10/2008,10.5,10.54500008,9.569999695,10.54500008
10/13/2008,10.44999981,10.73700047,10.44999981,10.73700047
10/14/2008,10.92500019,11.03499985,10.79500008,11.01799965
10/15/2008,10.39000034,10.42000008,10.06499958,10.1420002
10/16/2008,10.25,10.25,9.350000381,9.607000351
10/17/2008,9.409999847,9.479999542,9.114999771,9.31000042
10/20/2008,9.609999657,9.795000076,9.505000114,9.664999962
10/21/2008,9.56000042,10.14000034,9.56000042,10.05000019
10/22/2008,9.835000038,9.845000267,9.430000305,9.451999664
10/23/2008,9.215000153,9.604999542,9.215000153,9.5
10/24/2008,9.034999847,9.295000076,9.010000229,9.295000076
10/27/2008,9.024999619,9.194999695,9.024999619,9.194999695
10/28/2008,8.779999733,9.140000343,8.779999733,8.789999962
10/29/2008,9.805000305,9.805000305,9.805000305,9.805000305
10/30/2008,9.784999847,9.784999847,9.784999847,9.784999847
10/31/2008,9.680000305,9.920000076,9.680000305,9.729999542
11/3/2008,9.75,9.75,9.75,9.75
11/4/2008,10.13000011,10.13000011,10.13000011,10.13000011
11/5/2008,10.45499992,10.45499992,10.45499992,10.45499992
11/6/2008,10.29500008,10.29500008,10.01000023,10.05500031
11/7/2008,10.14999962,10.14999962,9.963000298,9.963000298
11/10/2008,10.44999981,10.44999981,10.14999962,10.22000027
11/11/2008,9.625,9.805000305,9.625,9.805000305
11/12/2008,9.550000191,9.600000381,9.329999924,9.479999542
11/13/2008,9.100000381,9.215000153,8.800000191,8.800000191
11/14/2008,9.534999847,9.579999924,9.489999771,9.489999771
11/17/2008,9.329999924,9.329999924,9.329999924,9.329999924
11/18/2008,9.300000191,9.56499958,9.300000191,9.550000191
11/19/2008,9.350000381,9.350000381,9.31000042,9.31000042
11/20/2008,9.265000343,9.265000343,8.875,9.024999619
11/21/2008,9.380000114,9.590000153,9.380000114,9.479999542
11/24/2008,10.22500038,10.35499954,10.22500038,10.35499954
11/25/2008,10.27000046,10.27000046,10.27000046,10.27000046
11/26/2008,10.26000023,10.45499992,10.14999962,10.22000027
11/28/2008,10.32999992,10.34000015,10.07999992,10.18500042
12/1/2008,10.23999977,10.25,9.145000458,9.350000381
12/2/2008,9.199999809,9.710000038,9.199999809,9.590000153
12/3/2008,9.569999695,9.720000267,9.279999733,9.56400013
12/4/2008,9.479999542,9.590000153,9.335000038,9.491000175
12/5/2008,9.399999619,9.524999619,9.135000229,9.401000023
12/8/2008,10.23499966,10.28499985,9.93999958,9.93999958
12/9/2008,9.840000153,9.840000153,9.649999619,9.81499958
12/10/2008,9.824999809,10.21000004,9.824999809,10.16499996
12/11/2008,10.11999989,10.44499969,10.11999989,10.39000034
12/12/2008,10.05000019,10.28999996,10.05000019,10.19900036
12/15/2008,10.39000034,10.66499996,10.30000019,10.58899975
12/16/2008,10.47000027,10.81999969,10.47000027,10.67399979
12/17/2008,11.40999985,11.40999985,11.25,11.38899994
12/18/2008,11.32999992,11.33500004,11.08899975,11.08899975
12/19/2008,10.77000046,10.88500023,10.77000046,10.81900024
12/22/2008,10.82900047,10.82900047,10.82900047,10.82900047
12/23/2008,10.61999989,10.61999989,10.2329998,10.2329998
12/24/2008,10.28999996,10.33500004,10.28999996,10.32299995
12/26/2008,10.50300026,10.50300026,10.50300026,10.50300026
12/29/2008,10.96500015,10.96500015,10.78299999,10.78299999
12/30/2008,10.88500023,11.09500027,10.85000038,10.95499992
12/31/2008,10.78999996,11.36499977,10.77999973,11.27000046
1/2/2009,11.19499969,11.52499962,11.15999985,11.46500015
1/5/2009,10.92000008,11.24499989,10.89000034,11.24499989
1/6/2009,10.88000011,11.48499966,10.88000011,11.42000008
1/7/2009,11.40999985,11.40999985,10.89500046,11.07999992
1/8/2009,11.15499973,11.17000008,11.03499985,11.07199955
1/9/2009,11.28999996,11.29500008,11.28999996,11.29500008
1/12/2009,10.72500038,10.72500038,10.72500038,10.72500038
1/13/2009,10.71000004,10.71000004,10.65499973,10.65499973
1/14/2009,10.5,10.56000042,10.36999989,10.45199966
1/15/2009,10.52999973,10.52999973,10.38000011,10.42000008
1/16/2009,11,11.25,11,11.19499969
1/20/2009,11.34500027,11.34500027,11.15799999,11.15799999
1/21/2009,11.31499958,11.35499954,11.14500046,11.31499958
1/22/2009,11.43000031,11.43500042,11.35700035,11.35700035
1/23/2009,11.50500011,11.93200016,11.34500027,11.93200016
1/26/2009,12.10000038,12.10200024,12.10000038,12.10200024
1/27/2009,12.01500034,12.16699982,12.01500034,12.16699982
1/28/2009,11.9630003,11.9630003,11.9630003,11.9630003
1/29/2009,11.89000034,12.14500046,11.89000034,12.14000034
1/30/2009,12.47500038,12.59000015,12.47500038,12.56000042
2/2/2009,12.5,12.5,12.40999985,12.40999985
2/3/2009,12.27000046,12.29500008,12.27000046,12.29500008
2/4/2009,12.51000023,12.51000023,12.46500015,12.46500015
2/5/2009,12.73999977,12.75500011,12.69999981,12.74499989
2/6/2009,12.875,13.15499973,12.875,13.15499973
2/9/2009,13.00500011,13.00500011,12.82499981,12.82499981
2/10/2009,13.10999966,13.14999962,13.05000019,13.125
2/11/2009,13.32499981,13.51500034,13.22500038,13.51500034
2/12/2009,13.43000031,13.50500011,13.34500027,13.50500011
2/13/2009,13.32999992,13.61999989,13.32999992,13.61999989
2/17/2009,13.85000038,14.14999962,13.85000038,14.00800037
2/18/2009,14.03499985,14.28800011,14.03499985,14.28800011
2/19/2009,14.30500031,14.31000042,13.88500023,13.93299961
2/20/2009,14.48799992,14.48799992,14.48799992,14.48799992
2/23/2009,14.44799995,14.44799995,14.44799995,14.44799995
2/24/2009,14.36499977,14.36499977,13.99300003,13.99300003
2/25/2009,13.87300014,13.87300014,13.87300014,13.87300014
2/26/2009,13.67500019,13.72000027,12.91499996,12.94999981
2/27/2009,13.10000038,13.33500004,12.79500008,13.08500004
3/2/2009,13.09000015,13.34000015,12.68999958,13.05000019
3/3/2009,12.80000019,12.85999966,12.45499992,12.69499969
3/4/2009,12.71000004,13.05000019,12.71000004,12.89999962
3/5/2009,13.03499985,13.27000046,12.93999958,13.10499954
3/6/2009,13.23499966,13.5,13.22000027,13.32299995
3/9/2009,13.29500008,13.38500023,12.81999969,12.94999981
3/10/2009,12.82999992,12.82999992,12.5,12.56000042
3/11/2009,12.625,12.85000038,12.60000038,12.81499958
3/12/2009,12.96500015,13.08500004,12.89999962,12.95800018
3/13/2009,12.97999954,13.29500008,12.96000004,13.22999954
3/16/2009,13,13.10999966,12.86499977,12.90499973
3/17/2009,12.89999962,12.90999985,12.68000031,12.68500042
3/18/2009,12.66499996,12.80000019,11.93999958,11.94999981
3/19/2009,13.39999962,13.60000038,13.39999962,13.5
3/20/2009,13.60000038,13.82699966,13.51500034,13.82699966
3/23/2009,13.75,13.86200047,13.69499969,13.86200047
3/24/2009,13.53999996,13.56499958,13.30000019,13.34399986
3/25/2009,13.35999966,13.5,13.14500046,13.42399979
3/26/2009,13.51000023,13.75,13.50500011,13.60700035
3/27/2009,13.5,13.5,13.17000008,13.2510004
3/30/2009,13.34000015,13.34500027,12.98499966,13.02299976
3/31/2009,13.03499985,13.07499981,12.68500042,12.97500038
4/1/2009,12.82999992,13.10499954,12.82999992,12.96500015
4/2/2009,12.92500019,13.01500034,12.63000011,13.01500034
4/3/2009,13.02999973,13.02999973,12.72000027,12.72500038
4/6/2009,12.48499966,12.51000023,12.10000038,12.10499954
4/7/2009,12.30500031,12.30500031,12.10000038,12.20499992
4/8/2009,12.32499981,12.33500004,12.23999977,12.33500004
4/9/2009,12.26500034,12.32499981,12.18000031,12.32499981
4/13/2009,12.72000027,12.76299953,12.72000027,12.76299953
4/14/2009,12.69499969,12.76000023,12.68000031,12.76000023
4/15/2009,12.90499973,12.91499996,12.79500008,12.79500008
4/16/2009,12.27000046,12.27000046,12.25,12.25
4/17/2009,11.78499985,11.78499985,11.78499985,11.78499985
4/20/2009,12.10000038,12.10000038,12.10000038,12.10000038
4/21/2009,12.03499985,12.05500031,12.03499985,12.05500031
4/22/2009,12.14999962,12.30000019,12.14999962,12.30000019
4/23/2009,12.75500011,12.80500031,12.75,12.75
4/24/2009,12.91499996,12.91499996,12.91499996,12.91499996
4/27/2009,12.94999981,12.94999981,12.94999981,12.94999981
4/28/2009,12.39500046,12.39500046,12.39500046,12.39500046
4/29/2009,12.44499969,12.81000042,12.38000011,12.75399971
4/30/2009,12.77000046,12.77999973,12.17500019,12.30500031
5/1/2009,12.33500004,12.55500031,12.03999996,12.47999954
5/4/2009,12.46500015,13.13500023,12.42500019,13.09300041
5/5/2009,13.07999992,13.55500031,13,13.40200043
5/6/2009,13.31000042,13.78999996,13.30500031,13.69200039
5/7/2009,13.75,14.06499958,13.71000004,14.01200008
5/8/2009,13.80000019,14.02499962,13.80000019,13.93500042
5/11/2009,14.02000046,14.02000046,13.75,13.89000034
5/12/2009,13.90999985,14.23499966,13.84500027,14.19499969
5/13/2009,14.28499985,14.28499985,13.90499973,14
5/14/2009,13.80500031,14.03499985,13.73499966,14.02000046
5/15/2009,13.95499992,13.98999977,13.95499992,13.98999977
5/18/2009,13.77999973,13.81000042,13.76000023,13.81000042
5/19/2009,14.05000019,14.10999966,14,14.10999966
5/20/2009,14.34500027,14.35999966,14.25,14.27000046
5/21/2009,14.35999966,14.53499985,14.10000038,14.43500042
5/22/2009,14.48999977,14.76000023,14.43000031,14.68299961
5/26/2009,14.68999958,14.70499992,14.40999985,14.5880003
5/27/2009,14.52000046,14.93000031,14.52000046,14.85299969
5/28/2009,14.65999985,15.23999977,14.65999985,15.14999962
5/29/2009,15.39999962,15.75,15.39999962,15.60000038
6/1/2009,15.85000038,15.88500023,15.66499996,15.72500038
6/2/2009,15.94499969,15.94499969,15.94499969,15.94499969
6/3/2009,15.72500038,15.72500038,15.30000019,15.30000019
6/4/2009,15.38500023,15.88300037,15.38500023,15.88300037
6/5/2009,15.81499958,15.84000015,15.20499992,15.3760004
6/8/2009,15.27999973,15.27999973,14.89000034,14.94299984
6/9/2009,15.05000019,15.30000019,15.05000019,15.12800026
6/10/2009,15.2130003,15.2130003,15.06499958,15.2130003
6/11/2009,15.01000023,15.5,15.01000023,15.48099995
6/12/2009,15.31999969,15.31999969,14.78999996,14.86499977
6/15/2009,14.66499996,14.68000031,14.02000046,14.02000046
6/16/2009,14.23499966,14.23499966,14.11999989,14.11999989
6/17/2009,14.25500011,14.26900005,14.25500011,14.26900005
6/18/2009,14.22900009,14.22900009,14.22900009,14.22900009
6/19/2009,14.18900013,14.18900013,14.18900013,14.18900013
6/22/2009,13.69200039,13.69400024,13.69200039,13.69400024
6/23/2009,13.72000027,13.83399963,13.72000027,13.83399963
6/24/2009,13.89900017,13.89900017,13.89900017,13.89900017
6/25/2009,13.99400043,13.99400043,13.99400043,13.99400043
6/26/2009,14.16499996,14.16499996,14.11699963,14.11699963
6/29/2009,14.07999992,14.10999966,13.81000042,13.94699955
6/30/2009,13.85999966,14.125,13.43500042,13.57400036
7/1/2009,13.60000038,13.85000038,13.59000015,13.73999977
7/2/2009,13.73999977,13.73999977,13.27999973,13.39299965
7/6/2009,13.41499996,13.41499996,13.01000023,13.22700024
7/7/2009,13.31000042,13.35000038,13.07999992,13.20899963
7/8/2009,13.06999969,13.09000015,12.78499985,12.8409996
7/9/2009,12.84000015,12.92399979,12.78499985,12.92399979
7/10/2009,12.81999969,12.81999969,12.57499981,12.63700008
7/13/2009,12.66499996,12.84500027,12.47999954,12.78499985
7/14/2009,12.82999992,12.97000027,12.82999992,12.85499954
7/15/2009,13.11499977,13.33500004,13.11499977,13.20300007
7/16/2009,13.19999981,13.24499989,13.18500042,13.22999954
7/17/2009,13.26000023,13.39799976,13.07499981,13.39799976
7/20/2009,13.44999981,13.72500038,13.44999981,13.61999989
7/21/2009,13.63000011,13.63000011,13.47299957,13.47299957
7/22/2009,13.61999989,13.72999954,13.60999966,13.69499969
7/23/2009,13.76500034,13.76500034,13.76500034,13.76500034
7/24/2009,13.74499989,13.86999989,13.74499989,13.86999989
7/27/2009,13.89500046,14.05000019,13.89500046,13.98499966
7/28/2009,13.98999977,13.98999977,13.64500046,13.73499966
7/29/2009,13.55000019,13.60999966,13.25300026,13.25300026
7/30/2009,13.40499973,13.52499962,13.40499973,13.47799969
7/31/2009,13.91499996,13.93299961,13.91499996,13.93299961
8/3/2009,14.02000046,14.35000038,14.02000046,14.24499989
8/4/2009,14.18999958,14.68799973,14.18999958,14.68799973
8/5/2009,14.76500034,14.77000046,14.75300026,14.75300026
8/6/2009,14.76500034,14.90999985,14.63799953,14.63799953
8/7/2009,14.61499977,14.80000019,14.60999966,14.66100025
8/10/2009,14.34799957,14.34799957,14.34799957,14.34799957
8/11/2009,14.44999981,14.44999981,14.3380003,14.3380003
8/12/2009,14.47000027,14.60000038,14.47000027,14.57800007
8/13/2009,14.55000019,14.97999954,14.52999973,14.97999954
8/14/2009,15.10000038,15.10000038,14.71500015,14.71500015
8/17/2009,13.97099972,13.97099972,13.97099972,13.97099972
8/18/2009,13.95600033,13.95600033,13.95600033,13.95600033
8/19/2009,13.60999966,13.87100029,13.60999966,13.87100029
8/20/2009,13.89999962,13.89999962,13.8760004,13.8760004
8/21/2009,13.97999954,14.26000023,13.97999954,14.15999985
8/24/2009,14.15499973,14.19099998,14.15499973,14.19099998
8/25/2009,14.19499969,14.30599976,14.19499969,14.30599976
8/26/2009,14.33500004,14.33500004,14.2510004,14.2510004
8/27/2009,14.18500042,14.2159996,14.15999985,14.2159996
8/28/2009,14.27000046,14.86499977,14.26500034,14.7840004
8/31/2009,14.73999977,14.92000008,14.53499985,14.89799976
9/1/2009,14.88500023,15.06499958,14.64999962,15.03499985
9/2/2009,14.94999981,15.44999981,14.85000038,15.34000015
9/3/2009,15.40499973,16.26799965,15.38000011,16.26799965
9/4/2009,16.11000061,16.29999924,15.82499981,16.26300049
9/8/2009,16.22500038,16.79000092,16.17000008,16.48800087
9/9/2009,16.5,16.68000031,16.23999977,16.44300079
9/10/2009,16.36000061,16.68499947,16.11499977,16.64999962
9/11/2009,16.71999931,16.96500015,16.6760006,16.6760006
9/14/2009,16.53000069,16.60099983,16.39500046,16.60099983
9/15/2009,16.54999924,17.04000092,16.54500008,16.97800064
9/16/2009,17.21999931,17.40800095,17.21999931,17.40800095
9/17/2009,17.54999924,17.55500031,17.24300003,17.24300003
9/18/2009,17.125,17.22500038,17.04299927,17.04299927
9/21/2009,16.70000076,16.8579998,16.64999962,16.8579998
9/22/2009,17.07999992,17.27499962,17.07999992,17.09300041
9/23/2009,17.15999985,17.15999985,16.73500061,16.88800049
9/24/2009,16.77499962,16.77499962,16.26000023,16.27300072
9/25/2009,16.20000076,16.20999908,16,16.03800011
9/28/2009,16.04999924,16.27499962,16.03499985,16.17300034
9/29/2009,16.06500053,16.19000053,16.06500053,16.15600014
9/30/2009,16.39999962,16.63599968,16.39999962,16.63599968
10/1/2009,16.59000015,16.62999916,16.41799927,16.41799927
10/2/2009,16.27000046,16.47500038,16.03499985,16.20800018
10/5/2009,16.19000053,16.51300049,16.16500092,16.51300049
10/6/2009,16.98999977,17.37000084,16.98999977,17.27300072
10/7/2009,17.32999992,17.53499985,17.32999992,17.47800064
10/8/2009,17.79999924,17.79999924,17.79999924,17.79999924
10/9/2009,17.66500092,17.67499924,17.59000015,17.67499924
10/12/2009,17.84499931,17.84499931,17.79000092,17.80500031
10/13/2009,17.84499931,17.84499931,17.66500092,17.82500076
10/14/2009,17.89299965,17.89299965,17.89299965,17.89299965
10/15/2009,17.64999962,17.69000053,17.39999962,17.39999962
10/16/2009,17.40500069,17.40500069,17.40500069,17.40500069
10/19/2009,17.61000061,17.61000061,17.61000061,17.61000061
10/20/2009,17.54299927,17.54299927,17.54299927,17.54299927
10/21/2009,17.80999947,17.80999947,17.80999947,17.80999947
10/22/2009,17.53000069,17.53000069,17.53000069,17.53000069
10/23/2009,17.53499985,17.71100044,17.53499985,17.71100044
10/26/2009,17.38999939,17.38999939,17.08399963,17.08399963
10/27/2009,16.92000008,16.92000008,16.53100014,16.53100014
10/28/2009,16.2310009,16.2310009,16.2310009,16.2310009
10/29/2009,16.64599991,16.64599991,16.64599991,16.64599991
10/30/2009,16.24600029,16.24600029,16.24600029,16.24600029
11/2/2009,16.43099976,16.43099976,16.43099976,16.43099976
11/3/2009,17.17099953,17.17099953,16.88500023,17.17099953
11/4/2009,17.39500046,17.48999977,17.39500046,17.39500046
11/5/2009,17.39999962,17.39999962,17.39500046,17.39999962
11/6/2009,17.36499977,17.39999962,17.36499977,17.36499977
11/9/2009,17.46999931,17.70000076,17.46999931,17.46999931
11/10/2009,17.21199989,17.21999931,17.21199989,17.21199989
11/11/2009,17.53000069,17.53000069,17.21999931,17.52700043
11/12/2009,17.25499916,17.64500046,17.19499969,17.25499916
11/13/2009,17.37000084,17.37000084,17.08499908,17.37000084
11/16/2009,18.38999939,18.38999939,18,18.38999939
11/17/2009,18.37700081,18.37700081,18.37700081,18.37700081
11/18/2009,18.40699959,18.59499931,18.40699959,18.40699959
11/19/2009,18.4470005,18.51499939,18.20000076,18.4470005
11/20/2009,18.43300056,18.43300056,18.43300056,18.43300056
11/23/2009,18.60300064,18.67000008,18.60300064,18.60300064
11/24/2009,18.44799995,18.44799995,18.44799995,18.44799995
11/25/2009,18.76600075,18.76600075,18.76600075,18.76600075
11/27/2009,18.67499924,18.89999962,17.70000076,18.30200005
11/30/2009,18.34499931,18.52000046,18.11000061,18.49500084
12/1/2009,18.46999931,19.26000023,18.39999962,19.18000031
12/2/2009,19.29500008,19.43000031,19.125,19.29500008
12/3/2009,19.20999908,19.41500092,18.81500053,19.10199928
12/4/2009,18.49600029,18.84000015,18.29999924,18.49600029
12/7/2009,18.36000061,18.54000092,17.90500069,18.33600044
12/8/2009,17.78499985,18.28000069,17.54999924,17.78499985
12/9/2009,17.65999985,17.85000038,17.12000084,17.15800095
12/10/2009,17.17300034,17.47999954,17.17300034,17.17300034
12/11/2009,17.38500023,17.57999992,16.93000031,17.08399963
12/14/2009,17.32600021,17.40500069,17.27000046,17.32600021
12/15/2009,17.43499947,17.44099998,17.12999916,17.44099998
12/16/2009,17.67900085,17.70999908,17.36000061,17.67900085
12/17/2009,17.18000031,17.62000084,17.10000038,17.18000031
12/18/2009,17.30500031,17.30500031,17.13999939,17.30500031
12/21/2009,17.39999962,17.39999962,16.97999954,17.02000046
12/22/2009,17.01499939,17.04999924,16.79999924,17.01499939
12/23/2009,17.17499924,17.17499924,17.11000061,17.17499924
12/24/2009,17.42300034,17.46500015,17.31999969,17.42300034
12/28/2009,17.54299927,17.58499908,17.53499985,17.54299927
12/29/2009,17.0909996,17.45000076,17.0909996,17.0909996
12/30/2009,16.98999977,16.98999977,16.76000023,16.77899933
12/31/2009,16.8220005,17.02000046,16.8220005,16.8220005
1/4/2010,17.44000053,17.44000053,16.87000084,17.44000053
1/5/2010,17.78100014,17.81999969,17.57500076,17.78100014
1/6/2010,18.16300011,18.19000053,17.84000015,18.16300011
1/7/2010,18.33300018,18.33300018,18.09000015,18.33300018
1/8/2010,18.45800018,18.45800018,18.12000084,18.45800018
1/11/2010,18.68300056,18.68300056,18.68300056,18.68300056
1/12/2010,18.70000076,18.70000076,18.24300003,18.24300003
1/13/2010,18.53800011,18.53800011,18.53800011,18.53800011
1/14/2010,18.64299965,18.64299965,18.64299965,18.64299965
1/15/2010,18.39500046,18.4109993,18.38999939,18.4109993
1/19/2010,18.7840004,18.7840004,18.47999954,18.7840004
1/20/2010,17.86599922,17.86599922,17.86599922,17.86599922
1/21/2010,17.49600029,17.49600029,17.49600029,17.49600029
1/22/2010,16.91799927,17.13999939,16.91799927,16.91799927
1/25/2010,17.13100052,17.13100052,17.13100052,17.13100052
1/26/2010,16.84600067,16.84600067,16.84600067,16.84600067
1/27/2010,16.4279995,16.4279995,16.4279995,16.4279995
1/28/2010,16.20199966,16.20199966,16.20199966,16.20199966
1/29/2010,16.18300056,16.34000015,16.10000038,16.18300056
2/1/2010,16.65299988,16.65299988,16.65299988,16.65299988
2/2/2010,16.73600006,16.73600006,16.73600006,16.73600006
2/3/2010,16.62000084,16.62000084,16.30999947,16.30999947
2/4/2010,16.03000069,16.03000069,15.26000023,15.34300041
2/5/2010,14.82299995,14.82299995,14.82299995,14.82299995
2/8/2010,15.07800007,15.15999985,15,15.07800007
2/9/2010,15.43099976,15.43099976,15.43099976,15.43099976
2/10/2010,15.30200005,15.30200005,15.30200005,15.30200005
2/11/2010,15.59200001,15.59200001,15.59200001,15.59200001
2/12/2010,15.44900036,15.44900036,15.44900036,15.44900036
2/16/2010,16.14999962,16.14999962,16.14999962,16.14999962
2/17/2010,16.09799957,16.09799957,16.09799957,16.09799957
2/18/2010,16.05999947,16.05999947,16.05999947,16.05999947
2/19/2010,16.41300011,16.41300011,16.41300011,16.41300011
2/22/2010,16.22200012,16.22200012,16.22200012,16.22200012
2/23/2010,15.88799953,15.88799953,15.88799953,15.88799953
2/24/2010,15.93999958,15.93999958,15.93999958,15.93999958
2/25/2010,15.93000031,16.15500069,15.60999966,16.11000061
2/26/2010,16.08499908,16.52000046,16.02499962,16.5
3/1/2010,16.5,16.73999977,16.41500092,16.4489994
3/2/2010,16.47500038,17.07500076,16.31999969,17.04400063
3/3/2010,16.94499969,17.35000038,16.89500046,17.30900002
3/4/2010,17.13999939,17.35000038,17.05999947,17.15600014
3/5/2010,17.36199951,17.47500038,17.12999916,17.36199951
3/8/2010,17.25200081,17.47999954,17.16500092,17.25200081
3/9/2010,17.31800079,17.32500076,16.90999985,17.31800079
3/10/2010,16.99399948,16.99399948,16.99399948,16.99399948
3/11/2010,17.13599968,17.13599968,16.87999916,17.13599968
3/12/2010,17.02400017,17.02400017,17.02400017,17.02400017
3/15/2010,17.08300018,17.12000084,17.00499916,17.08300018
3/16/2010,17.125,17.45000076,17.125,17.33300018
3/17/2010,17.50200081,17.50200081,17.39999962,17.50200081
3/18/2010,17.40699959,17.52000046,17.35499954,17.40699959
3/19/2010,17.0170002,17.36499977,16.98999977,17.0170002
3/22/2010,16.92000008,16.92000008,16.92000008,16.92000008
3/23/2010,17.01199913,17.01199913,17.01199913,17.01199913
3/24/2010,16.62599945,16.62599945,16.62599945,16.62599945
3/25/2010,16.72699928,16.72699928,16.72699928,16.72699928
3/26/2010,16.8939991,16.92000008,16.59000015,16.8939991
3/29/2010,17.37299919,17.37299919,17.37299919,17.37299919
3/30/2010,17.31599998,17.31599998,17.31599998,17.31599998
3/31/2010,17.51199913,17.51199913,17.51199913,17.51199913
4/1/2010,17.87599945,17.94499969,17.55999947,17.87599945
4/5/2010,18.10400009,18.10400009,18.10400009,18.10400009
4/6/2010,17.91699982,17.91699982,17.91699982,17.91699982
4/7/2010,18.18499947,18.21500015,18.17000008,18.18499947
4/8/2010,18.11599922,18.11599922,18.11599922,18.11599922
4/9/2010,18.34000015,18.34000015,18.34000015,18.34000015
4/12/2010,18.40299988,18.54999924,18.21500015,18.40299988
4/13/2010,18.23800087,18.23800087,18.23800087,18.23800087
4/14/2010,18.40399933,18.40399933,18.40399933,18.40399933
4/15/2010,18.42399979,18.42399979,18.42399979,18.42399979
4/16/2010,17.66900063,17.66900063,17.66900063,17.66900063
4/19/2010,17.72500038,17.72500038,17.72500038,17.72500038
4/20/2010,17.81500053,17.81500053,17.81500053,17.81500053
4/21/2010,18.07299995,18.07299995,17.88999939,18.07299995
4/22/2010,18.00600052,18.00600052,18.00600052,18.00600052
4/23/2010,18.18899918,18.18899918,18.18899918,18.18899918
4/26/2010,18.33399963,18.33399963,18.33399963,18.33399963
4/27/2010,18.11599922,18.11599922,18.11599922,18.11599922
4/28/2010,18.10700035,18.10700035,18.10700035,18.10700035
4/29/2010,18.09000015,18.56500053,18.05500031,18.54899979
4/30/2010,18.48500061,18.76499939,18.45499992,18.61100006
5/3/2010,18.81299973,18.85499954,18.5,18.81299973
5/4/2010,18.80500031,18.81999969,17.79000092,17.81800079
5/5/2010,17.51099968,17.83499908,17.09000015,17.51099968
5/6/2010,17.49300003,17.70999908,17.26000023,17.49300003
5/7/2010,18.42900085,18.61499977,17.47999954,18.42900085
5/10/2010,18.53000069,18.53000069,18.53000069,18.53000069
5/11/2010,19.27199936,19.39999962,18.40999985,19.27199936
5/12/2010,19.63999939,19.64999962,19.29500008,19.63999939
5/13/2010,19.47599983,19.47599983,19.47599983,19.47599983
5/14/2010,19.20199966,19.20199966,19.20199966,19.20199966
5/17/2010,18.83499908,19.30999947,18.79999924,18.83499908
5/18/2010,18.85499954,18.85499954,18.85499954,18.85499954
5/19/2010,18.0909996,18.0909996,18.0909996,18.0909996
5/20/2010,17.69400024,17.69400024,17.69400024,17.69400024
5/21/2010,17.73999977,17.77499962,17.5,17.63100052
5/24/2010,17.98200035,17.98200035,17.98200035,17.98200035
5/25/2010,17.93000031,17.93000031,17.56500053,17.76300049
5/26/2010,18.29199982,18.29199982,18.29199982,18.29199982
5/27/2010,18.45700073,18.54000092,18.17499924,18.45700073
5/28/2010,18.4109993,18.60000038,18.37999916,18.4109993
6/1/2010,18.54000092,18.62999916,18.45000076,18.54000092
6/2/2010,18.30400085,18.30400085,18.30400085,18.30400085
6/3/2010,17.92000008,17.92000008,17.92000008,17.92000008
6/4/2010,17.29000092,17.79999924,17.29000092,17.29000092
6/7/2010,18.15299988,18.15999985,17.30999947,18.15299988
6/8/2010,18.46800041,18.46800041,17.30999947,18.46800041
6/9/2010,18.18000031,18.29999924,18.16500092,18.18000031
6/10/2010,18.34199905,18.34199905,18.34199905,18.34199905
6/11/2010,18.22200012,18.28000069,18.20000076,18.22200012
6/14/2010,18.40200043,18.40200043,18.40200043,18.40200043
6/15/2010,18.56900024,18.57500076,18.20000076,18.56900024
6/16/2010,18.43199921,18.43199921,18.43199921,18.43199921
6/17/2010,18.7670002,18.7670002,18.54999924,18.7670002
6/18/2010,19.17499924,19.17499924,19.17499924,19.17499924
6/21/2010,18.80200005,18.80200005,18.80200005,18.80200005
6/22/2010,18.89599991,18.89599991,18.89599991,18.89599991
6/23/2010,18.45400047,18.45400047,18.45400047,18.45400047
6/24/2010,18.7310009,18.7310009,18.7310009,18.7310009
6/25/2010,19.10499954,19.10499954,19.10499954,19.10499954
6/28/2010,18.67300034,18.67300034,18.67300034,18.67300034
6/29/2010,18.72999954,18.77499962,18.37000084,18.59399986
6/30/2010,18.67099953,18.77000046,18.45000076,18.67099953
7/1/2010,18.58499908,18.65999985,17.71999931,17.76000023
7/2/2010,17.69799995,18.07999992,17.62000084,17.69799995
7/6/2010,17.85499954,18,17.60000038,17.83300018
7/7/2010,17.97900009,18.05500031,17.55500031,17.97900009
7/8/2010,17.85199928,18.16500092,17.73999977,17.85199928
7/9/2010,18.0529995,18.0529995,18.0529995,18.0529995
7/12/2010,17.89699936,17.89699936,17.89699936,17.89699936
7/13/2010,17.92000008,18.32999992,17.875,18.23699951
7/14/2010,18.27400017,18.35000038,18.10499954,18.27400017
7/15/2010,18.34600067,18.42000008,18.19499969,18.34600067
7/16/2010,17.77300072,17.77300072,17.77300072,17.77300072
7/19/2010,17.5340004,17.86499977,17.49500084,17.5340004
7/20/2010,17.68499947,17.68499947,17.68499947,17.68499947
7/21/2010,17.79800034,17.89500046,17.65500069,17.79800034
7/22/2010,18.11499977,18.11499977,18.11499977,18.11499977
7/23/2010,18.09600067,18.19000053,18.09000015,18.09600067
7/26/2010,18.19499969,18.19499969,18.02499962,18.19499969
7/27/2010,17.62100029,18.20999908,17.60000038,17.62100029
7/28/2010,17.42300034,17.42300034,17.42300034,17.42300034
7/29/2010,17.60099983,17.60099983,17.60099983,17.60099983
7/30/2010,17.98699951,17.98699951,17.98699951,17.98699951
8/2/2010,18.40299988,18.40299988,18.40299988,18.40299988
8/3/2010,18.40699959,18.40699959,18.40699959,18.40699959
8/4/2010,18.26300049,18.26300049,18.26300049,18.26300049
8/5/2010,18.30800056,18.30800056,18.30800056,18.30800056
8/6/2010,18.45899963,18.45899963,18.45899963,18.45899963
8/9/2010,18.22900009,18.22900009,18.22900009,18.22900009
8/10/2010,18.14599991,18.14599991,18.14599991,18.14599991
8/11/2010,17.88999939,17.88999939,17.88999939,17.88999939
8/12/2010,18.0529995,18.0529995,18.0529995,18.0529995
8/13/2010,18.09700012,18.09700012,18.09700012,18.09700012
8/16/2010,18.41799927,18.41799927,18.10000038,18.41799927
8/17/2010,18.58600044,18.58600044,18.58600044,18.58600044
8/18/2010,18.38999939,18.38999939,18.38999939,18.38999939
8/19/2010,18.31800079,18.31800079,18.31800079,18.31800079
8/20/2010,17.98200035,17.98200035,17.98200035,17.98200035
8/23/2010,17.9829998,17.9829998,17.9829998,17.9829998
8/24/2010,18.36899948,18.36899948,18.36899948,18.36899948
8/25/2010,19.02199936,19.02199936,19.02199936,19.02199936
8/26/2010,18.97800064,18.97800064,18.97800064,18.97800064
8/27/2010,19.03899956,19.03899956,19.03899956,19.03899956
8/30/2010,19.06999969,19.23999977,18.98500061,19.03800011
8/31/2010,19.02499962,19.39999962,18.82999992,19.39800072
9/1/2010,19.35899925,19.49500084,19.29999924,19.35899925
9/2/2010,19.37000084,19.67000008,19.31999969,19.63800049
9/3/2010,19.91500092,19.93000031,19.48999977,19.91500092
9/7/2010,19.88299942,20,19.58499908,19.88299942
9/8/2010,19.97800064,20.11000061,19.86000061,19.97800064
9/9/2010,19.81399918,20.03000069,19.64999962,19.81399918
9/10/2010,19.80200005,20.00499916,19.67499924,19.80200005
9/13/2010,20.11000061,20.18000031,19.98999977,20.11000061
9/14/2010,20.40099907,20.45000076,20.14999962,20.40099907
9/15/2010,20.54199982,20.54199982,20.54199982,20.54199982
9/16/2010,20.74500084,20.74500084,20.74500084,20.74500084
9/17/2010,20.79000092,20.95999908,20.63500023,20.79000092
9/20/2010,20.77700043,20.90500069,20.73999977,20.77700043
9/21/2010,20.62000084,20.82999992,20.54999924,20.62000084
9/22/2010,21.07999992,21.13500023,20.97500038,21.0359993
9/23/2010,21.19400024,21.19400024,21.19400024,21.19400024
9/24/2010,21.38299942,21.44000053,21.35499954,21.38299942
9/27/2010,21.56999969,21.56999969,21.39999962,21.45499992
9/28/2010,21.35000038,21.68799973,21.30999947,21.68799973
9/29/2010,21.70999908,21.92900085,21.70999908,21.92900085
9/30/2010,21.87999916,21.87999916,21.71500015,21.79800034
10/1/2010,21.95999908,22.03700066,21.95999908,22.03700066
10/4/2010,22.00499916,22.02499962,22,22.01300049
10/5/2010,22.32999992,22.86000061,22.32999992,22.7140007
10/6/2010,23.04999924,23.04999924,23.02000046,23.02000046
10/7/2010,23.04999924,23.04999924,22.56500053,22.56500053
10/8/2010,23.24500084,23.24500084,23.08699989,23.08699989
10/11/2010,23.36499977,23.50499916,23.33099937,23.33099937
10/12/2010,23.17000008,23.20499992,23.12899971,23.12899971
10/13/2010,23.91399956,23.91399956,23.91399956,23.91399956
10/14/2010,24.41699982,24.41699982,24.41699982,24.41699982
10/15/2010,24.07500076,24.35000038,24.07500076,24.27199936
10/18/2010,24.22999954,24.43499947,23.91500092,24.39699936
10/19/2010,24.30500031,24.30500031,23.53499985,23.76399994
10/20/2010,24.30500031,24.30500031,23.53499985,23.84799957
10/21/2010,23.73500061,23.84499931,23.12299919,23.12299919
10/22/2010,23.125,23.125,23.125,23.125
10/25/2010,23.34000015,23.54400063,23.34000015,23.54400063
10/26/2010,23.8239994,23.8239994,23.8239994,23.8239994
10/27/2010,23.96999931,23.96999931,23.39800072,23.39800072
10/28/2010,23.87100029,24,23.87100029,23.87100029
10/29/2010,23.875,24.70000076,23.80500031,24.55999947
11/1/2010,24.86499977,24.88500023,24.54800034,24.54800034
11/2/2010,24.61499977,24.84000015,24.61499977,24.83200073
11/3/2010,24.71500015,24.71500015,24.11499977,24.43199921
11/4/2010,25.53000069,26.03899956,25.48999977,26.03899956
11/5/2010,26.31999969,26.81999969,26.06999969,26.74399948
11/8/2010,26.59000015,27.5,26.59000015,27.4279995
11/9/2010,27.76000023,28.90200043,26.92499924,28.90200043
11/10/2010,26.95499992,27.65500069,26.86100006,26.86100006
11/11/2010,26.98500061,27.40099907,26.98500061,27.40099907
11/12/2010,26.95999908,26.97999954,25.93799973,25.93799973
11/15/2010,26.39999962,26.39999962,25.5,26.08799934
11/16/2010,25.30999947,25.36499977,25.10000038,25.22900009
11/17/2010,25.17499924,25.54500008,25.05500031,25.50699997
11/18/2010,26.47999954,26.93499947,26.34000015,26.82999992
11/19/2010,26.79999924,27.17499924,26.47500038,27.17499924
11/22/2010,27.52499962,27.52499962,27.17499924,27.45700073
11/23/2010,27.45700073,27.56800079,27.45700073,27.56800079
11/24/2010,27.42000008,27.52400017,27.37999916,27.52400017
11/26/2010,27.38999939,27.38999939,26.69499969,26.69499969
11/29/2010,26.73500061,27.27000046,26.45000076,27.14800072
11/30/2010,27.19000053,28.35499954,26.88999939,28.18499947
12/1/2010,28.09499931,28.79999924,28.02000046,28.38800049
12/2/2010,28.45499992,29.01499939,28.33499908,28.54199982
12/3/2010,28.60000038,29.41500092,28.57999992,29.24099922
12/6/2010,29.49500084,30.27000046,29.49500084,29.70499992
12/7/2010,30.14999962,30.69000053,28.56999969,29.74799919
12/8/2010,28.94000053,29.16500092,28.01000023,28.22400093
12/9/2010,28.29999924,28.95000076,28.29999924,28.78899956
12/10/2010,28.79000092,28.95499992,28.09000015,28.57600021
12/13/2010,28.94499969,29.65500069,28.85000038,29.59900093
12/14/2010,29.59000015,29.76499939,29.29000092,29.75900078
12/15/2010,29,29.22500038,28.79999924,29.22500038
12/16/2010,29.02000046,29.02000046,28.39999962,28.75699997
12/17/2010,29.06999969,29.25,28.75,29.11300087
12/20/2010,29.36499977,29.36499977,28.82999992,29.33499908
12/21/2010,29.28000069,29.50499916,29.20000076,29.37599945
12/22/2010,29.35000038,29.39999962,29.25,29.36700058
12/23/2010,29.25,29.30999947,29.04999924,29.30999947
12/27/2010,28.87000084,29.26499939,28.86000061,29.23500061
12/28/2010,29.57500076,30.29999924,29.54500008,30.29700089
12/29/2010,30.35499954,30.67900085,30.34000015,30.67900085
12/30/2010,30.85499954,30.89999962,30.42499924,30.48800087
12/31/2010,30.73999977,30.90999985,30.73999977,30.90999985
1/3/2011,30.85499954,31.19499969,30.61499977,31.09600067
1/4/2011,30.45000076,30.45000076,29.46500015,29.49200058
1/5/2011,29.75499916,29.78499985,28.71999931,29.17300034
1/6/2011,29.32500076,29.34499931,28.81999969,29.11000061
1/7/2011,28.96999931,29.28000069,28.42499924,28.6609993
1/10/2011,28.89999962,29.02000046,28.85099983,28.85099983
1/11/2011,29.64999962,29.64999962,29.39999962,29.48999977
1/12/2011,29.79999924,29.80999947,29.53199959,29.53199959
1/13/2011,29.43499947,29.47999954,28.57999992,29.25200081
1/14/2011,28.86499977,28.86499977,28.10000038,28.30900002
1/18/2011,28.17499924,28.92499924,28.05500031,28.90099907
1/19/2011,29.30999947,29.32500076,28.79199982,28.79199982
1/20/2011,28.60499954,28.60499954,27.40500069,27.45899963
1/21/2011,27.17499924,27.41600037,27.09000015,27.41600037
1/24/2011,27.17499924,27.45999908,26.95499992,27.31800079
1/25/2011,26.91500092,26.95000076,26.56500053,26.81100082
1/26/2011,27.02499962,27.13199997,26.68499947,27.13199997
1/27/2011,27.68499947,27.68499947,27.04500008,27.04500008
1/28/2011,26.69499969,27.95000076,26.50499916,27.93400002
1/31/2011,27.77499962,28.17399979,27.77499962,28.17399979
2/1/2011,27.99500084,28.625,27.99500084,28.52400017
2/2/2011,28.21999931,28.53499985,28.21999931,28.29899979
2/3/2011,28.29500008,28.90500069,28.29500008,28.7329998
2/4/2011,28.875,29.15500069,28.79000092,29.06399918
2/7/2011,29.13500023,29.34799957,29.13500023,29.34799957
2/8/2011,29.87000084,30.27099991,29.87000084,30.27099991
2/9/2011,30.20499992,30.27300072,30.06999969,30.27300072
2/10/2011,29.85000038,30.0909996,29.85000038,30.0909996
2/11/2011,30.14999962,30.14999962,29.99200058,29.99200058
2/14/2011,30.40999985,30.52899933,30.39999962,30.52899933
2/15/2011,30.78000069,30.79500008,30.69300079,30.69300079
2/16/2011,30.60000038,30.62999916,30.5,30.62999916
2/17/2011,30.70000076,31.5720005,30.63500023,31.5720005
2/18/2011,31.64999962,32.64500046,31.63999939,32.29800034
2/22/2011,33.40000153,34.00999832,32.86399841,32.86399841
2/23/2011,33.07500076,33.65499878,33.07500076,33.30199814
2/24/2011,33.56000137,33.56000137,33.17900085,33.17900085
2/25/2011,32.06999969,33.375,32.03499985,32.89799881
2/28/2011,33.34000015,33.96500015,33.25,33.80400085
3/1/2011,33.88499832,34.68999863,33.82500076,34.41600037
3/2/2011,34.70000076,34.93000031,34.24000168,34.82500076
3/3/2011,34.58000183,34.79000092,34.04499817,34.31299973
3/4/2011,34.24499893,35.61999893,34.20000076,35.31700134
3/7/2011,35.66999817,36.72999954,35.65000153,35.85499954
3/8/2011,35.81499863,36.39500046,35.65000153,35.65299988
3/9/2011,36.02999878,36.39500046,35.65999985,36.04299927
3/10/2011,35.94499969,36.17499924,34.77000046,35.06399918
3/11/2011,35.16500092,36.06000137,34.06999969,35.93299866
3/14/2011,36.26499939,36.32500076,35.59999847,35.82500076
3/15/2011,35.79999924,35.79999924,33.59999847,34.11600113
3/16/2011,34.34999847,34.93999863,33.90000153,34.47100067
3/17/2011,33.79999924,34.59999847,33.70000076,34.25999832
3/18/2011,34.83499908,35.22000122,34.80500031,35.06000137
3/21/2011,35.75,36.15999985,35.70500183,36.0019989
3/22/2011,36.18999863,36.40499878,35.83000183,36.27099991
3/23/2011,36.25,37.40000153,36.25,37.20199966
3/24/2011,37.29999924,38.13000107,37.11000061,37.38800049
3/25/2011,37.43500137,37.625,37,37.05799866
3/28/2011,37.18000031,37.21500015,36.45000076,37.09700012
3/29/2011,36.65000153,37.15999985,36.61000061,36.97700119
3/30/2011,37.04999924,37.63999939,36.95999908,37.50099945
3/31/2011,37.36500168,37.91999817,37.36500168,37.87200165
4/1/2011,37.5,37.77500153,37.18000031,37.73699951
4/4/2011,38.32500076,38.50999832,38.32500076,38.48400116
4/5/2011,38.70500183,39.30500031,38.29999924,39.17499924
4/6/2011,39.53499985,39.71500015,39.38399887,39.38399887
4/7/2011,39.56000137,39.66999817,39.45999908,39.54199982
4/8/2011,39.84500122,40.92499924,39.84500122,40.59999847
4/11/2011,40.97000122,41.72499847,39.83499908,40.60400009
4/12/2011,40.25999832,40.77500153,39.90000153,40.05799866
4/13/2011,40.20999908,40.70500183,40.20999908,40.23500061
4/14/2011,41.23500061,41.84999847,40.74000168,41.6609993
4/15/2011,42.5,42.79000092,42.5,42.56600189
4/18/2011,42.93999863,42.95700073,42.75,42.95700073
4/19/2011,43.05500031,43.91899872,43.05500031,43.91899872
4/20/2011,44.59999847,45.31999969,44.46500015,44.46500015
4/21/2011,45.11999893,46.27000046,45.09000015,46.06200027
4/25/2011,47.23500061,49.10499954,45.93500137,47.15100098
4/26/2011,46.11000061,46.14500046,44.75999832,45.05799866
4/27/2011,45.24000168,45.9640007,44.89500046,45.9640007
4/28/2011,47.82500076,49.52000046,47.24499893,47.52000046
4/29/2011,48.45999908,49.18999863,47.54000092,48.58399963
5/2/2011,47.97000122,48.08499908,42.18999863,46.07799911
5/3/2011,43.89500046,45.42499924,40.84500122,42.57600021
5/4/2011,41.5,42.25500107,38.97999954,39.38299942
5/5/2011,39.21500015,39.52000046,34.43999863,36.23099899
5/6/2011,34.81999969,36.32500076,33.53499985,35.28300095
5/9/2011,35.54000092,37.93000031,35.54000092,37.11000061
5/10/2011,37.70000076,38.69499969,37.61500168,38.47999954
5/11/2011,38.83000183,39.38000107,35.02500153,35.50899887
5/12/2011,34.84500122,35.15000153,32.59500122,34.79299927
5/13/2011,34.49499893,36.40499878,34.02500153,35.01100159
5/16/2011,35.21500015,35.22499847,33.50500107,34.12900162
5/17/2011,33.75,34.15000153,33.09500122,33.48799896
5/18/2011,34.43999863,35.18000031,34.43999863,35.09400177
5/19/2011,35.40000153,35.69499969,34.59999847,34.92699814
5/20/2011,34.65499878,35.22000122,34.25999832,35.08200073
5/23/2011,34.61000061,35.10499954,34.39500046,34.90100098
5/24/2011,35,36.65999985,35,36.12099838
5/25/2011,36.65000153,37.70000076,36.65000153,37.63999939
5/26/2011,38.18999863,38.82500076,36.93000031,37.32600021
5/27/2011,37.40000153,38.15000153,37.40000153,37.85699844
5/31/2011,38.32500076,38.65000153,37.84500122,38.3030014
6/1/2011,38.22499847,38.33499908,36.47499847,37.68899918
6/2/2011,36.79000092,37.25,35.65999985,36.20000076
6/3/2011,36.18000031,36.20999908,35.17499924,36.18700027
6/6/2011,36.75,37.27500153,36.52000046,36.77600098
6/7/2011,37,37.43999863,36.65499878,37.04000092
6/8/2011,36.72000122,36.77999878,36.09999847,36.61899948
6/9/2011,37.01499939,37.49000168,36.90000153,37.42300034
6/10/2011,37.65000153,37.83000183,36.32600021,36.32600021
6/13/2011,36.04999924,36.04999924,34.73600006,34.73600006
6/14/2011,34.95999908,35.45500183,34.61999893,35.40999985
6/15/2011,35.65000153,35.79999924,35.09000015,35.40599823
6/16/2011,35.65000153,35.65000153,35.34999847,35.5530014
6/17/2011,35.19499969,35.80500031,35.19499969,35.73899841
6/20/2011,35.79999924,36.06999969,35.72999954,36.06499863
6/21/2011,36.06999969,36.54999924,36.06999969,36.3730011
6/22/2011,36.18999863,36.73400116,36.18999863,36.73400116
6/23/2011,35.56499863,35.56999969,35.00500107,35.00500107
6/24/2011,35.33499908,35.33499908,34.64099884,34.64099884
6/27/2011,33.95500183,33.95500183,33.58000183,33.58000183
6/28/2011,33.72499847,34.03499985,33.63299942,33.63299942
6/29/2011,33.90499878,34.93000031,33.84999847,34.75
6/30/2011,34.88499832,35.13999939,34.45000076,34.81200027
7/1/2011,34.68000031,34.68000031,33.47499847,33.69400024
7/5/2011,33.83000183,35.65000153,33.83000183,35.40200043
7/6/2011,35.43500137,36.19499969,35.11999893,35.9109993
7/7/2011,36.15000153,36.625,35.74000168,36.52799988
7/8/2011,36.42499924,36.81999969,36.08000183,36.5359993
7/11/2011,36.65999985,36.81000137,35.625,35.68899918
7/12/2011,35.84500122,36.38999939,34.84999847,35.62900162
7/13/2011,36.13999939,38.18500137,36.13000107,38.14799881
7/14/2011,38.52000046,39.35499954,38.09999847,38.68899918
7/15/2011,38.38499832,39.30500031,37.90999985,39.06299973
7/18/2011,39.77000046,40.66999817,39.63999939,40.33300018
7/19/2011,40.33000183,40.86999893,38.70500183,40.21099854
7/20/2011,38.83499908,40.06000137,38.43500137,39.54600143
7/21/2011,39.88999939,40.25999832,38.93700027,38.93700027
7/22/2011,39.18999863,40.25500107,39.18999863,40.11299896
7/25/2011,40.45000076,40.97499847,40.11500168,40.35400009
7/26/2011,40.27999878,40.90000153,40.13000107,40.69100189
7/27/2011,40.94499969,41.41999817,40.50500107,40.5530014
7/28/2011,40.39500046,40.39500046,39.43500137,39.77899933
7/29/2011,39.44499969,40.38000107,39.44499969,40.09199905
8/1/2011,39.625,39.81999969,39.16999817,39.29800034
8/2/2011,39.70999908,40.86999893,39.70999908,40.08100128
8/3/2011,41.31000137,41.90499878,41.08000183,41.74700165
8/4/2011,41.61999893,42.20000076,38.98500061,39.41799927
8/5/2011,38.91999817,39.45999908,37.79000092,38.1969986
8/8/2011,39.08000183,40.21500015,38.84999847,39.37400055
8/9/2011,38.86500168,38.86500168,37.21500015,37.8769989
8/10/2011,38.29999924,39.38000107,38.09500122,39.32500076
8/11/2011,38.22499847,38.86000061,38.22499847,38.65599823
8/12/2011,38.56999969,39.10100174,38.56999969,39.10100174
8/15/2011,39.47000122,39.47000122,39.29800034,39.29800034
8/16/2011,39.77500153,40.08000183,39.36000061,39.82099915
8/17/2011,39.84500122,40.34999847,39.84500122,40.34999847
8/18/2011,40.68700027,40.68700027,40.68700027,40.68700027
8/19/2011,42.19499969,42.4280014,42.07500076,42.4280014
8/22/2011,43.65499878,43.85499954,42.95000076,43.32099915
8/23/2011,43.95500183,44.15000153,41.97499847,42.28099823
8/24/2011,41.29499817,41.44499969,39.1570015,39.1570015
8/25/2011,40.74000168,40.74000168,40.74000168,40.74000168
8/26/2011,40.9469986,40.9469986,40.9469986,40.9469986
8/29/2011,40.54100037,40.54100037,40.54100037,40.54100037
8/30/2011,40.80500031,41.66999817,40.42499924,41.39799881
8/31/2011,41.29499817,42.00999832,41.15000153,41.69900131
9/1/2011,41.58499908,41.78499985,41.18999863,41.48199844
9/2/2011,41.52000046,43.39500046,41.52000046,43.02000046
9/6/2011,43.00500107,43.27999878,41.65999985,41.81800079
9/7/2011,41.89500046,41.89500046,40.58000183,41.5719986
9/8/2011,41.52000046,42.61999893,41.52000046,42.47900009
9/9/2011,42.27999878,42.47499847,41.29999924,41.57300186
9/12/2011,41.22499847,41.34999847,39.70000076,40.16400146
9/13/2011,40.54499817,41.18999863,40.31000137,41.1230011
9/14/2011,41.07500076,41.17499924,40.40000153,40.46900177
9/15/2011,40.73500061,40.73500061,39.45299911,39.45299911
9/16/2011,39.47499847,40.78099823,39.47499847,40.78099823
9/19/2011,40.70999908,40.70999908,39.11000061,39.11000061
9/20/2011,39.51499939,40.15000153,39.375,40.08100128
9/21/2011,40.11000061,40.44499969,39.50500107,40.41999817
9/22/2011,39.61999893,39.61999893,35.5,36.5379982
9/23/2011,36.47000122,36.52999878,30.0510006,30.0510006
9/26/2011,30.78499985,30.78499985,26.58499908,29.92700005
9/27/2011,30.37999916,32.84999847,30.37999916,31.49699974
9/28/2011,31.69000053,32.41999817,30.08499908,30.08499908
9/29/2011,29.82999992,30.70000076,29.26499939,30.47200012
9/30/2011,29.89999962,30.27499962,29.68499947,30.04100037
10/3/2011,29.96500015,31.20000076,29.93000031,30.75
10/4/2011,31.18499947,31.25,29.43000031,29.79500008
10/5/2011,28.60499954,30.38999939,28.40999985,30.31699944
10/6/2011,30.34000015,31.96999931,30.34000015,31.96999931
10/7/2011,31.90500069,32.52999878,30.76499939,30.95800018
10/10/2011,32.25,32.25,31.94400024,31.94400024
10/11/2011,32.25500107,32.25500107,31.96299934,31.96299934
10/12/2011,32.75400162,32.75400162,32.75400162,32.75400162
10/13/2011,31.79000092,31.80999947,31.63299942,31.63299942
10/14/2011,31.80999947,32.41999817,31.55999947,32.13999939
10/17/2011,32.02000046,32.44499969,31.79100037,31.79100037
10/18/2011,30.64999962,31.8010006,30.64999962,31.8010006
10/19/2011,31.82500076,31.84000015,31.07999992,31.25200081
10/20/2011,30.37000084,30.375,30.10499954,30.26600075
10/21/2011,30.625,31.28000069,30.625,31.17300034
10/24/2011,31.35499954,32,31.35499954,31.62000084
10/25/2011,32.95999908,33.20999908,32.95999908,33.0340004
10/26/2011,33.59000015,33.59000015,33.28499985,33.29100037
10/27/2011,33.93500137,35.31999969,33.93500137,35.09500122
10/28/2011,35.45500183,35.45500183,34.875,35.27000046
10/31/2011,34.27000046,34.47000122,34.16999817,34.3370018
11/1/2011,32.86999893,33.41999817,32.72200012,32.72200012
11/2/2011,33.40000153,33.92900085,33.36500168,33.92900085
11/3/2011,33.99000168,34.79499817,33.86000061,34.48799896
11/4/2011,34,34.18000031,33.95999908,34.06999969
11/7/2011,34.06999969,34.81200027,34.06999969,34.81200027
11/8/2011,35.13700104,35.13700104,35.13700104,35.13700104
11/9/2011,34.99499893,35.04000092,34.34799957,34.34799957
11/10/2011,34.09500122,34.09500122,34.09500122,34.09500122
11/11/2011,34.67100143,34.67100143,34.67100143,34.67100143
11/14/2011,34.01300049,34.01300049,34.01300049,34.01300049
11/15/2011,34.59999847,34.59999847,34.44800186,34.44800186
11/16/2011,34.23500061,34.45999908,33.81399918,33.81399918
11/17/2011,31.55999947,31.56500053,31.37999916,31.49300003
11/18/2011,32.4129982,32.4129982,32.4129982,32.4129982
11/21/2011,31.17499924,31.17499924,31.04000092,31.11300087
11/22/2011,31.87999916,33,31.87999916,32.94800186
11/23/2011,31.62000084,31.88199997,31.62000084,31.88199997
11/25/2011,31.19000053,31.23500061,31.01199913,31.01199913
11/28/2011,32.06000137,32.15999985,32.06000137,32.15999985
11/29/2011,32,32.14500046,31.44000053,31.85300064
11/30/2011,31.89500046,32.91500092,31.13500023,32.73099899
12/1/2011,32.71500015,33.38000107,32.49000168,32.69499969
12/2/2011,32.81499863,33.55500031,32.38000107,32.62099838
12/5/2011,32.73500061,32.95999908,31.85000038,32.30599976
12/6/2011,32.09000015,32.67200089,31.70000076,32.67200089
12/7/2011,32.52999878,32.66500092,32.36000061,32.55500031
12/8/2011,32.58000183,33.15000153,31.45999908,31.46699905
12/9/2011,31.96999931,32.25500107,31.82999992,32.17300034
12/12/2011,31.75499916,31.75499916,30.93499947,30.93499947
12/13/2011,31.27499962,31.39999962,30.45000076,31.19499969
12/14/2011,30.97999954,30.98999977,28.64999962,28.88100052
12/15/2011,28.91500092,29.22500038,28.66500092,29.22500038
12/16/2011,29.75,29.75,29.47500038,29.61499977
12/19/2011,29.60000038,29.60000038,28.68000031,28.8220005
12/20/2011,29.22999954,29.49600029,29.20000076,29.49600029
12/21/2011,29.81999969,29.97500038,29.18499947,29.19799995
12/22/2011,29.23500061,29.23500061,29.00099945,29.00099945
12/23/2011,29.21999931,29.28000069,29.02000046,29.04599953
12/27/2011,28.96999931,28.96999931,28.6970005,28.6970005
12/28/2011,28.59499931,28.59499931,27.19199944,27.19199944
12/29/2011,26.92499924,27.52000046,26.38500023,27.27400017
12/30/2011,27.48500061,28.34000015,27.375,27.875
1/3/2012,28.16500092,29.62999916,28.11000061,29.53300095
1/4/2012,29.41500092,29.625,29.05500031,29.06299973
1/5/2012,29.07999992,29.35000038,28.70000076,29.26499939
1/6/2012,29.35000038,29.40500069,28.65299988,28.65299988
1/9/2012,28.81999969,29.14999962,28.74900055,28.74900055
1/10/2012,29.71999931,30.10000038,29.69000053,29.78300095
1/11/2012,29.95499992,29.98999977,29.78000069,29.8579998
1/12/2012,30.54999924,30.63999939,30.09199905,30.09199905
1/13/2012,29.63999939,29.85000038,29.49300003,29.49300003
1/17/2012,30.5,30.5,30.1060009,30.1060009
1/18/2012,29.95000076,30.51399994,29.89999962,30.51399994
1/19/2012,30.44000053,30.48200035,30.34000015,30.48200035
1/20/2012,30.51499939,31.64699936,30.51499939,31.64699936
1/23/2012,32.54999924,32.65999985,32.22000122,32.23300171
1/24/2012,32.16999817,32.16999817,31.93099976,31.93099976
1/25/2012,32.20000076,33.18999863,31.68000031,33.09199905
1/26/2012,33.34999847,33.70199966,33.34999847,33.70199966
1/27/2012,33.52000046,33.75,33.29999924,33.74700165
1/30/2012,33.26499939,33.49700165,33.10499954,33.49700165
1/31/2012,33.59999847,33.79999924,32.99000168,33.23300171
2/1/2012,33.16999817,33.90000153,33.16500092,33.77799988
2/2/2012,33.80500031,34.33499908,33.66999817,34.15100098
2/3/2012,34.24000168,34.24000168,33.50500107,33.72499847
2/6/2012,33.5,33.75,33.34500122,33.72200012
2/7/2012,33.25,34.29000092,33.25,34.16500092
2/8/2012,34.40000153,34.40000153,33.67300034,33.67300034
2/9/2012,33.81000137,34.40000153,33.81000137,33.88399887
2/10/2012,33.90000153,33.90000153,33.375,33.57600021
2/13/2012,33.63000107,33.84999847,33.63000107,33.69599915
2/14/2012,33.52500153,33.70500183,33.32600021,33.32600021
2/15/2012,33.68500137,33.75,33.34500122,33.38600159
2/16/2012,32.79999924,33.35400009,32.70000076,33.35400009
2/17/2012,33.54999924,33.54999924,33.20000076,33.20000076
2/21/2012,33.52000046,34.4129982,33.52000046,34.4129982
2/22/2012,34.26499939,34.26499939,34.07500076,34.23899841
2/23/2012,34.30500031,35.54399872,34.30500031,35.54399872
2/24/2012,35.41999817,35.59000015,35.33200073,35.33200073
2/27/2012,35.38000107,35.54999924,35.34500122,35.51599884
2/28/2012,35.45000076,37.22499847,35.31499863,37.13999939
2/29/2012,36.93000031,37.47999954,33.75,34.58300018
3/1/2012,34.61999893,35.61500168,34.50500107,35.61100006
3/2/2012,35.5,35.5,34.38000107,34.48099899
3/5/2012,34.78499985,34.78499985,33.53499985,33.65100098
3/6/2012,34.02999878,34.02999878,32.45500183,32.74100113
3/7/2012,32.93999863,33.54299927,32.80500031,33.54299927
3/8/2012,33.76499939,33.86999893,33.40000153,33.78900146
3/9/2012,33.84500122,34.31999969,33.27999878,34.17499924
3/12/2012,33.93999863,33.96500015,33.36999893,33.37400055
3/13/2012,33.65499878,33.75999832,33.26499939,33.54399872
3/14/2012,32.99000168,33.09999847,31.62000084,32.14699936
3/15/2012,32.08499908,32.69300079,31.98999977,32.69300079
3/16/2012,32.11500168,32.58499908,32.11500168,32.57300186
3/19/2012,32.65000153,32.99000168,32.45000076,32.92599869
3/20/2012,32.13000107,32.33000183,31.80500031,31.80500031
3/21/2012,32.20000076,32.29999924,32.06999969,32.19900131
3/22/2012,32.29499817,32.29499817,31.19000053,31.31900024
3/23/2012,31.5,32.2480011,31.5,32.2480011
3/26/2012,32.13999939,32.72600174,32.11999893,32.72600174
3/27/2012,32.99000168,32.99000168,32.59999847,32.60100174
3/28/2012,32.45000076,32.45000076,31.81599998,31.81599998
3/29/2012,32.04000092,32.04000092,31.64500046,31.97800064
3/30/2012,32.31999969,32.46900177,32.31999969,32.46900177
4/2/2012,33.10499954,33.10499954,32.97000122,33.08300018
4/3/2012,33.25,33.25,33.25,33.25
4/4/2012,31.02899933,31.02899933,31.02899933,31.02899933
4/5/2012,31.28499985,31.75,31.28499985,31.7159996
4/9/2012,31.51300049,31.51300049,31.51300049,31.51300049
4/10/2012,31.67000008,31.76000023,31.67000008,31.67000008
4/11/2012,31.51099968,31.51099968,31.51099968,31.51099968
4/12/2012,31.59000015,32.51499939,31.59000015,32.51499939
4/13/2012,31.37999916,31.37999916,31.37999916,31.37999916
4/16/2012,31.36400032,31.36400032,31.36400032,31.36400032
4/17/2012,31.66500092,31.66500092,31.66500092,31.66500092
4/18/2012,31.54500008,31.60499954,31.46500015,31.47800064
4/19/2012,31.46999931,31.77099991,31.46999931,31.77099991
4/20/2012,31.6439991,31.6439991,31.6439991,31.6439991
4/23/2012,31.55999947,31.61000061,30.52499962,30.52499962
4/24/2012,30.72500038,30.96500015,30.72500038,30.73999977
4/25/2012,30.76000023,30.92499924,30.35099983,30.35099983
4/26/2012,31.20299911,31.20299911,31.20299911,31.20299911
4/27/2012,31.03000069,31.39500046,30.88500023,31.34700012
4/30/2012,31.26000023,31.37999916,30.54999924,30.95899963
5/1/2012,31.04500008,31.28000069,30.76499939,30.87700081
5/2/2012,30.84499931,30.89999962,30.40999985,30.59199905
5/3/2012,30.39500046,30.47999954,29.87999916,29.95899963
5/4/2012,30.04500008,30.37999916,30.03499985,30.37999916
5/7/2012,30.14999962,30.14999962,29.90500069,30.0720005
5/8/2012,29.90999985,29.90999985,29.15999985,29.41399956
5/9/2012,28.75,29.27000046,28.73500061,29.1970005
5/10/2012,29.14999962,29.20999908,29,29.13599968
5/11/2012,28.5,29.00499916,28.48500061,28.8579998
5/14/2012,28.25,28.39500046,28.17000008,28.31900024
5/15/2012,28.04999924,28.36000061,27.63500023,28.05400085
5/16/2012,27.68499947,27.68499947,26.89500046,27.17000008
5/17/2012,27.20499992,28.125,27.20499992,27.99600029
5/18/2012,28.03000069,28.70999908,28.03000069,28.69400024
5/21/2012,28.30400085,28.30400085,28.30400085,28.30400085
5/22/2012,28.35000038,28.61000061,28,28.16500092
5/23/2012,27.68000031,27.73999977,27.29999924,27.50799942
5/24/2012,28.10499954,28.44499969,28.06999969,28.1420002
5/25/2012,28.41500092,28.41500092,28.37000084,28.37000084
5/29/2012,28.22500038,28.23999977,27.7670002,27.7670002
5/30/2012,27.76499939,28,27.40999985,27.96199989
5/31/2012,27.82500076,28.14999962,27.56999969,27.74099922
6/1/2012,27.71999931,28.51000023,27.26000023,28.49699974
6/4/2012,28.37999916,28.41500092,27.99200058,27.99200058
6/5/2012,28.13500023,28.38999939,28.07999992,28.38999939
6/6/2012,29.22999954,29.47599983,29.22999954,29.47599983
6/7/2012,29.24500084,29.24500084,28.5189991,28.5189991
6/8/2012,27.94000053,28.46100044,27.94000053,28.46100044
6/11/2012,28.62000084,28.65999985,28.6060009,28.6060009
6/12/2012,28.42000008,28.94300079,28.42000008,28.94300079
6/13/2012,28.78499985,29.05500031,28.78499985,28.93499947
6/14/2012,28.89999962,28.89999962,28.17000008,28.40099907
6/15/2012,28.64500046,28.73399925,28.64500046,28.73399925
6/18/2012,28.44499969,28.77000046,28.43499947,28.66500092
6/19/2012,28.36199951,28.37999916,28.34000015,28.36199951
6/20/2012,28.02499962,28.52499962,28.01000023,28.38299942
6/21/2012,27.85499954,27.87999916,26.83300018,26.83300018
6/22/2012,26.79000092,26.80999947,26.64999962,26.65699959
6/25/2012,26.68000031,27.51799965,26.63999939,27.51799965
6/26/2012,27.03700066,27.03700066,27.03700066,27.03700066
6/27/2012,26.87999916,26.94099998,26.87999916,26.94099998
6/28/2012,26.875,27.06500053,26.06999969,26.24699974
6/29/2012,26.26000023,27.84000015,26.23500061,27.57999992
7/2/2012,27.44000053,27.54999924,27.19499969,27.46800041
7/3/2012,27.44499969,28.37000084,27.44000053,28.24300003
7/5/2012,28.08499908,28.33499908,27.49500084,27.63800049
7/6/2012,27.65999985,27.67499924,26.88500023,26.88899994
7/9/2012,27.125,27.4109993,27.09000015,27.4109993
7/10/2012,27.23500061,27.5,26.72999954,26.85099983
7/11/2012,26.98500061,27.15999985,26.81500053,26.99500084
7/12/2012,26.76000023,27.13599968,26.44499969,27.13599968
7/13/2012,27.21999931,27.47500038,27.13999939,27.34399986
7/16/2012,27.12999916,27.29700089,26.88500023,27.29700089
7/17/2012,27.29000092,27.32500076,26.77000046,27.29199982
7/18/2012,27.26499939,27.26499939,26.91500092,27.07099915
7/19/2012,27.21999931,27.39500046,27.19400024,27.19400024
7/20/2012,27.15999985,27.27899933,27.01000023,27.27899933
7/23/2012,26.95000076,27.0189991,26.95000076,27.0189991
7/24/2012,26.86000061,26.86000061,26.77499962,26.79000092
7/25/2012,27.23999977,27.44499969,27.23999977,27.44499969
7/26/2012,27.55500031,27.62000084,27.43099976,27.43099976
7/27/2012,27.47800064,27.47800064,27.47800064,27.47800064
7/30/2012,27.56999969,28.05999947,27.54999924,28.01399994
7/31/2012,28.08499908,28.22999954,27.89500046,27.89500046
8/1/2012,27.04999924,27.5170002,27.04999924,27.5170002
8/2/2012,27.38999939,27.47500038,26.96500015,26.9810009
8/3/2012,27.79000092,27.79000092,27.79000092,27.79000092
8/6/2012,27.85199928,27.85199928,27.85199928,27.85199928
8/7/2012,27.89500046,28.07500076,27.89500046,28.07500076
8/8/2012,28.06699944,28.06699944,28.06699944,28.06699944
8/9/2012,28.04000092,28.09000015,28.04000092,28.09000015
8/10/2012,27.76499939,28.05500031,27.75,28.05500031
8/13/2012,27.84499931,27.84499931,27.76000023,27.76000023
8/14/2012,27.84000015,27.84000015,27.68499947,27.75600052
8/15/2012,27.81999969,27.92000008,27.79500008,27.80500031
8/16/2012,27.92000008,28.20499992,27.92000008,28.20499992
8/17/2012,28.12000084,28.13999939,27.99500084,27.99500084
8/20/2012,28.38500023,28.58600044,28.38500023,28.58600044
8/21/2012,28.67000008,29.42099953,28.67000008,29.42099953
8/22/2012,29.54899979,29.54899979,29.54899979,29.54899979
8/23/2012,30.59499931,30.75,30.4470005,30.4470005
8/24/2012,30.35000038,30.64999962,30.35000038,30.6060009
8/27/2012,30.89999962,31.11000061,30.89999962,31.03899956
8/28/2012,30.86899948,30.86899948,30.80999947,30.86899948
8/29/2012,30.75,30.83099937,30.75,30.83099937
8/30/2012,30.67499924,30.88999939,30.19499969,30.36700058
8/31/2012,30.43499947,31.70000076,30.27000046,31.37000084
9/4/2012,31.65999985,32.36000061,31.52000046,32.34799957
9/5/2012,32.29499817,32.31000137,32.03499985,32.27199936
9/6/2012,32.22499847,32.86500168,32.20000076,32.61899948
9/7/2012,32.56999969,33.68500137,32.02999878,33.63299942
9/10/2012,33.65499878,33.84999847,33.31000137,33.57400131
9/11/2012,33.70000076,33.76499939,33.41999817,33.50899887
9/12/2012,33.70000076,33.70000076,32.50999832,33.23300171
9/13/2012,33.28499985,34.75,32.70999908,34.7159996
9/14/2012,34.59500122,34.74499893,34.38000107,34.60300064
9/17/2012,34.66500092,34.66500092,34.20000076,34.29800034
9/18/2012,34.02999878,34.84500122,34,34.64400101
9/19/2012,34.57500076,34.84500122,34.51900101,34.51900101
9/20/2012,34.25999832,34.61800003,34.20000076,34.61800003
9/21/2012,34.86999893,35.09000015,34.47999954,34.56700134
9/24/2012,33.90499878,34.07500076,33.81499863,33.92100143
9/25/2012,34.24499893,34.24499893,33.88600159,33.88600159
9/26/2012,33.70000076,33.88299942,33.67499924,33.88299942
9/27/2012,33.90999985,34.68999863,33.86000061,34.59500122
9/28/2012,34.61000061,34.75,34.47999954,34.51699829
10/1/2012,34.375,34.90000153,34.375,34.88100052
10/2/2012,34.90000153,34.90000153,34.56999969,34.60400009
10/3/2012,34.52999878,34.74000168,34.49000168,34.63100052
10/4/2012,34.97999954,35.04100037,34.70000076,35.04100037
10/5/2012,34.86000061,34.95000076,34.38999939,34.51599884
10/8/2012,33.88000107,34.04999924,33.86500168,33.98199844
10/9/2012,33.90000153,33.95100021,33.625,33.95100021
10/10/2012,33.82500076,34.07300186,33.73500061,34.07300186
10/11/2012,34.04999924,34.04999924,34.04600143,34.04600143
10/12/2012,33.73500061,33.73500061,33.63299942,33.63299942
10/15/2012,32.56999969,32.75500107,32.56999969,32.70700073
10/16/2012,32.76499939,32.97000122,32.76499939,32.92200089
10/17/2012,33.02000046,33.20000076,33.02000046,33.1969986
10/18/2012,32.78499985,32.97999954,32.78499985,32.83800125
10/19/2012,32.61000061,32.61000061,32.04000092,32.07300186
10/22/2012,32.15000153,32.22700119,32.15000153,32.22700119
10/23/2012,31.89999962,31.89999962,31.70000076,31.76799965
10/24/2012,31.59499931,31.85000038,31.59499931,31.59499931
10/25/2012,32,32.04899979,32,32.04899979
10/26/2012,32.11999893,32.30500031,31.64999962,32.01100159
10/31/2012,32.18999863,32.2879982,32.18999863,32.2879982
11/1/2012,32.47000122,32.47000122,32.22600174,32.22600174
11/2/2012,32.10499954,32.10499954,30.83499908,30.83499908
11/5/2012,30.78499985,31.15500069,30.78499985,31.11300087
11/6/2012,31.12000084,32.15000153,31.12000084,32.01900101
11/7/2012,31.95499992,32.15499878,31.56999969,31.65099907
11/8/2012,31.80999947,32.34999847,31.80999947,32.23099899
11/9/2012,32.27500153,32.66500092,32.09500122,32.59000015
11/12/2012,32.51300049,32.51300049,32.51300049,32.51300049
11/13/2012,32.21500015,32.56999969,32.19499969,32.47800064
11/14/2012,32.63999939,32.87099838,32.63999939,32.87099838
11/15/2012,32.66500092,32.66500092,32.66500092,32.66500092
11/16/2012,32.36100006,32.36100006,32.36100006,32.36100006
11/19/2012,33.18099976,33.18099976,33.18099976,33.18099976
11/20/2012,32.92300034,32.92300034,32.92300034,32.92300034
11/21/2012,33.34400177,33.34400177,33.34400177,33.34400177
11/23/2012,33.33499908,34.11100006,33.31999969,34.11100006
11/26/2012,34.00500107,34.13800049,34.00500107,34.13800049
11/27/2012,34.09999847,34.09999847,33.98199844,33.98199844
11/28/2012,33.56000137,33.68099976,33.52500153,33.68099976
11/29/2012,33.75,34.39500046,33.53499985,34.34799957
11/30/2012,34.22999954,34.34500122,33.13999939,33.20399857
12/3/2012,33.5,33.84999847,33.40999985,33.68099976
12/4/2012,33.40000153,33.47999954,32.72000122,32.73400116
12/5/2012,32.93000031,33.16500092,32.52999878,32.88299942
12/6/2012,32.75,33.15000153,32.54499817,33.03900146
12/7/2012,33.04999924,33.22000122,32.64500046,33.0530014
12/10/2012,33.13999939,33.40000153,33.13999939,33.29999924
12/11/2012,33.06999969,33.18999863,32.77500153,32.94100189
12/12/2012,32.99000168,33.70700073,32.99000168,33.70700073
12/13/2012,33.36000061,33.36000061,32.25500107,32.27999878
12/14/2012,32.49000168,32.63000107,32.22299957,32.22299957
12/17/2012,32.29000092,32.33499908,32.10499954,32.20600128
12/18/2012,32.43000031,32.45999908,31.35000038,31.59499931
12/19/2012,31.70999908,31.72500038,30.97999954,31.04500008
12/20/2012,31.01000023,31.20000076,29.61199951,29.61199951
12/21/2012,29.95000076,30.15999985,29.63500023,30.1420002
12/24/2012,30.08499908,30.08499908,29.8390007,29.8390007
12/26/2012,30.18000031,30.20499992,29.9829998,29.9829998
12/27/2012,29.95000076,30.18400002,29.95000076,30.18400002
12/28/2012,30.20000076,30.20000076,29.92000008,29.92000008
12/31/2012,30.09000015,30.375,30.09000015,30.17300034
1/2/2013,30.62999916,31.08499908,30.58499908,30.95199966
1/3/2013,30.77499962,31,30.45499992,30.67099953
1/4/2013,29.43499947,30.20999908,29.20999908,29.89599991
1/7/2013,30.39500046,30.39500046,29.90999985,30.03199959
1/8/2013,30.25499916,30.41500092,30.125,30.41500092
1/9/2013,30.09499931,30.27000046,30.09499931,30.20100021
1/10/2013,30.76000023,30.875,30.66500092,30.875
1/11/2013,30.78000069,30.78000069,30.14999962,30.36700058
1/14/2013,30.62000084,31.07999992,30.62000084,31.07999992
1/15/2013,30.95000076,31.49799919,30.95000076,31.49799919
1/16/2013,31.375,31.51399994,31.25499916,31.51399994
1/17/2013,31.30500031,31.7859993,31.16500092,31.7859993
1/18/2013,32.06000137,32.06000137,31.76499939,31.90200043
1/22/2013,31.83499908,32.25,31.83499908,32.14699936
1/23/2013,32.13499832,32.4090004,32.13499832,32.4090004
1/24/2013,31.73500061,31.75,31.69499969,31.69499969
1/25/2013,31.18000031,31.18000031,31.18000031,31.18000031
1/28/2013,31,31,30.75600052,30.75600052
1/29/2013,31.06500053,31.1590004,31.06500053,31.1590004
1/30/2013,31.5,32.25999832,31.5,32.15200043
1/31/2013,31.86499977,31.86499977,31.29999924,31.33499908
2/1/2013,31.60000038,31.94199944,31.60000038,31.94199944
2/4/2013,31.70499992,31.70499992,31.69000053,31.70000076
2/5/2013,32.02000046,32.02000046,31.67000008,31.85899925
2/6/2013,31.86100006,31.86100006,31.86100006,31.86100006
2/7/2013,31.48500061,31.76000023,31.34499931,31.38699913
2/8/2013,31.45000076,31.60000038,31.39999962,31.42499924
2/11/2013,31.15999985,31.17499924,30.89500046,30.89500046
2/12/2013,30.81999969,31.07999992,30.79999924,31.00399971
2/13/2013,30.88999939,30.92499924,30.85400009,30.85400009
2/14/2013,30.98500061,31.04000092,30.34300041,30.34300041
2/15/2013,30.25,30.25,29.77000046,29.8390007
2/19/2013,30.04000092,30.04500008,29.41300011,29.41300011
2/20/2013,28.73999977,28.73999977,28.31500053,28.61499977
2/21/2013,28.44499969,28.69499969,28.44499969,28.69499969
2/22/2013,28.42000008,28.45599937,28.42000008,28.45599937
2/25/2013,28.97500038,28.98999977,28.96500015,28.9829998
2/26/2013,29.25600052,29.25600052,29.25600052,29.25600052
2/27/2013,29.36000061,29.38999939,28.82999992,28.94300079
2/28/2013,28.95499992,29.13500023,28.38999939,28.39500046
3/1/2013,28.48500061,28.74500084,27.95999908,28.45100021
3/4/2013,28.63500023,28.70000076,28.45700073,28.45700073
3/5/2013,28.57999992,28.99500084,28.56299973,28.56299973
3/6/2013,28.67499924,28.99500084,28.57999992,28.76000023
3/7/2013,28.95499992,29.04000092,28.73500061,28.7670002
3/8/2013,28.85000038,29.19000053,28.35000038,28.9090004
3/11/2013,28.86000061,28.95999908,28.71999931,28.81200027
3/12/2013,28.94000053,29.29000092,28.84000015,29.13100052
3/13/2013,29.03000069,29.21500015,28.82999992,28.92200089
3/14/2013,28.79999924,28.79999924,28.56999969,28.77199936
3/15/2013,28.88500023,28.88999939,28.75,28.81699944
3/18/2013,28.81500053,29.04999924,28.68499947,28.8409996
3/19/2013,28.84000015,29.04999924,28.68499947,28.80999947
3/20/2013,28.87999916,28.87999916,28.42499924,28.78300095
3/21/2013,28.94000053,29.19000053,28.94000053,29.17900085
3/22/2013,29.10499954,29.10499954,28.59499931,28.66600037
3/25/2013,28.45999908,28.78499985,28.45999908,28.78499985
3/26/2013,28.78499985,28.78499985,28.57500076,28.6439991
3/27/2013,28.66500092,28.66500092,28.12000084,28.57699966
3/28/2013,28.71999931,28.71999931,28.29199982,28.29199982
4/1/2013,27.95999908,27.97500038,27.85499954,27.91300011
4/2/2013,27.89999962,27.92000008,27.17000008,27.21699905
4/3/2013,27.10499954,27.20999908,26.70000076,26.77300072
4/4/2013,26.90999985,26.95999908,26.70499992,26.74799919
4/5/2013,26.86000061,27.23999977,26.84499931,27.20100021
4/8/2013,27.23500061,27.23500061,27.07999992,27.12000084
4/9/2013,27.36000061,27.93499947,27.28000069,27.86599922
4/10/2013,27.72999954,27.72999954,27.51499939,27.63899994
4/11/2013,27.68499947,27.68499947,27.68499947,27.68499947
4/12/2013,27.28499985,27.28499985,26.08499908,26.3220005
4/15/2013,24.5,24.63999939,23.03000069,23.35499954
4/16/2013,23.70999908,23.75499916,23.43499947,23.62199974
4/17/2013,23.10000038,23.3010006,23.10000038,23.3010006
4/18/2013,22.60000038,23.5,22.60000038,23.23900032
4/19/2013,23.74500084,23.77000046,22.95499992,22.95499992
4/22/2013,23.10000038,23.43499947,23.09499931,23.31999969
4/23/2013,23.20000076,23.20000076,22.79000092,22.81299973
4/24/2013,22.96500015,22.98999977,22.82900047,22.82900047
4/25/2013,23.60000038,24.20000076,23.60000038,24.13999939
4/26/2013,24.09499931,24.10000038,23.75799942,23.75799942
4/29/2013,23.96999931,24.54999924,23.92499924,24.12199974
4/30/2013,24.50499916,24.51000023,23.98500061,24.1439991
5/1/2013,24.25,24.27499962,23.22999954,23.30500031
5/2/2013,23.55999947,24,23.35499954,23.79000092
5/3/2013,23.75,24.29999924,23.60499954,23.97500038
5/6/2013,24.09499931,24.375,23.84499931,23.91799927
5/7/2013,23.96999931,23.96999931,23.38500023,23.77099991
5/8/2013,23.82999992,23.91500092,23.61499977,23.8920002
5/9/2013,24.02499962,24.05500031,23.60000038,23.87899971
5/10/2013,23.63500023,23.75,23.13999939,23.63199997
5/13/2013,23.70999908,23.71999931,23.48999977,23.67000008
5/14/2013,23.21999931,23.52499962,23.21999931,23.35499954
5/15/2013,23.23999977,23.23999977,22.47999954,22.64299965
5/16/2013,22.68000031,22.70999908,22.07500076,22.64299965
5/17/2013,22.62999916,22.62999916,22.15999985,22.3390007
5/20/2013,22.28000069,22.79999924,21.01000023,22.56800079
5/21/2013,22.5,22.51499939,22.34000015,22.44199944
5/22/2013,22.34499931,22.65999985,22.34499931,22.45800018
5/23/2013,22.04999924,22.49399948,22.03499985,22.49399948
5/24/2013,22.48200035,22.48200035,22.32999992,22.48200035
5/28/2013,22.59499931,22.59499931,22.18000031,22.18000031
5/29/2013,22.37000084,22.44499969,22.37000084,22.44499969
5/30/2013,22.33499908,22.93000031,22.33499908,22.67399979
5/31/2013,22.24500084,22.28000069,22.13999939,22.22800064
6/3/2013,22.33499908,22.87000084,22.30500031,22.71500015
6/4/2013,22.62999916,22.62999916,22.32999992,22.39999962
6/5/2013,22.45499992,22.66500092,22.45499992,22.46500015
6/6/2013,22.32999992,22.70100021,22.32999992,22.70100021
6/7/2013,22.70499992,22.70499992,21.57999992,21.73699951
6/10/2013,21.62999916,21.92099953,21.53499985,21.92099953
6/11/2013,21.57999992,21.70999908,21.57999992,21.64500046
6/12/2013,21.76000023,21.81500053,21.64999962,21.79599953
6/13/2013,21.80500031,21.80500031,21.52000046,21.58200073
6/14/2013,22.05999947,22.06999969,21.95299911,21.95299911
6/17/2013,21.87000084,21.91500092,21.75699997,21.75699997
6/18/2013,21.6760006,21.6760006,21.6760006,21.6760006
6/19/2013,21.625,21.625,21.61000061,21.62199974
6/20/2013,21.17000008,21.18000031,19.59000015,19.8220005
6/21/2013,19.78000069,20,19.78000069,19.95800018
6/24/2013,20.05500031,20.05500031,19.49300003,19.49300003
6/25/2013,19.65999985,19.65999985,19.52599907,19.52599907
6/26/2013,18.64500046,18.64500046,18.58699989,18.58699989
6/27/2013,18.5,18.93000031,18.33499908,18.53300095
6/28/2013,18.45499992,19.62999916,18.18499947,19.45100021
7/1/2013,19.48500061,20.05999947,19.36499977,19.55999947
7/2/2013,19.59499931,19.75499916,19.29500008,19.29800034
7/3/2013,19.40999985,19.85000038,19.36499977,19.68899918
7/5/2013,19.70999908,19.73500061,18.68499947,18.72599983
7/8/2013,18.92000008,19.08499908,18.76499939,19.02499962
7/9/2013,19.03499985,19.45499992,18.93499947,19.125
7/10/2013,19.22999954,19.41500092,19.01499939,19.15099907
7/11/2013,19.5,20.13999939,19.47500038,19.94300079
7/12/2013,20.07500076,20.13500023,19.62000084,19.77899933
7/15/2013,20.10000038,20.10000038,19.67000008,19.82600021
7/16/2013,19.68000031,19.96500015,19.67499924,19.92300034
7/17/2013,19.93000031,20.04000092,19.23999977,19.4090004
7/18/2013,19.29000092,19.43000031,19.25,19.37599945
7/19/2013,19.38500023,19.46500015,19.29500008,19.44799995
7/22/2013,19.52499962,20.52000046,19.52499962,20.49799919
7/23/2013,20.14500046,20.42000008,20.14500046,20.24600029
7/24/2013,20.37999916,20.40999985,19.98999977,20.01399994
7/25/2013,19.82999992,20.14699936,19.82999992,20.14699936
7/26/2013,20.25499916,20.29000092,19.70499992,19.76499939
7/29/2013,19.89500046,19.89500046,19.85400009,19.85400009
7/30/2013,19.79999924,19.82999992,19.64500046,19.66600037
7/31/2013,19.87000084,19.88500023,19.39500046,19.61700058
8/1/2013,19.61000061,19.61499977,19.61000061,19.61499977
8/2/2013,19.90299988,19.90299988,19.90299988,19.90299988
8/5/2013,19.78000069,19.78000069,19.70999908,19.71100044
8/6/2013,19.57500076,19.57500076,19.45999908,19.51499939
8/7/2013,19.49799919,19.49799919,19.49799919,19.49799919
8/8/2013,19.98500061,20.21999931,19.93000031,20.18400002
8/9/2013,20.39900017,20.39900017,20.39900017,20.39900017
8/12/2013,21.19499969,21.40999985,21.19499969,21.33200073
8/13/2013,21.46999931,21.65999985,21.33600044,21.33600044
8/14/2013,21.625,21.79000092,21.59000015,21.78100014
8/15/2013,21.88999939,23.16500092,21.72999954,22.92900085
8/16/2013,22.95999908,23.31699944,22.85000038,23.31699944
8/19/2013,23.1609993,23.1609993,23.1609993,23.1609993
8/20/2013,23.06599998,23.06599998,23.06599998,23.06599998
8/21/2013,23.07999992,23.30500031,22.95800018,22.95800018
8/22/2013,22.86000061,23.03499985,22.86000061,23.03000069
8/23/2013,23.5,23.75499916,23.5,23.7329998
8/26/2013,24.14999962,24.14999962,23.95000076,24.00799942
8/27/2013,24.64900017,24.64900017,24.64900017,24.64900017
8/28/2013,24.98500061,24.98500061,24.38899994,24.38899994
8/29/2013,24.32999992,24.41500092,23.65999985,24.09000015
8/30/2013,23.77499962,24.01499939,23.38500023,23.46299934
9/3/2013,23.20000076,24.45999908,23.10000038,24.38199997
9/4/2013,24.30500031,24.375,23.35000038,23.36899948
9/5/2013,23.45999908,23.60000038,22.99500084,23.20599937
9/6/2013,23.17499924,23.86000061,23.16500092,23.84199905
9/9/2013,24,24,23.46999931,23.66799927
9/10/2013,23.70000076,23.70000076,22.79999924,22.9659996
9/11/2013,22.77000046,23.17000008,22.75499916,23.12100029
9/12/2013,23.125,23.13999939,21.87000084,22.09900093
9/13/2013,22.09499931,22.17000008,21.46500015,21.67000008
9/16/2013,22.23500061,22.25,21.70000076,21.96299934
9/17/2013,22.00499916,22.00499916,21.70999908,21.73500061
9/18/2013,21.64500046,22.95000076,21.20999908,21.51399994
9/19/2013,22.84000015,23.27499962,22.84000015,23.24200058
9/20/2013,22.70999908,22.70999908,21.77000046,21.87599945
9/23/2013,21.82500076,21.87000084,21.35499954,21.80500031
9/24/2013,21.82500076,21.82500076,21.53899956,21.53899956
9/25/2013,21.59000015,21.875,21.54500008,21.83799934
9/26/2013,21.71999931,21.71999931,21.71999931,21.71999931
9/27/2013,21.59499931,21.82500076,21.46999931,21.78300095
9/30/2013,21.70000076,21.79500008,21.64500046,21.65600014
10/1/2013,21.66500092,21.68499947,20.79500008,21.12400055
10/2/2013,21.14500046,21.85000038,21.09000015,21.84600067
10/3/2013,21.69000053,21.73900032,21.43000031,21.73900032
10/4/2013,21.64999962,21.79999924,21.64999962,21.70499992
10/7/2013,21.70999908,22.3390007,21.70999908,22.3390007
10/8/2013,22.22999954,22.39699936,22.22999954,22.39699936
10/9/2013,21.84499931,21.89999962,21.84499931,21.84600067
10/10/2013,21.95000076,21.95000076,21.81999969,21.85000038
10/11/2013,21.5,21.54999924,21.19499969,21.21500015
10/14/2013,21.5,21.54999924,21.30999947,21.30999947
10/15/2013,20.71999931,21.18000031,20.67499924,21.14599991
10/16/2013,21.31999969,21.31999969,21.31999969,21.31999969
10/17/2013,21.87999916,21.90299988,21.87999916,21.90299988
10/18/2013,21.86899948,21.86899948,21.86899948,21.86899948
10/21/2013,22.21999931,22.2329998,22.18499947,22.2329998
10/22/2013,22.54999924,22.75399971,22.47500038,22.75399971
10/23/2013,22.54500008,22.58200073,22.54500008,22.58200073
10/24/2013,22.65999985,22.81500053,22.65999985,22.7859993
10/25/2013,22.39999962,22.60300064,22.39999962,22.60300064
10/28/2013,22.53499985,22.53499985,22.45499992,22.49799919
10/29/2013,22.32999992,22.45199966,22.32999992,22.45199966
10/30/2013,22.47999954,23,22.47999954,22.94599915
10/31/2013,22.31999969,22.33499908,21.83200073,21.83200073
11/1/2013,21.87000084,21.87999916,21.79500008,21.80400085
11/4/2013,21.63999939,21.78499985,21.60000038,21.6779995
11/5/2013,21.61400032,21.67000008,21.61400032,21.61400032
11/6/2013,21.74600029,21.78000069,21.74600029,21.74600029
11/7/2013,21.76499939,21.76499939,21.37999916,21.63899994
11/8/2013,21.31999969,21.37000084,21.30699921,21.30699921
11/11/2013,21.27199936,21.27199936,21.27199936,21.27199936
11/12/2013,20.76799965,20.76799965,20.64999962,20.76799965
11/13/2013,20.64999962,20.64999962,20.43199921,20.43199921
11/14/2013,20.71199989,20.76000023,20.71199989,20.71199989
11/15/2013,20.71699905,20.71699905,20.71699905,20.71699905
11/18/2013,20.39999962,20.39999962,20.34900093,20.34900093
11/19/2013,20.28000069,20.32600021,20.25499916,20.32600021
11/20/2013,20.04999924,20.13500023,20.04999924,20.04999924
11/21/2013,19.9279995,19.9279995,19.9279995,19.9279995
11/22/2013,19.8560009,19.8560009,19.8560009,19.8560009
11/25/2013,19.87999916,19.87999916,19.87999916,19.87999916
11/26/2013,19.93000031,19.93000031,19.84600067,19.84600067
11/27/2013,19.81500053,20.07999992,19.58499908,19.63299942
11/29/2013,19.65999985,20.04999924,19.60000038,19.9810009
12/2/2013,19.90999985,19.90999985,19.05999947,19.2329998
12/3/2013,19.14999962,19.25499916,18.97999954,19.01099968
12/4/2013,19.04000092,19.80500031,19.04000092,19.77400017
12/5/2013,19.60499954,19.61000061,19.23500061,19.51399994
12/6/2013,19.37999916,19.59000015,19.14999962,19.46500015
12/9/2013,19.46500015,19.88999939,19.45999908,19.6439991
12/10/2013,19.75499916,20.31500053,19.71999931,20.25600052
12/11/2013,20.24500084,20.39999962,20.22999954,20.29800034
12/12/2013,20.27000046,20.27000046,19.40200043,19.40200043
12/13/2013,19.45999908,19.62999916,19.41500092,19.55900002
12/16/2013,19.5,20.20000076,19.45499992,20.04899979
12/17/2013,19.84000015,19.84000015,19.79199982,19.79199982
12/18/2013,19.89999962,20.17499924,19.73999977,20.01399994
12/19/2013,19.79999924,19.82999992,19.14299965,19.14299965
12/20/2013,19.10000038,19.41799927,19.10000038,19.41799927
12/23/2013,19.43000031,19.44000053,19.37800026,19.37800026
12/24/2013,19.35000038,19.45299911,19.35000038,19.45299911
12/26/2013,19.81999969,19.93000031,19.81999969,19.88500023
12/27/2013,19.99500084,20.01300049,19.95499992,20.01300049
12/30/2013,19.83499908,19.83499908,19.58099937,19.58099937
12/31/2013,18.95000076,19.3390007,18.93499947,19.3390007
1/2/2014,20.30999947,20.31999969,20.02000046,20.09799957
1/3/2014,20.09000015,20.18199921,20.09000015,20.18199921
1/6/2014,20.23999977,20.23999977,20.07699966,20.07699966
1/7/2014,20.25,20.25,19.67000008,19.76499939
1/8/2014,19.71999931,19.73500061,19.37000084,19.51799965
1/9/2014,19.44499969,19.66300011,19.44000053,19.66300011
1/10/2014,20.20100021,20.20100021,20.07500076,20.20100021
1/13/2014,20.29999924,20.40500069,20.29999924,20.36100006
1/14/2014,20.30999947,20.53000069,20.20000076,20.25099945
1/15/2014,20.19499969,20.19499969,20.01000023,20.10300064
1/16/2014,20.125,20.13999939,20.02499962,20.02499962
1/17/2014,20.09000015,20.28499985,20.09000015,20.2670002
1/21/2014,20.29999924,20.30999947,19.82999992,19.83799934
1/22/2014,19.80900002,19.80900002,19.80900002,19.80900002
1/23/2014,19.92000008,20.07999992,19.92000008,19.98600006
1/24/2014,20.15999985,20.15999985,19.74300003,19.74300003
1/27/2014,19.79999924,19.79999924,19.55500031,19.77099991
1/28/2014,19.75499916,19.75499916,19.4829998,19.4829998
1/29/2014,19.53300095,19.53300095,19.53300095,19.53300095
1/30/2014,19.67000008,19.67000008,19.05999947,19.11100006
1/31/2014,19.32500076,19.32500076,19.10499954,19.10499954
2/3/2014,19.12999916,19.51499939,19.09000015,19.38899994
2/4/2014,19.40200043,19.40200043,19.40200043,19.40200043
2/5/2014,19.74500084,20.04500008,19.74500084,19.78499985
2/6/2014,19.90800095,19.90800095,19.90800095,19.90800095
2/7/2014,19.92000008,19.92000008,19.92000008,19.92000008
2/10/2014,20.09900093,20.09900093,20.09900093,20.09900093
2/11/2014,20.17000008,20.17000008,20.14299965,20.14299965
2/12/2014,20.25,20.33099937,20.25,20.33099937
2/13/2014,20.38500023,20.38500023,20.38500023,20.38500023
2/14/2014,20.52000046,21.42499924,20.52000046,21.4109993
2/18/2014,21.82500076,21.89500046,21.81500053,21.89100075
2/19/2014,21.84399986,21.84399986,21.70000076,21.84399986
2/20/2014,21.6779995,21.6779995,21.6779995,21.6779995
2/21/2014,21.77700043,21.77700043,21.77700043,21.77700043
2/24/2014,22.04700089,22.04700089,22.04700089,22.04700089
2/25/2014,21.95999908,21.95999908,21.95999908,21.95999908
2/26/2014,21.25399971,21.25399971,21.25399971,21.25399971
2/27/2014,21.24500084,21.47999954,20.98500061,21.31399918
2/28/2014,21.25,21.38999939,21.06999969,21.20400047
3/3/2014,21.35000038,21.68000031,21.31999969,21.44799995
3/4/2014,21.48999977,21.48999977,21.01000023,21.18799973
3/5/2014,21.20000076,21.29000092,21.16500092,21.23900032
3/6/2014,21.22500038,21.59499931,21.18499947,21.54199982
3/7/2014,21.47500038,21.54000092,20.76000023,20.89699936
3/10/2014,20.79999924,20.88500023,20.60000038,20.87899971
3/11/2014,21,21.26000023,20.7840004,20.7840004
3/12/2014,21.11499977,21.32799911,20.94499969,21.32799911
3/13/2014,21.18499947,21.18499947,21.14999962,21.16900063
3/14/2014,21.21999931,21.70999908,21.15999985,21.38400078
3/17/2014,21.37000084,21.38999939,21.24900055,21.24900055
3/18/2014,21.06999969,21.06999969,20.65500069,20.83600044
3/19/2014,20.77499962,20.79999924,20.5,20.79999924
3/20/2014,20.47999954,20.47999954,20.25,20.40399933
3/21/2014,20.45499992,20.5,20.2859993,20.2859993
3/24/2014,20.15999985,20.15999985,19.90999985,20.04299927
3/25/2014,20.12000084,20.12000084,19.95499992,19.95499992
3/26/2014,20,20,19.75900078,19.75900078
3/27/2014,19.69000053,19.69000053,19.69000053,19.69000053
3/28/2014,19.79000092,19.87999916,19.62999916,19.77199936
3/31/2014,19.73399925,19.73399925,19.73399925,19.73399925
4/1/2014,19.66900063,19.66900063,19.66900063,19.66900063
4/2/2014,20.03100014,20.03100014,20.03100014,20.03100014
4/3/2014,19.7859993,19.7859993,19.7859993,19.7859993
4/4/2014,19.94000053,19.94000053,19.92700005,19.92700005
4/7/2014,19.94499969,19.95999908,19.89100075,19.89100075
4/8/2014,20.14999962,20.14999962,20.04199982,20.04199982
4/9/2014,20.04999924,20.04999924,19.73999977,19.75499916
4/10/2014,20.21500015,20.21500015,20.07799911,20.07799911
4/11/2014,20.01000023,20.01000023,19.93300056,19.93300056
4/14/2014,19.99900055,19.99900055,19.95499992,19.99900055
4/15/2014,19.47999954,19.47999954,19.47500038,19.47800064
4/16/2014,19.62299919,19.62299919,19.60000038,19.62299919
4/17/2014,19.58600044,19.58600044,19.58600044,19.58600044
4/21/2014,19.3409996,19.3409996,19.3409996,19.3409996
4/22/2014,19.35099983,19.39500046,19.35099983,19.35099983
4/23/2014,19.43000031,19.43000031,19.43000031,19.43000031
4/24/2014,19.10000038,19.68199921,19.10000038,19.68199921
4/25/2014,19.69499969,19.76000023,19.68499947,19.68499947
4/28/2014,19.58200073,19.58499908,19.58200073,19.58499908
4/29/2014,19.55999947,19.59000015,19.30500031,19.48800087
4/30/2014,19.43499947,19.45000076,19.02499962,19.11899948
5/1/2014,19.17000008,19.17000008,18.75,18.98900032
5/2/2014,19,19.60000038,18.86499977,19.49200058
5/5/2014,19.47500038,19.65999985,19.47500038,19.52000046
5/6/2014,19.48999977,19.60499954,19.47500038,19.59799957
5/7/2014,19.64500046,19.71999931,19.28000069,19.29800034
5/8/2014,19.29000092,19.31500053,19.09399986,19.09399986
5/9/2014,19.20000076,19.20000076,19.02000046,19.07699966
5/12/2014,19.10000038,19.57999992,19.10000038,19.5
5/13/2014,19.39500046,19.52499962,19.39500046,19.50399971
5/14/2014,19.69000053,19.91500092,19.69000053,19.73500061
5/15/2014,19.51499939,19.51499939,19.44499969,19.4470005
5/16/2014,19.45499992,19.45499992,19.29199982,19.29199982
5/19/2014,19.55500031,19.55500031,19.3220005,19.3220005
5/20/2014,19.28000069,19.42000008,19.27000046,19.36700058
5/21/2014,19.29500008,19.30699921,19.29500008,19.30699921
5/22/2014,19.70000076,19.74500084,19.48999977,19.48999977
5/23/2014,19.37000084,19.38800049,19.37000084,19.38800049
5/27/2014,19.35000038,19.35000038,19.03899956,19.03899956
5/28/2014,19.03499985,19.03499985,19.03499985,19.03499985
5/29/2014,18.94000053,19.00499916,18.84499931,18.9829998
5/30/2014,18.95000076,18.95999908,18.60499954,18.65299988
6/2/2014,18.75,18.80999947,18.67499924,18.70899963
6/3/2014,18.79000092,18.80999947,18.73200035,18.73200035
6/4/2014,18.76600075,18.76600075,18.76600075,18.76600075
6/5/2014,18.89999962,19.05500031,18.89999962,19.05500031
6/6/2014,18.95499992,18.96299934,18.95499992,18.96299934
6/9/2014,19.04500008,19.04999924,19.04500008,19.04500008
6/10/2014,19.14699936,19.14699936,19.14699936,19.14699936
6/11/2014,19.15399933,19.15399933,19.15399933,19.15399933
6/12/2014,19.51499939,19.51499939,19.51499939,19.51499939
6/13/2014,19.53499985,19.63699913,19.53499985,19.63699913
6/16/2014,19.75499916,19.79500008,19.67000008,19.70199966
6/17/2014,19.72100067,19.72100067,19.72100067,19.72100067
6/18/2014,19.75,19.85000038,19.75,19.7670002
6/19/2014,20.02000046,20.63699913,20.02000046,20.63699913
6/20/2014,20.95000076,20.95000076,20.86000061,20.94199944
6/23/2014,20.9090004,20.9090004,20.9090004,20.9090004
6/24/2014,21.03800011,21.03800011,21.03800011,21.03800011
6/25/2014,21.11100006,21.11100006,21.11100006,21.11100006
6/26/2014,21.10300064,21.10300064,21.10300064,21.10300064
6/27/2014,21.10499954,21.20499992,20.89999962,21.07699966
6/30/2014,20.95999908,21.11499977,20.76499939,21.00699997
7/1/2014,21.01000023,21.20999908,21.01000023,21.06699944
7/2/2014,21.04500008,21.25399971,20.97999954,21.25399971
7/3/2014,21.15500069,21.15500069,20.78000069,21.0890007
7/7/2014,21.09000015,21.09000015,20.81999969,20.9659996
7/8/2014,21.05999947,21.14999962,20.93499947,20.96699905
7/9/2014,21.125,21.20000076,21.02199936,21.02199936
7/10/2014,21.09499931,21.52499962,21.09499931,21.45899963
7/11/2014,21.47500038,21.5,21.4109993,21.4109993
7/14/2014,21.20499992,21.20499992,20.86400032,20.86400032
7/15/2014,20.90500069,20.94499969,20.67499924,20.84199905
7/16/2014,20.76000023,20.79000092,20.72699928,20.72699928
7/17/2014,20.82500076,21.15999985,20.79500008,21.08600044
7/18/2014,20.95499992,20.95499992,20.75,20.83799934
7/21/2014,21,21.06999969,20.90500069,20.9659996
7/22/2014,20.75,20.98999977,20.75,20.96500015
7/23/2014,20.95999908,21.01499939,20.94000053,20.95199966
7/24/2014,20.80500031,20.82999992,20.37599945,20.37599945
7/25/2014,20.43499947,20.75,20.43499947,20.58799934
7/28/2014,20.63500023,20.67000008,20.52599907,20.52599907
7/29/2014,20.68000031,20.69499969,20.54599953,20.54599953
7/30/2014,20.54999924,20.55800056,20.54999924,20.55800056
7/31/2014,20.58499908,20.58499908,20.37299919,20.37299919
8/1/2014,20.33200073,20.33200073,20.29500008,20.33200073
8/4/2014,20.35000038,20.36000061,20.16500092,20.19400024
8/5/2014,19.79400063,19.79400063,19.79400063,19.79400063
8/6/2014,19.98500061,20.02499962,19.98500061,19.98500061
8/7/2014,19.95100021,19.95100021,19.95100021,19.95100021
8/8/2014,19.93499947,19.93499947,19.90200043,19.90200043
8/11/2014,20.05999947,20.05999947,20.05999947,20.05999947
8/12/2014,19.87000084,19.87000084,19.87000084,19.87000084
8/13/2014,19.80999947,19.80999947,19.80999947,19.80999947
8/14/2014,19.87100029,19.87100029,19.87000084,19.87100029
8/15/2014,19.48999977,19.53499985,19.48999977,19.48999977
8/18/2014,19.55500031,19.60000038,19.55500031,19.60000038
8/19/2014,19.43499947,19.43499947,19.38699913,19.38699913
8/20/2014,19.43499947,19.47200012,19.43499947,19.47200012
8/21/2014,19.28499985,19.40999985,19.28499985,19.38999939
8/22/2014,19.36100006,19.36100006,19.36100006,19.36100006
8/25/2014,19.36000061,19.36000061,19.33799934,19.33799934
8/26/2014,19.5,19.5,19.37000084,19.37000084
8/27/2014,19.40999985,19.40999985,19.39500046,19.39500046
8/28/2014,19.42499924,19.875,19.41500092,19.5340004
8/29/2014,19.45999908,19.56999969,19.39500046,19.39800072
9/2/2014,19.40500069,19.46999931,19.04000092,19.07099915
9/3/2014,19.13999939,19.17499924,19.10000038,19.1079998
9/4/2014,19.14500046,19.29500008,18.98500061,19.06399918
9/5/2014,19.03499985,19.12999916,18.98999977,19.08200073
9/8/2014,19.20499992,19.23500061,18.87999916,18.88699913
9/9/2014,18.90999985,18.97500038,18.84399986,18.84399986
9/10/2014,18.97999954,19.04000092,18.85099983,18.8560009
9/11/2014,18.88500023,18.89999962,18.53300095,18.53300095
9/12/2014,18.62000084,18.64999962,18.46500015,18.54599953
9/15/2014,18.61499977,18.63500023,18.5,18.55599976
9/16/2014,18.59499931,18.69000053,18.59000015,18.65600014
9/17/2014,18.60000038,18.68499947,18.46999931,18.66300011
9/18/2014,18.47500038,18.52499962,18.31999969,18.45199966
9/19/2014,18.29500008,18.29500008,17.78100014,17.78100014
9/22/2014,17.70000076,17.71500015,17.52000046,17.6989994
9/23/2014,17.73500061,17.73500061,17.67499924,17.71299934
9/24/2014,17.59000015,17.64299965,17.56999969,17.64299965
9/25/2014,17.50499916,17.54000092,17.35499954,17.37899971
9/26/2014,17.47699928,17.47699928,17.47699928,17.47699928
9/29/2014,17.50499916,17.53000069,17.40999985,17.51600075
9/30/2014,17.42000008,17.45499992,16.87000084,17.00600052
10/1/2014,16.95000076,17.21999931,16.95000076,17.20999908
10/2/2014,17.18499947,17.18499947,17,17.00099945
10/3/2014,17.10000038,17.10000038,16.78000069,16.78000069
10/6/2014,17.03000069,17.18000031,17.03000069,17.18000031
10/7/2014,17.10000038,17.19099998,17.07500076,17.19099998
10/8/2014,17.36000061,17.36000061,17.01499939,17.01499939
10/9/2014,17.60000038,17.60000038,17.36700058,17.36700058
10/10/2014,17.29999924,17.29999924,17.25200081,17.25200081
10/13/2014,17.40999985,17.40999985,17.29400063,17.29400063
10/14/2014,17.5,17.5,17.35300064,17.35300064
10/15/2014,17.01000023,17.70000076,17.01000023,17.41500092
10/16/2014,17.43000031,17.43000031,17.38800049,17.38800049
10/17/2014,17.28199959,17.28199959,17.28199959,17.28199959
10/20/2014,17.45999908,17.45999908,17.30400085,17.30400085
10/21/2014,17.5,17.50399971,17.5,17.50399971
10/22/2014,17.46999931,17.46999931,17.11499977,17.18600082
10/23/2014,17.17499924,17.17499924,17.11400032,17.11400032
10/24/2014,17.13599968,17.13599968,17.13599968,17.13599968
10/27/2014,17.11499977,17.11499977,17.11499977,17.11499977
10/28/2014,17.18499947,17.18499947,17.18499947,17.18499947
10/29/2014,17.21899986,17.21899986,17.21899986,17.21899986
10/30/2014,16.35000038,16.39100075,16.34000015,16.39100075
10/31/2014,16.12999916,16.12999916,15.85999966,16.07699966
11/3/2014,16.03499985,16.17499924,16.03499985,16.17499924
11/4/2014,15.92500019,15.93000031,15.92500019,15.92700005
11/5/2014,15.46500015,15.46500015,15.21500015,15.41800022
11/6/2014,15.3920002,15.3920002,15.3920002,15.3920002
11/7/2014,15.04500008,15.69900036,15.04500008,15.69900036
11/10/2014,15.65699959,15.65699959,15.65699959,15.65699959
11/11/2014,15.66399956,15.66399956,15.66399956,15.66399956
11/12/2014,15.72000027,15.72000027,15.61900043,15.61900043
11/13/2014,15.61699963,15.61699963,15.61699963,15.61699963
11/14/2014,15.59500027,16.30999947,15.59500027,16.30999947
11/17/2014,16.0529995,16.0529995,16.0529995,16.0529995
11/18/2014,16.17000008,16.17000008,16.17000008,16.17000008
11/19/2014,16.29000092,16.29000092,16.29000092,16.29000092
11/20/2014,16.13299942,16.13299942,16.13299942,16.13299942
11/21/2014,16.39100075,16.39100075,16.39100075,16.39100075
11/24/2014,16.43000031,16.47500038,16.37700081,16.37700081
11/25/2014,16.55400085,16.55400085,16.55400085,16.55400085
11/26/2014,16.64500046,16.64999962,16.44000053,16.54800034
11/28/2014,16.49500084,16.51000023,15.36499977,15.48900032
12/1/2014,15.39000034,16.68000031,14.10000038,16.64800072
12/2/2014,16.44000053,16.47500038,16.06999969,16.40800095
12/3/2014,16.43499947,16.53000069,16.29999924,16.35899925
12/4/2014,16.35499954,16.57999992,16.33499908,16.52000046
12/5/2014,16.41500092,16.47999954,16.17499924,16.19599915
12/8/2014,16.12999916,16.26000023,16.12999916,16.2159996
12/9/2014,16.28000069,17.12999916,16.28000069,17.08099937
12/10/2014,17.02499962,17.13999939,17.01000023,17.13299942
12/11/2014,17.10499954,17.18000031,17.05900002,17.05900002
12/12/2014,17.06999969,17.11000061,17.01499939,17.0189991
12/15/2014,16.80999947,16.85000038,16.52700043,16.52700043
12/16/2014,16.13500023,16.15999985,15.71500015,15.71500015
12/17/2014,15.82999992,15.89099979,15.82999992,15.89099979
12/18/2014,15.89400005,15.89400005,15.89400005,15.89400005
12/19/2014,15.99100018,15.99100018,15.99100018,15.99100018
12/22/2014,16.07999992,16.10499954,15.64900017,15.64900017
12/23/2014,15.57999992,15.75,15.57999992,15.72999954
12/24/2014,15.68000031,15.68000031,15.67300034,15.67300034
12/26/2014,15.93999958,16.11499977,15.93999958,16.11199951
12/29/2014,15.94999981,15.94999981,15.74400043,15.74400043
12/30/2014,15.84500027,16.35499954,15.80500031,16.23999977
12/31/2014,16.24500084,16.24500084,15.56499958,15.56499958
1/2/2015,15.78999996,15.81499958,15.53499985,15.73400021
1/5/2015,16.17900085,16.17900085,16.17900085,16.17900085
1/6/2015,16.60300064,16.60300064,16.60300064,16.60300064
1/7/2015,16.47999954,16.54999924,16.47999954,16.51000023
1/8/2015,16.35099983,16.35099983,16.35099983,16.35099983
1/9/2015,16.38599968,16.38599968,16.38599968,16.38599968
1/12/2015,16.53499985,16.53499985,16.53499985,16.53499985
1/13/2015,17,17.125,17,17.125
1/14/2015,16.89999962,16.95599937,16.89999962,16.95599937
1/15/2015,17.17499924,17.20000076,17.03000069,17.07299995
1/16/2015,17.05999947,17.77000046,16.90500069,17.73900032
1/20/2015,17.95499992,18,17.9470005,17.9470005
1/21/2015,17.95999908,18.26000023,17.95999908,18.17900085
1/22/2015,18.34600067,18.34600067,18.34600067,18.34600067
1/23/2015,18.31500053,18.35499954,18.2840004,18.2840004
1/26/2015,17.96699905,17.96699905,17.96699905,17.96699905
1/27/2015,18.11000061,18.11000061,18.06800079,18.06800079
1/28/2015,18.06800079,18.06800079,18.06800079,18.06800079
1/29/2015,17.42000008,17.47500038,16.75799942,16.75799942
1/30/2015,16.80999947,17.19199944,16.80999947,17.19199944
2/2/2015,17.23500061,17.23500061,17.23500061,17.23500061
2/3/2015,17.31999969,17.52000046,17.30500031,17.30500031
2/4/2015,17.39999962,17.60000038,17.37899971,17.37899971
2/5/2015,17.18000031,17.28499985,17.18000031,17.18000031
2/6/2015,16.6779995,16.6779995,16.6779995,16.6779995
2/9/2015,17.05400085,17.05400085,17.05400085,17.05400085
2/10/2015,16.85700035,16.85700035,16.85700035,16.85700035
2/11/2015,16.74500084,16.74500084,16.74500084,16.74500084
2/12/2015,16.84000015,16.87999916,16.77799988,16.77799988
2/13/2015,16.90999985,17.27799988,16.90999985,17.27799988
2/17/2015,16.36199951,16.36199951,16.36199951,16.36199951
2/18/2015,16.25,16.25,16.25,16.25
2/19/2015,16.40500069,16.40500069,16.33499908,16.37100029
2/20/2015,16.43000031,16.43000031,16.26300049,16.26300049
2/23/2015,16.24699974,16.32500076,16.24699974,16.24699974
2/24/2015,16.18199921,16.18199921,16.18199921,16.18199921
2/25/2015,16.42399979,16.42399979,16.42399979,16.42399979
2/26/2015,16.5,16.86000061,16.48999977,16.58300018
2/27/2015,16.56999969,16.64999962,16.39500046,16.51300049
3/2/2015,16.58499908,16.72999954,16.31500053,16.40699959
3/3/2015,16.39500046,16.50499916,16.09000015,16.25799942
3/4/2015,16.26000023,16.29999924,16.07500076,16.13199997
3/5/2015,16.25499916,16.28499985,16.13199997,16.13199997
3/6/2015,16.17000008,16.17000008,15.74499989,15.7840004
3/9/2015,15.80000019,15.90999985,15.68999958,15.75500011
3/10/2015,15.68999958,15.74499989,15.61299992,15.61299992
3/11/2015,15.64000034,15.64000034,15.27000046,15.34500027
3/12/2015,15.56000042,15.56499958,15.46500015,15.49300003
3/13/2015,15.60999966,15.61999989,15.47500038,15.47700024
3/16/2015,15.68999958,15.71500015,15.5,15.60099983
3/17/2015,15.48999977,15.63500023,15.48999977,15.56200027
3/18/2015,15.47500038,15.89999962,15.47500038,15.52499962
3/19/2015,15.90499973,16.10000038,15.85999966,16.09799957
3/20/2015,16.25499916,16.86700058,16.25499916,16.86700058
3/23/2015,16.70000076,16.97500038,16.67000008,16.87199974
3/24/2015,16.97999954,17,16.86000061,16.96299934
3/25/2015,16.95000076,17.04500008,16.95000076,16.97999954
3/26/2015,17.31500053,17.32500076,17.05500031,17.12199974
3/27/2015,17.01000023,17.05200005,17.01000023,17.05200005
3/30/2015,16.75499916,16.75499916,16.65500069,16.65699959
3/31/2015,16.64999962,16.64999962,16.58099937,16.58099937
4/1/2015,16.62000084,17.04400063,16.62000084,17.04400063
4/2/2015,16.68600082,16.68600082,16.68600082,16.68600082
4/6/2015,17.03499985,17.09499931,17.03499985,17.09499931
4/7/2015,16.82500076,16.82500076,16.82500076,16.82500076
4/8/2015,16.44000053,16.44000053,16.44000053,16.44000053
4/9/2015,16.16399956,16.16399956,16.16399956,16.16399956
4/10/2015,16.37000084,16.39999962,16.37000084,16.37000084
4/13/2015,16.28000069,16.28000069,16.28000069,16.28000069
4/14/2015,16.15099907,16.15099907,16.15099907,16.15099907
4/15/2015,16.2689991,16.2689991,16.2689991,16.2689991
4/16/2015,16.14999962,16.28499985,16.14999962,16.27599907
4/17/2015,16.22100067,16.22100067,16.22100067,16.22100067
4/20/2015,15.88300037,15.88300037,15.88300037,15.88300037
4/21/2015,15.92000008,16.00200081,15.92000008,16.00200081
4/22/2015,15.79100037,15.79100037,15.79100037,15.79100037
4/23/2015,15.82400036,15.82400036,15.82400036,15.82400036
4/24/2015,15.63099957,15.63099957,15.63099957,15.63099957
4/27/2015,15.93500042,16.38999939,15.93500042,16.38999939
4/28/2015,16.58699989,16.58699989,16.58699989,16.58699989
4/29/2015,16.56999969,16.68499947,16.38500023,16.67000008
4/30/2015,16.54500008,16.70000076,15.81499958,16.12400055
5/1/2015,16.09000015,16.19000053,15.90499973,16.11100006
5/4/2015,16.14999962,16.69499969,16.14999962,16.41799927
5/5/2015,16.38999939,16.56999969,16.35000038,16.55699921
5/6/2015,16.52000046,16.54500008,16.37999916,16.48399925
5/7/2015,16.32999992,16.32999992,16.22999954,16.27199936
5/8/2015,16.37000084,16.45499992,16.31999969,16.44199944
5/11/2015,16.47500038,16.47500038,16.21500015,16.29800034
5/12/2015,16.46500015,16.54000092,16.30500031,16.51000023
5/13/2015,16.52499962,17.20700073,16.52499962,17.20700073
5/14/2015,17.125,17.4489994,17.125,17.4489994
5/15/2015,17.48500061,17.54500008,17.33499908,17.54500008
5/18/2015,17.62000084,17.71199989,17.59499931,17.71199989
5/19/2015,17.46500015,17.46500015,16.90500069,17.04999924
5/20/2015,17.09199905,17.10000038,17.09199905,17.09199905
5/21/2015,17.06500053,17.18499947,17.06500053,17.11100006
5/22/2015,17.03000069,17.09000015,17.03000069,17.03000069
5/26/2015,16.99500084,17.07999992,16.73399925,16.73399925
5/27/2015,16.64999962,16.69499969,16.63800049,16.63800049
5/28/2015,16.66500092,16.75,16.55500031,16.65299988
5/29/2015,16.68499947,16.69000053,16.67000008,16.68400002
6/1/2015,16.63500023,17.10000038,16.61499977,16.66399956
6/2/2015,16.78300095,16.78300095,16.78300095,16.78300095
6/3/2015,16.375,16.4640007,16.37000084,16.4640007
6/4/2015,16.11499977,16.13500023,16.0890007,16.0890007
6/5/2015,15.97999954,16.05999947,15.93999958,15.97099972
6/8/2015,16.03499985,16.05999947,15.89999962,15.95100021
6/9/2015,15.97000027,15.97000027,15.94900036,15.94900036
6/10/2015,15.95199966,15.95199966,15.95199966,15.95199966
6/11/2015,15.94499969,15.95300007,15.94499969,15.95300007
6/12/2015,15.99499989,15.99499989,15.81799984,15.81799984
6/15/2015,16.20000076,16.20000076,16.07600021,16.07600021
6/16/2015,15.95800018,15.95800018,15.95800018,15.95800018
6/17/2015,15.93999958,15.93999958,15.93999958,15.93999958
6/18/2015,16.14800072,16.14800072,16.14800072,16.14800072
6/19/2015,16.10400009,16.10400009,16.10400009,16.10400009
6/22/2015,16.10000038,16.13699913,16.10000038,16.13699913
6/23/2015,15.78999996,15.82499981,15.73200035,15.73200035
6/24/2015,15.84000015,15.85499954,15.84000015,15.84799957
6/25/2015,15.80500031,15.80500031,15.80500031,15.80500031
6/26/2015,15.72500038,15.73499966,15.72500038,15.73499966
6/29/2015,15.93500042,15.99499989,15.63500023,15.66399956
6/30/2015,15.72500038,15.77000046,15.42000008,15.55099964
7/1/2015,15.63500023,15.64000034,15.48999977,15.55200005
7/2/2015,15.47000027,15.69499969,15.44499969,15.5369997
7/6/2015,15.65499973,15.72599983,15.48499966,15.72599983
7/7/2015,15.59500027,15.59500027,14.80500031,14.94999981
7/8/2015,15.04500008,15.14700031,14.73999977,15.14700031
7/9/2015,15.14000034,15.43999958,15.14000034,15.34500027
7/10/2015,15.32999992,15.58500004,15.32999992,15.46800041
7/13/2015,15.49499989,15.49499989,15.30000019,15.43599987
7/14/2015,15.35999966,15.38000011,15.29500008,15.29500008
7/15/2015,15.04500008,15.04500008,14.98999977,15.02799988
7/16/2015,14.98999977,14.98999977,14.96399975,14.96399975
7/17/2015,14.93500042,14.93500042,14.81999969,14.81999969
7/20/2015,14.71500015,14.90499973,14.48499966,14.74499989
7/21/2015,14.61499977,14.83500004,14.61499977,14.76900005
7/22/2015,14.71399975,14.71399975,14.71399975,14.71399975
7/23/2015,14.68299961,14.68299961,14.63500023,14.68299961
7/24/2015,14.59500027,14.63000011,14.32999992,14.47700024
7/27/2015,14.60999966,14.64999962,14.56000042,14.59399986
7/28/2015,14.64000034,14.64000034,14.63099957,14.63099957
7/29/2015,14.64000034,14.73400021,14.64000034,14.73400021
7/30/2015,14.75,14.78499985,14.63000011,14.69099998
7/31/2015,14.85499954,14.86499977,14.74600029,14.74600029
8/3/2015,14.72999954,14.72999954,14.41499996,14.51599979
8/4/2015,14.60499954,14.60499954,14.55000019,14.55000019
8/5/2015,14.54599953,14.54599953,14.54599953,14.54599953
8/6/2015,14.67000008,14.67000008,14.67000008,14.67000008
8/7/2015,14.81599998,14.81599998,14.81599998,14.81599998
8/10/2015,14.89000034,15.33500004,14.89000034,15.28899956
8/11/2015,15.22000027,15.28100014,15.22000027,15.28100014
8/12/2015,15.47999954,15.51000023,15.47299957,15.47299957
8/13/2015,15.39599991,15.39599991,15.39599991,15.39599991
8/14/2015,15.21000004,15.21000004,15.17500019,15.21000004
8/17/2015,15.29500008,15.29500008,15.29500008,15.29500008
8/18/2015,14.7869997,14.7869997,14.7869997,14.7869997
8/19/2015,15.17599964,15.17599964,15.17599964,15.17599964
8/20/2015,15.46500015,15.5170002,15.46500015,15.5170002
8/21/2015,15.30099964,15.30099964,15.30099964,15.30099964
8/24/2015,14.76200008,14.76200008,14.76200008,14.76200008
8/25/2015,14.60999966,14.65499973,14.60999966,14.60999966
8/26/2015,14.66499996,14.69999981,14.04500008,14.04500008
8/27/2015,14.18500042,14.42099953,14.13000011,14.42099953
8/28/2015,14.47000027,14.64999962,14.34000015,14.53499985
8/31/2015,14.51000023,14.63500023,14.39000034,14.57699966
9/1/2015,14.61999989,14.71500015,14.51500034,14.61299992
9/2/2015,14.53499985,14.81000042,14.44499969,14.66100025
9/3/2015,14.73999977,14.92500019,14.55500031,14.70199966
9/4/2015,14.67000008,14.81000042,14.5,14.54399967
9/8/2015,14.63000011,14.85499954,14.43999958,14.75
9/9/2015,14.78999996,14.86499977,14.56499958,14.56799984
9/10/2015,14.57499981,14.81499958,14.56499958,14.63399982
9/11/2015,14.69999981,14.70499992,14.27999973,14.48999977
9/14/2015,14.51000023,14.53499985,14.35499954,14.35700035
9/15/2015,14.375,14.375,14.26500034,14.31900024
9/16/2015,14.51000023,14.89999962,14.51000023,14.87800026
9/17/2015,14.90499973,15.20499992,14.85000038,14.97500038
9/18/2015,15.26500034,15.26500034,15.15400028,15.15400028
9/21/2015,15.14999962,15.23499966,15.14999962,15.2159996
9/22/2015,14.77000046,14.78999996,14.75,14.75
9/23/2015,14.73999977,14.84000015,14.73999977,14.77999973
9/24/2015,14.74499989,15.125,14.74499989,15.125
9/25/2015,15.06499958,15.11999989,15.02999973,15.10599995
9/28/2015,14.61499977,14.61999989,14.53800011,14.53800011
9/29/2015,14.63000011,14.64000034,14.56900024,14.56900024
9/30/2015,14.51299953,14.51299953,14.47999954,14.51299953
10/1/2015,14.51500034,14.51500034,14.46500015,14.50599957
10/2/2015,14.40999985,15.25699997,14.40999985,15.25699997
10/5/2015,15.14000034,15.70199966,15.14000034,15.70199966
10/6/2015,15.59000015,15.98499966,15.59000015,15.97900009
10/7/2015,15.85000038,16.08799934,15.85000038,16.08799934
10/8/2015,15.60999966,15.76000023,15.60999966,15.76000023
10/9/2015,15.80900002,15.81499958,15.80900002,15.80900002
10/12/2015,15.85499954,15.85499954,15.85499954,15.85499954
10/13/2015,15.71000004,15.89700031,15.69999981,15.89700031
10/14/2015,16.01000023,16.10499954,15.97999954,16.10199928
10/15/2015,16.13500023,16.15200043,16,16.15200043
10/16/2015,16.10199928,16.10199928,16.10199928,16.10199928
10/19/2015,15.81999969,15.82900047,15.81999969,15.82900047
10/20/2015,15.90499973,15.90499973,15.89000034,15.90499973
10/21/2015,15.6960001,15.6960001,15.6960001,15.6960001
10/22/2015,15.82299995,15.82299995,15.82299995,15.82299995
10/23/2015,15.81799984,15.85999966,15.81799984,15.81799984
10/26/2015,15.89999962,15.89999962,15.89999962,15.89999962
10/27/2015,15.82999992,15.8579998,15.82999992,15.8579998
10/28/2015,16.05999947,16.28800011,16.05999947,16.28800011
10/29/2015,15.875,15.97500038,15.54399967,15.54399967
10/30/2015,15.57499981,15.57499981,15.52999973,15.56599998
11/2/2015,15.41300011,15.41300011,15.41300011,15.41300011
11/3/2015,15.38500023,15.38500023,15.24400043,15.24400043
11/4/2015,15.19999981,15.19999981,15.06299973,15.06299973
11/5/2015,14.98799992,14.98799992,14.98799992,14.98799992
11/6/2015,15.03499985,15.04500008,14.6960001,14.6960001
11/9/2015,14.41800022,14.41800022,14.41800022,14.41800022
11/10/2015,14.35599995,14.35599995,14.35599995,14.35599995
11/11/2015,14.31000042,14.31000042,14.26200008,14.26200008
11/12/2015,14.44999981,14.44999981,14.22399998,14.22399998
11/13/2015,14.20300007,14.20300007,14.20300007,14.20300007
11/16/2015,14.44999981,14.45499992,14.18500042,14.22099972
11/17/2015,14.13500023,14.17000008,14.13500023,14.17000008
11/18/2015,14.02000046,14.10000038,14.02000046,14.07999992
11/19/2015,14.24199963,14.24199963,14.24199963,14.24199963
11/20/2015,14.10599995,14.10599995,14.10599995,14.10599995
11/23/2015,14.04199982,14.14500046,14.04199982,14.04199982
11/24/2015,14.27499962,14.27999973,14.16899967,14.16899967
11/25/2015,14.16800022,14.16800022,14.16800022,14.16800022
11/27/2015,14.15999985,14.35000038,13.90499973,14.00800037
11/30/2015,14.02000046,14.15499973,13.95499992,14.05000019
12/1/2015,14.03999996,14.21500015,14.03999996,14.05500031
12/2/2015,14.125,14.14000034,13.89000034,13.97900009
12/3/2015,13.85499954,14.09500027,13.77000046,14.05300045
12/4/2015,14.05000019,14.55500031,14.05000019,14.50500011
12/7/2015,14.47999954,14.60499954,14.30700016,14.30700016
12/8/2015,14.19499969,14.25,14.0909996,14.0909996
12/9/2015,14.14000034,14.26500034,14.10999966,14.16399956
12/10/2015,14.10999966,14.11499977,14.07999992,14.08500004
12/11/2015,14.02499962,14.02499962,13.85900021,13.85900021
12/14/2015,13.875,13.92500019,13.66600037,13.66600037
12/15/2015,13.63500023,13.73999977,13.63500023,13.73999977
12/16/2015,13.76000023,14.23499966,13.76000023,14.21800041
12/17/2015,13.88500023,13.88500023,13.68299961,13.68299961
12/18/2015,13.81999969,14.15999985,13.81999969,14.07999992
12/21/2015,14.10499954,14.30099964,14.10499954,14.30099964
12/22/2015,14.22500038,14.38000011,14.22500038,14.30200005
12/23/2015,14.30000019,14.30000019,14.23999977,14.27700043
12/24/2015,14.36499977,14.36900043,14.36499977,14.36900043
12/28/2015,14.03499985,14.03499985,13.85499954,13.87300014
12/29/2015,14.02000046,14.02000046,13.91699982,13.91699982
12/30/2015,13.92500019,13.92500019,13.74499989,13.81400013
12/31/2015,13.77499962,13.77499962,13.77499962,13.77499962
1/4/2016,14.10000038,14.10000038,13.81700039,13.81700039
1/5/2016,13.94900036,13.94900036,13.94900036,13.94900036
1/6/2016,14,14.06499958,13.95699978,13.95699978
1/7/2016,14.33500004,14.34000015,14.32999992,14.33500004
1/8/2016,14.06000042,14.06000042,13.90799999,13.90799999
1/11/2016,13.94999981,14.01000023,13.85499954,13.85499954
1/12/2016,13.85999966,13.85999966,13.71000004,13.73999977
1/13/2016,13.85000038,14.14500046,13.85000038,14.14500046
1/14/2016,13.73700047,13.73700047,13.73700047,13.73700047
1/15/2016,13.88399982,13.88399982,13.88399982,13.88399982
1/19/2016,14.06499958,14.10999966,14.06499958,14.10999966
1/20/2016,14.14700031,14.14700031,14.14700031,14.14700031
1/21/2016,14.08300018,14.08300018,14.08300018,14.08300018
1/22/2016,14.28999996,14.28999996,14.04300022,14.04300022
1/25/2016,14.09500027,14.23999977,14.09500027,14.23999977
1/26/2016,14.38500023,14.54399967,14.38500023,14.54399967
1/27/2016,14.43999958,14.43999958,14.43999958,14.43999958
1/28/2016,14.35499954,14.35499954,14.21500015,14.2159996
1/29/2016,14.22900009,14.26500034,14.22900009,14.22900009
2/1/2016,14.24499989,14.36999989,14.23499966,14.32900047
2/2/2016,14.26000023,14.27600002,14.25500011,14.27600002
2/3/2016,14.39999962,14.77499962,14.39999962,14.72000027
2/4/2016,14.76500034,14.89999962,14.73499966,14.83600044
2/5/2016,14.85999966,14.89999962,14.72500038,14.76399994
2/8/2016,14.90999985,15.42000008,14.90999985,15.41600037
2/9/2016,15.39000034,15.44400024,15.34000015,15.44400024
2/10/2016,15.27700043,15.30000019,15.27700043,15.27700043
2/11/2016,15.30000019,15.78899956,15.30000019,15.78899956
2/12/2016,15.72999954,15.78499985,15.72999954,15.78499985
2/16/2016,15.38500023,15.38500023,15.32900047,15.32900047
2/17/2016,15.37199974,15.37199974,15.37199974,15.37199974
2/18/2016,15.42700005,15.42700005,15.42700005,15.42700005
2/19/2016,15.36800003,15.36800003,15.36800003,15.36800003
2/22/2016,15.1789999,15.1789999,15.1789999,15.1789999
2/23/2016,15.23499966,15.23499966,15.23499966,15.23499966
2/24/2016,15.29199982,15.29199982,15.29199982,15.29199982
2/25/2016,15.18500042,15.18500042,15.16499996,15.16499996
2/26/2016,15.13500023,15.22999954,14.67500019,14.68900013
2/29/2016,14.73499966,14.92500019,14.60999966,14.89599991
3/1/2016,14.92500019,15.03999996,14.72500038,14.7329998
3/2/2016,14.81000042,15.00300026,14.76000023,15.00300026
3/3/2016,14.94499969,15.32999992,14.92000008,15.13099957
3/4/2016,15.22000027,15.77999973,15.14000034,15.68099976
3/7/2016,15.56999969,15.79500008,15.52499962,15.62300014
3/8/2016,15.71000004,15.75,15.36499977,15.38399982
3/9/2016,15.38500023,15.39500046,15.19499969,15.35499954
3/10/2016,15.31499958,15.625,15.17500019,15.54599953
3/11/2016,15.60499954,15.65999985,15.55000019,15.60700035
3/14/2016,15.55000019,15.80000019,15.36999989,15.51799965
3/15/2016,15.38500023,15.40999985,15.24499989,15.25500011
3/16/2016,15.27000046,15.65999985,15.21399975,15.21399975
3/17/2016,15.63000011,16.03499985,15.59500027,16.02199936
3/18/2016,16.08499908,16.14999962,15.80599976,15.80599976
3/21/2016,15.79500008,15.85999966,15.75,15.8409996
3/22/2016,15.94999981,15.95499992,15.84500027,15.87699986
3/23/2016,15.5,15.5,15.25500011,15.26299953
3/24/2016,15.28999996,15.31499958,15.18000031,15.19099998
3/28/2016,15.18000031,15.32499981,15.18000031,15.19400024
3/29/2016,15.11499977,15.23700047,15.11499977,15.23700047
3/30/2016,15.36499977,15.36499977,15.20600033,15.20600033
3/31/2016,15.42000008,15.46000004,15.42000008,15.46000004
4/1/2016,15.04199982,15.04199982,15.04199982,15.04199982
4/4/2016,15.02000046,15.02000046,14.94200039,14.94200039
4/5/2016,15.11400032,15.11400032,15.11400032,15.11400032
4/6/2016,15.05200005,15.05200005,15.05200005,15.05200005
4/7/2016,15.15600014,15.15600014,15.15600014,15.15600014
4/8/2016,15.38199997,15.38199997,15.38199997,15.38199997
4/11/2016,15.47000027,15.97399998,15.47000027,15.97399998
4/12/2016,15.96000004,16.21999931,15.96000004,16.21999931
4/13/2016,16.125,16.32299995,16.125,16.32299995
4/14/2016,16.06500053,16.19000053,16.06500053,16.16900063
4/15/2016,16.23999977,16.30900002,16.16500092,16.30900002
4/18/2016,16.21500015,16.24900055,16.21500015,16.24900055
4/19/2016,16.96800041,16.96800041,16.96800041,16.96800041
4/20/2016,16.96500015,17.13100052,16.94000053,17.13100052
4/21/2016,17.08600044,17.08600044,17.08600044,17.08600044
4/22/2016,16.89599991,16.89599991,16.89599991,16.89599991
4/25/2016,17.00499916,17.00499916,17.00499916,17.00499916
4/26/2016,17.1060009,17.1060009,17.1060009,17.1060009
4/27/2016,17.2859993,17.2859993,17.2859993,17.2859993
4/28/2016,17.22999954,17.65500069,17.13999939,17.5529995
4/29/2016,17.59000015,17.98999977,17.59000015,17.78899956
5/2/2016,17.85000038,18.03000069,17.52000046,17.65600014
5/3/2016,17.58499908,17.72999954,17.36000061,17.47400093
5/4/2016,17.47500038,17.47500038,17.20000076,17.27700043
5/5/2016,17.36499977,17.60499954,17.27000046,17.30200005
5/6/2016,17.34000015,17.59000015,17.33499908,17.50699997
5/9/2016,17.46999931,17.47500038,16.95999908,17.06999969
5/10/2016,16.96999931,17.12999916,16.95999908,17.07500076
5/11/2016,17.23500061,17.57500076,17.22999954,17.30200005
5/12/2016,17.31999969,17.31999969,17.08699989,17.08699989
5/13/2016,17.15500069,17.18000031,16.98500061,17.11499977
5/16/2016,17.21999931,17.21999931,17.1420002,17.1420002
5/17/2016,17.31999969,17.31999969,17.23500061,17.23500061
5/18/2016,17.14500046,17.14500046,16.79999924,17.12000084
5/19/2016,16.90999985,16.90999985,16.41500092,16.47900009
5/20/2016,16.46500015,16.5189991,16.46500015,16.5189991
5/23/2016,16.31999969,16.43499947,16.31999969,16.40999985
5/24/2016,16.31999969,16.31999969,16.23800087,16.23800087
5/25/2016,16.24500084,16.33499908,16.24500084,16.25499916
5/26/2016,16.28499985,16.45499992,16.28000069,16.33799934
5/27/2016,16.29500008,16.32500076,16.17499924,16.24600029
5/31/2016,16.01000023,16.10499954,15.96000004,15.97200012
6/1/2016,16,16,15.90600014,15.90600014
6/2/2016,16.02499962,16.02499962,16.00499916,16.00499916
6/3/2016,16.35000038,16.43000031,16.34499931,16.34600067
6/6/2016,16.4279995,16.4279995,16.4279995,16.4279995
6/7/2016,16.37700081,16.37700081,16.37700081,16.37700081
6/8/2016,16.54999924,17.04999924,16.54999924,16.96800041
6/9/2016,17.12999916,17.25300026,16.97999954,17.25300026
6/10/2016,17.31500053,17.31500053,17.31500053,17.31500053
6/13/2016,17.4279995,17.4279995,17.4279995,17.4279995
6/14/2016,17.40999985,17.40999985,17.40999985,17.40999985
6/15/2016,17.48999977,17.48999977,17.48900032,17.48900032
6/16/2016,17.70000076,17.70000076,17.25499916,17.59399986
6/17/2016,17.42000008,17.45499992,17.39999962,17.39999962
6/20/2016,17.44499969,17.50300026,17.44499969,17.50300026
6/21/2016,17.31100082,17.31100082,17.31100082,17.31100082
6/22/2016,17.22999954,17.30500031,17.22999954,17.30500031
6/23/2016,17.34799957,17.34799957,17.34799957,17.34799957
6/24/2016,17.21500015,17.82500076,17.21500015,17.78499985
6/27/2016,17.86499977,17.86499977,17.73999977,17.73999977
6/28/2016,17.8390007,17.8390007,17.8390007,17.8390007
6/29/2016,17.79999924,18.51499939,17.79999924,18.36199951
6/30/2016,18.31500053,18.85499954,18.24500084,18.58200073
7/1/2016,18.79000092,19.92499924,18.77499962,19.54400063
7/5/2016,19.75499916,21.09499931,19.625,19.86599922
7/6/2016,20.32999992,20.49500084,19.94499969,20.15999985
7/7/2016,20.13999939,20.21999931,19.53000069,19.79800034
7/8/2016,19.73500061,20.20999908,19.39999962,20.05800056
7/11/2016,20.37000084,20.60499954,20.21500015,20.26399994
7/12/2016,20.40999985,20.46500015,20.10000038,20.12999916
7/13/2016,20.38500023,20.42000008,20.19499969,20.37000084
7/14/2016,20.44000053,20.44000053,20.08499908,20.28100014
7/15/2016,20.22999954,20.22999954,20.07999992,20.125
7/18/2016,20.02499962,20.09499931,19.74500084,20.04400063
7/19/2016,19.95999908,20.01000023,19.92000008,19.97500038
7/20/2016,19.625,19.625,19.40999985,19.58200073
7/21/2016,19.375,19.7840004,19.32500076,19.7840004
7/22/2016,19.79000092,19.79500008,19.65699959,19.65699959
7/25/2016,19.5,19.66500092,19.39999962,19.61499977
7/26/2016,19.67499924,19.68499947,19.59000015,19.65500069
7/27/2016,19.96500015,19.96500015,19.96500015,19.96500015
7/28/2016,20.29000092,20.5,20.15999985,20.15999985
7/29/2016,20.20000076,20.31200027,20.06999969,20.31200027
8/1/2016,20.49500084,20.65500069,20.46500015,20.46500015
8/2/2016,20.40500069,20.75,20.40500069,20.66600037
8/3/2016,20.625,20.64500046,20.40500069,20.43600082
8/4/2016,20.39500046,20.42000008,20.10000038,20.40600014
8/5/2016,20.27000046,20.27000046,19.78000069,19.78000069
8/8/2016,19.69000053,19.84000015,19.69000053,19.76799965
8/9/2016,19.81399918,19.81399918,19.81399918,19.81399918
8/10/2016,20.19499969,20.35499954,20.13400078,20.13400078
8/11/2016,19.98399925,19.98399925,19.98399925,19.98399925
8/12/2016,19.67200089,19.72999954,19.67200089,19.67200089
8/15/2016,19.82099915,19.82099915,19.82099915,19.82099915
8/16/2016,19.95000076,20.06500053,19.84799957,19.84799957
8/17/2016,19.62700081,19.69499969,19.62700081,19.62700081
8/18/2016,19.82999992,19.85000038,19.71999931,19.71999931
8/19/2016,19.36499977,19.36499977,19.3010006,19.3010006
8/22/2016,18.85499954,18.95000076,18.84300041,18.84300041
8/23/2016,18.92499924,18.92499924,18.90999985,18.90999985
8/24/2016,18.81999969,18.81999969,18.54000092,18.54500008
8/25/2016,18.47800064,18.50499916,18.47800064,18.47800064
8/26/2016,18.69499969,18.69499969,18.59499931,18.64500046
8/29/2016,18.76199913,18.76199913,18.76199913,18.76199913
8/30/2016,18.86000061,18.94000053,18.54999924,18.57699966
8/31/2016,18.57999992,18.79500008,18.52000046,18.62199974
9/1/2016,18.70000076,18.89999962,18.58499908,18.85700035
9/2/2016,18.86000061,19.39500046,18.78000069,19.27599907
9/6/2016,19.39500046,20.10000038,19.31500053,20.04899979
9/7/2016,19.96999931,20.01499939,19.73500061,19.75900078
9/8/2016,19.79500008,19.875,19.57999992,19.5909996
9/9/2016,19.61499977,19.62000084,19.02499962,19.28199959
9/12/2016,19.03499985,19.03499985,18.71500015,18.91500092
9/13/2016,19.17000008,19.17000008,18.88999939,18.88999939
9/14/2016,18.99500084,18.99500084,18.98200035,18.98200035
9/15/2016,18.96500015,19.04000092,18.80999947,18.95899963
9/16/2016,18.88999939,18.88999939,18.75,18.78100014
9/19/2016,18.875,19.23500061,18.875,19.20599937
9/20/2016,19.20000076,19.20000076,19.13999939,19.19499969
9/21/2016,19.68600082,19.68600082,19.68600082,19.68600082
9/22/2016,19.98500061,20.02000046,19.87999916,20.02000046
9/23/2016,19.85499954,19.85499954,19.7329998,19.7329998
9/26/2016,19.55999947,19.55999947,19.51600075,19.51600075
9/27/2016,19.37999916,19.37999916,19.08699989,19.08699989
9/28/2016,19.04999924,19.05500031,19.04400063,19.04400063
9/29/2016,19.22500038,19.22500038,19.01000023,19.11499977
9/30/2016,19.39999962,19.60000038,19.13899994,19.13899994
10/3/2016,18.87000084,18.87000084,18.79500008,18.79500008
10/4/2016,18.5,18.5,17.71299934,17.71299934
10/5/2016,17.85000038,17.85000038,17.60499954,17.63400078
10/6/2016,17.73500061,17.76499939,17.28000069,17.28800011
10/7/2016,17.24500084,17.52000046,17.19499969,17.3239994
10/11/2016,17.64999962,17.64999962,17.45599937,17.45599937
10/12/2016,17.5,17.5,17.45499992,17.45499992
10/13/2016,17.44000053,17.45000076,17.40999985,17.40999985
10/14/2016,17.34499931,17.43499947,17.32999992,17.39299965
10/17/2016,17.41500092,17.4260006,17.41500092,17.4260006
10/18/2016,17.64999962,17.64999962,17.49500084,17.5909996
10/19/2016,17.58499908,17.70999908,17.58499908,17.61599922
10/20/2016,17.68499947,17.68499947,17.42499924,17.50200081
10/21/2016,17.44799995,17.44799995,17.44799995,17.44799995
10/24/2016,17.56200027,17.56200027,17.56200027,17.56200027
10/25/2016,17.62999916,17.73600006,17.62999916,17.73600006
10/26/2016,17.65500069,17.65500069,17.58499908,17.58499908
10/27/2016,17.59000015,17.60400009,17.59000015,17.60400009
10/28/2016,17.625,17.85499954,17.60499954,17.76199913
10/31/2016,17.80999947,17.80999947,17.76199913,17.76199913
11/1/2016,18,18.45000076,18,18.38500023
11/2/2016,18.32999992,18.65999985,18.32999992,18.65999985
11/3/2016,18.38299942,18.38299942,18.32999992,18.38299942
11/4/2016,18.34199905,18.37000084,18.34199905,18.34199905
11/7/2016,18.14999962,18.19499969,18.12400055,18.12400055
11/8/2016,18.29999924,18.70000076,18.29999924,18.32999992
11/9/2016,18.77000046,18.79999924,18.35700035,18.35700035
11/10/2016,18.47500038,18.7159996,18.45999908,18.7159996
11/14/2016,17.45999908,17.45999908,16.80500031,16.87700081
11/15/2016,17.04999924,17.04999924,17.02899933,17.02899933
11/16/2016,16.91399956,16.92499924,16.91399956,16.91399956
11/17/2016,16.76099968,16.76099968,16.76099968,16.76099968
11/18/2016,16.61300087,16.61300087,16.61300087,16.61300087
11/21/2016,16.51199913,16.54999924,16.51199913,16.51199913
11/22/2016,16.62299919,16.62299919,16.62299919,16.62299919
11/23/2016,16.25499916,16.38299942,16.25499916,16.38299942
11/25/2016,16.54000092,16.54000092,16.4640007,16.4640007
11/28/2016,16.57799911,16.57799911,16.57799911,16.57799911
11/29/2016,16.60499954,16.70000076,16.38999939,16.6609993
11/30/2016,16.54500008,16.71500015,16.39500046,16.40600014
12/1/2016,16.49500084,16.62999916,16.25,16.42700005
12/2/2016,16.61499977,16.77499962,16.30500031,16.75300026
12/5/2016,16.90500069,16.95999908,16.52499962,16.8239994
12/6/2016,16.84000015,16.86000061,16.73999977,16.73999977
12/7/2016,16.66500092,17.20299911,16.64500046,17.20299911
12/8/2016,17.10000038,17.11000061,16.99500084,17.02499962
12/9/2016,16.97999954,17.02000046,16.81999969,16.89699936
12/12/2016,16.82999992,17.14500046,16.82999992,17.11599922
12/13/2016,17.07500076,17.14999962,16.76499939,16.9109993
12/14/2016,17.13999939,17.15200043,16.79999924,17.15200043
12/15/2016,16.5,16.5,15.89000034,15.89700031
12/16/2016,16,16.15299988,16,16.15299988
12/19/2016,16,16.02599907,15.97999954,16.02599907
12/20/2016,15.71000004,16.05400085,15.69999981,16.05400085
12/21/2016,16.10499954,16.125,15.91800022,15.91800022
12/22/2016,15.91499996,15.97000027,15.78999996,15.81499958
12/23/2016,15.77499962,15.80000019,15.70400047,15.70400047
12/27/2016,15.84000015,15.9289999,15.84000015,15.9289999
12/28/2016,16,16.02499962,15.875,15.98799992
12/29/2016,15.99499989,16.20000076,15.99499989,16.16300011
12/30/2016,16.23500061,16.23500061,15.85999966,15.93599987
1/3/2017,16.04000092,16.43499947,16.03000069,16.3560009
1/4/2017,16.39999962,16.49900055,16.39500046,16.49900055
1/5/2017,16.64500046,16.70999908,16.58399963,16.58399963
1/6/2017,16.375,16.48999977,16.375,16.4659996
1/9/2017,16.44499969,16.65999985,16.44499969,16.62999916
1/10/2017,16.63500023,16.8029995,16.59499931,16.8029995
1/11/2017,16.61000061,16.78300095,16.61000061,16.78300095
1/12/2017,16.78000069,16.78000069,16.78000069,16.78000069
1/13/2017,16.71999931,16.71999931,16.71999931,16.71999931
1/17/2017,17.10199928,17.10199928,17.10199928,17.10199928
1/18/2017,17.23500061,17.23500061,17.20999908,17.23500061
1/19/2017,16.96699905,16.96699905,16.96699905,16.96699905
1/20/2017,16.92499924,17.12000084,16.92499924,16.99699974
1/23/2017,17.20000076,17.20000076,17.12999916,17.14999962
1/24/2017,17.14900017,17.14900017,17.14900017,17.14900017
1/25/2017,16.82999992,16.95999908,16.82999992,16.94400024
1/26/2017,16.81399918,16.81399918,16.81399918,16.81399918
1/27/2017,17.10000038,17.10000038,17.10000038,17.10000038
1/30/2017,17.14999962,17.14999962,17.12199974,17.12199974
1/31/2017,17.32999992,17.55999947,17.32999992,17.51199913
2/1/2017,17.45000076,17.59000015,17.42000008,17.42000008
2/2/2017,17.67000008,17.67000008,17.40200043,17.40200043
2/3/2017,17.40500069,17.45299911,17.40500069,17.45299911
2/6/2017,17.59499931,17.72999954,17.56999969,17.66699982
2/7/2017,17.57500076,17.7329998,17.57500076,17.7329998
2/8/2017,17.64500046,17.79999924,17.64500046,17.68300056
2/9/2017,17.75,17.81500053,17.71999931,17.71999931
2/10/2017,17.57999992,17.96500015,17.57999992,17.91200066
2/13/2017,17.89999962,17.89999962,17.80400085,17.80400085
2/14/2017,17.87199974,17.95999908,17.87199974,17.87199974
2/15/2017,17.92000008,17.95999908,17.92000008,17.9470005
2/16/2017,18.04999924,18.06299973,18.04999924,18.06299973
2/17/2017,18.00499916,18.04999924,18.00499916,18.0189991
2/21/2017,17.98999977,18.04999924,17.95999908,17.98999977
2/22/2017,17.94199944,17.94199944,17.94199944,17.94199944
2/23/2017,18.05500031,18.11300087,18.05500031,18.11300087
2/24/2017,18.33499908,18.33499908,18.33499908,18.33499908
2/27/2017,18.35499954,18.47500038,18.20499992,18.35400009
2/28/2017,18.29000092,18.44499969,18.23500061,18.42000008
3/1/2017,18.29500008,18.45499992,18.25,18.44300079
3/2/2017,18.40500069,18.40500069,17.69000053,17.70499992
3/3/2017,17.79000092,17.94499969,17.625,17.6970005
3/6/2017,17.89999962,17.89999962,17.70000076,17.72500038
3/7/2017,17.71999931,17.71999931,17.46500015,17.49200058
3/8/2017,17.48500061,17.5,17.20999908,17.25699997
3/9/2017,17.15999985,17.25499916,16.92499924,16.99300003
3/10/2017,16.92499924,17.04999924,16.83499908,16.88299942
3/13/2017,16.97500038,17.09000015,16.93499947,16.93499947
3/14/2017,16.92499924,16.95999908,16.88800049,16.88800049
3/15/2017,16.89999962,17.21999931,16.81999969,16.88800049
3/16/2017,17.38999939,17.46999931,17.25499916,17.29599953
3/17/2017,17.29999924,17.37899971,17.28000069,17.37899971
3/20/2017,17.42499924,17.42499924,17.35499954,17.40299988
3/21/2017,17.33499908,17.54999924,17.33499908,17.54999924
3/22/2017,17.54999924,17.54999924,17.54000092,17.54500008
3/23/2017,17.57500076,17.57500076,17.56299973,17.56299973
3/24/2017,17.71999931,17.71999931,17.71999931,17.71999931
3/27/2017,18.07999992,18.10000038,18.07999992,18.07999992
3/28/2017,18.14500046,18.22500038,18.13999939,18.22500038
3/29/2017,18.22800064,18.22800064,18.22800064,18.22800064
3/30/2017,18.15999985,18.25,18.15999985,18.18499947
3/31/2017,18.12000084,18.23500061,18.11499977,18.23500061
4/3/2017,18.21999931,18.21999931,18.19099998,18.19099998
4/4/2017,18.30200005,18.30200005,18.30200005,18.30200005
4/5/2017,18.21500015,18.21500015,18.16500092,18.16600037
4/6/2017,18.17000008,18.22500038,18.17000008,18.22500038
4/7/2017,18.35000038,18.42499924,18.12999916,18.12999916
4/10/2017,17.81999969,17.8939991,17.75,17.8939991
4/11/2017,18.04000092,18.29000092,18.04000092,18.2329998
4/12/2017,18.31999969,18.38999939,18.27899933,18.27899933
4/13/2017,18.47500038,18.5,18.46999931,18.48900032
4/17/2017,18.49300003,18.49300003,18.43000031,18.49300003
4/18/2017,18.25099945,18.25099945,18.25099945,18.25099945
4/19/2017,18.13599968,18.13599968,18.13599968,18.13599968
4/20/2017,17.99200058,17.99200058,17.99200058,17.99200058
4/21/2017,17.98500061,17.98999977,17.82999992,17.82999992
4/24/2017,17.84799957,17.84799957,17.84799957,17.84799957
4/25/2017,17.58099937,17.58099937,17.55999947,17.58099937
4/26/2017,17.35300064,17.35300064,17.35300064,17.35300064
4/27/2017,17.45999908,17.46999931,17.20499992,17.26499939
4/28/2017,17.22500038,17.375,17.12999916,17.19099998
5/1/2017,17.18499947,17.21500015,16.76000023,16.78000069
5/2/2017,16.85499954,16.95499992,16.75499916,16.7689991
5/3/2017,16.79999924,16.83499908,16.42000008,16.48699951
5/4/2017,16.42499924,16.54999924,16.20999908,16.24399948
5/5/2017,16.29000092,16.46500015,16.19499969,16.21500015
5/8/2017,16.26000023,16.39500046,16.1989994,16.1989994
5/9/2017,16.14500046,16.18499947,16.00799942,16.00799942
5/10/2017,16.14500046,16.23500061,16.10000038,16.15099907
5/11/2017,16.15500069,16.31500053,16.15500069,16.20899963
5/12/2017,16.28499985,16.40500069,16.28000069,16.34600067
5/15/2017,16.43499947,16.73500061,16.42499924,16.56100082
5/16/2017,16.57999992,16.77499962,16.57999992,16.69300079
5/17/2017,16.85499954,16.95499992,16.73999977,16.85199928
5/18/2017,16.70000076,16.70499992,16.51000023,16.62100029
5/19/2017,16.52499962,16.77499962,16.52499962,16.75
5/22/2017,17.14299965,17.14299965,17.14299965,17.14299965
5/23/2017,17.07999992,17.22999954,17.01000023,17.0909996
5/24/2017,16.98999977,17.07699966,16.98999977,17.07699966
5/25/2017,17.16500092,17.19000053,17.14999962,17.15200043
5/26/2017,17.10499954,17.30999947,17.10000038,17.28300095
5/30/2017,17.33499908,17.39999962,17.20999908,17.38800049
5/31/2017,17.20999908,17.36800003,17.20999908,17.36800003
6/1/2017,17.29999924,17.30500031,17.02499962,17.24300003
6/2/2017,17.20499992,17.50499916,17.12000084,17.48699951
6/5/2017,17.54500008,17.60000038,17.54500008,17.54700089
6/6/2017,17.51000023,17.69499969,17.51000023,17.67700005
6/7/2017,17.625,17.69000053,17.51000023,17.58699989
6/8/2017,17.59499931,17.60499954,17.36499977,17.38400078
6/9/2017,17.45499992,17.45499992,17.17499924,17.19300079
6/12/2017,17.11499977,17.11499977,16.91399956,16.91399956
6/13/2017,16.91500092,16.91500092,16.73800087,16.73800087
6/14/2017,16.84000015,17.18000031,16.84000015,17.10700035
6/15/2017,16.62999916,16.72999954,16.62999916,16.69099998
6/16/2017,16.73500061,16.73500061,16.63599968,16.63599968
6/19/2017,16.51000023,16.53000069,16.4829998,16.4829998
6/20/2017,16.46999931,16.56999969,16.375,16.39800072
6/21/2017,16.45999908,16.46999931,16.32999992,16.35499954
6/22/2017,16.44000053,16.48999977,16.44000053,16.48999977
6/23/2017,16.64999962,16.64999962,16.62800026,16.62800026
6/26/2017,16.42499924,16.55999947,16.42499924,16.55999947
6/27/2017,16.57600021,16.57600021,16.57600021,16.57600021
6/28/2017,16.74500084,16.74500084,16.68499947,16.71500015
6/29/2017,16.77000046,16.86000061,16.55500031,16.58600044
6/30/2017,16.59000015,16.62999916,16.44000053,16.56800079
7/3/2017,16.57999992,16.57999992,16.03000069,16.03700066
7/5/2017,16.10000038,16.10000038,15.83500004,15.84200001
7/6/2017,15.99499989,16,15.88500023,15.92700005
7/7/2017,15.96000004,15.96500015,15.30000019,15.37100029
7/10/2017,15.53999996,15.61499977,15.14999962,15.57699966
7/11/2017,15.57499981,15.76000023,15.39999962,15.69699955
7/12/2017,15.77000046,15.875,15.76000023,15.83899975
7/13/2017,15.89000034,15.89000034,15.64000034,15.6420002
7/14/2017,15.63500023,15.96500015,15.58500004,15.88399982
7/17/2017,16.10000038,16.11000061,16.04000092,16.04999924
7/18/2017,16.02499962,16.25499916,16.02499962,16.22200012
7/19/2017,16.13999939,16.25099945,16.12999916,16.25099945
7/20/2017,16.18000031,16.32500076,16.13500023,16.29899979
7/21/2017,16.25,16.44000053,16.25,16.40999985
7/24/2017,16.41500092,16.46500015,16.35499954,16.39800072
7/25/2017,16.40999985,16.49699974,16.26499939,16.49699974
7/26/2017,16.39999962,16.61000061,16.36499977,16.41500092
7/27/2017,16.625,16.64999962,16.52899933,16.52899933
7/28/2017,16.49500084,16.69000053,16.48999977,16.66399956
7/31/2017,16.73500061,16.82500076,16.72999954,16.75
8/1/2017,16.63500023,16.78499985,16.63500023,16.72800064
8/2/2017,16.6970005,16.6970005,16.6970005,16.6970005
8/3/2017,16.59399986,16.59399986,16.59399986,16.59399986
8/4/2017,16.26499939,16.26499939,16.20499992,16.22200012
8/7/2017,16.20000076,16.23500061,16.09000015,16.22100067
8/8/2017,16.36499977,16.42000008,16.34000015,16.36000061
8/9/2017,16.50499916,16.85000038,16.47500038,16.83399963
8/10/2017,16.94499969,17.20999908,16.94499969,17.0359993
8/11/2017,17.09499931,17.10499954,17.02000046,17.04100037
8/14/2017,17.05500031,17.11499977,16.98999977,17.09300041
8/15/2017,16.69000053,16.69000053,16.69000053,16.69000053
8/16/2017,16.69499969,17.06500053,16.69499969,16.91699982
8/17/2017,17.12999916,17.12999916,16.98999977,17.03000069
8/18/2017,16.97999954,16.97999954,16.97999954,16.97999954
8/21/2017,16.99500084,16.99500084,16.99500084,16.99500084
8/22/2017,16.96199989,16.96199989,16.96199989,16.96199989
8/23/2017,17.03199959,17.03199959,17.03199959,17.03199959
8/24/2017,17.05500031,17.05999947,16.95199966,16.95199966
8/25/2017,16.95199966,17.03800011,16.95199966,17.03800011
8/28/2017,17.43099976,17.43099976,17.43099976,17.43099976
8/29/2017,17.42200089,17.42200089,17.42200089,17.42200089
8/30/2017,17.38999939,17.45999908,17.28499985,17.40399933
8/31/2017,17.42000008,17.60000038,17.25499916,17.47999954
9/1/2017,17.56500053,17.71999931,17.44499969,17.71899986
9/5/2017,17.78000069,17.97999954,17.77499962,17.84499931
9/6/2017,17.91500092,17.96999931,17.79999924,17.81599998
9/7/2017,17.84000015,18.10499954,17.79500008,18.01600075
9/8/2017,18.09000015,18.15999985,17.91500092,18.02700043
9/11/2017,17.88999939,17.88999939,17.69499969,17.80699921
9/12/2017,17.78000069,17.87000084,17.70499992,17.79500008
9/13/2017,17.86000061,17.90999985,17.63500023,17.77199936
9/14/2017,17.64999962,17.76000023,17.57999992,17.69799995
9/15/2017,17.76000023,17.79999924,17.54999924,17.61100006
9/18/2017,17.48999977,17.52000046,17.03000069,17.07099915
9/19/2017,17.13500023,17.23999977,17.11499977,17.19499969
9/20/2017,17.25499916,17.34000015,17.01000023,17.25099945
9/21/2017,16.89500046,16.93700027,16.79999924,16.93700027
9/22/2017,16.98500061,16.98500061,16.90299988,16.90299988
9/25/2017,16.85000038,17.09000015,16.80999947,17.05900002
9/26/2017,16.875,16.88999939,16.77499962,16.80400085
9/27/2017,16.70000076,16.81500053,16.69499969,16.74799919
9/28/2017,16.75,16.82999992,16.65500069,16.77300072
9/29/2017,16.80999947,16.80999947,16.60700035,16.60700035
10/2/2017,16.59499931,16.63500023,16.52499962,16.58499908
10/3/2017,16.53000069,16.58499908,16.53000069,16.58099937
10/4/2017,16.64500046,16.81999969,16.51499939,16.56299973
10/5/2017,16.64999962,16.70999908,16.58200073,16.58200073
10/6/2017,16.59000015,16.73399925,16.43000031,16.73399925
10/9/2017,16.86499977,16.93000031,16.86499977,16.91600037
10/10/2017,16.93499947,17.16500092,16.92499924,17.15500069
10/11/2017,17.14500046,17.20000076,17.06500053,17.08099937
10/12/2017,17.20499992,17.21999931,17.20499992,17.21100044
10/13/2017,17.21500015,17.37999916,17.21500015,17.35499954
10/16/2017,17.42000008,17.43000031,17.28000069,17.31500053
10/17/2017,16.98699951,17.01000023,16.98699951,16.98699951
10/18/2017,16.94300079,16.94300079,16.94300079,16.94300079
10/19/2017,16.98999977,17.21999931,16.98999977,17.20100021
10/20/2017,17.17000008,17.17000008,16.98999977,17.02199936
10/23/2017,16.92000008,17.02400017,16.87000084,17.02400017
10/24/2017,16.88999939,16.94499969,16.88999939,16.90699959
10/25/2017,16.86800003,16.86800003,16.86800003,16.86800003
10/26/2017,16.76399994,16.76399994,16.76399994,16.76399994
10/27/2017,16.70199966,16.70199966,16.70199966,16.70199966
10/30/2017,16.71500015,16.84499931,16.71500015,16.80200005
10/31/2017,16.79500008,16.79500008,16.64500046,16.64500046
11/1/2017,16.98999977,17.13199997,16.98999977,17.13199997
11/2/2017,17.06500053,17.09399986,17.05999947,17.09399986
11/3/2017,17.10499954,17.10499954,16.79000092,16.79400063
11/6/2017,17.19499969,17.22500038,17.19499969,17.19499969
11/7/2017,16.90500069,16.92499924,16.90500069,16.90500069
11/8/2017,17.1060009,17.1060009,17.1060009,17.1060009
11/9/2017,16.93000031,16.94300079,16.93000031,16.94300079
11/10/2017,17,17,16.84399986,16.84399986
11/13/2017,16.84000015,17.02300072,16.84000015,17.02300072
11/14/2017,16.90500069,17.05200005,16.90500069,17.05200005
11/15/2017,16.95000076,16.95000076,16.94000053,16.95000076
11/16/2017,16.95000076,17.05599976,16.95000076,17.05599976
11/17/2017,17.125,17.3579998,17.125,17.3579998
11/20/2017,16.82699966,16.82699966,16.82699966,16.82699966
11/21/2017,16.9489994,16.9489994,16.93000031,16.9489994
11/22/2017,17.10099983,17.10099983,17.10099983,17.10099983
11/24/2017,16.98999977,16.98999977,16.9810009,16.9810009
11/27/2017,17.02000046,17.02000046,17.00900078,17.00900078
11/28/2017,17.02000046,17.02499962,16.81100082,16.81100082
11/29/2017,16.80999947,16.86499977,16.45000076,16.45700073
11/30/2017,16.47999954,16.52000046,16.28499985,16.38199997
12/1/2017,16.38500023,16.48500061,16.20000076,16.29700089
12/4/2017,16.30999947,16.34000015,16.19000053,16.2840004
12/5/2017,16.25,16.28000069,15.97299957,15.97299957
12/6/2017,16.04000092,16.04999924,15.86800003,15.86800003
12/7/2017,15.88000011,15.88500023,15.60000038,15.71500015
12/8/2017,15.67500019,15.76500034,15.65499973,15.73600006
12/11/2017,15.77499962,15.80000019,15.625,15.69699955
12/12/2017,15.66499996,15.69999981,15.55500031,15.58199978
12/13/2017,15.64000034,15.99499989,15.61999989,15.7840004
12/14/2017,16,16,15.80000019,15.85000038
12/15/2017,16.01000023,16.01000023,15.95499992,15.97799969
12/18/2017,15.97999954,16.12000084,15.97999954,16.12000084
12/19/2017,16.15999985,16.15999985,16.06599998,16.06599998
12/20/2017,16.09499931,16.18799973,16.09499931,16.18799973
12/21/2017,16.09499931,16.15200043,16.09499931,16.15200043
12/22/2017,16.13999939,16.35700035,16.13999939,16.35700035
12/26/2017,16.47999954,16.52000046,16.47999954,16.52000046
12/27/2017,16.59499931,16.625,16.57999992,16.61899948
12/28/2017,16.64999962,16.83200073,16.64999962,16.83200073
12/29/2017,16.92000008,17.05999947,16.92000008,17.05999947
1/2/2018,17.15500069,17.15999985,17.12100029,17.12100029
1/3/2018,17.07999992,17.18499947,17.07999992,17.18499947
1/4/2018,17.08499908,17.22999954,17.08499908,17.18899918
1/5/2018,17.20499992,17.20499992,17.20499992,17.20499992
1/8/2018,17.06399918,17.06399918,17.06399918,17.06399918
1/9/2018,16.93600082,16.94499969,16.93600082,16.93600082
1/10/2018,16.96299934,16.96299934,16.95499992,16.96299934
1/11/2018,16.95499992,16.96500015,16.8939991,16.8939991
1/12/2018,16.92499924,17.12000084,16.92000008,17.06900024
1/16/2018,17.30500031,17.32500076,17.12199974,17.12199974
1/17/2018,17.09499931,17.12000084,16.96999931,17.10499954
1/18/2018,17,17.01000023,16.89299965,16.89299965
1/19/2018,16.93499947,16.98999977,16.93499947,16.97500038
1/22/2018,16.98500061,16.98500061,16.93099976,16.93099976
1/23/2018,16.85499954,16.85499954,16.85499954,16.85499954
1/24/2018,17.42499924,17.42499924,17.42499924,17.42499924
1/25/2018,17.52499962,17.5510006,17.52499962,17.5510006
1/26/2018,17.38199997,17.38199997,17.38199997,17.38199997
1/30/2018,17.05500031,17.18499947,17.01300049,17.01300049
1/31/2018,17.17499924,17.20999908,17.17499924,17.20400047
2/1/2018,17.11800003,17.11800003,17.11800003,17.11800003
2/2/2018,16.6760006,16.6760006,16.6760006,16.6760006
2/5/2018,16.63899994,16.63899994,16.63899994,16.63899994
2/6/2018,16.70499992,16.70499992,16.54000092,16.54800034
2/7/2018,16.62999916,16.62999916,16.20599937,16.20599937
2/8/2018,16.31399918,16.31399918,16.31399918,16.31399918
2/9/2018,16.11599922,16.11599922,16.11599922,16.11599922
2/12/2018,16.375,16.54800034,16.34499931,16.54800034
2/13/2018,16.50699997,16.50699997,16.50699997,16.50699997
2/14/2018,16.8579998,16.8579998,16.8579998,16.8579998
2/15/2018,16.77700043,16.77700043,16.77700043,16.77700043
2/16/2018,16.69499969,16.69499969,16.69499969,16.69499969
2/20/2018,16.42499924,16.42499924,16.42499924,16.42499924
2/21/2018,16.60400009,16.60400009,16.60400009,16.60400009
2/22/2018,16.56999969,16.57900047,16.56999969,16.57900047
2/23/2018,16.54999924,16.55500031,16.47599983,16.47599983
2/26/2018,16.54199982,16.54199982,16.54199982,16.54199982
2/27/2018,16.61000061,16.64999962,16.26000023,16.34600067
2/28/2018,16.33499908,16.43000031,16.29999924,16.3239994
3/1/2018,16.35000038,16.46500015,16.09000015,16.20000076
3/2/2018,16.38999939,16.49500084,16.36000061,16.3920002
3/5/2018,16.46500015,16.54500008,16.31999969,16.33799934
3/6/2018,16.37000084,16.80999947,16.37000084,16.71500015
3/7/2018,16.63999939,16.63999939,16.39999962,16.4279995
3/8/2018,16.44000053,16.46500015,16.375,16.43600082
3/9/2018,16.32999992,16.61499977,16.30500031,16.54599953
3/12/2018,16.56500053,16.56500053,16.38999939,16.47100067
3/13/2018,16.49500084,16.55999947,16.45999908,16.55900002
3/14/2018,16.53499985,16.53499985,16.46699905,16.46699905
3/15/2018,16.48500061,16.48500061,16.30500031,16.35300064
3/16/2018,16.33499908,16.40500069,16.18499947,16.20199966
3/19/2018,16.16500092,16.26000023,16.16500092,16.25499916
3/20/2018,16.21500015,16.21500015,16.04999924,16.125
3/21/2018,16.38500023,16.53000069,16.35700035,16.35700035
3/22/2018,16.48999977,16.50499916,16.32799911,16.32799911
3/23/2018,16.45000076,16.54999924,16.45000076,16.53000069
3/26/2018,16.70000076,16.72500038,16.61499977,16.63199997
3/27/2018,16.50499916,16.50499916,16.48900032,16.48900032
3/28/2018,16.45000076,16.45000076,16.19499969,16.20499992
3/29/2018,16.25,16.25,16.20999908,16.22299957
4/2/2018,16.46999931,16.62700081,16.46999931,16.62700081
4/3/2018,16.34700012,16.34700012,16.34700012,16.34700012
4/4/2018,16.43499947,16.44499969,16.20899963,16.20899963
4/5/2018,16.20000076,16.31999969,16.19000053,16.31999969
4/6/2018,16.29999924,16.33200073,16.28499985,16.33200073
4/9/2018,16.34499931,16.49900055,16.34499931,16.49900055
4/10/2018,16.40999985,16.56599998,16.40999985,16.56599998
4/11/2018,16.73800087,16.73800087,16.73800087,16.73800087
4/12/2018,16.61499977,16.61499977,16.44300079,16.44300079
4/13/2018,16.62800026,16.62800026,16.62800026,16.62800026
4/16/2018,16.66200066,16.66200066,16.66200066,16.66200066
4/17/2018,16.77199936,16.77199936,16.77199936,16.77199936
4/18/2018,16.82500076,17.2310009,16.82500076,17.2310009
4/19/2018,17.17000008,17.22200012,17.17000008,17.22200012
4/20/2018,17.17499924,17.17499924,17.10000038,17.14699936
4/23/2018,16.82500076,16.82999992,16.57099915,16.57099915
4/24/2018,16.65999985,16.68700027,16.65999985,16.68700027
4/25/2018,16.55500031,16.55500031,16.48600006,16.48600006
4/26/2018,16.48800087,16.48800087,16.48800087,16.48800087
4/27/2018,16.48999977,16.53000069,16.38500023,16.40600014
4/30/2018,16.47500038,16.48500061,16.13999939,16.31200027
5/1/2018,16.28000069,16.28499985,16,16.03899956
5/2/2018,16.19000053,16.45000076,16.19000053,16.29100037
5/3/2018,16.37000084,16.53000069,16.34000015,16.36199951
5/4/2018,16.40500069,16.44000053,16.32999992,16.43400002
5/7/2018,16.48999977,16.50499916,16.38999939,16.41300011
5/8/2018,16.41500092,16.44499969,16.25,16.38800049
5/9/2018,16.51499939,16.51499939,16.45499992,16.45800018
5/10/2018,16.45999908,16.68499947,16.45499992,16.68000031
5/11/2018,16.72500038,16.72500038,16.6760006,16.6760006
5/14/2018,16.64999962,16.64999962,16.54999924,16.56999969
5/15/2018,16.35000038,16.35000038,16.16500092,16.19400024
5/16/2018,16.29700089,16.29700089,16.29700089,16.29700089
5/17/2018,16.31500053,16.41300011,16.31500053,16.41300011
5/18/2018,16.37999916,16.40500069,16.37999916,16.38699913
5/21/2018,16.45000076,16.45999908,16.45000076,16.45199966
5/22/2018,16.54000092,16.54000092,16.50799942,16.50799942
5/23/2018,16.29500008,16.33799934,16.28499985,16.33799934
5/24/2018,16.62100029,16.62100029,16.62100029,16.62100029
5/25/2018,16.54999924,16.54999924,16.4810009,16.4810009
5/29/2018,16.30500031,16.30500031,16.30500031,16.30500031
5/30/2018,16.34000015,16.50499916,16.26000023,16.47900009
5/31/2018,16.5,16.5,16.40200043,16.40200043
6/1/2018,16.38800049,16.38800049,16.38800049,16.38800049
6/4/2018,16.37899971,16.37899971,16.37899971,16.37899971
6/5/2018,16.35499954,16.49500084,16.35499954,16.49099922
6/6/2018,16.46500015,16.6420002,16.45499992,16.6420002
6/7/2018,16.72500038,16.86499977,16.68000031,16.76600075
6/8/2018,16.73500061,16.76000023,16.69400024,16.69400024
6/11/2018,16.87000084,16.90999985,16.87000084,16.90500069
6/12/2018,16.84900093,16.84900093,16.84900093,16.84900093
6/13/2018,16.95299911,17.06999969,16.95299911,16.95299911
6/14/2018,17.12000084,17.28499985,17.11499977,17.22599983
6/15/2018,17.12000084,17.28499985,16.45199966,16.45199966
6/18/2018,16.41200066,16.41200066,16.41200066,16.41200066
6/19/2018,16.30500031,16.32999992,16.29999924,16.3029995
6/20/2018,16.28899956,16.28899956,16.28899956,16.28899956
6/21/2018,16.30599976,16.30599976,16.30599976,16.30599976
6/22/2018,16.30500031,16.43899918,16.29500008,16.43899918
6/25/2018,16.30999947,16.30999947,16.29500008,16.30800056
6/26/2018,16.23800087,16.23800087,16.23800087,16.23800087
6/27/2018,16.13899994,16.13899994,16.13899994,16.13899994
6/28/2018,16.03499985,16.09499931,15.88000011,15.95100021
6/29/2018,15.96500015,16.11499977,15.90999985,16.10400009
7/2/2018,16.05500031,16.05500031,15.72999954,15.74400043
7/3/2018,15.78999996,15.97999954,15.73999977,15.95199966
7/5/2018,16.01499939,16.04999924,15.89500046,16.00799942
7/6/2018,15.94499969,16,15.93000031,15.98099995
7/9/2018,16.17000008,16.17000008,16.0529995,16.0529995
7/10/2018,16.00300026,16.00300026,16.00300026,16.00300026
7/11/2018,15.73200035,15.73499966,15.73200035,15.73200035
7/12/2018,15.86999989,15.93500042,15.86999989,15.89799976
7/13/2018,15.90499973,15.90499973,15.71000004,15.73900032
7/16/2018,15.72500038,15.73499966,15.72500038,15.73499966
7/17/2018,15.71000004,15.71000004,15.50500011,15.54599953
7/18/2018,15.42000008,15.50300026,15.35499954,15.50300026
7/19/2018,15.21000004,15.34000015,15.13500023,15.34000015
7/20/2018,15.39999962,15.48999977,15.39999962,15.48999977
7/23/2018,15.50500011,15.50500011,15.35499954,15.36800003
7/24/2018,15.34500027,15.49499989,15.34500027,15.4630003
7/25/2018,15.43500042,15.53299999,15.43500042,15.53299999
7/26/2018,15.56999969,15.56999969,15.375,15.43799973
7/27/2018,15.35499954,15.49499989,15.35499954,15.43599987
7/30/2018,15.43999958,15.47500038,15.40999985,15.47500038
7/31/2018,15.55500031,15.55500031,15.5,15.5
8/1/2018,15.42000008,15.42000008,15.39400005,15.39400005
8/2/2018,15.375,15.375,15.26000023,15.32900047
8/3/2018,15.45499992,15.45499992,15.40600014,15.40600014
8/6/2018,15.29199982,15.29199982,15.29199982,15.29199982
8/7/2018,15.31700039,15.31700039,15.31700039,15.31700039
8/8/2018,15.3760004,15.39000034,15.3760004,15.3760004
8/9/2018,15.41899967,15.41899967,15.41899967,15.41899967
8/10/2018,15.42500019,15.42500019,15.26599979,15.26599979
8/13/2018,15.23999977,15.23999977,14.95300007,14.95300007
8/14/2018,15.02499962,15.02499962,15.02499962,15.02499962
8/15/2018,15.03999996,15.03999996,14.39500046,14.42099953
8/16/2018,14.65999985,14.71000004,14.63500023,14.69699955
8/17/2018,14.625,14.75,14.59500027,14.61600018
8/20/2018,14.69999981,14.69999981,14.63000011,14.65499973
8/21/2018,14.7510004,14.7510004,14.7510004,14.7510004
8/22/2018,14.69999981,14.73499966,14.69999981,14.73499966
8/23/2018,14.625,14.625,14.48499966,14.52700043
8/24/2018,14.47000027,14.81999969,14.47000027,14.77900028
8/27/2018,14.84399986,14.84399986,14.84399986,14.84399986
8/28/2018,14.81999969,14.81999969,14.7670002,14.7670002
8/29/2018,14.68799973,14.68799973,14.68799973,14.68799973
8/30/2018,14.68500042,14.71000004,14.43000031,14.47700024
8/31/2018,14.48499966,14.64999962,14.42500019,14.43799973
9/4/2018,14.39999962,14.39999962,13.96000004,14.06099987
9/5/2018,14.08500004,14.16499996,14.05000019,14.11800003
9/6/2018,14.13000011,14.22500038,14.05000019,14.07499981
9/7/2018,14.09500027,14.14000034,14.03999996,14.06700039
9/10/2018,14.03999996,14.14500046,14.03999996,14.07900047
9/11/2018,14.10999966,14.10999966,13.90999985,14.05200005
9/12/2018,14.06499958,14.19200039,14.00500011,14.19200039
9/13/2018,14.13500023,14.25500011,14.13500023,14.14299965
9/14/2018,14.10999966,14.17500019,14.02999973,14.04199982
9/17/2018,13.97999954,14.13000011,13.97999954,14.12199974
9/18/2018,14.11499977,14.11499977,14.06000042,14.08399963
9/19/2018,14.21000004,14.21500015,14.18900013,14.18900013
9/20/2018,14.18999958,14.24499989,14.18999958,14.21500015
9/21/2018,14.26500034,14.26900005,14.26000023,14.26900005
9/24/2018,14.25,14.31999969,14.20499992,14.2510004
9/25/2018,14.42000008,14.43999958,14.39799976,14.39799976
9/26/2018,14.32999992,14.32999992,14.30500031,14.30500031
9/27/2018,14.31999969,14.38500023,14.11999989,14.20100021
9/28/2018,14.18000031,14.62300014,14.18000031,14.62300014
10/1/2018,14.35000038,14.42199993,14.35000038,14.42199993
10/2/2018,14.42000008,14.73999977,14.42000008,14.60999966
10/3/2018,14.73499966,14.73499966,14.59000015,14.59000015
10/4/2018,14.51000023,14.51000023,14.51000023,14.51000023
10/5/2018,14.56900024,14.56900024,14.56900024,14.56900024
10/8/2018,14.21500015,14.25899982,14.21500015,14.25899982
10/9/2018,14.32900047,14.32900047,14.32900047,14.32900047
10/10/2018,14.25500011,14.26000023,14.25500011,14.25500011
10/11/2018,14.26000023,14.56499958,14.22999954,14.53499985
10/12/2018,14.56400013,14.56400013,14.56400013,14.56400013
10/15/2018,14.65600014,14.66499996,14.65600014,14.65600014
10/16/2018,14.63000011,14.63000011,14.63000011,14.63000011
10/17/2018,14.59200001,14.59200001,14.59200001,14.59200001
10/18/2018,14.53299999,14.53299999,14.53299999,14.53299999
10/19/2018,14.57900047,14.57900047,14.57900047,14.57900047
10/22/2018,14.52200031,14.52200031,14.52200031,14.52200031
10/23/2018,14.72799969,14.72799969,14.72799969,14.72799969
10/24/2018,14.66499996,14.66499996,14.61100006,14.61100006
10/25/2018,14.56499958,14.56499958,14.56499958,14.56499958
10/26/2018,14.63500023,14.63500023,14.63500023,14.63500023
10/29/2018,14.37699986,14.37699986,14.37699986,14.37699986
10/30/2018,14.46000004,14.46000004,14.34000015,14.40299988
10/31/2018,14.42000008,14.42000008,14.22900009,14.22900009
11/1/2018,14.72900009,14.72900009,14.72900009,14.72900009
11/2/2018,14.70699978,14.70699978,14.70699978,14.70699978
11/5/2018,14.60400009,14.60400009,14.60400009,14.60400009
11/6/2018,14.57999992,14.57999992,14.45800018,14.45800018
11/7/2018,14.53999996,14.64500046,14.52799988,14.52799988
11/8/2018,14.38599968,14.38599968,14.38599968,14.38599968
11/9/2018,14.10299969,14.10299969,14.10299969,14.10299969
11/12/2018,14.10000038,14.10000038,13.97399998,13.97399998
11/13/2018,14,14.01500034,13.94499969,13.95199966
11/14/2018,14.05500031,14.05500031,14.05500031,14.05500031
11/15/2018,14.23700047,14.23700047,14.23700047,14.23700047
11/16/2018,14.3579998,14.3579998,14.3579998,14.3579998
11/19/2018,14.38099957,14.38099957,14.38099957,14.38099957
11/20/2018,14.38000011,14.38000011,14.24699974,14.24699974
11/21/2018,14.34000015,14.47999954,14.32999992,14.47999954
11/23/2018,14.23499966,14.23499966,14.22099972,14.22099972
11/26/2018,14.18299961,14.18299961,14.18299961,14.18299961
11/27/2018,14.06200027,14.06200027,14.06200027,14.06200027
11/28/2018,14.30300045,14.30300045,14.30300045,14.30300045
11/29/2018,14.28999996,14.33500004,14.20499992,14.27299976
11/30/2018,14.27000046,14.27999973,13.98499966,14.09399986
12/3/2018,14.21000004,14.47500038,14.18500042,14.38099957
12/4/2018,14.38500023,14.52099991,14.38500023,14.52099991
12/6/2018,14.42000008,14.42000008,14.32999992,14.39000034
12/7/2018,14.40499973,14.57199955,14.40499973,14.57199955
12/10/2018,14.56499958,14.56499958,14.47799969,14.47799969
12/11/2018,14.5,14.68500042,14.4989996,14.4989996
12/12/2018,14.61999989,14.72999954,14.61999989,14.72500038
12/13/2018,14.72900009,14.72900009,14.72500038,14.72900009
12/14/2018,14.48999977,14.51299953,14.48999977,14.51299953
12/17/2018,14.56000042,14.63899994,14.56000042,14.63899994
12/18/2018,14.60499954,14.60499954,14.58500004,14.58500004
12/19/2018,14.70199966,14.70199966,14.70199966,14.70199966
12/20/2018,14.52999973,14.75300026,14.52999973,14.75300026
12/21/2018,14.58300018,14.58300018,14.58300018,14.58300018
12/24/2018,14.70100021,14.70100021,14.70100021,14.70100021
12/26/2018,14.97999954,15.05000019,14.97999954,15.00399971
12/27/2018,15.19099998,15.19099998,15.19099998,15.19099998
12/28/2018,15.18999958,15.32600021,15.18999958,15.32600021
12/31/2018,15.40999985,15.44499969,15.40999985,15.43299961
1/2/2019,15.52000046,15.56999969,15.42000008,15.54199982
1/3/2019,15.70600033,15.70600033,15.70600033,15.70600033
1/4/2019,15.68999958,15.69499969,15.61999989,15.69499969
1/7/2019,15.75,15.75,15.66899967,15.66899967
1/8/2019,15.6260004,15.6260004,15.6260004,15.6260004
1/9/2019,15.69999981,15.69999981,15.65299988,15.65299988
1/10/2019,15.56099987,15.56099987,15.56099987,15.56099987
1/11/2019,15.59500027,15.61499977,15.57699966,15.57699966
1/14/2019,15.59000015,15.61499977,15.59000015,15.60900021
1/15/2019,15.60999966,15.625,15.54599953,15.54599953
1/16/2019,15.53499985,15.60000038,15.53499985,15.56400013
1/17/2019,15.46700001,15.51000023,15.46700001,15.46700001
1/18/2019,15.32999992,15.32999992,15.28999996,15.32999992
1/22/2019,15.29500008,15.29500008,15.14000034,15.25899982
1/23/2019,15.31000042,15.31999969,15.27999973,15.31700039
1/24/2019,15.23799992,15.27000046,15.23799992,15.23799992
1/25/2019,15.25,15.63899994,15.25,15.63899994
1/28/2019,15.59500027,15.70899963,15.59500027,15.70899963
1/29/2019,15.78600025,15.78600025,15.78600025,15.78600025
1/30/2019,15.80500031,15.88500023,15.80500031,15.88000011
1/31/2019,16.05999947,16.13999939,16,16.02199936
2/1/2019,16.01000023,16.01000023,15.85999966,15.88000011
2/4/2019,15.83699989,15.83699989,15.83699989,15.83699989
2/5/2019,15.78999996,15.78999996,15.78999996,15.78999996
2/6/2019,15.71000004,15.71000004,15.65600014,15.65600014
2/7/2019,15.65999985,15.68999958,15.65999985,15.67500019
2/8/2019,15.81999969,15.81999969,15.77299976,15.77299976
2/11/2019,15.65699959,15.65699959,15.64999962,15.65699959
2/12/2019,15.65999985,15.65999985,15.65999985,15.65999985
2/13/2019,15.71000004,15.75500011,15.60499954,15.6239996
2/14/2019,15.5,15.5,15.5,15.5
2/15/2019,15.72299957,15.72299957,15.72299957,15.72299957
2/19/2019,15.94699955,15.94699955,15.94699955,15.94699955
2/20/2019,16.15699959,16.15699959,16.05999947,16.15699959
2/21/2019,15.97000027,15.97000027,15.79100037,15.79100037
2/22/2019,15.90799999,15.90799999,15.90799999,15.90799999
2/25/2019,15.94499969,15.94499969,15.82499981,15.82499981
2/26/2019,15.82699966,15.82699966,15.82699966,15.82699966
2/27/2019,15.89000034,15.92000008,15.64500046,15.67199993
2/28/2019,15.67500019,15.76500034,15.52000046,15.53800011
3/1/2019,15.55500031,15.57499981,15.07999992,15.16899967
3/4/2019,15.17000008,15.20499992,15.00500011,15.0170002
3/5/2019,15.02499962,15.07499981,15.00500011,15.02000046
3/6/2019,15.02499962,15.02499962,14.97500038,15.00300026
3/7/2019,15.02499962,15.02499962,14.92000008,14.96000004
3/8/2019,15.04500008,15.27200031,15.04500008,15.27200031
3/11/2019,15.21500015,15.21500015,15.19699955,15.19699955
3/12/2019,15.3380003,15.39999962,15.3380003,15.3380003
3/13/2019,15.375,15.42000008,15.36999989,15.38099957
3/14/2019,15.18500042,15.18500042,15.09000015,15.10099983
3/15/2019,15.24499989,15.25500011,15.22000027,15.25300026
3/18/2019,15.2510004,15.2510004,15.2510004,15.2510004
3/19/2019,15.31499958,15.31499958,15.30000019,15.30099964
3/20/2019,15.28499985,15.28999996,15.22000027,15.24499989
3/21/2019,15.52000046,15.52000046,15.37199974,15.37199974
3/22/2019,15.34500027,15.34500027,15.34500027,15.34500027
3/25/2019,15.51500034,15.51500034,15.5,15.50699997
3/26/2019,15.39999962,15.42000008,15.37100029,15.37100029
3/27/2019,15.23900032,15.23900032,15.23900032,15.23900032
3/28/2019,15.22999954,15.23499966,14.90999985,14.92099953
3/29/2019,14.93000031,15.06499958,14.93000031,15.06000042
4/1/2019,15.03499985,15.13500023,15,15.05099964
4/2/2019,14.93999958,15.02499962,14.93999958,15.01799965
4/3/2019,15.02000046,15.05900002,15.02000046,15.05900002
4/4/2019,15.04100037,15.04100037,15.04100037,15.04100037
4/5/2019,15.04300022,15.04300022,15.04300022,15.04300022
4/8/2019,15.17300034,15.17300034,15.17300034,15.17300034
4/9/2019,15.26000023,15.26000023,15.16800022,15.16800022
4/10/2019,15.17000008,15.20499992,15.09500027,15.20100021
4/11/2019,15.14000034,15.14000034,14.82400036,14.82400036
4/12/2019,14.92000008,14.92000008,14.92000008,14.92000008
4/15/2019,14.94799995,14.94799995,14.94799995,14.94799995
4/16/2019,14.89099979,14.89099979,14.89099979,14.89099979
4/17/2019,14.92099953,14.92099953,14.92099953,14.92099953
4/18/2019,14.89000034,14.93700027,14.89000034,14.93700027
4/22/2019,14.95699978,14.95699978,14.95699978,14.95699978
4/23/2019,14.77299976,14.77299976,14.77299976,14.77299976
4/24/2019,14.89799976,14.89799976,14.89799976,14.89799976
4/25/2019,14.88500023,14.88500023,14.86100006,14.86100006
4/26/2019,15.00199986,15.00199986,15.00199986,15.00199986
4/29/2019,15.02999973,15.03499985,14.81999969,14.84399986
4/30/2019,14.86999989,14.96000004,14.77000046,14.89999962
5/1/2019,14.88500023,14.89000034,14.56999969,14.64500046
5/2/2019,14.60000038,14.625,14.52499962,14.53999996
5/3/2019,14.56000042,14.90699959,14.56000042,14.90699959
5/6/2019,14.86999989,14.92000008,14.72500038,14.85700035
5/7/2019,14.85000038,14.86499977,14.77000046,14.85999966
5/8/2019,14.89000034,14.89500046,14.78499985,14.79199982
5/9/2019,14.70499992,14.72000027,14.69999981,14.70699978
5/10/2019,14.72000027,14.72999954,14.68999958,14.72599983
5/13/2019,14.72000027,14.72000027,14.58500004,14.7130003
5/14/2019,14.71000004,14.75199986,14.71000004,14.75199986
5/15/2019,14.75500011,14.76500034,14.75199986,14.75199986
5/16/2019,14.75500011,14.75500011,14.43999958,14.47900009
5/17/2019,14.48499966,14.57999992,14.34500027,14.34799957
5/20/2019,14.36499977,14.42000008,14.34000015,14.4090004
5/21/2019,14.40499973,14.40499973,14.32499981,14.37300014
5/22/2019,14.39999962,14.42500019,14.39000034,14.41399956
5/23/2019,14.54500008,14.57699966,14.53999996,14.57699966
5/24/2019,14.55000019,14.55000019,14.52000046,14.52000046
5/28/2019,14.30000019,14.31000042,14.24499989,14.28100014
5/29/2019,14.37199974,14.37199974,14.37199974,14.37199974
5/30/2019,14.35499954,14.48499966,14.30500031,14.46000004
5/31/2019,14.46500015,14.53999996,14.46500015,14.52999973
6/3/2019,14.72000027,14.72000027,14.70300007,14.70300007
6/4/2019,14.75,14.75,14.73200035,14.73200035
6/5/2019,15,15,14.75399971,14.75399971
6/6/2019,14.89000034,14.89000034,14.86800003,14.86800003
6/7/2019,15,15.125,14.99400043,14.99400043
6/10/2019,14.60499954,14.60499954,14.60499954,14.60499954
6/11/2019,14.70600033,14.70600033,14.70600033,14.70600033
6/12/2019,14.72200012,14.72200012,14.72200012,14.72200012
6/13/2019,14.87100029,14.87100029,14.87100029,14.87100029
6/14/2019,14.78199959,14.78199959,14.78199959,14.78199959
6/17/2019,14.81400013,14.81400013,14.81400013,14.81400013
6/18/2019,14.97999954,14.97999954,14.97999954,14.97999954
6/19/2019,14.94499969,14.94499969,14.94499969,14.94499969
6/20/2019,15.46899986,15.46899986,15.46899986,15.46899986
6/21/2019,15.29500008,15.30500031,15.26000023,15.27299976
6/24/2019,15.36800003,15.36800003,15.36800003,15.36800003
6/25/2019,15.29100037,15.29100037,15.29100037,15.29100037
6/26/2019,15.28299999,15.28299999,15.28299999,15.28299999
6/27/2019,15.27499962,15.27499962,15.11999989,15.20499992
6/28/2019,15.22000027,15.29500008,15.18000031,15.25300026
7/1/2019,15.17000008,15.24499989,15.07499981,15.10599995
7/2/2019,15.125,15.19999981,14.99499989,15.15400028
7/3/2019,15.42000008,15.42000008,15.23999977,15.25199986
7/5/2019,15.24499989,15.25,14.88500023,14.91800022
7/8/2019,14.96500015,15.06000042,14.92500019,14.97200012
7/9/2019,15.04500008,15.06799984,15.04500008,15.06799984
7/10/2019,15.05500031,15.14700031,15,15.14700031
7/11/2019,15.22500038,15.22999954,15.06700039,15.06700039
7/12/2019,15.07499981,15.18500042,15.05500031,15.16100025
7/15/2019,15.26000023,15.28999996,15.26000023,15.28999996
7/16/2019,15.29500008,15.64500046,15.29500008,15.60000038
7/17/2019,15.72999954,15.89299965,15.72999954,15.89299965
7/18/2019,15.97999954,16.12000084,15.97999954,16.12000084
7/19/2019,16.27499962,16.50499916,16.11700058,16.11700058
7/22/2019,16.29500008,16.34000015,16.29000092,16.34000015
7/23/2019,16.40500069,16.40500069,16.40500069,16.40500069
7/24/2019,16.29999924,16.55400085,16.29999924,16.55400085
7/25/2019,16.39999962,16.41500092,16.3390007,16.3390007
7/26/2019,16.42000008,16.42499924,16.32500076,16.32500076
7/29/2019,16.36800003,16.36800003,16.36800003,16.36800003
7/30/2019,16.37000084,16.54999924,16.37000084,16.49500084
7/31/2019,16.51000023,16.51000023,16.21999931,16.34600067
8/1/2019,16.10499954,16.29999924,15.89500046,16.12100029
8/2/2019,16.13500023,16.22200012,16.05999947,16.22200012
8/5/2019,16.14999962,16.43499947,16.125,16.34499931
8/6/2019,16.40500069,16.40500069,16.40500069,16.40500069
8/7/2019,17.15600014,17.15600014,17.15600014,17.15600014
8/8/2019,16.90099907,16.90099907,16.90099907,16.90099907
8/9/2019,16.89699936,16.89699936,16.89699936,16.89699936
8/12/2019,16.875,17.03899956,16.86000061,17.03899956
8/13/2019,17.30999947,17.31500053,16.95599937,16.95599937
8/14/2019,17.25300026,17.25300026,17.25300026,17.25300026
8/15/2019,17.18799973,17.18799973,17.18799973,17.18799973
8/16/2019,17.09600067,17.09600067,17.09600067,17.09600067
8/19/2019,16.91399956,16.91399956,16.91399956,16.91399956
8/20/2019,17.06500053,17.12199974,17.06500053,17.12199974
8/21/2019,17.125,17.125,17.12000084,17.125
8/22/2019,17.01399994,17.01399994,17.01399994,17.01399994
8/23/2019,17.39500046,17.39500046,17.39500046,17.39500046
8/26/2019,17.54000092,17.62400055,17.54000092,17.62400055
8/27/2019,18.13899994,18.13899994,18.13899994,18.13899994
8/28/2019,18.23999977,18.30400085,18.23500061,18.30400085
8/29/2019,18.29999924,18.61499977,17.98500061,18.16699982
8/30/2019,18.19499969,18.40999985,18.02000046,18.18499947
9/3/2019,18.45000076,19.22500038,18.25,19.07900047
9/4/2019,19.21500015,19.54000092,19.21500015,19.39100075
9/5/2019,19.48500061,19.48500061,18.42499924,18.65600014
9/6/2019,18.62999916,18.68499947,17.96800041,17.96800041
9/9/2019,18.20499992,18.20499992,17.95000076,18.0189991
9/10/2019,17.77000046,18.08499908,17.77000046,18.04100037
9/11/2019,18.06500053,18.06999969,18.03000069,18.03100014
9/12/2019,18.06999969,18.16500092,18.03000069,18.04100037
9/13/2019,18.00499916,18.00499916,17.40500069,17.43600082
9/16/2019,17.78000069,17.90099907,17.78000069,17.90099907
9/17/2019,18.01600075,18.01600075,18.01600075,18.01600075
9/18/2019,17.79500008,17.79500008,17.79500008,17.79500008
9/19/2019,17.81500053,17.81500053,17.72500038,17.77300072
9/20/2019,17.75499916,17.95000076,17.73800087,17.73800087
9/23/2019,18.21500015,18.60000038,18.20999908,18.60000038
9/24/2019,18.52000046,18.52000046,18.5170002,18.5170002
9/25/2019,18.56999969,18.56999969,17.96199989,17.96199989
9/26/2019,17.90999985,17.90999985,17.8010006,17.8010006
9/27/2019,17.81999969,17.82999992,17.32999992,17.55200005
9/30/2019,17.49500084,17.50499916,16.89800072,16.89800072
10/1/2019,16.92499924,17.26000023,16.92499924,17.20199966
10/2/2019,17.17499924,17.59199905,17.15500069,17.59199905
10/3/2019,17.50499916,17.63500023,17.45000076,17.58499908
10/4/2019,17.44000053,17.54000092,17.31999969,17.54000092
10/7/2019,17.45000076,17.53000069,17.45000076,17.45700073
10/8/2019,17.63999939,17.63999939,17.61700058,17.61700058
10/9/2019,17.72800064,17.75,17.71999931,17.72800064
10/10/2019,17.60000038,17.60000038,17.48999977,17.52000046
10/11/2019,17.59499931,17.59499931,17.35000038,17.46199989
10/14/2019,17.52499962,17.63400078,17.52499962,17.63400078
10/15/2019,17.45499992,17.45499992,17.30800056,17.30800056
10/16/2019,17.21999931,17.35099983,17.17499924,17.35099983
10/17/2019,17.29999924,17.5359993,17.29999924,17.5359993
10/18/2019,17.46999931,17.50200081,17.46500015,17.50200081
10/21/2019,17.51000023,17.53000069,17.50499916,17.52599907
10/22/2019,17.48999977,17.48999977,17.43700027,17.43700027
10/23/2019,17.48500061,17.55999947,17.48500061,17.5170002
10/24/2019,17.73900032,17.73900032,17.73900032,17.73900032
10/25/2019,17.86100006,17.94499969,17.86100006,17.86100006
10/28/2019,17.88999939,17.88999939,17.77000046,17.81599998
10/29/2019,17.77099991,17.77099991,17.77099991,17.77099991
10/30/2019,17.79000092,17.81999969,17.71500015,17.81500053
10/31/2019,18.01399994,18.01399994,18.01399994,18.01399994
11/1/2019,18.03000069,18.03000069,18.00399971,18.00399971
11/4/2019,18.01399994,18.01399994,18.01399994,18.01399994
11/5/2019,18.02499962,18.02499962,17.51600075,17.51600075
11/6/2019,17.52499962,17.55800056,17.37000084,17.55800056
11/7/2019,17.54000092,17.56500053,16.96999931,16.96999931
11/8/2019,16.84499931,16.875,16.76499939,16.78300095
11/11/2019,16.67499924,16.76199913,16.67499924,16.76199913
11/12/2019,16.79999924,16.80500031,16.67499924,16.67700005
11/13/2019,16.76499939,16.89800072,16.76499939,16.89800072
11/14/2019,16.87000084,17.01300049,16.87000084,17.01300049
11/15/2019,16.95999908,16.96999931,16.79999924,16.93300056
11/18/2019,16.98500061,16.98500061,16.98500061,16.98500061
11/19/2019,17.10300064,17.10300064,17.10300064,17.10300064
11/20/2019,17.10000038,17.10000038,17.10000038,17.10000038
11/21/2019,17.04999924,17.04999924,17.04999924,17.04999924
11/22/2019,16.98500061,16.98500061,16.98500061,16.98500061
11/25/2019,16.87100029,16.87100029,16.87100029,16.87100029
11/26/2019,17.03000069,17.03000069,17.03000069,17.03000069
11/27/2019,17.05999947,17.06500053,16.875,16.91200066
11/29/2019,16.89999962,16.98500061,16.79999924,16.96899986
12/2/2019,16.91500092,16.92000008,16.78499985,16.83600044
12/3/2019,16.86000061,17.15999985,16.80999947,17.125
12/4/2019,17.11499977,17.23999977,16.75499916,16.79700089
12/5/2019,16.84000015,16.94199944,16.78000069,16.94199944
12/6/2019,16.81999969,16.82500076,16.46500015,16.4810009
12/9/2019,16.47500038,16.55999947,16.46999931,16.53199959
12/10/2019,16.55500031,16.61000061,16.55500031,16.59600067
12/11/2019,16.54500008,16.82999992,16.54500008,16.74399948
12/12/2019,16.82999992,17.01499939,16.73999977,16.84499931
12/13/2019,16.87999916,16.91200066,16.82500076,16.91200066
12/16/2019,16.97999954,17.0189991,16.94000053,17.0189991
12/17/2019,16.99500084,17,16.97500038,16.97800064
12/18/2019,16.98500061,17,16.84499931,16.95299911
12/19/2019,16.98500061,17.07500076,16.97500038,17.05800056
12/20/2019,17.18000031,17.18000031,17.12800026,17.12800026
12/23/2019,17.35499954,17.40999985,17.35499954,17.40299988
12/24/2019,17.52000046,17.75699997,17.51499939,17.75699997
12/26/2019,17.90999985,17.98500061,17.87999916,17.8939991
12/27/2019,17.93000031,17.93000031,17.84900093,17.84900093
12/30/2019,17.89999962,17.90999985,17.85000038,17.90800095
12/31/2019,18.06500053,18.06500053,17.79999924,17.82799911
1/2/2020,17.9659996,17.98999977,17.9659996,17.9659996
1/3/2020,18.11000061,18.11000061,17.96500015,18.06800079
1/6/2020,18.02499962,18.10499954,18.02499962,18.09700012
1/7/2020,18.01499939,18.34499931,18.01499939,18.31599998
1/8/2020,18.39999962,18.50499916,18.06999969,18.08799934
1/9/2020,17.76000023,17.86000061,17.76000023,17.86000061
1/10/2020,18.03300095,18.03300095,18.03300095,18.03300095
1/13/2020,17.96999931,18.02000046,17.9260006,17.9260006
1/14/2020,17.85499954,17.875,17.67399979,17.67399979
1/15/2020,17.92300034,17.92300034,17.92300034,17.92300034
1/16/2020,17.95000076,17.95000076,17.875,17.875
1/17/2020,18.01300049,18.01300049,18.01300049,18.01300049
1/21/2020,17.75099945,17.75099945,17.75099945,17.75099945
1/22/2020,17.77099991,17.77099991,17.77099991,17.77099991
1/23/2020,17.72999954,17.77300072,17.72999954,17.77300072
1/24/2020,17.87000084,18.05699921,17.87000084,18.05699921
1/27/2020,18,18,18,18
1/28/2020,17.60499954,17.60499954,17.40200043,17.40200043
1/29/2020,17.45000076,17.45000076,17.37000084,17.43099976
1/30/2020,17.54000092,17.96500015,17.54000092,17.95199966
1/31/2020,17.97200012,17.97200012,17.97200012,17.97200012
2/3/2020,17.79500008,17.79999924,17.60000038,17.63999939
2/4/2020,17.52799988,17.52799988,17.52799988,17.52799988
2/5/2020,17.56900024,17.56900024,17.56900024,17.56900024
2/6/2020,17.78899956,17.78899956,17.78899956,17.78899956
2/7/2020,17.66500092,17.66500092,17.66500092,17.66500092
2/10/2020,17.78000069,17.78000069,17.75799942,17.75799942
2/11/2020,17.69499969,17.71500015,17.57299995,17.57299995
2/12/2020,17.47800064,17.47800064,17.47800064,17.47800064
2/13/2020,17.60000038,17.60000038,17.60000038,17.60000038
2/14/2020,17.71500015,17.71500015,17.71500015,17.71500015
2/18/2020,18.13100052,18.13100052,18.13100052,18.13100052
2/19/2020,18.14500046,18.29199982,18.14500046,18.29199982
2/20/2020,18.30900002,18.30900002,18.30900002,18.30900002
2/21/2020,18.56500053,18.56500053,18.47999954,18.52099991
2/24/2020,18.69000053,18.86800003,18.69000053,18.86800003
2/25/2020,18.18300056,18.18300056,18.18300056,18.18300056
2/26/2020,17.82600021,17.82600021,17.82600021,17.82600021
2/27/2020,17.86499977,18.07999992,17.57999992,17.65800095
2/28/2020,17.69000053,17.79500008,16.34000015,16.38699913
3/2/2020,16.49500084,16.97500038,16.38999939,16.67900085
3/3/2020,16.875,17.31999969,16.73999977,17.12899971
3/4/2020,17.19000053,17.24500084,17.04999924,17.18700027
3/5/2020,17.15500069,17.40500069,17.12000084,17.34199905
3/6/2020,17.45999908,17.48500061,17,17.2140007
3/9/2020,17.43499947,17.43499947,16.56999969,17.00099945
3/10/2020,16.85000038,17.14500046,16.76499939,16.90600014
3/11/2020,16.85499954,16.86000061,16.63999939,16.72900009
3/12/2020,16.43000031,16.61499977,15.60000038,15.96100044
3/13/2020,15.75500011,15.76500034,14.42500019,14.45600033
3/16/2020,14.88500023,14.88500023,11.85000038,12.77200031
3/17/2020,12.55000019,12.71000004,12.41499996,12.46899986
3/18/2020,12.56000042,12.82499981,11.73499966,11.73499966
3/19/2020,12.06999969,12.20499992,11.89500046,12.09700012
3/20/2020,12.07999992,12.85999966,12.07999992,12.34899998
3/23/2020,12.89999962,13.22500038,12.89999962,13.22500038
3/24/2020,13.35999966,14.22900009,13.35999966,14.22900009
3/25/2020,14.71500015,14.83699989,14.45499992,14.83699989
3/26/2020,14.82999992,14.84500027,14.64000034,14.64000034
3/27/2020,14.33500004,14.49800014,14.33500004,14.49800014
3/30/2020,14.10000038,14.25,13.89999962,14.07400036
3/31/2020,13.97999954,14.24499989,13.97999954,14.09799957
4/1/2020,14.07999992,14.10000038,13.89999962,13.92599964
4/2/2020,14.18000031,14.59599972,14.15499973,14.59599972
4/3/2020,14.59000015,14.59000015,14.43599987,14.43599987
4/6/2020,14.55000019,15.11100006,14.55000019,15.11100006
4/7/2020,15.46500015,15.60000038,15.42199993,15.42199993
4/8/2020,15.15999985,15.15999985,15.14700031,15.14700031
4/9/2020,15.14000034,15.99499989,15.14000034,15.99499989
4/13/2020,15.47900009,15.47900009,15.47900009,15.47900009
4/14/2020,16.01000023,16.0720005,16.01000023,16.0720005
4/15/2020,16.00499916,16.00499916,15.44699955,15.44699955
4/16/2020,15.56400013,15.56400013,15.56400013,15.56400013
4/17/2020,15.23700047,15.23700047,15.23700047,15.23700047
4/20/2020,15.55599976,15.55599976,15.55599976,15.55599976
4/21/2020,15.43000031,15.43000031,14.81799984,14.81799984
4/22/2020,15.27700043,15.27700043,15.27700043,15.27700043
4/23/2020,15.43000031,15.66499996,15.34799957,15.34799957
4/24/2020,15.25399971,15.25399971,15.25399971,15.25399971
4/27/2020,15.20100021,15.20100021,15.20100021,15.20100021
4/28/2020,15.01000023,15.1619997,14.99499989,15.1619997
4/29/2020,15.21500015,15.47000027,15.125,15.15999985
4/30/2020,15.39999962,15.77499962,14.79500008,14.89799976
5/1/2020,15.00500011,15.04500008,14.85499954,14.86299992
5/4/2020,15.02499962,15.09000015,14.69499969,14.72200012
5/5/2020,14.77999973,15.10999966,14.71000004,15.05700016
5/6/2020,15,15.30000019,14.875,14.98700047
5/7/2020,15.125,15.58500004,15.125,15.56200027
5/8/2020,15.55500031,15.80000019,15.5,15.73999977
5/11/2020,15.58500004,15.63599968,15.58500004,15.63599968
5/12/2020,15.68700027,15.68700027,15.68700027,15.68700027
5/13/2020,15.72999954,15.72999954,15.66300011,15.66300011
5/14/2020,16.00499916,16.13599968,16.00499916,16.13599968
5/15/2020,16.54000092,17.04599953,16.50499916,17.04599953
5/18/2020,17.21999931,17.58499908,17.21999931,17.4640007
5/19/2020,17.70000076,17.8920002,17.70000076,17.8920002
5/20/2020,18.02499962,18.04000092,17.93000031,18.00200081
5/21/2020,17.43000031,17.43000031,17.33499908,17.33499908
5/22/2020,17.38500023,17.69000053,17.38500023,17.66399956
5/26/2020,17.88500023,17.88500023,17.55500031,17.56500053
5/27/2020,17.68600082,17.68600082,17.68600082,17.68600082
5/28/2020,17.78499985,17.92499924,17.78499985,17.89500046
5/29/2020,17.86499977,18.44000053,17.86499977,18.44000053
6/1/2020,18.78499985,18.81500053,18.56999969,18.76799965
6/2/2020,18.20700073,18.35000038,18.20700073,18.20700073
6/3/2020,17.69000053,17.92099953,17.64500046,17.92099953
6/4/2020,17.85000038,18.02400017,17.85000038,18.02400017
6/5/2020,17.5,17.50499916,17.44300079,17.44300079
6/8/2020,17.78000069,17.88500023,17.78000069,17.86800003
6/9/2020,17.82999992,17.82999992,17.71500015,17.77400017
6/10/2020,17.77599907,17.77599907,17.77599907,17.77599907
6/11/2020,18.08499908,18.08499908,17.82999992,17.86899948
6/12/2020,17.75,17.75,17.46199989,17.46199989
6/15/2020,17.37899971,17.5,17.37899971,17.37899971
6/16/2020,17.54500008,17.75,17.47999954,17.63199997
6/17/2020,17.52000046,17.75699997,17.52000046,17.75699997
6/18/2020,17.49300003,17.49500084,17.49300003,17.49300003
6/19/2020,17.83200073,17.83200073,17.83200073,17.83200073
6/22/2020,17.88699913,17.88699913,17.88699913,17.88699913
6/23/2020,18.00499916,18.0510006,18.00499916,18.0510006
6/24/2020,17.79000092,17.81500053,17.65800095,17.65800095
6/25/2020,17.76499939,17.88299942,17.75499916,17.88299942
6/26/2020,18.02300072,18.02300072,18.02300072,18.02300072
6/29/2020,17.96999931,18.14999962,17.82500076,17.97999954
6/30/2020,18.02499962,18.54100037,17.94000053,18.54100037
7/1/2020,18.48500061,18.70499992,18.07999992,18.13299942
7/2/2020,18.21500015,18.24399948,17.94499969,18.24399948
7/6/2020,18.22500038,18.64500046,18.20999908,18.50399971
7/7/2020,18.21999931,18.62800026,18.21999931,18.62800026
7/8/2020,18.65500069,19.12999916,18.65500069,19.08099937
7/9/2020,19.09499931,19.36499977,18.83499908,18.88199997
7/10/2020,19.03000069,19.03000069,18.9829998,18.9829998
7/13/2020,19.15500069,19.70899963,19.15500069,19.70899963
7/14/2020,19.37000084,19.46500015,19.25499916,19.45100021
7/15/2020,19.60000038,19.71500015,19.48500061,19.68499947
7/16/2020,19.79000092,19.79500008,19.49699974,19.49699974
7/17/2020,19.35000038,19.70999908,19.35000038,19.68499947
7/20/2020,20.20000076,20.27499962,20.12299919,20.12400055
7/21/2020,20.28499985,21.56500053,20.27499962,21.49699974
7/22/2020,22.64999962,23.30500031,21.89500046,23.08300018
7/23/2020,23.06999969,23.32500076,22.66500092,22.94499969
7/24/2020,23.06500053,23.06999969,22.80800056,22.80800056
7/27/2020,24.32500076,24.70999908,24.19499969,24.47599983
7/28/2020,26.02000046,26.02000046,23.94499969,24.26600075
7/29/2020,24.20999908,24.29299927,24.20999908,24.29299927
7/30/2020,24.26000023,24.26000023,23.11499977,23.34000015
7/31/2020,23.59000015,24.38500023,23.56500053,24.18899918
8/3/2020,24.38999939,24.38999939,24.38999939,24.38999939
8/4/2020,25.89999962,26.21500015,25.77499962,26.01199913
8/5/2020,26.02499962,27.05999947,26.02499962,26.87700081
8/6/2020,27.68499947,28.85000038,27.53499985,28.38699913
8/7/2020,29.53000069,29.53000069,27.52499962,27.53300095
8/10/2020,28.20000076,29.24900055,28.11499977,29.24900055
8/11/2020,28.95999908,28.95999908,24.5,26.03700066
8/12/2020,25.24500084,25.95499992,25.24500084,25.95499992
8/13/2020,26.38500023,27.69400024,26.37999916,27.69400024
8/14/2020,27.22500038,27.68499947,25.90500069,26.06500053
8/17/2020,26.73500061,27.64299965,26.56999969,27.64299965
8/18/2020,27.29500008,28.26000023,27.29500008,28.04899979
8/19/2020,27.46500015,27.81500053,27.31500053,27.31500053
8/20/2020,27.12199974,27.12199974,27.12199974,27.12199974
8/21/2020,27.47500038,27.47500038,26.70700073,26.70700073
8/24/2020,26.78000069,26.78000069,26.58799934,26.58799934
8/25/2020,26.78499985,26.78499985,26.25399971,26.25399971
8/26/2020,26.99500084,27.43000031,26.95499992,27.43000031
8/27/2020,26.80999947,27.16500092,26.80999947,27.01000023
8/28/2020,27.12000084,27.81999969,26.88999939,27.61000061
8/31/2020,27.72500038,28.48500061,27.71999931,28.43700027
9/1/2020,28.35000038,29.04999924,27.86000061,28.48600006
9/2/2020,28.16500092,28.27000046,27.22500038,27.24900055
9/3/2020,27.55500031,27.55500031,26.48999977,26.73500061
9/4/2020,26.79999924,26.95000076,26.39500046,26.57600021
9/8/2020,26.92000008,27.06999969,26.00499916,26.86400032
9/9/2020,26.57999992,27.14500046,26.57999992,26.95499992
9/10/2020,27.16300011,27.16300011,27.16300011,27.16300011
9/11/2020,27.09000015,27.09499931,26.73900032,26.73900032
9/14/2020,26.90999985,27.35000038,26.90999985,27.22900009
9/15/2020,27.52499962,27.54500008,27.17000008,27.34600067
9/16/2020,27.31999969,27.48500061,27.10000038,27.35499954
9/17/2020,27.23500061,27.23500061,26.52000046,26.98500061
9/18/2020,27.28499985,27.30999947,27.02799988,27.02799988
9/21/2020,26.32999992,26.32999992,24.07500076,24.29899979
9/22/2020,24.45999908,24.56999969,24.15999985,24.44199944
9/23/2020,24,24,23,23.01399994
9/24/2020,22,23.25,21.95999908,23.11800003
9/25/2020,22.75,23.0170002,22.72999954,23.0170002
9/28/2020,22.73999977,23.52799988,22.69499969,23.52799988
9/29/2020,23.74500084,24.44000053,23.64999962,24.37999916
9/30/2020,24.36000061,24.36000061,23.35499954,23.43300056
10/1/2020,23.39500046,24.19300079,23.39500046,24.19300079
10/2/2020,23.73500061,24.14999962,23.57999992,23.97100067
10/5/2020,23.83499908,24.54500008,23.78499985,24.50200081
10/6/2020,24.46999931,24.46999931,23.87000084,23.87000084
10/7/2020,23.49500084,23.90999985,23.45499992,23.84799957
10/8/2020,24.06999969,24.17499924,23.83699989,23.83699989
10/9/2020,24.31999969,25.23500061,24.31999969,25.06900024
10/12/2020,25.28499985,25.45999908,25.22599983,25.22599983
10/13/2020,25.09000015,25.11000061,24.08600044,24.08600044
10/14/2020,24.36400032,24.36400032,24.36400032,24.36400032
10/15/2020,24.19300079,24.19300079,24.19300079,24.19300079
10/16/2020,24.22999954,24.36899948,24.22999954,24.36899948
10/19/2020,24.75499916,24.81500053,24.65699959,24.65699959
10/20/2020,24.93700027,24.93700027,24.93700027,24.93700027
10/21/2020,24.79000092,25.29500008,24.79000092,25.1970005
10/22/2020,24.66500092,24.66500092,24.66500092,24.66500092
10/23/2020,24.62700081,24.62700081,24.62700081,24.62700081
10/26/2020,24.37599945,24.37599945,24.37599945,24.37599945
10/27/2020,24.37000084,24.52599907,24.31999969,24.52599907
10/28/2020,23.3239994,23.3239994,23.3239994,23.3239994
10/29/2020,23.04500008,23.3390007,22.95999908,23.3390007
10/30/2020,23.61700058,23.61700058,23.61700058,23.61700058
11/2/2020,24.01499939,24.20000076,24.00600052,24.00600052
11/3/2020,24.30500031,24.30500031,24.15999985,24.30500031
11/4/2020,23.68000031,24.00499916,23.68000031,23.86400032
11/5/2020,24.79999924,25.17099953,24.79999924,25.17099953
11/6/2020,25.22500038,25.90999985,25.20000076,25.64599991
11/9/2020,23.68499947,23.68499947,23.68499947,23.68499947
11/10/2020,24.21500015,24.44599915,24.20999908,24.44599915
11/11/2020,23.94499969,24.25099945,23.94499969,24.25099945
11/12/2020,24.29000092,24.29000092,24.29000092,24.29000092
11/13/2020,24.75900078,24.75900078,24.75900078,24.75900078
11/16/2020,24.7859993,24.7859993,24.7859993,24.7859993
11/17/2020,24.76000023,24.76000023,24.63500023,24.63500023
11/18/2020,24.43300056,24.43300056,24.43300056,24.43300056
11/19/2020,24.03300095,24.03300095,24.03300095,24.03300095
11/20/2020,24.34799957,24.34799957,24.34799957,24.34799957
11/23/2020,23.62400055,23.62400055,23.62400055,23.62400055
11/24/2020,23.32999992,23.32999992,23.29199982,23.29199982
11/25/2020,23.3560009,23.3560009,23.3560009,23.3560009
11/27/2020,23.375,23.50499916,22.32500076,22.5529995
11/30/2020,22.73999977,22.73999977,22.00499916,22.5340004
12/1/2020,22.66500092,24.09499931,22.64999962,24.03300095
12/2/2020,23.91500092,24.375,23.63999939,24.02499962
12/3/2020,24.10000038,24.34000015,24.00499916,24.08699989
12/4/2020,24.12000084,24.49500084,24.07999992,24.20299911
12/7/2020,24.23500061,24.85000038,23.71500015,24.74099922
12/8/2020,24.75499916,24.76499939,24.62999916,24.68400002
12/9/2020,24.65500069,24.65500069,23.78000069,23.93000031
12/10/2020,23.94499969,24.30999947,23.94499969,24.03100014
12/11/2020,23.98500061,24.04999924,23.95499992,24.03199959
12/14/2020,24.15999985,24.15999985,23.98500061,23.98500061
12/15/2020,24.07500076,24.58099937,24.07500076,24.58099937
12/16/2020,25.14999962,25.5,24.81999969,24.98500061
12/17/2020,25.45000076,26.18000031,25.45000076,26.10000038
12/18/2020,26.12000084,26.12000084,25.9489994,25.9489994
12/21/2020,26.00499916,26.98999977,25.40999985,26.27799988
12/22/2020,26.47500038,26.67000008,25.27499962,25.43400002
12/23/2020,25.55500031,25.8239994,25.55500031,25.8239994
12/24/2020,25.81100082,25.81100082,25.81100082,25.81100082
12/28/2020,26.79999924,26.81999969,26.45499992,26.45999908
12/29/2020,26.25,26.25,26.13800049,26.13800049
12/30/2020,26.31999969,26.52499962,26.26000023,26.48800087
12/31/2020,26.53000069,26.54000092,26.33200073,26.33200073
1/4/2021,27.2840004,27.2840004,27.2840004,27.2840004
1/5/2021,27.57099915,27.57099915,27.57099915,27.57099915
1/6/2021,27.42499924,27.42499924,26.97299957,26.97299957
1/7/2021,27.20000076,27.20000076,27.20000076,27.20000076
1/8/2021,24.58200073,25.32500076,24.58200073,24.58200073
1/11/2021,25.52000046,25.52000046,24.72500038,25.23900032
1/12/2021,25.13999939,25.38500023,25.10499954,25.38400078
1/13/2021,25.54500008,25.54500008,25.5,25.52000046
1/14/2021,25.74600029,25.74600029,25.74600029,25.74600029
1/15/2021,25.43000031,25.46999931,24.82500076,24.82500076
1/19/2021,24.91500092,25.27899933,24.91500092,25.27899933
1/20/2021,25.42499924,25.73399925,25.41500092,25.73399925
1/21/2021,25.8220005,25.8220005,25.8220005,25.8220005
1/22/2021,25.52400017,25.54000092,25.52400017,25.52400017
1/25/2021,25.45499992,25.45499992,25.45499992,25.45499992
1/26/2021,25.52899933,25.52899933,25.52899933,25.52899933
1/27/2021,25.37599945,25.37599945,25.37599945,25.37599945
1/28/2021,25.08499908,27.01000023,24.93000031,25.9090004
1/29/2021,26.63999939,27.57500076,26.37000084,26.89999962
2/1/2021,28.36000061,30.15999985,28.29999924,29.39800072
2/2/2021,28.64500046,28.93000031,26.38400078,26.38400078
2/3/2021,26.94000053,27.02499962,26.86000061,26.87800026
2/4/2021,26.67499924,26.67499924,26.00499916,26.22299957
2/5/2021,26.43000031,27.01399994,26.43000031,27.01399994
2/8/2021,27.28000069,27.56999969,27.28000069,27.56999969
2/9/2021,27.42499924,27.44499969,27.29000092,27.39599991
2/10/2021,27.10499954,27.10499954,27.0739994,27.0739994
2/11/2021,27.17000008,27.17000008,26.90999985,27.04199982
2/12/2021,27.32299995,27.32299995,27.32299995,27.32299995
2/16/2021,27.51000023,27.51000023,27.05999947,27.31900024
2/17/2021,27.31399918,27.31399918,27.31399918,27.31399918
2/18/2021,27.125,27.125,27.07699966,27.07699966
2/19/2021,27.50499916,27.54999924,27.25200081,27.25200081
2/22/2021,28.08300018,28.10000038,28.08300018,28.08300018
2/23/2021,27.68600082,27.68600082,27.68600082,27.68600082
2/24/2021,27.85700035,27.85700035,27.85700035,27.85700035
2/25/2021,28.03000069,28.26499939,27.29500008,27.63699913
2/26/2021,27.45499992,27.55999947,26.18000031,26.40200043
3/1/2021,26.69000053,26.98999977,26.48999977,26.64699936
3/2/2021,26.38500023,26.85000038,25.86000061,26.85000038
3/3/2021,26.80500031,26.80500031,25.93499947,26.35700035
3/4/2021,26.12000084,26.32999992,25.20999908,25.43400002
3/5/2021,25.34499931,25.37000084,24.90500069,25.25699997
3/8/2021,25.52000046,25.70999908,25,25.23999977
3/9/2021,25.22500038,26.14800072,25.22500038,26.14800072
3/10/2021,26.01000023,26.28000069,25.78000069,26.10199928
3/11/2021,26.14999962,26.40999985,26.04000092,26.16200066
3/12/2021,26.14500046,26.20000076,25.45999908,25.87999916
3/15/2021,26.20000076,26.33499908,25.92499924,26.25300026
3/16/2021,26.12999916,26.14500046,25.92000008,25.97400093
3/17/2021,25.80500031,26.53000069,25.79500008,26.03000069
3/18/2021,26.43499947,26.43499947,25.89999962,26.32099915
3/19/2021,26.05500031,26.29199982,26.05500031,26.29199982
3/22/2021,25.95499992,25.95499992,25.54000092,25.74099922
3/23/2021,25.61499977,25.69499969,25.09499931,25.20000076
3/24/2021,25.25,25.34499931,25.19000053,25.20100021
3/25/2021,25.14999962,25.14999962,24.50499916,25.02199936
3/26/2021,25.18499947,25.18499947,25.04000092,25.09199905
3/29/2021,24.85499954,24.90999985,24.51000023,24.74699974
3/30/2021,24.70000076,24.70000076,23.96500015,24.12100029
3/31/2021,24.31999969,24.5170002,24.31999969,24.5170002
4/1/2021,24.35000038,24.93499947,24.35000038,24.93499947
4/5/2021,24.93499947,24.93499947,24.76300049,24.76300049
4/6/2021,25.04999924,25.21500015,25.04999924,25.21199989
4/7/2021,25.06500053,25.25,25.06500053,25.2329998
4/8/2021,25.56900024,25.56900024,25.56900024,25.56900024
4/9/2021,25.31100082,25.31100082,25.31100082,25.31100082
4/12/2021,25.14500046,25.16500092,24.80500031,24.85300064
4/13/2021,25.41699982,25.41699982,25.41699982,25.41699982
4/14/2021,25.51499939,25.51499939,25.51499939,25.51499939
4/15/2021,25.95599937,25.95599937,25.95599937,25.95599937
4/16/2021,26.09900093,26.09900093,26.09900093,26.09900093
4/19/2021,26.20499992,26.20499992,25.83099937,25.83099937
4/20/2021,25.85499954,25.85499954,25.83499908,25.83499908
4/21/2021,26.52499962,26.56500053,26.52499962,26.56500053
4/22/2021,26.34000015,26.34000015,26.17399979,26.17399979
4/23/2021,26.23999977,26.23999977,26.02499962,26.07699966
4/26/2021,26.05999947,26.25,26.05999947,26.21100044
4/27/2021,26.41200066,26.41200066,26.41200066,26.41200066
4/28/2021,26.08099937,26.08099937,26.08099937,26.08099937
4/29/2021,26.28000069,26.54500008,25.73500061,26.0529995
4/30/2021,26.15500069,26.21500015,25.84000015,25.85300064
5/3/2021,25.875,27.07500076,25.875,26.94300079
5/4/2021,27.03000069,27.04000092,26.25,26.53899956
5/5/2021,26.55500031,26.56999969,26.27000046,26.50200081
5/6/2021,26.55999947,27.55500031,26.55500031,27.46199989
5/7/2021,27.63500023,27.63500023,27.33499908,27.46199989
5/10/2021,27.70999908,27.91500092,27.37000084,27.47900009
5/11/2021,27.28499985,27.68000031,27.28000069,27.65699959
5/12/2021,27.45999908,27.63999939,27.2310009,27.2310009
5/13/2021,27.12000084,27.14500046,26.85499954,27.04400063
5/14/2021,27.03000069,27.5,27.03000069,27.35300064
5/17/2021,28.26000023,28.32999992,28.26000023,28.26000023
5/18/2021,28.62999916,28.68000031,28.31399918,28.31399918
5/19/2021,27.80999947,28.00799942,27.62000084,28.00799942
5/20/2021,27.92000008,28.05200005,27.71999931,28.05200005
5/21/2021,28.07999992,28.12000084,27.38999939,27.47299957
5/24/2021,27.88500023,27.89999962,27.73999977,27.88699913
5/25/2021,27.75,28.03700066,27.67000008,28.03700066
5/26/2021,27.85300064,27.85300064,27.85300064,27.85300064
5/27/2021,27.75499916,27.92000008,27.69499969,27.91900063
5/28/2021,27.74500084,27.99300003,27.54000092,27.99300003
6/1/2021,28.00499916,28.57999992,27.99500084,28.08300018
6/2/2021,27.93000031,28.18600082,27.78499985,28.18600082
6/3/2021,27.19000053,27.45999908,27.19000053,27.45999908
6/4/2021,27.87899971,27.87899971,27.87899971,27.87899971
6/7/2021,27.61499977,28.00099945,27.61499977,28.00099945
6/8/2021,28.01000023,28.01000023,27.70499992,27.71500015
6/9/2021,27.69499969,27.98500061,27.69499969,27.98500061
6/10/2021,27.89999962,28.02499962,27.70999908,28.01499939
6/11/2021,28.11499977,28.36000061,28.11499977,28.13100052
6/14/2021,27.89500046,28.10499954,27.82500076,28.02400017
6/15/2021,27.98500061,27.98500061,27.56999969,27.67900085
6/16/2021,27.79999924,27.79999924,27.79999924,27.79999924
6/17/2021,25.84399986,25.84399986,25.84399986,25.84399986
6/18/2021,26.42499924,26.43000031,25.95800018,25.95800018
6/21/2021,26.01499939,26.01499939,26.01499939,26.01499939
6/22/2021,25.84799957,25.84799957,25.84799957,25.84799957
6/23/2021,26.1079998,26.1079998,26.1079998,26.1079998
6/24/2021,26.04700089,26.04700089,26.04700089,26.04700089
6/25/2021,26.17499924,26.17499924,26.08200073,26.08200073
6/28/2021,26.21800041,26.21800041,26.21800041,26.21800041
6/29/2021,26.20000076,26.20999908,25.55999947,25.87199974
6/30/2021,25.84000015,26.22999954,25.84000015,26.16500092
7/1/2021,26.21500015,26.42000008,26.04999924,26.07500076
7/2/2021,26.11000061,26.67499924,26.10499954,26.4810009
7/6/2021,26.72500038,26.87000084,26.15399933,26.15399933
7/7/2021,26.20000076,26.5,26.06999969,26.11000061
7/8/2021,26.15999985,26.29000092,25.88999939,25.96699905
7/9/2021,25.96500015,26.21500015,25.83499908,26.21100044
7/12/2021,26.18499947,26.29999924,26.05999947,26.21699905
7/13/2021,26.20499992,26.20499992,26.10000038,26.11499977
7/14/2021,26.10000038,26.44499969,26.10000038,26.24600029
7/15/2021,26.42000008,26.44499969,26.26499939,26.375
7/16/2021,26.43000031,26.43000031,25.64999962,25.77700043
7/19/2021,25.61000061,25.61000061,25.04500008,25.12599945
7/20/2021,25.19499969,25.19499969,24.85499954,24.97699928
7/21/2021,25.15500069,25.23800087,24.95499992,25.23800087
7/22/2021,25.24500084,25.36499977,25.23999977,25.36499977
7/23/2021,25.43000031,25.43000031,25.12999916,25.21800041
7/26/2021,25.29500008,25.29500008,25.29500008,25.29500008
7/27/2021,25.20000076,25.26499939,24.63199997,24.63199997
7/28/2021,24.73500061,24.8560009,24.72500038,24.8560009
7/29/2021,25.04000092,25.85499954,25.04000092,25.76399994
7/30/2021,25.54500008,25.66500092,25.5,25.52799988
8/2/2021,25.45000076,25.55699921,25.45000076,25.55699921
8/3/2021,25.38999939,25.56599998,25.28499985,25.56599998
8/4/2021,25.61000061,25.96999931,25.44599915,25.44599915
8/5/2021,25.52000046,25.52000046,25.27700043,25.27700043
8/6/2021,24.48999977,24.48999977,24.25,24.31200027
8/9/2021,23.25499916,23.25499916,23.25499916,23.25499916
8/10/2021,23.48500061,23.48500061,23.37700081,23.37700081
8/11/2021,23.47400093,23.47400093,23.47400093,23.47400093
8/12/2021,23.10499954,23.10499954,23.10499954,23.10499954
8/13/2021,23.35000038,23.79500008,23.35000038,23.76799965
8/16/2021,23.78000069,23.78000069,23.78000069,23.78000069
8/17/2021,23.64800072,23.64800072,23.64800072,23.64800072
8/18/2021,23.28000069,23.45499992,23.28000069,23.41200066
8/19/2021,23.21999931,23.21999931,23.21999931,23.21999931
8/20/2021,23.10499954,23.10499954,23.10499954,23.10499954
8/23/2021,23.14999962,23.64999962,23.13999939,23.64900017
8/24/2021,23.88999939,23.88999939,23.88999939,23.88999939
8/25/2021,23.83499908,23.83499908,23.77099991,23.77099991
8/26/2021,23.54500008,23.55500031,23.54500008,23.54599953
8/27/2021,23.72999954,24.05999947,23.71500015,24.05999947
8/30/2021,24.04500008,24.21999931,23.90500069,23.95999908
8/31/2021,24.05999947,24.19499969,23.81500053,23.95999908
9/1/2021,23.85000038,24.25499916,23.79000092,24.17700005
9/2/2021,24.15999985,24.18000031,23.77499962,23.875
9/3/2021,23.90500069,24.80999947,23.90500069,24.76199913
9/7/2021,24.80999947,24.80999947,24.18499947,24.33399963
9/8/2021,24.35499954,24.39999962,23.94000053,24.01199913
9/9/2021,23.95499992,24.23999977,23.84499931,24.13299942
9/10/2021,24.13500023,24.13500023,23.85499954,23.85499954
9/13/2021,23.69000053,23.75499916,23.32500076,23.75300026
9/14/2021,23.65999985,23.85000038,23.63999939,23.84199905
9/15/2021,23.79999924,23.79999924,23.75900078,23.75900078
9/16/2021,23.51499939,23.51499939,22.61000061,22.75200081
9/17/2021,22.88999939,22.90500069,22.29500008,22.29500008
9/20/2021,22.375,22.375,22.13999939,22.16300011
9/21/2021,22.52499962,22.57299995,22.46999931,22.57299995
9/22/2021,22.79999924,23.04500008,22.79999924,22.86899948
9/23/2021,22.64999962,22.64999962,22.6420002,22.6420002
9/24/2021,22.58499908,22.58499908,22.09000015,22.38800049
9/27/2021,22.60499954,23.73500061,22.60499954,22.65699959
9/28/2021,22.17499924,22.45999908,22.17499924,22.43000031
9/29/2021,22.43000031,22.51499939,21.45899963,21.45899963
9/30/2021,22.03499985,22.03499985,22.02099991,22.02099991
10/1/2021,22.51000023,22.51000023,22.51000023,22.51000023
10/4/2021,22.61800003,22.61800003,22.61800003,22.61800003
10/5/2021,22.58200073,22.58200073,22.58200073,22.58200073
10/6/2021,22.47500038,22.50600052,22.375,22.50600052
10/7/2021,22.63199997,22.63199997,22.63199997,22.63199997
10/8/2021,22.56999969,23.00499916,22.56999969,22.67900085
10/11/2021,22.63999939,22.63999939,22.63999939,22.63999939
10/12/2021,22.56999969,22.57500076,22.49099922,22.49099922
10/13/2021,23.14900017,23.14900017,23.14900017,23.14900017
10/14/2021,23.45999908,23.45999908,23.45599937,23.45599937
10/15/2021,23.32799911,23.32799911,23.32799911,23.32799911
10/18/2021,23.28000069,23.28000069,23.21500015,23.24300003
10/19/2021,24.06999969,24.06999969,23.86199951,23.86199951
10/20/2021,24.42399979,24.42399979,24.42399979,24.42399979
10/21/2021,24.47999954,24.47999954,24.13999939,24.14999962
10/22/2021,24.42900085,24.42900085,24.37000084,24.42900085
10/25/2021,24.57500076,24.57500076,24.5720005,24.5720005
10/26/2021,24.08600044,24.08600044,24.08600044,24.08600044
10/27/2021,24.15999985,24.18899918,24.15999985,24.18899918
10/28/2021,24.20999908,24.24500084,24.11700058,24.11700058
10/29/2021,23.79999924,23.94499969,23.79999924,23.94499969
11/1/2021,24,24.10000038,24,24.06399918
11/2/2021,23.5,23.5,23.5,23.5
11/3/2021,23.56999969,23.57999992,23.22500038,23.22599983
11/4/2021,23.69000053,23.90600014,23.69000053,23.90600014
11/5/2021,23.84499931,24.23500061,23.83499908,24.15200043
11/8/2021,24.27499962,24.55500031,24.27499962,24.53700066
11/9/2021,24.31299973,24.31299973,24.31299973,24.31299973
11/10/2021,24.7670002,24.7670002,24.7670002,24.7670002
11/11/2021,25.29999924,25.3010006,25.29500008,25.3010006
11/12/2021,25.34499931,25.40999985,24.92499924,25.34399986
11/15/2021,25.23999977,25.28499985,25.06500053,25.10700035
11/16/2021,25.00499916,25.00499916,24.875,24.94400024
11/17/2021,24.87999916,25.20999908,24.87999916,25.16699982
11/18/2021,25.15500069,25.20999908,24.81999969,24.90099907
11/19/2021,24.87000084,24.875,24.78000069,24.78000069
11/22/2021,24.54000092,24.54000092,24.19000053,24.29700089
11/23/2021,23.39999962,23.60499954,23.39999962,23.43499947
11/24/2021,23.49600029,23.49600029,23.49600029,23.49600029
11/26/2021,23.10700035,23.10700035,23.10700035,23.10700035
11/29/2021,23.13500023,23.41500092,22.72999954,22.79899979
11/30/2021,22.88500023,23.26000023,22.70499992,22.76499939
12/1/2021,22.77000046,22.99500084,22.15500069,22.29899979
12/2/2021,22.29500008,22.39999962,22.23999977,22.28000069
12/3/2021,22.40999985,22.46999931,22.04000092,22.44499969
12/6/2021,22.48999977,22.48999977,22.10000038,22.22800064
12/7/2021,22.38500023,22.55999947,22.375,22.48699951
12/8/2021,22.43000031,22.44499969,22.30999947,22.38999939
12/9/2021,22.28000069,22.28499985,21.88999939,21.97400093
12/10/2021,21.88500023,22.16500092,21.79999924,22.15999985
12/13/2021,22.24500084,22.29000092,22.12999916,22.29000092
12/14/2021,22.25,22.25,21.65999985,21.88699913
12/15/2021,21.5,21.63999939,21.5,21.50799942
12/16/2021,22.13500023,22.45499992,22.12000084,22.45499992
12/17/2021,22.45000076,22.50699997,22.45000076,22.50699997
12/20/2021,22.29999924,22.37000084,22.27499962,22.27499962
12/21/2021,22.22500038,22.73999977,22.22500038,22.50200081
12/22/2021,22.46500015,22.79199982,22.46500015,22.79199982
12/23/2021,22.80999947,22.93099976,22.71999931,22.93099976
12/27/2021,22.68000031,22.97999954,22.68000031,22.97900009
12/28/2021,23.05500031,23.29500008,23.05500031,23.11100006
12/29/2021,23.00499916,23.00499916,22.63500023,22.84799957
12/30/2021,22.77499962,23.08499908,22.62000084,23.02799988
12/31/2021,23.22500038,23.32799911,23.20000076,23.32799911
1/3/2022,23.30999947,23.30999947,22.79000092,22.79000092
1/4/2022,22.95499992,23.03800011,22.95499992,23.03800011
1/5/2022,23.13999939,23.14999962,22.78499985,23.14999962
1/6/2022,22.76499939,22.79999924,22.04999924,22.17399979
1/7/2022,22.3939991,22.3939991,22.3939991,22.3939991
1/10/2022,22.35499954,22.48999977,22.35499954,22.44599915
1/11/2022,22.59000015,22.80599976,22.59000015,22.80599976
1/12/2022,23.20000076,23.20000076,23.20000076,23.20000076
1/13/2022,23.15500069,23.15500069,23.15500069,23.15500069
1/14/2022,22.9109993,23,22.89999962,22.9109993
1/18/2022,23.39999962,23.48699951,23.39999962,23.48699951
1/19/2022,24.22599983,24.22599983,24.22599983,24.22599983
1/20/2022,24.71100044,24.71100044,24.71100044,24.71100044
1/21/2022,24.31399918,24.31399918,24.31399918,24.31399918
1/24/2022,23.79500008,23.79500008,23.79500008,23.79500008
1/25/2022,23.94499969,23.94499969,23.68499947,23.89599991
1/26/2022,23.80699921,23.80699921,23.80699921,23.80699921
1/27/2022,23.03000069,23.03000069,22.67300034,22.67300034
1/28/2022,22.80999947,22.80999947,22.30200005,22.30200005
1/31/2022,22.34000015,22.51499939,22.34000015,22.39500046
2/1/2022,22.49500084,23,22.49500084,22.59600067
2/2/2022,22.80999947,22.81999969,22.61000061,22.71100044
2/3/2022,22.54500008,22.56500053,22.375,22.375
2/4/2022,22.53000069,22.53000069,22.47500038,22.47500038
2/7/2022,23.05500031,23.07999992,23.05500031,23.07600021
2/8/2022,23.19499969,23.22999954,23.19499969,23.19499969
2/9/2022,23.33600044,23.33600044,23.33600044,23.33600044
2/10/2022,23.5189991,23.5189991,23.5189991,23.5189991
2/11/2022,23.17000008,23.36599922,23.14999962,23.36599922
2/14/2022,23.91500092,23.91500092,23.82999992,23.84499931
2/15/2022,23.16500092,23.33799934,23.16500092,23.33799934
2/16/2022,23.60099983,23.60099983,23.60099983,23.60099983
2/17/2022,23.87400055,23.87400055,23.87400055,23.87400055
2/18/2022,24,24,23.92499924,23.99099922
2/22/2022,24.20999908,24.31100082,24.20999908,24.31100082
2/23/2022,24.55500031,24.55500031,24.55500031,24.55500031
2/24/2022,25.35499954,25.38999939,24.68600082,24.68600082
2/25/2022,24.31999969,24.52499962,23.89999962,23.99699974
2/28/2022,24.54999924,24.85499954,24.28000069,24.36100006
3/1/2022,24.45000076,25.56500053,24.34000015,25.5340004
3/2/2022,25.30999947,25.40999985,25.03000069,25.18300056
3/3/2022,25.30500031,25.54000092,25.13999939,25.20499992
3/4/2022,25.29500008,25.83499908,25.25499916,25.78199959
3/7/2022,26.15500069,26.28499985,25.71299934,25.71299934
3/8/2022,25.85000038,27.30999947,25.64500046,26.88800049
3/9/2022,26.89999962,26.89999962,25.75699997,25.75699997
3/10/2022,26.03000069,26.20199966,25.59000015,26.20199966
3/11/2022,26.03499985,26.20000076,25.92000008,26.1060009
3/14/2022,25.95000076,25.95000076,25.24399948,25.24399948
3/15/2022,24.88500023,25.12299919,24.88500023,25.12299919
3/16/2022,24.97500038,25.06999969,24.60000038,24.67000008
3/17/2022,25.20000076,25.63999939,25.20000076,25.58399963
3/18/2022,25.40999985,25.40999985,25.04999924,25.05500031
3/21/2022,25.17499924,25.37000084,25.16500092,25.28199959
3/22/2022,25.19499969,25.19499969,24.76499939,24.88500023
3/23/2022,25,25.27000046,25,25.17000008
3/24/2022,25.45499992,25.90500069,25.45499992,25.89999962
3/25/2022,25.82500076,25.96500015,25.59499931,25.59499931
3/28/2022,25.18499947,25.20999908,25.03000069,25.1760006
3/29/2022,24.25499916,24.7159996,24.25499916,24.7159996
3/30/2022,25.12999916,25.22500038,25.01499939,25.10300064
3/31/2022,24.875,25.12100029,24.875,25.12100029
4/1/2022,24.86000061,24.87000084,24.6420002,24.6420002
4/4/2022,24.43499947,24.58399963,24.43499947,24.58399963
4/5/2022,24.63500023,24.63500023,24.42000008,24.52799988
4/6/2022,24.38500023,24.45999908,24.34000015,24.45499992
4/7/2022,24.54500008,24.7329998,24.45999908,24.7329998
4/8/2022,24.81900024,24.92499924,24.81900024,24.81900024
4/11/2022,25.51499939,25.51499939,24.97800064,24.97800064
4/12/2022,25.21999931,25.77499962,25.21999931,25.72500038
4/13/2022,25.62000084,26.02499962,25.62000084,26.02000046
4/14/2022,25.69000053,25.69000053,25.69000053,25.69000053
4/18/2022,26.13999939,26.13999939,26.13999939,26.13999939
4/19/2022,26.03499985,26.03499985,25.39100075,25.39100075
4/20/2022,25.21500015,25.27000046,25.21500015,25.27000046
4/21/2022,25.28000069,25.28000069,24.62100029,24.62100029
4/22/2022,24.72500038,24.72500038,24.21500015,24.25699997
4/25/2022,23.66799927,23.66799927,23.66799927,23.66799927
4/26/2022,23.54199982,23.59499931,23.54199982,23.54199982
4/27/2022,23.45800018,23.45800018,23.45800018,23.45800018
4/28/2022,23.30999947,23.40999985,22.89500046,23.12899971
4/29/2022,23.22500038,23.53499985,22.73500061,23.04000092
5/2/2022,22.71500015,22.82999992,22.12000084,22.54400063
5/3/2022,22.63999939,22.78499985,22.47500038,22.62100029
5/4/2022,22.58499908,23.02000046,22.31500053,22.36199951
5/5/2022,23.12000084,23.24500084,22.37000084,22.39999962
5/6/2022,22.28000069,22.48500061,22.09000015,22.32500076
5/9/2022,22.17000008,22.19000053,21.66500092,21.78199959
5/10/2022,21.98500061,22,21.23999977,21.38999939
5/11/2022,21.41500092,21.80500031,21.30999947,21.54999924
5/12/2022,21.47999954,21.57500076,20.65500069,20.75699997
5/13/2022,20.63999939,21.11499977,20.63999939,20.98399925
5/16/2022,21.09499931,21.60499954,21.08499908,21.53499985
5/17/2022,21.65500069,21.73699951,21.55500031,21.73699951
5/18/2022,21.67499924,21.67499924,21.38999939,21.53300095
5/19/2022,21.43499947,21.89800072,21.42499924,21.89800072
5/20/2022,21.66900063,21.66900063,21.66900063,21.66900063
5/23/2022,21.83499908,22.20499992,21.72299957,21.72299957
5/24/2022,22.06299973,22.06500053,22.03499985,22.06299973
5/25/2022,21.86499977,21.96999931,21.82999992,21.86000061
5/26/2022,21.94099998,21.94099998,21.94099998,21.94099998
5/27/2022,22.01000023,22.39500046,22.01000023,22.05999947
5/31/2022,21.60000038,21.67499924,21.60000038,21.65099907
6/1/2022,21.49500084,21.88400078,21.48500061,21.88400078
6/2/2022,21.82999992,22.32500076,21.82500076,22.25399971
6/3/2022,22.40500069,22.40999985,21.88999939,21.88999939
6/6/2022,22.0739994,22.0739994,22.0739994,22.0739994
6/7/2022,22.02499962,22.1590004,22.02499962,22.1590004
6/8/2022,21.98999977,22.09000015,21.98999977,22.0739994
6/9/2022,22.05500031,22.06500053,21.72500038,21.79700089
6/10/2022,21.70000076,21.92000008,21.70000076,21.91300011
6/13/2022,21.64999962,21.64999962,21.05500031,21.23600006
6/14/2022,21.02000046,21.05500031,20.90500069,20.93600082
6/15/2022,20.98500061,21.46500015,20.98500061,21.40200043
6/16/2022,21.69499969,21.92499924,21.37999916,21.86700058
6/17/2022,21.87000084,21.87999916,21.57299995,21.57299995
6/21/2022,21.79999924,21.79999924,21.74500084,21.75399971
6/22/2022,21.59499931,21.59499931,21.39500046,21.40699959
6/23/2022,21.37999916,21.37999916,21.03199959,21.03199959
6/24/2022,20.96500015,21.17499924,20.95000076,21.11599922
6/27/2022,21.29500008,21.32999992,21.14999962,21.1590004
6/28/2022,21.17499924,21.18499947,20.79700089,20.79700089
6/29/2022,20.80500031,20.99500084,20.54500008,20.66799927
6/30/2022,20.66500092,20.70499992,20.14500046,20.28199959
7/1/2022,20.16500092,20.18499947,19.26499939,19.59700012
7/5/2022,19.80999947,20.06999969,19.04000092,19.05200005
7/6/2022,19.19000053,19.19499969,18.84000015,19.08499908
7/7/2022,19.10000038,19.36000061,19.09499931,19.12199974
7/8/2022,19,19.21999931,19,19.16699982
7/11/2022,19.16500092,19.16500092,19.04000092,19.06699944
7/12/2022,18.79999924,18.89900017,18.77000046,18.89900017
7/13/2022,18.80999947,19.17499924,18.78499985,19.13800049
7/14/2022,19.10000038,19.10000038,18,18.16900063
7/15/2022,18.22500038,18.55500031,18.22500038,18.54800034
7/18/2022,18.80999947,18.82500076,18.59000015,18.79100037
7/19/2022,18.61499977,18.70999908,18.52000046,18.67000008
7/20/2022,18.65500069,18.94000053,18.60499954,18.63899994
7/21/2022,18.55500031,18.71999931,18.11000061,18.68700027
7/22/2022,18.70999908,18.75,18.48999977,18.58499908
7/25/2022,18.40999985,18.60000038,18.18499947,18.29400063
7/26/2022,18.46500015,18.56500053,18.32500076,18.48699951
7/27/2022,18.49500084,18.5529995,18.48500061,18.5529995
7/28/2022,19.02000046,19.94000053,19.02000046,19.82699966
7/29/2022,19.98999977,20.29000092,19.98999977,20.15600014
8/1/2022,20.28000069,20.39999962,20.18499947,20.3220005
8/2/2022,20.10000038,20.39500046,19.94499969,20.10499954
8/3/2022,19.87999916,20.02000046,19.78499985,19.86499977
8/4/2022,19.98500061,20.10499954,19.95999908,20.09900093
8/5/2022,20.13500023,20.13500023,19.81900024,19.81900024
8/8/2022,20.59199905,20.59199905,20.59199905,20.59199905
8/9/2022,20.62000084,20.65500069,20.45800018,20.45800018
8/10/2022,20.52000046,20.71999931,20.52000046,20.71800041
8/11/2022,20.41500092,20.46999931,20.32600021,20.32600021
8/12/2022,20.67700005,20.67700005,20.67700005,20.67700005
8/15/2022,20.25099945,20.25099945,20.25099945,20.25099945
8/16/2022,19.95000076,20.10000038,19.95000076,20.06500053
8/17/2022,20.08499908,20.09000015,19.64999962,19.71100044
8/18/2022,19.71999931,19.72500038,19.44499969,19.44799995
8/19/2022,19.12999916,19.12999916,19.05800056,19.05800056
8/22/2022,18.84000015,18.91500092,18.79999924,18.87299919
8/23/2022,18.88500023,19.10000038,18.70499992,19.01199913
8/24/2022,18.83499908,19.04000092,18.81999969,18.89500046
8/25/2022,19.04500008,19.11100006,19.03499985,19.11100006
8/26/2022,19.30500031,19.30500031,18.73999977,18.73999977
8/29/2022,18.52000046,18.55500031,18.52000046,18.55500031
8/30/2022,18.56500053,18.58499908,18.12000084,18.1590004
8/31/2022,18.15999985,18.23999977,17.70499992,17.76199913
9/1/2022,17.71500015,17.71500015,17.31999969,17.5510006
9/2/2022,17.53000069,18,17.53000069,17.77599907
9/6/2022,18.10000038,18.10499954,17.79000092,17.79500008
9/7/2022,18.13699913,18.23999977,18.13699913,18.13699913
9/8/2022,18.29000092,18.45499992,18.23500061,18.32999992
9/9/2022,18.35499954,18.67000008,18.35499954,18.65800095
9/12/2022,19.31500053,19.88999939,19.31500053,19.75499916
9/13/2022,19.72500038,19.75,19.20499992,19.38999939
9/14/2022,19.18499947,19.53000069,19.18499947,19.47100067
9/15/2022,19.51499939,19.52000046,19.02499962,19.17499924
9/16/2022,18.875,19.50499916,18.73500061,19.29599953
9/19/2022,19.27300072,19.27300072,19.27300072,19.27300072
9/20/2022,19.5,19.5,19.10199928,19.10199928
9/21/2022,19.375,19.58499908,19.32999992,19.4109993
9/22/2022,19.37000084,19.59499931,19.33499908,19.54800034
9/23/2022,19.51000023,19.51000023,18.78000069,18.8409996
9/26/2022,18.72999954,18.85000038,18.40600014,18.40600014
9/27/2022,18.52499962,18.52499962,18.25699997,18.25699997
9/28/2022,18.47500038,18.79599953,18.46999931,18.79599953
9/29/2022,18.76499939,18.76499939,18.52499962,18.61100006
9/30/2022,18.84499931,18.96999931,18.82500076,18.95999908
10/3/2022,20.17000008,20.70499992,20.17000008,20.5189991
10/4/2022,20.81999969,21.11499977,20.81999969,21.03700066
10/5/2022,20.79500008,20.79500008,20.12999916,20.47900009
10/6/2022,20.61000061,20.65999985,20.42000008,20.59499931
10/7/2022,20.57999992,20.72500038,20.17000008,20.19199944
10/10/2022,19.69000053,19.82999992,19.52000046,19.55599976
10/11/2022,19.34499931,19.52000046,19.05999947,19.42700005
10/12/2022,19.08499908,19.11000061,18.78499985,18.87800026
10/13/2022,18.94499969,18.95499992,18.77499962,18.8579998
10/14/2022,18.93000031,18.93000031,18.01499939,18.01499939
10/17/2022,18.625,18.67399979,18.625,18.67399979
10/18/2022,18.59000015,18.82500076,18.52499962,18.57099915
10/19/2022,18.68499947,18.68499947,18.29500008,18.33600044
10/20/2022,18.38999939,18.84499931,18.375,18.66600037
10/21/2022,18.56999969,19.31500053,18.29000092,19.04299927
10/24/2022,19.17399979,19.19000053,19.17399979,19.17399979
10/25/2022,18.91500092,19.35000038,18.90999985,19.3390007
10/26/2022,19.46500015,19.58499908,19.46500015,19.47999954
10/27/2022,19.63500023,19.63500023,19.45000076,19.47800064
10/28/2022,19.5,19.52000046,19.02499962,19.14699936
10/31/2022,19.20000076,19.20000076,18.96999931,19.125
11/1/2022,19.125,19.69000053,19.125,19.67300034
11/2/2022,19.78000069,19.86499977,19.57500076,19.60000038
11/3/2022,19.23500061,19.43600082,18.95999908,19.43600082
11/4/2022,19.97999954,20.93499947,19.95000076,20.79000092
11/7/2022,20.57500076,21,20.45000076,20.89800072
11/8/2022,20.68000031,21.625,20.68000031,21.47699928
11/9/2022,21.59000015,21.59000015,21.06500053,21.29800034
11/10/2022,21.05999947,21.78000069,21.04999924,21.67700005
11/11/2022,21.58499908,21.64599991,21.51499939,21.64599991
11/14/2022,21.86499977,22.10000038,21.85499954,22.09199905
11/15/2022,22.03000069,22.05500031,21.45000076,21.49900055
11/16/2022,21.625,21.94499969,21.50399971,21.50399971
11/17/2022,20.95499992,20.95499992,20.95499992,20.95499992
11/18/2022,20.97599983,20.97599983,20.97599983,20.97599983
11/21/2022,20.64999962,20.84900093,20.63999939,20.84900093
11/22/2022,21.07500076,21.09499931,20.95499992,21.0340004
11/23/2022,21.08499908,21.59000015,21.08499908,21.35700035
11/25/2022,21.35499954,21.44499969,21.35499954,21.42499924
11/28/2022,20.90999985,20.90999985,20.90999985,20.90999985
11/29/2022,20.88999939,21.39999962,20.84499931,21.20400047
11/30/2022,21.17000008,22.14500046,21.16500092,21.54999924
12/1/2022,22.25,22.76000023,22.06999969,22.63699913
12/2/2022,22.77000046,23.21999931,22.37999916,23.03800011
12/5/2022,23.19000053,23.45999908,22.18499947,22.1989994
12/6/2022,22.22500038,22.47999954,22,22.12299919
12/7/2022,22.60499954,22.77499962,22.5,22.70999908
12/8/2022,22.68499947,23.06299973,22.57500076,23.06299973
12/9/2022,23.12000084,23.70499992,23.12000084,23.53499985
12/12/2022,23.42000008,23.51499939,23.21999931,23.21999931
12/13/2022,23.32500076,24.15500069,23.32500076,23.8010006
12/14/2022,23.75499916,24.07999992,23.5,23.94599915
12/15/2022,23.94499969,23.94499969,23.04000092,23.12800026
12/16/2022,23.10000038,23.21500015,23.05500031,23.15099907
12/19/2022,23.02899933,23.02899933,22.94499969,23.02899933
12/20/2022,23.08499908,24.17000008,23.08499908,24.09399986
12/21/2022,24.02000046,24.08499908,24.02000046,24.03499985
12/22/2022,24.04999924,24.04999924,23.45499992,23.47599983
12/23/2022,23.71500015,23.87999916,23.61000061,23.76399994
12/27/2022,24.11499977,24.13999939,24.04000092,24.04000092
12/28/2022,24.07500076,24.09499931,23.58499908,23.66300011
12/29/2022,23.58499908,24.07799911,23.57999992,24.07799911
12/30/2022,24.05500031,24.15500069,23.86199951,23.86199951
1/3/2023,24.45499992,24.53000069,23.97999954,24.05900002
1/4/2023,24.08499908,24.10499954,23.75,23.79199982
1/5/2023,23.5,23.5,23.14500046,23.25799942
1/6/2023,23.29500008,23.8220005,23.29000092,23.8220005
1/9/2023,23.71199989,23.71199989,23.71199989,23.71199989
1/10/2023,23.43000031,23.50699997,23.42499924,23.50699997
1/11/2023,23.54999924,23.80500031,23.18499947,23.32699966
1/12/2023,23.80500031,23.86300087,23.80500031,23.86300087
1/13/2023,23.88999939,24.2310009,23.5,24.2310009
1/17/2023,24.30999947,24.31500053,23.94400024,23.94400024
1/18/2023,24.25,24.26000023,23.53000069,23.53000069
1/19/2023,23.75399971,23.75399971,23.75399971,23.75399971
1/20/2023,23.82999992,23.82999992,23.82999992,23.82999992
1/23/2023,23.07999992,23.45199966,22.85000038,23.45199966
1/24/2023,23.43499947,23.70499992,23.25,23.64900017
1/25/2023,23.68499947,23.94499969,23.62000084,23.8390007
1/26/2023,23.99500084,24.18499947,23.78000069,23.93000031
1/27/2023,23.52700043,23.52700043,23.52700043,23.52700043
1/30/2023,23.69499969,23.79000092,23.64500046,23.64500046
1/31/2023,23.55500031,23.74799919,23.05500031,23.74799919
2/1/2023,23.52000046,23.83499908,23.51000023,23.52099991
2/2/2023,24.19499969,24.45999908,23.5340004,23.5340004
2/3/2023,22.5,22.5,22.33399963,22.33399963
2/6/2023,22.23500061,22.23999977,22.17700005,22.17700005
2/7/2023,22.11700058,22.11700058,22.11700058,22.11700058
2/8/2023,22.16500092,22.36700058,22.16500092,22.36700058
2/9/2023,22.09700012,22.09700012,21.94499969,22.09700012
2/10/2023,22.11000061,22.11000061,21.98999977,22.0340004
2/13/2023,21.78000069,21.97500038,21.78000069,21.81800079
2/14/2023,21.98999977,21.98999977,21.84199905,21.84199905
2/15/2023,21.84000015,21.84499931,21.54599953,21.54599953
2/16/2023,21.625,21.68499947,21.54500008,21.68400002
2/17/2023,21.69499969,21.72500038,21.69400024,21.69400024
2/21/2023,21.96999931,21.96999931,21.85499954,21.86899948
2/22/2023,21.87999916,21.88500023,21.6609993,21.6609993
2/23/2023,21.51000023,21.56999969,21.29899979,21.29899979
2/24/2023,21.32999992,21.32999992,20.80599976,20.80599976
2/27/2023,20.75,20.81999969,20.51499939,20.67000008
2/28/2023,20.63999939,21.01000023,20.47500038,20.96100044
3/1/2023,20.87999916,21.14999962,20.87999916,20.95899963
3/2/2023,20.91500092,20.91500092,20.73500061,20.76600075
3/3/2023,21,21.21999931,20.92499924,21.09300041
3/6/2023,21.17499924,21.21999931,20.97999954,20.98399925
3/7/2023,20.98500061,20.98500061,19.98999977,20.05400085
3/8/2023,20.03499985,20.13999939,19.82999992,20.00499916
3/9/2023,20.01000023,20.03000069,20.01000023,20.02499962
3/10/2023,20.375,20.375,20.375,20.375
3/13/2023,20.69000053,21.79299927,20.69000053,21.79299927
3/14/2023,21.51000023,21.92900085,21.5,21.92900085
3/15/2023,21.60000038,22.07999992,21.60000038,21.77400017
3/16/2023,21.85499954,21.86000061,21.57999992,21.58799934
3/17/2023,21.75,22.35099983,21.75,22.35099983
3/20/2023,22.62999916,22.71999931,22.41500092,22.53300095
3/21/2023,22.56999969,22.60000038,22.20499992,22.3239994
3/22/2023,22.68000031,23.06500053,22.64999962,22.67499924
3/23/2023,23.1439991,23.1439991,23.1439991,23.1439991
3/24/2023,23.24699974,23.24699974,23.24699974,23.24699974
3/27/2023,23.05400085,23.05400085,23.05400085,23.05400085
3/28/2023,23.09499931,23.3239994,23.09499931,23.3239994
3/29/2023,23.37599945,23.37599945,23.37599945,23.37599945
3/30/2023,23.98500061,23.98500061,23.60499954,23.90200043
3/31/2023,23.87000084,24.16500092,23.87000084,24.07600021
4/3/2023,23.72500038,24.06999969,23.69499969,23.94099998
4/4/2023,24.41500092,25.08499908,24.41500092,25.02199936
4/5/2023,25.11499977,25.14500046,24.79000092,24.96299934
4/6/2023,24.67000008,25.03000069,24.67000008,25.02499962
4/10/2023,24.85000038,24.85000038,24.84600067,24.84600067
4/11/2023,24.95999908,25.15999985,24.95999908,25.13100052
4/12/2023,25.16500092,25.58499908,25.16500092,25.40399933
4/13/2023,25.54000092,25.95000076,25.54000092,25.87400055
4/14/2023,25.79999924,25.89999962,25.34000015,25.42399979
4/17/2023,25.0529995,25.0529995,25.0529995,25.0529995
4/18/2023,25.18000031,25.29999924,25.15999985,25.24799919
4/19/2023,24.80500031,25.36599922,24.80500031,25.36599922
4/20/2023,25.22999954,25.36800003,25.22500038,25.36800003
4/21/2023,25.16500092,25.18000031,25.0529995,25.0529995
4/24/2023,25.04999924,25.30599976,25.02499962,25.30599976
4/25/2023,25.19499969,25.19499969,24.75,24.87700081
4/26/2023,25.12999916,25.12999916,24.87100029,24.87100029
4/27/2023,24.97500038,25.20999908,24.56500053,24.9829998
4/28/2023,24.95499992,25.11000061,24.78499985,24.99900055
5/1/2023,25.06999969,25.95999908,25.00900078,25.00900078
5/2/2023,24.73500061,25.52000046,24.60000038,25.40399933
5/3/2023,25.42499924,25.59499931,25.19000053,25.47599983
5/4/2023,25.75499916,26.07999992,25.57999992,26.03499985
5/5/2023,26.20000076,26.20000076,25.26499939,25.74300003
5/8/2023,25.71999931,25.71999931,25.63599968,25.63599968
5/9/2023,25.5,25.71500015,25.44499969,25.69799995
5/10/2023,25.57999992,25.97500038,25.37000084,25.46100044
5/11/2023,25.18000031,25.21500015,24.17000008,24.25499916
5/12/2023,23.78000069,24.20999908,23.78000069,23.99200058
5/15/2023,24.06500053,24.13999939,23.91500092,24.12700081
5/16/2023,23.90999985,24.02499962,23.73699951,23.73699951
5/17/2023,23.57999992,23.81500053,23.57999992,23.75200081
5/18/2023,23.46500015,23.57999992,23.375,23.49500084
5/19/2023,23.92000008,23.95000076,23.92000008,23.92000008
5/22/2023,23.67499924,23.71500015,23.67499924,23.71500015
5/23/2023,23.5,23.62999916,23.14999962,23.47400093
5/24/2023,23.43499947,23.47999954,23.06500053,23.11499977
5/25/2023,22.87000084,22.98500061,22.7859993,22.7859993
5/26/2023,23.12999916,23.23999977,23.11499977,23.23999977
5/30/2023,23.28499985,23.37000084,22.93000031,23.125
5/31/2023,23.32999992,23.57999992,23.32999992,23.47400093
6/1/2023,23.875,23.875,23.875,23.875
6/2/2023,23.84000015,23.84000015,23.64299965,23.64299965
6/5/2023,23.5340004,23.5340004,23.5340004,23.5340004
6/6/2023,23.5739994,23.5739994,23.5739994,23.5739994
6/7/2023,23.43899918,23.43899918,23.43899918,23.43899918
6/8/2023,23.52000046,24.26399994,23.52000046,24.26399994
6/9/2023,24.38999939,24.38999939,24.33399963,24.33399963
6/12/2023,24.28499985,24.28499985,23.98500061,23.98500061
6/13/2023,23.75600052,23.75600052,23.75600052,23.75600052
6/14/2023,24.04400063,24.04400063,24.04400063,24.04400063
6/15/2023,23.89100075,23.89100075,23.89100075,23.89100075
6/16/2023,24.07600021,24.07600021,24.07600021,24.07600021
6/20/2023,23.19300079,23.19300079,23.19300079,23.19300079
6/21/2023,22.77400017,22.77400017,22.77400017,22.77400017
6/22/2023,22.43600082,22.43600082,22.43600082,22.43600082
6/23/2023,22.32799911,22.32799911,22.32799911,22.32799911
6/26/2023,22.80500031,22.85000038,22.80500031,22.80500031
6/27/2023,22.93899918,22.93899918,22.93899918,22.93899918
6/28/2023,22.86499977,22.86800003,22.86499977,22.86800003
6/29/2023,22.74500084,22.90500069,22.29999924,22.5909996
6/30/2023,22.53000069,22.80999947,22.34499931,22.80999947
7/3/2023,22.76499939,23.00499916,22.70499992,22.89599991
7/5/2023,22.92000008,23.31500053,22.92000008,23.1970005
7/6/2023,23.15500069,23.23999977,22.68600082,22.68600082
7/7/2023,22.86000061,23.11000061,22.86000061,23.09199905
7/10/2023,23.04999924,23.15099907,22.76000023,23.15099907
7/11/2023,23.22500038,23.30500031,23.08600044,23.08600044
7/12/2023,23.13999939,24.11899948,23.13999939,24.11899948
7/13/2023,24.29999924,24.81500053,24.29999924,24.76799965
7/14/2023,24.90999985,25.01399994,24.79999924,25.01399994
7/17/2023,24.92000008,24.92000008,24.84000015,24.84399986
7/18/2023,24.96500015,25.10000038,24.96500015,25.08399963
7/19/2023,25.25,25.25,25.04500008,25.21899986
7/20/2023,25.28000069,25.28000069,24.80500031,24.80500031
7/21/2023,24.69799995,24.69799995,24.69799995,24.69799995
7/24/2023,24.43600082,24.43600082,24.43600082,24.43600082
7/25/2023,24.54500008,24.73500061,24.54500008,24.68000031
7/26/2023,24.60499954,24.82500076,24.60499954,24.82500076
7/27/2023,24.23600006,24.23600006,24.23600006,24.23600006
7/28/2023,24.26499939,24.54500008,24.23999977,24.47500038
7/31/2023,24.47500038,24.98500061,24.31999969,24.89500046
8/1/2023,24.89999962,24.90500069,24.25499916,24.43000031
8/2/2023,24.47999954,24.62999916,23.76000023,23.82500076
8/3/2023,23.83499908,23.94000053,23.40999985,23.67499924
8/4/2023,23.70999908,23.89500046,23.27499962,23.72500038
8/7/2023,23.71999931,23.77499962,23.14500046,23.20499992
8/8/2023,23.20000076,23.25499916,22.71999931,22.83499908
8/9/2023,22.81999969,22.98999977,22.68000031,22.72999954
8/10/2023,22.72999954,23.05999947,22.66500092,22.75499916
8/11/2023,22.76000023,22.90999985,22.61000061,22.74500084
8/14/2023,22.73999977,22.81999969,22.40999985,22.65500069
8/15/2023,22.45499992,22.59499931,22.45499992,22.59499931
8/16/2023,22.65500069,22.65500069,22.47999954,22.47999954
8/17/2023,22.60000038,22.95499992,22.60000038,22.67000008
8/18/2023,22.75,22.92000008,22.67000008,22.79000092
8/21/2023,22.79500008,23.375,22.70999908,23.375
8/22/2023,23.375,23.51499939,23.26499939,23.46999931
8/23/2023,23.48500061,24.43000031,23.47500038,24.38500023
8/24/2023,24.39500046,24.42000008,24.11499977,24.18000031
8/25/2023,24.19000053,24.44000053,23.96999931,24.28499985
8/28/2023,24.27499962,24.39500046,24.08499908,24.28000069
8/29/2023,24.27499962,24.84499931,24.20499992,24.77499962
8/30/2023,25.13500023,25.13500023,24.56999969,25.01000023
8/31/2023,25.02000046,25.05999947,24.47500038,24.47500038
9/1/2023,24.81999969,25.21999931,24.52000046,24.54500008
9/4/2023,24.56500053,24.65500069,24.32500076,24.34000015
9/5/2023,24.56500053,24.65500069,23.81500053,23.87999916
9/6/2023,23.87999916,23.93499947,23.31500053,23.49500084
9/7/2023,23.5,23.5,23.12999916,23.25
9/8/2023,23.26000023,23.45499992,23.12999916,23.19499969
9/11/2023,23.19499969,23.51499939,23.18000031,23.375
9/12/2023,23.38999939,23.47999954,23.11000061,23.37000084
9/13/2023,23.375,23.38999939,23.02499962,23.12999916
9/14/2023,23.13999939,23.26499939,22.55500031,22.94000053
9/15/2023,22.93000031,23.58499908,22.90999985,23.30500031
9/18/2023,23.31999969,23.54000092,23.23500061,23.52499962
9/19/2023,23.53000069,23.70499992,23.36499977,23.47500038
9/20/2023,23.47999954,23.87999916,23.32500076,23.52000046
9/21/2023,23.52000046,23.74500084,23.05999947,23.68000031
9/22/2023,23.67499924,24.04999924,23.66500092,23.81999969
9/25/2023,23.80999947,23.92499924,23.29000092,23.38500023
9/26/2023,23.38999939,23.38999939,23.10000038,23.11000061
9/27/2023,23.10000038,23.12000084,22.63999939,22.78000069
9/28/2023,22.79999924,22.95499992,22.61000061,22.83499908
9/29/2023,22.84000015,23.80500031,22.32500076,22.38999939
10/2/2023,22.40999985,22.40999985,21.21500015,21.23999977
10/3/2023,21.30999947,21.59499931,20.87000084,21.34000015
10/4/2023,21.375,21.56999969,20.85000038,21.17000008
10/5/2023,21.18000031,21.45499992,20.85499954,21.12000084
10/6/2023,21.12000084,21.78000069,20.94000053,21.76499939
10/9/2023,21.94000053,22.18000031,21.70499992,22.02000046
10/10/2023,22.03000069,22.11000061,21.77499962,22.00499916
10/11/2023,22.01499939,22.27499962,21.95499992,22.20000076
10/12/2023,22.20499992,22.38999939,21.87999916,21.97500038
10/13/2023,21.98500061,22.98999977,21.95999908,22.89500046
10/16/2023,22.90999985,22.90999985,22.63500023,22.77499962
10/17/2023,22.78000069,23.18000031,22.53499985,22.96999931
10/18/2023,22.97500038,23.48999977,22.84000015,23
10/19/2023,22.77000046,22.88699913,22.77000046,22.88699913
10/20/2023,23.19000053,23.87999916,23.01499939,23.53000069
10/23/2023,23.50499916,23.50499916,22.89500046,23.125
10/24/2023,23.09499931,23.35000038,22.80500031,23.05999947
10/25/2023,23.05999947,23.15999985,22.69000053,23.01000023
10/26/2023,23.00499916,23.27499962,22.56500053,22.93000031
10/27/2023,22.93499947,23.25499916,22.77499962,23.23999977
10/30/2023,23.24500084,23.75,23.13500023,23.45499992
10/31/2023,23.45499992,23.46500015,22.84000015,22.95999908
11/1/2023,22.95499992,23.12999916,22.64500046,23.04999924
11/2/2023,23.04999924,23.23999977,22.75499916,22.86499977
11/3/2023,22.875,23.41500092,22.67499924,23.33499908
11/6/2023,23.33499908,23.36000061,23.08499908,23.11000061
11/7/2023,23.125,23.17000008,22.50499916,22.69499969
11/8/2023,22.70499992,22.93499947,22.375,22.63500023
11/9/2023,22.625,23.06999969,22.41500092,22.69000053
11/10/2023,22.70499992,22.79999924,22.22999954,22.28499985
11/13/2023,22.30999947,22.40500069,21.92499924,22.36000061
11/14/2023,22.37000084,23.25499916,22.14999962,23.14999962
11/15/2023,23.15999985,23.70999908,23.09499931,23.51499939
11/16/2023,23.51000023,24.16500092,23.35000038,23.80999947
11/17/2023,23.82500076,24.21999931,23.72999954,23.79000092
11/20/2023,23.78499985,23.87000084,23.29999924,23.47500038
11/21/2023,23.48500061,24.07999992,23.46999931,23.79999924
11/22/2023,23.79500008,24.00499916,23.57999992,23.69000053
11/23/2023,23.66500092,23.83499908,23.64999962,23.76000023
11/24/2023,23.66500092,24.39500046,23.61000061,24.3409996
11/27/2023,24.375,24.93499947,24.31999969,24.70499992
11/28/2023,24.93000031,24.93000031,24.93000031,24.93000031
11/29/2023,25.04999924,25.30500031,24.85000038,25.0720005
11/30/2023,25.39999962,25.87000084,25.39999962,25.67499924
12/1/2023,25.39999962,25.94000053,25.39999962,25.48999977
12/4/2023,25.94499969,26.34000015,24.78499985,24.90999985
12/5/2023,24.91500092,25.02000046,24.31999969,24.51499939
12/6/2023,24.53000069,24.71500015,24.20999908,24.27000046
12/7/2023,24.22999954,24.35000038,23.90500069,24.11000061
12/8/2023,24.13999939,24.22500038,23.24500084,23.32500076
12/11/2023,23.29999924,23.39999962,23.01499939,23.14500046
12/12/2023,23.125,23.45000076,22.97500038,23.06500053
12/13/2023,23.07500076,24.08499908,22.78499985,24.06999969
12/14/2023,24.09499931,24.52499962,24.05999947,24.45000076
12/15/2023,24.47500038,24.59000015,24.04999924,24.14500046
12/18/2023,24.125,24.35499954,23.95499992,24.10499954
12/19/2023,23.96500015,24.06500053,23.95999908,24.04000092
12/20/2023,24.07999992,24.38500023,23.96500015,24.34700012
12/21/2023,24.45999908,24.79000092,24.43000031,24.68499947
12/22/2023,24.70499992,24.89500046,24.37000084,24.42499924
12/26/2023,24.49500084,24.70000076,24.34000015,24.51000023
12/27/2023,24.50499916,24.72999954,24.21999931,24.56500053
12/28/2023,24.54999924,24.73999977,24.22999954,24.25499916
12/29/2023,24.22500038,24.23500061,23.76000023,24.03499985
1/2/2024,24.04500008,24.33499908,23.875,23.88500023
1/3/2024,23.88500023,23.95000076,23.04500008,23.22999954
1/4/2024,23.19000053,23.26000023,22.87999916,23.22500038
1/5/2024,23.20499992,23.71500015,22.96999931,23.375
1/8/2024,23.37999916,23.40999985,23.02000046,23.30999947
1/9/2024,23.31500053,23.56500053,23.07999992,23.16500092
1/10/2024,23.15999985,23.29000092,22.93499947,23.08499908
1/11/2024,23.08499908,23.39999962,22.62999916,22.90999985
1/12/2024,22.92000008,23.71999931,22.91500092,23.36000061
1/15/2024,23.35000038,23.5,23.27499962,23.38999939
1/16/2024,23.35000038,23.5,23.01499939,23.08499908
1/17/2024,23.09499931,23.11000061,22.67000008,22.70999908
1/18/2024,22.71500015,22.89999962,22.52000046,22.80699921
1/19/2024,22.88500023,22.97999954,22.59499931,22.75
1/22/2024,22.74500084,22.78000069,22.04000092,22.20499992
1/23/2024,22.20000076,22.57999992,22.16500092,22.57500076
1/24/2024,22.56999969,23.09000015,22.46500015,22.80500031
1/25/2024,22.79999924,23.07500076,22.76499939,23.03000069
1/26/2024,23.02499962,23.10000038,22.80999947,22.89999962
1/29/2024,22.92000008,23.34000015,22.87999916,23.32500076
1/30/2024,23.31999969,23.43000031,23.05500031,23.29000092
1/31/2024,23.29000092,23.44499969,22.89500046,23.05999947
2/1/2024,23.05500031,23.36499977,22.60499954,23.29000092
2/2/2024,23.28499985,23.35499954,22.48500061,22.79000092
2/5/2024,22.84000015,22.84000015,22.32500076,22.43499947
2/6/2024,22.43000031,22.57500076,22.34000015,22.50499916
2/7/2024,22.50499916,22.53499985,22.27499962,22.29500008
2/8/2024,22.28499985,22.70499992,22.19499969,22.65999985
2/9/2024,22.64500046,22.79500008,22.42000008,22.67000008
2/12/2024,22.62999916,23.14999962,22.57500076,22.75499916
2/13/2024,22.73999977,23.04999924,22.03000069,22.16500092
2/14/2024,22.03499985,22.33099937,22.00499916,22.33099937
2/15/2024,22.42499924,23.09000015,22.39999962,22.96999931
2/16/2024,22.42499924,23.55999947,22.42499924,23.47500038
2/19/2024,23.46500015,23.51000023,22.98500061,23.03499985
2/20/2024,23.46500015,23.51000023,22.95499992,23.04500008
2/21/2024,23.46500015,23.46500015,22.79000092,22.93000031
2/22/2024,22.93000031,23.20000076,22.76000023,22.78000069
2/23/2024,22.78499985,23.03000069,22.57999992,22.97500038
2/26/2024,22.97999954,22.97999954,22.45499992,22.52499962
2/27/2024,22.52499962,22.70999908,22.40500069,22.44000053
2/28/2024,22.67000008,22.73500061,22.46999931,22.67499924
2/29/2024,22.67499924,23,22.5,22.65500069
3/1/2024,22.88500023,23.48500061,22.70999908,23.25
3/4/2024,23.37000084,24.15999985,23.22999954,24.10499954
3/5/2024,24.125,24.45499992,23.84499931,23.88999939
3/6/2024,23.89500046,24.53499985,23.78499985,24.39999962
3/7/2024,24.39999962,24.73500061,24.22500038,24.54500008
3/8/2024,24.54500008,24.86000061,24.37999916,24.52499962
3/11/2024,24.67499924,24.68499947,24.67000008,24.67499924
3/12/2024,24.46500015,24.50499916,24.19400024,24.19400024
3/13/2024,25.22500038,25.22999954,25.19499969,25.21999931
3/14/2024,25.03000069,25.03000069,25,25.01000023
3/15/2024,25.03000069,25.65999985,25,25.40500069
3/18/2024,25.25,25.25499916,25.22999954,25.25
3/19/2024,25.09000015,25.10499954,25.07500076,25.09499931
3/20/2024,25.79000092,25.93000031,25.75,25.89500046
3/21/2024,24.92000008,24.93499947,24.92000008,24.93000031
3/22/2024,24.92000008,25.11000061,24.57999992,24.84000015
3/25/2024,24.84499931,24.84499931,24.80999947,24.80999947
3/26/2024,24.59499931,24.59499931,24.54500008,24.54999924
3/27/2024,24.77000046,24.77000046,24.69499969,24.73500061
3/28/2024,24.77000046,25.12999916,24.50499916,25.10000038
4/1/2024,25.23500061,25.23500061,25.19499969,25.21500015
4/2/2024,26.26499939,26.36499977,26.26499939,26.31500053
4/3/2024,27.30500031,27.34499931,27.28000069,27.34000015
4/4/2024,27.05999947,27.10000038,27.03000069,27.04999924
4/5/2024,27.05999947,27.61499977,26.39999962,27.60000038
4/8/2024,27.96999931,27.99500084,27.92499924,27.93499947
4/9/2024,28.27000046,28.28499985,28.25,28.28000069
4/10/2024,27.76499939,27.98500061,27.76499939,27.96100044
4/11/2024,28.53499985,28.62000084,28.52499962,28.60000038
4/12/2024,28.53499985,29.90500069,27.94499969,27.96999931
4/15/2024,28.95000076,29.06999969,28.92499924,29.03499985
4/16/2024,28.19499969,28.22999954,28.18499947,28.20000076
4/17/2024,28.28499985,28.31999969,28.28499985,28.30999947
4/18/2024,28.30999947,28.30999947,28.28499985,28.29500008
4/19/2024,28.30999947,29.01000023,28.12000084,28.74500084
4/22/2024,27.20000076,27.27499962,27.20000076,27.26499939
4/23/2024,27.13500023,27.40999985,27.13500023,27.33099937
4/24/2024,27.13999939,27.3239994,27.12999916,27.3239994
4/25/2024,27.34199905,27.34199905,27.34199905,27.34199905
4/26/2024,27.24099922,27.24099922,27.24099922,27.24099922
4/29/2024,27.20000076,27.44000053,26.95999908,27.37299919
4/30/2024,27.45499992,27.45499992,27.01000023,27.04500008
5/1/2024,26.28499985,26.94499969,26.28499985,26.48900032
5/2/2024,26.71500015,26.79500008,26.03499985,26.58300018
5/3/2024,26.62999916,26.78499985,26.15999985,26.44499969
5/6/2024,26.95000076,27.38999939,26.95000076,27.36899948
5/7/2024,27.29999924,27.44499969,27.28000069,27.3029995
5/8/2024,27.26499939,27.42000008,27.26499939,27.36100006
5/9/2024,27.60499954,28.20000076,27.60000038,28.13199997
5/10/2024,28.59499931,28.59499931,28.22999954,28.27499962
5/13/2024,28.42000008,28.49500084,28.40999985,28.49500084
5/14/2024,28.85499954,28.86000061,28.82500076,28.85000038
5/15/2024,29.89999962,30.04000092,29.88500023,29.96999931
5/16/2024,29.82500076,29.87000084,29.81500053,29.87000084
5/17/2024,29.82500076,31.85000038,29.70000076,31.77499962
5/20/2024,32.05500031,32.11500168,32.04000092,32.08499908
5/21/2024,32.22499847,32.29999924,32.20500183,32.23500061
5/22/2024,31.01499939,31.02000046,30.90999985,30.97500038
5/23/2024,30.32999992,30.34499931,30.29999924,30.31999969
5/24/2024,30.32999992,30.83499908,30.23500061,30.54000092
5/27/2024,30.56500053,32.06499863,30.55500031,31.82999992
5/28/2024,32.31000137,32.34999847,32.25999832,32.25999832
5/29/2024,32.16999817,32.18000031,32.125,32.16500092
5/30/2024,31.34499931,31.36000061,31.29500008,31.34000015
5/31/2024,31.34499931,31.94499969,30.34499931,30.55500031
6/3/2024,30.88999939,30.94499969,30.82500076,30.875
6/4/2024,29.64500046,29.70000076,29.62000084,29.68000031
6/5/2024,30.14500046,30.17000008,30.12000084,30.12000084
6/6/2024,31.46999931,31.49500084,31.44000053,31.46500015
6/7/2024,31.46999931,31.67000008,29.21999931,29.27000046
6/10/2024,29.95000076,29.98500061,29.86499977,29.89999962
6/11/2024,29.38500023,29.38999939,29.37000084,29.38500023
6/12/2024,29.79999924,29.82999992,29.73999977,29.74500084
6/13/2024,29.03000069,29.03000069,28.98500061,29.01499939
6/14/2024,29.03000069,29.64999962,28.90500069,29.62000084
6/17/2024,29.53000069,29.57999992,29.53000069,29.57500076
6/18/2024,29.61499977,29.61499977,29.59000015,29.59000015
6/19/2024,29.61499977,29.86499977,29.40999985,29.82500076
6/20/2024,30.81500053,30.81500053,30.74500084,30.78499985
6/21/2024,30.81500053,30.90500069,29.50499916,29.57999992
6/24/2024,29.5,29.5,29.48900032,29.48900032
6/25/2024,29.5,29.5,28.83699989,28.83699989
6/26/2024,28.77000046,28.77000046,28.72500038,28.75
6/27/2024,29.28499985,29.28499985,29.24500084,29.25499916
6/28/2024,29.28499985,29.95499992,29.06999969,29.43499947
7/1/2024,29.76499939,29.79500008,29.72999954,29.73500061
7/2/2024,29.81500053,29.87999916,29.81500053,29.87999916
7/3/2024,30.81999969,30.84199905,30.76499939,30.84199905
7/4/2024,30.81999969,30.87999916,30.49500084,30.84199905
7/5/2024,30.81999969,31.79000092,30.45000076,31.52499962
7/8/2024,31.02000046,31.08499908,31.02000046,31.08499908
7/9/2024,31.08499908,31.08499908,31.05500031,31.07500076
7/10/2024,30.77000046,30.77000046,30.72699928,30.72699928
7/11/2024,30.94000053,31.70499992,30.90500069,31.3939991
7/12/2024,31.72500038,31.72500038,30.62000084,31.02499962
7/15/2024,30.93000031,30.93000031,30.86499977,30.87999916
7/16/2024,31.49500084,31.49500084,31.45499992,31.46999931
7/17/2024,30.50499916,30.55500031,30.5,30.54500008
7/18/2024,30.02000046,30.03000069,29.97999954,30
7/19/2024,30.02000046,30.03000069,29.05999947,29.40500069
7/22/2024,29.31500053,29.31500053,29.28000069,29.28000069
7/23/2024,29.42000008,29.42000008,29.34000015,29.34499931
7/24/2024,29.07500076,29.07500076,29,29
7/25/2024,27.98999977,28,27.96500015,27.97500038
7/26/2024,27.98999977,28.21999931,27.75,28.06999969
7/29/2024,28.03000069,28.03499985,27.98999977,28.02000046
7/30/2024,28.54000092,28.55999947,28.52000046,28.52000046
7/31/2024,29.16500092,29.20499992,29.14999962,29.19499969
8/1/2024,28.62000084,28.65999985,28.57999992,28.60000038
8/2/2024,28.62000084,29.35499954,28.05999947,28.68499947
8/5/2024,27.36499977,27.40999985,27.33499908,27.36499977
8/6/2024,27.08499908,27.10000038,27.01499939,27.02499962
8/7/2024,26.69499969,26.69499969,26.50499916,26.63500023
8/8/2024,27.63999939,27.64500046,27.55500031,27.56500053
8/9/2024,27.63999939,27.84000015,27.32500076,27.54000092
8/12/2024,28.03499985,28.04999924,28,28.04500008
8/13/2024,27.93499947,27.94000053,27.88500023,27.89999962
8/14/2024,27.25399971,27.25399971,27.25399971,27.25399971
8/15/2024,28.42000008,28.42499924,28.36000061,28.38999939
8/16/2024,28.42000008,29.09499931,28.08499908,29.08499908
8/19/2024,29.48999977,29.55500031,29.47999954,29.54500008
8/20/2024,29.46999931,29.52000046,29.46500015,29.51000023
8/21/2024,29.62000084,29.63500023,29.55999947,29.62000084
8/22/2024,28.99500084,28.99500084,28.94499969,28.96500015
8/23/2024,28.99500084,29.91500092,28.94499969,29.86000061
8/26/2024,29.90999985,29.92000008,29.89500046,29.89999962
8/27/2024,29.98500061,30.02499962,29.96999931,30.02499962
8/28/2024,29.98500061,30.10000038,29.07999992,29.125
8/29/2024,29.84000015,29.84000015,29.78499985,29.80999947
8/30/2024,29.84000015,30,29.07999992,29.24500084
9/2/2024,29.23999977,29.35000038,28.70000076,28.93499947
9/3/2024,28.38999939,28.40500069,28.37000084,28.40500069
9/4/2024,28.62999916,28.62999916,28.54999924,28.55999947
9/5/2024,29.15500069,29.18000031,29.14999962,29.15500069
9/6/2024,29.15500069,29.46999931,28.01000023,28.27000046
9/9/2024,28.69000053,28.70999908,28.68000031,28.69000053
9/10/2024,28.24500084,28.25699997,28.20499992,28.25699997
9/11/2024,29.02000046,29.04999924,29.00499916,29.04000092
9/12/2024,30.22999954,30.24500084,30.20000076,30.22999954
9/13/2024,30.22999954,31.28000069,30.19000053,31.06500053
9/16/2024,31.07500076,31.11499977,31.05999947,31.11000061
9/17/2024,31.02499962,31.04999924,31.02499962,31.03000069
9/18/2024,30.41500092,30.45999908,30.34000015,30.42000008
9/19/2024,31.11000061,31.13500023,31.06500053,31.11499977
9/20/2024,31.11000061,31.75499916,31.04000092,31.49500084
9/23/2024,31.02000046,31.02000046,31,31.01499939
9/24/2024,32.44499969,32.5,32.43999863,32.46500015
9/25/2024,32.11000061,32.15000153,32.10499954,32.13999939
9/26/2024,32.31000137,32.34500122,32.29499817,32.31999969
9/27/2024,32.31000137,32.59000015,31.63500023,31.91500092
9/30/2024,31.42000008,31.42499924,31.37999916,31.40500069
10/1/2024,31.70499992,31.70999908,31.59499931,31.65999985
10/2/2024,32.09999847,32.16999817,32.09500122,32.15999985
10/3/2024,32.29000092,32.31499863,32.26499939,32.29000092
10/4/2024,32.29000092,33.22499847,31.75499916,32.44499969
10/7/2024,31.94499969,31.94499969,31.86499977,31.88500023
10/8/2024,30.86000061,30.92499924,30.84499931,30.90999985
10/9/2024,30.70999908,30.72999954,30.67499924,30.67499924
10/10/2024,31.375,31.375,31.30999947,31.31999969
10/11/2024,31.375,31.84499931,31.26000023,31.73500061
10/14/2024,31.39999962,31.43000031,31.37999916,31.41500092
10/15/2024,31.68499947,31.68499947,31.65999985,31.67499924
10/16/2024,31.90500069,31.91500092,31.88500023,31.89500046
10/17/2024,31.875,31.89999962,31.85499954,31.875
10/18/2024,31.875,33.97000122,31.85499954,33.92499924
10/21/2024,34.00999832,34.02500153,33.97000122,34.02500153
10/22/2024,35.05500031,35.06999969,34.96500015,34.98500061
10/23/2024,33.875,33.88000107,33.82500076,33.86000061
10/24/2024,33.84999847,33.86000061,33.77999878,33.81000137
10/25/2024,33.84999847,34.15999985,33.25999832,33.88000107
10/28/2024,33.84500122,33.85499954,33.76499939,33.79999924
10/29/2024,34.61999893,34.61999893,34.58000183,34.60499954
10/30/2024,33.94499969,33.94499969,33.84000015,33.875
10/31/2024,32.79499817,32.83499908,32.75999832,32.83499908
11/1/2024,32.79499817,33.25,32.45999908,32.57500076
11/4/2024,32.56999969,33,32.41500092,32.58000183
11/5/2024,32.58000183,33.05500031,32.35499954,32.77500153
11/6/2024,32.77999878,32.84999847,30.94000053,31.28499985
11/7/2024,31.29500008,32.26499939,30.95999908,32.13999939
11/8/2024,32.15499878,32.16999817,31.29999924,31.42499924
11/11/2024,31.41500092,31.65999985,30.54999924,30.78499985
11/12/2024,30.77499962,30.93000031,30.28000069,30.82500076
11/13/2024,30.96999931,30.96999931,30.43000031,30.59000015
11/14/2024,30.41500092,30.73999977,29.75,30.53499985
11/15/2024,30.53000069,30.89999962,30.26000023,30.33499908
11/18/2024,30.37000084,31.35499954,30.35000038,31.26000023
11/19/2024,31.24500084,31.61499977,31.125,31.29500008
11/20/2024,31.30500031,31.42000008,30.86000061,30.94000053
11/21/2024,30.95499992,31.37999916,30.71500015,30.87000084
11/22/2024,30.86000061,31.46999931,30.80500031,31.40500069
11/25/2024,31.39999962,31.54500008,30.11499977,30.35000038
11/26/2024,30.34499931,30.73999977,30.02499962,30.47999954
11/27/2024,30.93000031,31.18499947,30.43499947,30.55999947
11/28/2024,30.55999947,30.75,30.09499931,30.30500031
11/29/2024,30.55999947,31.375,30.09499931,30.68499947
12/2/2024,31.12000084,31.13500023,30.51000023,30.53499985
12/3/2024,30.98999977,31.11000061,30.87000084,31.11000061
12/4/2024,31.50499916,31.50499916,30.92000008,31.43000031
12/5/2024,31.82500076,31.95000076,31.28000069,31.28000069
12/6/2024,31.82500076,31.82500076,31.07999992,31.48500061
12/9/2024,31.47999954,32.94499969,31.375,32.45000076
12/10/2024,32.45999908,32.45999908,32.03499985,32.35499954
12/11/2024,32.65999985,33.13999939,32.40999985,32.41500092
12/12/2024,32.79000092,32.79000092,31.22500038,31.56500053
12/13/2024,31,31.62999916,30.75499916,31
12/16/2024,30.81500053,30.81500053,30.68000031,30.68000031
12/17/2024,30.34499931,30.57299995,30.29000092,30.57299995
12/18/2024,30.44000053,30.44000053,29.87999916,30.40999985
12/19/2024,29.60499954,29.61499977,28.85499954,29.09399986
12/20/2024,29.47500038,30.23500061,29.19499969,30.07500076
12/23/2024,30.05500031,30.35499954,29.98999977,30.22500038
12/24/2024,30.20999908,30.37000084,30.11000061,30.28300095
12/26/2024,30.01499939,30.11499977,29.97999954,30.04700089
12/27/2024,29.93499947,29.93499947,29.60499954,29.65500069
12/30/2024,29.97999954,30.10000038,29.27499962,29.375
12/31/2024,29.37999916,29.47999954,29.20000076,29.29000092
1/2/2025,29.30999947,30.04000092,29.27000046,29.98500061
1/3/2025,29.98500061,30.37999916,29.93499947,30.10000038
1/6/2025,30.09499931,30.95999908,29.875,30.48500061
1/7/2025,30.48500061,31.02499962,30.40999985,30.66500092
1/8/2025,30.65500069,31.04500008,30.45499992,30.74500084
1/9/2025,30.72999954,31.27000046,30.64999962,31.03000069
1/10/2025,31.04500008,31.84000015,30.70000076,31.29999924
1/13/2025,31.30500031,31.46500015,30.20499992,30.29500008
1/14/2025,30.30500031,30.57999992,30.11499977,30.55500031
1/15/2025,30.54500008,31.64999962,30.37000084,31.60000038
1/16/2025,31.60000038,31.98500061,31.53499985,31.61000061
1/17/2025,31.60499954,31.63999939,30.90999985,31.04500008
1/20/2025,31.08499908,31.30999947,30.77000046,31.20000076
1/21/2025,31.08499908,31.57500076,30.77000046,31.55500031
1/22/2025,31.55500031,31.70999908,31.11499977,31.38999939
1/23/2025,31.38500023,31.39500046,30.46500015,30.84499931
1/24/2025,30.84000015,31.68499947,30.82500076,31.04000092
1/27/2025,30.99500084,31.00499916,30.03499985,30.57500076
1/28/2025,30.57500076,30.95999908,30.23500061,30.94000053
1/29/2025,30.94000053,31.76499939,30.75499916,31.57500076
1/30/2025,31.57999992,32.81499863,31.55999947,32.77000046
1/31/2025,32.76499939,32.91999817,32.11500168,32.23500061
2/3/2025,32.14500046,32.45999908,31.62999916,32.39199829
2/4/2025,32.20999908,32.88800049,32.11500168,32.88800049
2/5/2025,32.80500031,32.85699844,32.63499832,32.85699844
2/6/2025,32.5,32.51800156,32.38499832,32.51800156
2/7/2025,32.74000168,32.74000168,32.11000061,32.33499908
2/10/2025,32.31000137,32.39199829,32.31000137,32.39199829
2/11/2025,32.11000061,32.25999832,31.63500023,32.23099899
2/12/2025,31.96500015,32.75500107,31.96500015,32.69499969
2/13/2025,32.83499908,32.88000107,32.53499985,32.65000153
2/14/2025,33.74499893,34.08000183,32.75,32.80099869
2/17/2025,32.75999832,32.75999832,32.75999832,32.75999832
2/18/2025,32.75999832,33.36000061,32.75999832,33.31700134
2/19/2025,33.56000137,33.56000137,32.99300003,32.99300003
2/20/2025,33.44400024,33.44400024,33.44400024,33.44400024
2/21/2025,33.45000076,33.54000092,32.81000137,32.82500076
2/24/2025,32.85499954,33.11999893,32.75500107,33.01499939
2/25/2025,32.72000122,32.79000092,31.60000038,32.05500031
2/26/2025,32.04000092,32.29999924,31.79000092,32.22499847
2/27/2025,32.53499985,32.59500122,31.56500053,31.56500053
2/28/2025,31.85499954,31.93000031,31.36499977,31.70499992
3/3/2025,31.71500015,32.20999908,31.375,31.86499977
3/4/2025,31.84000015,32.34999847,31.84000015,32.33000183
3/5/2025,32.56000137,33.31000137,32.39500046,33.24000168
3/6/2025,33.23500061,33.23500061,32.63000107,33.20999908
3/7/2025,32.93000031,33.31000137,32.56000137,32.91500092
3/10/2025,32.45999908,32.48500061,32.42499924,32.42499924
3/11/2025,33.375,33.42499924,33.11500168,33.11500168
3/12/2025,33.72499847,33.75500107,33.44499969,33.44499969
3/13/2025,34.50500107,34.56000137,34.20000076,34.20000076
3/14/2025,34.50500107,34.55500031,34.05500031,34.11000061
3/17/2025,34.38000107,34.43000031,34.38000107,34.40499878
3/18/2025,34.39500046,34.65999985,34.39500046,34.625
3/19/2025,34.42499924,34.48500061,34.41999817,34.47499847
3/20/2025,34.11500168,34.13499832,34.08499908,34.09999847
3/21/2025,33.29000092,33.52999878,33.29000092,33.52999878
3/24/2025,33.52999878,33.53499985,33.48500061,33.49499893
3/25/2025,34.25500107,34.27999878,34.09000015,34.09000015
3/26/2025,34.20999908,34.24000168,34.05500031,34.05500031
3/27/2025,35.32500076,35.34500122,35.29999924,35.34000015
3/28/2025,35.26499939,35.26499939,34.56000137,34.64400101
3/31/2025,34.77000046,34.78499985,34.64500046,34.68000031
4/1/2025,34.375,34.40499878,34.36500168,34.375
4/2/2025,34.95000076,34.95000076,33.65000153,34.04499817
4/3/2025,31.92000008,31.98999977,31.87000084,31.96999931
4/4/2025,31.92000008,32.04499817,29.11499977,29.52499962
4/7/2025,30.09000015,30.14500046,30,30.01000023
4/8/2025,29.78000069,29.80999947,29.65500069,29.65999985
4/9/2025,30.98999977,31.03000069,30.79500008,30.95499992
4/10/2025,31.11499977,31.19000053,31.10499954,31.10499954
4/11/2025,31.11499977,32.20999908,30.86499977,32.19499969
4/14/2025,32.27999878,32.31499863,32.25,32.27999878
4/15/2025,32.30500031,32.31000137,32.25500107,32.25999832
4/16/2025,32.77000046,32.90000153,32.75500107,32.89500046
4/17/2025,32.77000046,32.92499924,32.11000061,32.54499817
4/21/2025,32.63999939,32.70500183,32.63000107,32.68999863
4/22/2025,32.45000076,32.47499847,32.20000076,32.25
4/23/2025,33.56499863,33.61000061,33.54000092,33.56999969
4/24/2025,33.54999924,33.63000107,33.53499985,33.61999893
4/25/2025,33.54999924,33.68999863,32.71500015,33.02000046
4/28/2025,33.09500122,33.13999939,33.06999969,33.13999939
4/29/2025,32.88999939,33.20999908,32.88999939,33.20999908
4/30/2025,32.81000137,32.85499954,32.80500031,32.83499908
5/1/2025,32.63000107,32.67499924,32.61999893,32.65499878
5/2/2025,32.63000107,32.67499924,31.90999985,32.18000031
5/5/2025,32.69499969,32.70999908,32.63499832,32.63499832
5/6/2025,33.47000122,33.47999954,33.04499817,33.08499908
5/7/2025,32.57500076,32.59999847,32.54000092,32.58000183
5/8/2025,32.60499954,32.63499832,32.60499954,32.61500168
5/9/2025,32.72000122,32.72999954,32.71500015,32.72999954
5/12/2025,32.79999924,32.81499863,32.75500107,32.77999878
5/13/2025,33.08499908,33.11500168,33.07500076,33.09999847
5/14/2025,32.39500046,32.40499878,32.36999893,32.38000107
5/15/2025,32.79499817,32.83499908,32.79000092,32.79999924
5/16/2025,32.79499817,32.86500168,31.97999954,32.43000031
5/19/2025,32.5,32.51499939,32.47999954,32.5
5/20/2025,33.27500153,33.33000183,33.26499939,33.29999924
5/21/2025,33.58499908,33.64500046,33.56999969,33.63000107
5/22/2025,33.18500137,33.20999908,33.16999817,33.18000031
5/23/2025,33.18500137,33.69499969,33.02000046,33.63999939
5/26/2025,33.61000061,33.74499893,33.41999817,33.63499832
5/27/2025,33.38000107,33.39500046,33.375,33.39500046
5/28/2025,33.11000061,33.11500168,33.07500076,33.08000183
5/29/2025,33.45000076,33.47000122,33.43000031,33.43999863
5/30/2025,33.45000076,33.47000122,32.86500168,33.07500076
6/2/2025,34.91999817,34.93500137,34.88000107,34.90999985
6/3/2025,34.68000031,34.70999908,34.66999817,34.70500183
6/4/2025,34.65000153,34.67499924,34.63499832,34.63499832
6/5/2025,35.79999924,35.86999893,35.75500107,35.86000061
6/6/2025,35.79999924,36.50999832,35.75500107,36.13000107
6/9/2025,36.89500046,36.93000031,36.88999939,36.91999817
6/10/2025,36.67499924,36.68500137,36.625,36.68500137
6/11/2025,36.36000061,36.43000031,36.34999847,36.375
6/12/2025,36.40999985,36.41999817,36.40000153,36.40499878
6/13/2025,36.40999985,36.77000046,36.04000092,36.36999893
6/16/2025,36.36999893,36.38999939,36.33499908,36.35499954
6/17/2025,37.20500183,37.22499847,37.17499924,37.17499924
6/18/2025,37.20500183,37.20500183,36.74499893,36.77000046
6/19/2025,36.75,36.81999969,36.16500092,36.38000107
6/20/2025,35.77500153,35.97600174,35.77500153,35.97600174
6/23/2025,36.15999985,36.16500092,36.15299988,36.15299988
6/24/2025,35.83000183,35.83000183,35.59999847,35.70100021
6/25/2025,35.86000061,36.00999832,35.67499924,35.67499924
6/26/2025,36.56000137,36.56000137,36.52500153,36.53499985
6/27/2025,36.88999939,36.97499847,35.95000076,36.16500092
6/30/2025,36.32500076,36.34999847,36.31000137,36.33000183
7/1/2025,36.24499893,36.24499893,36.16500092,36.22999954
7/2/2025,36.79000092,36.82500076,36.77999878,36.80500031
7/3/2025,37.04999924,37.08399963,37.03499985,37.08399963
7/4/2025,37.04999924,37.16999817,36.84000015,37.13499832
7/7/2025,36.95500183,37.07500076,36.94499969,36.95000076
7/8/2025,36.93500137,36.95000076,36.88499832,36.91500092
7/9/2025,36.59999847,36.64500046,36.59500122,36.63999939
7/10/2025,37.64500046,37.84000015,37.63499832,37.79999924
7/11/2025,37.64500046,39.22499847,37.50999832,39.07500076
7/14/2025,38.40000153,38.43500137,38.36999893,38.43000031
7/15/2025,37.98500061,38.03499985,37.97499847,38.01499939
7/16/2025,38.14500046,38.18500137,38.13499832,38.14500046
7/17/2025,38.42499924,38.47000122,38.40499878,38.43999863
7/18/2025,38.42499924,38.82500076,38.375,38.42499924
7/21/2025,39.25,39.27999878,39.24000168,39.27000046
7/22/2025,38.91500092,39.35499954,38.91500092,39.31999969
7/23/2025,39.52999878,39.56499863,39.52000046,39.52999878
7/24/2025,39.29000092,39.31499863,39.27000046,39.29000092
7/25/2025,39.29000092,39.52000046,38.09999847,38.32500076
7/28/2025,38.33000183,38.34000015,38.30500031,38.31499863
7/29/2025,38.40000153,38.40499878,38.36000061,38.375
7/30/2025,37.15999985,37.20000076,37.14500046,37.18000031
7/31/2025,36.77999878,36.79499817,36.74499893,36.77000046
8/1/2025,36.77999878,37.24000168,36.40000153,37.10499954
8/4/2025,37.44499969,37.45500183,37.41999817,37.43000031
8/5/2025,37.82500076,37.84000015,37.79000092,37.79999924
8/6/2025,37.93500137,38.02000046,37.93500137,37.97000122
8/7/2025,38.55500031,38.77000046,38.54499817,38.65499878
8/8/2025,38.55500031,38.875,38.18000031,38.50999832
8/11/2025,37.63000107,37.64500046,37.51499939,37.61000061
8/12/2025,37.93500137,38,37.93000031,37.95000076
8/13/2025,38.58000183,38.58499908,38.56000137,38.56999969
8/14/2025,38.02999878,38.05500031,38.01499939,38.01499939
8/15/2025,38.02999878,38.11999893,37.72499847,38.02000046
8/18/2025,38.07500076,38.09999847,38.06999969,38.09999847
8/19/2025,37.33499908,37.38000107,37.32500076,37.34500122
8/20/2025,37.88999939,37.95000076,37.88499832,37.90000153
8/21/2025,38.09500122,38.11000061,38.08499908,38.09500122
8/22/2025,38.09500122,39.09000015,37.67499924,38.88000107
8/25/2025,38.56000137,38.56499863,38.52000046,38.52500153
8/26/2025,38.70999908,38.72000122,38.67499924,38.68999863
8/27/2025,38.68999863,38.70999908,38.68999863,38.70999908
8/28/2025,39.71500015,39.72499847,39.66500092,39.68999863
8/29/2025,39.71500015,40.86000061,39.34000015,40.75
9/1/2025,40.79000092,41.75999832,40.55500031,41.49000168
9/2/2025,41.72499847,41.72499847,41.625,41.68000031
9/3/2025,41.81000137,41.81499863,41.64500046,41.65999985
9/4/2025,41.31499863,41.31499863,41.20000076,41.22999954
9/5/2025,41.31499863,42.09999847,41.15999985,41.50999832
9/8/2025,41.93500137,41.93500137,41.88499832,41.93000031
9/9/2025,41.34000015,41.34500122,41.27500153,41.29499817
9/10/2025,41.63499832,41.67499924,41.625,41.63499832
9/11/2025,42.04999924,42.06000137,42.01499939,42.05500031
9/12/2025,42.04999924,43.04000092,41.89500046,42.68000031
9/15/2025,42.72499847,43.23500061,42.47000122,43.18999863
9/16/2025,42.875,42.90000153,42.86500168,42.88000107
9/17/2025,42,42.04000092,41.95500183,41.99000168
9/18/2025,41.70000076,41.70999908,41.49499893,41.70700073
9/19/2025,42.11500168,43.40499878,41.93000031,43.36500168
9/22/2025,44.29999924,44.34000015,44.27000046,44.29000092
9/23/2025,44.26499939,44.34000015,44.25500107,44.31000137
9/24/2025,44.11999893,44.14500046,44.09500122,44.11999893
9/25/2025,45.47499847,45.47999954,45.40000153,45.43000031
9/26/2025,45.47499847,46.94499969,44.88999939,46.36500168
9/29/2025,47.13499832,47.15000153,47.05500031,47.05500031
9/30/2025,46.83499908,46.94499969,46.81499863,46.86000061
10/1/2025,47.40999985,47.45000076,47.32500076,47.32500076
10/2/2025,46.86500168,46.88999939,46.76499939,46.77000046
10/3/2025,46.86500168,48.32500076,46.54999924,47.97000122
10/6/2025,48.06000137,48.61000061,47.86000061,48.40000153
10/7/2025,47.66500092,47.73500061,47.625,47.70000076
10/8/2025,48.45000076,48.46500015,47.97999954,48.36500168
10/9/2025,47.65000153,47.91500092,47.125,47.34999847
10/10/2025,47.65000153,48.61999893,46.70000076,47.51499939
10/13/2025,50.75500107,50.85499954,50.65000153,50.68999863
10/14/2025,50.36999893,50.625,50.34999847,50.59999847
10/15/2025,52.59000015,52.76499939,52.29000092,52.50999832
10/16/2025,53.42499924,53.76499939,53.32500076,53.49499893
10/17/2025,53.42499924,53.76499939,49.65999985,50.625
10/20/2025,51.36999893,51.61500168,51.36999893,51.55500031
10/21/2025,48.13000107,48.16999817,47.78499985,48.04999924
10/22/2025,48.14500046,48.31499863,47.91999817,48.15999985
10/23/2025,48.65999985,48.75999832,48.52000046,48.54000092
10/24/2025,48.65999985,48.76499939,47.38499832,48.40999985
10/27/2025,46.84999847,46.97000122,46.81999969,46.86000061
10/28/2025,47.13499832,47.18500137,46.91999817,47.02500153
10/29/2025,47.29000092,47.49499893,47.15999985,47.40999985
10/30/2025,48.72999954,48.75500107,48.59999847,48.68500137
10/31/2025,48.72999954,48.99499893,47.97499847,48.25
11/3/2025,48.25,48.83499908,47.75999832,47.90999985
11/4/2025,47.88499832,47.96500015,46.65000153,46.89500046
11/5/2025,46.90000153,48.11500168,46.52000046,47.86000061
11/6/2025,47.84999847,48.61500168,47.40999985,47.84500122
11/7/2025,47.86000061,48.72999954,47.77999878,48.22499847
11/10/2025,48.29499817,50.47999954,48.23500061,50.40499878
11/11/2025,50.44499969,51.13000107,50.15000153,51.07500076
11/12/2025,51.07500076,53.625,50.75999832,53.22999954
11/13/2025,53.27500153,54.41500092,51.98500061,52.22999954
11/14/2025,52.20000076,53.375,49.86000061,50.40000153
11/17/2025,50.40499878,51.11000061,49.34500122,50.04999924
11/18/2025,50.06000137,51.03499985,49.11500168,50.54000092
11/19/2025,50.54999924,52.24499893,50.14500046,51.06499863
11/20/2025,51.06000137,51.56999969,49.92499924,50.35499954
11/21/2025,50.39500046,50.55500031,48.04999924,49.65999985
11/24/2025,49.85499954,51.21500015,49.36999893,51.15499878
11/25/2025,51.15999985,52.18000031,50.95999908,51.08000183
11/26/2025,51.10499954,53.09500122,50.95999908,53.04999924
11/27/2025,53.07500076,54.44499969,53.07500076,53.16500092
11/28/2025,53.07500076,57.24499893,52.54999924,56.44599915
12/1/2025,56.22000122,58.47499847,56.13999939,58.45000076
12/2/2025,57.66999817,58.45999908,56.58000183,58.38999939
12/3/2025,58.78499985,58.90000153,57.65000153,58.25
12/4/2025,58.97999954,59.23500061,56.84999847,56.88000107
12/5/2025,56.83499908,58.47000122,56.83499908,58.31499863
12/8/2025,58.76499939,58.76499939,57.52000046,58.5
12/9/2025,58.51499939,61.29499817,57.99000168,61.15999985
12/10/2025,61.11000061,62.38999939,60.54999924,62.20000076
12/11/2025,62.23500061,64.72000122,61.77999878,63.97499847
12/12/2025,63.98500061,65.08499908,61.01499939,62.08499908
12/15/2025,61.22999954,62.95000076,61.22999954,62.93999863
12/16/2025,62.66500092,63,62.54000092,62.70000076
12/17/2025,65.27999878,66.47499847,65.08999634,66.23699951
12/18/2025,65.77500153,65.77500153,64.27999878,64.59200287
12/19/2025,65.41500092,66.37000275,64.46499634,66.20500183
12/22/2025,67.55000305,69.52500153,67.47000122,69.08999634
12/23/2025,69.08000183,71.79499817,68.72499847,71.61000061
12/24/2025,71.68000031,72.75,70.16000366,71.68499756
12/26/2025,72.72499847,79.69999695,72.72000122,79.67500305
12/29/2025,80,82.66999817,70.21499634,71.63999939
12/30/2025,71.68499756,78.06500244,70.66999817,76.01499939
12/31/2025,76.06500244,76.27500153,69.25499725,70.98000336
1/2/2026,71.5,74.20999908,70.51499939,72.26499939
1/5/2026,73.08000183,77.83499908,72.50499725,76.51000214
1/6/2026,76.52999878,81.48500061,75.69999695,81.22000122
1/7/2026,81.28500366,82.58499908,76.08000183,77.98000336
1/8/2026,77.95999908,78.90000153,73.52999878,76.69000244
1/9/2026,76.67500305,80.46499634,75.15000153,79.79000092
1/12/2026,80.50499725,86.33999634,79.90000153,85.15499878
1/13/2026,85.36000061,89.21499634,83.35500336,86.86000061
1/14/2026,86.90000153,93.55999756,86.75,93.18499756
1/15/2026,93.40000153,93.69999695,86.125,92.20999908
1/16/2026,92.29499817,92.64499664,86.56999969,89.94499969
1/19/2026,90.60500336,94.36499786,90.5,93.22000122
1/20/2026,90.60500336,95.77999878,90.5,94.45999908
1/21/2026,94.55000305,95.52999878,90.15000153,92.95500183
1/22/2026,92.79000092,96.73500061,90.68000031,96.21499634
1/23/2026,96.31999969,103.5299988,96.22000122,103.2600021
1/26/2026,104.5999985,117.6999969,101.6999969,103.8899994
1/27/2026,104.0149994,113.5500031,102.9000015,112.3450012
1/28/2026,112.4400024,117.5999985,110.4000015,116.6200027
1/29/2026,116.625,121.7850037,106.6100006,115.7850037
1/30/2026,115.8850021,118.4499969,95.12000275,98.5
2/2/2026,115.8850021,118.4499969,79.26499939,79.26499939
2/3/2026,79.22000122,89.09999847,79.01000214,84.91500092
2/4/2026,84.91500092,92.01499939,83,87.76499939
2/5/2026,87.64499664,89.83000183,70.17500305,70.34999847
2/6/2026,70.36000061,77.91999817,63.90000153,77.52500153
2/9/2026,78.09999847,83.76000214,78.09999847,83.05000305
2/10/2026,83.21499634,83.74500275,79.61499786,80.58000183
2/11/2026,80.5,86.12000275,80.41500092,84.08499908
2/12/2026,84.125,84.875,74.37000275,75.01000214
2/13/2026,75.17500305,79.26499939,73.74500275,77.26999664
2/16/2026,77.55000305,78.41999817,74.56999969,76.55500031
2/17/2026,77.55000305,78.41999817,71.81500244,73.55000305
2/18/2026,73.58000183,78.31999969,72.25,77.12999725
2/19/2026,77.14499664,79.40499878,76.30000305,78.44000244
2/20/2026,78.47499847,84.64499664,77.28500366,84.56999969
2/23/2026,84.59999847,88.86000061,84.55999756,88
2/24/2026,88.04000092,88.75,84.60500336,87.06999969
2/25/2026,87.16500092,91.98500061,87.125,89.86000061
2/26/2026,89.55999756,90.98999786,85.54499817,88.86499786
2/27/2026,89.07499695,94.76000214,88.30500031,94.38500214
3/2/2026,96,97.30000305,86.72499847,89.61000061
3/3/2026,89.69000244,91.60500336,78.05999756,82.30000305
3/4/2026,82.40000153,87.06999969,81.73999786,83.76499939
3/5/2026,83.89499664,85.75,80.56500244,82.51999664
3/6/2026,82.55500031,85.33499908,81.78500366,84.69499969
3/9/2026,87.27500153,87.69999695,86.80500031,87.22499847
3/10/2026,88.50499725,89.21499634,88.5,89.18499756
3/11/2026,86.06500244,86.06500244,85.5,85.64499664
3/12/2026,83.91000366,83.98500061,83.50499725,83.94000244
3/13/2026,83.91000366,85.62000275,79.51999664,80.64499664
3/16/2026,80.91999817,81.40000153,80.85500336,81.11000061
3/17/2026,79.38999939,79.48999786,79.08499908,79.21499634
3/18/2026,75.36499786,75.84500122,75.04000092,75.19999695
3/19/2026,72.83000183,73.5,72.81999969,73.31500244
3/20/2026,72.83000183,74.62000275,67.73999786,67.80999756
3/23/2026,69.37000275,69.84500122,68.53500366,69.41500092
3/24/2026,71.48000336,71.84999847,71.43000031,71.69999695
3/25/2026,71.50499725,71.90000153,71.14499664,71.30999756
3/26/2026,68.36499786,68.79499817,68.28500366,68.66500092
3/27/2026,68.36499786,71.77500153,67.44000244,69.76999664
3/30/2026,70.24500275,70.55000305,70.11000061,70.12000275
3/31/2026,75.48000336,75.87000275,75.31999969,75.52500153
4/1/2026,75.15000153,75.30999756,74.40000153,75.09999847
4/2/2026,75.15000153,75.98500061,69.61000061,73.16999817
4/6/2026,72.86000061,73.51000214,72.84999847,73.26999664
4/7/2026,73.44999695,74.40499878,73.34500122,73.84999847
4/8/2026,76.16999817,77.44999695,75.22399902,75.22399902
4/9/2026,75.5,75.88999939,75.46499634,75.50499725
4/10/2026,75.30500031,76.65000153,75.30500031,76.3239975
4/13/2026,74.84999847,75.01999664,72.54499817,73.94999695
4/14/2026,79.70500183,79.81500244,79.44499969,79.55999756
4/15/2026,79.19499969,79.47000122,79.10500336,79.27999878
4/16/2026,78.66500092,78.91999817,78.40000153,78.81999969
4/17/2026,78.66500092,83.24500275,77.76999664,80.93000031
4/20/2026,79.84500122,80.37999725,79.77999878,80.30999756
4/21/2026,76.83999634,77.06999969,76.61499786,76.87000275
4/22/2026,77.83999634,77.89499664,77.55999756,77.69000244
4/23/2026,75.55500031,75.80000305,75.40000153,75.48000336
4/24/2026,75.55500031,76.66500092,73.84500122,75.68499756
4/27/2026,75.5,76.55500031,74.69000244,76.44999695
4/28/2026,73.50499725,73.69999695,73.48999786,73.67500305
4/29/2026,71.76000214,71.98000336,71.65000153,71.98000336
4/30/2026,74.31500244,75.79499817,74.31500244,74.62999725
5/1/2026,74.31500244,77.52500153,73.43499756,75.83999634
5/4/2026,73.16999817,73.27500153,73.13500214,73.26000214
5/5/2026,73.30000305,73.33499908,73.18000031,73.19000244
5/6/2026,77.83000183,78.08000183,77.75499725,77.97000122
5/7/2026,78.80000305,79.40499878,78.58000183,79.20500183
5/8/2026,78.80000305,82.16000366,78.58000183,80.83499908
5/11/2026,86.73999786,87.13500214,86.73999786,87.05000305
5/12/2026,87.31999969,87.63999939,87.26499939,87.63999939
5/13/2026,88.125,88.49500275,88.125,88.41999817
5/14/2026,84,84.17500305,83.84500122,84.08999634
5/15/2026,84,84.37999725,76.08999634,76.29499817
5/18/2026,78.05000305,78.47499847,78.05000305,78.36499786
5/19/2026,74.08000183,74.33499908,73.97000122,74.13500214
5/20/2026,76.19000244,76.23000336,75.57499695,75.63999939
5/21/2026,77.01499939,77.19999695,76.95999908,77.04499817
5/22/2026,77.01499939,77.41500092,75.26499939,75.91500092
5/25/2026,76.75,79.25,76.70500183,78.52999878
5/26/2026,77.33000183,77.48000336,77.30000305,77.41500092
5/27/2026,74.93000031,75.23000336,74.83499908,74.99500275
5/28/2026,76.02500153,76.09999847,75.88999939,75.93000031
5/29/2026,76.02500153,76.95999908,74.81500244,75.58499908
6/1/2026,75.15499878,75.23000336,75.00499725,75.08999634
6/2/2026,75.49500275,75.59500122,75.43000031,75.45500183
6/3/2026,73.08000183,73.18499756,72.56999969,72.73000336
6/4/2026,74.18499756,74.23999786,74.11499786,74.20999908
6/5/2026,74.18499756,74.37999725,67.69999695,67.99500275
6/8/2026,68.31999969,68.35500336,68.17500305,68.19999695
6/9/2026,65.19999695,65.48000336,65.19499969,65.36499786
6/10/2026,63.52500153,63.59000015,62.56000137,62.65999985
6/11/2026,67.49500275,67.71499634,67.33499908,67.41999817
6/12/2026,67.49500275,68.44499969,65.96499634,68.12000275
6/15/2026,69.94999695,70.19000244,69.94000244,69.98999786
6/16/2026,70.13500214,70.22000122,70.01999664,70.08499908
6/17/2026,68.04000092,68.17500305,67.93499756,68.08499908
6/18/2026,65.78500366,65.94000244,65.65000153,65.65000153
6/19/2026,65.78500366,65.94000244,63.35499954,64.91000366
6/22/2026,65.21499634,65.31500244,65.09999847,65.22000122
6/23/2026,61.63000107,61.80500031,61.58000183,61.63499832
6/24/2026,57.59500122,57.77999878,57.54000092,57.56999969
6/25/2026,58.02500153,58.06000137,57.60499954,57.65999985
6/26/2026,58.02500153,60,56.13000107,59.60499954
6/29/2026,58.77000046,58.91500092,58.72499847,58.79000092
6/30/2026,59.25,59.34000015,59.09000015,59.18999863
7/1/2026,59.75,59.91999817,59.72000122,59.79999924
7/2/2026,61.5,61.58000183,61.43000031,61.45500183
7/3/2026,61.5,63.34999847,61.38499832,62.81499863
7/6/2026,62.52000046,62.59000015,62.45999908,62.54499817
7/7/2026,60.31000137,60.41999817,60.15000153,60.22000122
7/8/2026,58.88499832,58.88999939,58.69499969,58.81000137
7/9/2026,60.41500092,60.44499969,60.32500076,60.32500076
7/10/2026,60.41500092,61.19499969,59.24499893,60.29999924
7/13/2026,57.95000076,58.04999924,57.91500092,58.02999878
7/14/2026,59.04499817,59.09999847,59,59.03499985
7/15/2026,58.11999893,58.22999954,58.11500168,58.15999985
7/16/2026,55.83499908,55.97499847,55.77500153,55.79499817
7/17/2026,55.83499908,56.47499847,55,56.22000122
7/20/2026,55.65499878,57.10499954,55.65499878,56.80199814
7/21/2026,56.33499908,59.02500153,56.33499908,58.83499908
7/22/2026,60.00999832,60.09000015,59.04999924,59.84500122
7/23/2026,57.91999817,57.95500183,57.83499908,57.89500046
7/24/2026,57.91999817,59.29000092,57.36000061,58.49000168
7/27/2026,58.74499893,58.82500076,58.67499924,58.70500183
7/28/2026,57.38499832,57.43000031,57.22999954,57.25999832
7/29/2026,57.97499847,58.49000168,57.79999924,58.36000061
7/30/2026,59.25999832,59.38000107,59.25,59.31000137
7/31/2026,59.25999832,59.40499878,57.22000122,57.77500153
8/3/2026,58.38000107,58.43999863,58.20999908,58.27000046
8/4/2026,59.78499985,59.83000183,59.71500015,59.77500153
8/5/2026,62.20000076,62.36999893,62.20000076,62.31499863
8/6/2026,61.85499954,61.88499832,61.69499969,61.79999924
8/7/2026,61.85499954,65.48000336,61.41999817,63.79999924
8/10/2026,65.94499969,65.94499969,65.82499695,65.91999817
8/11/2026,64.875,65.01499939,64.80999756,65.01000214
8/12/2026,65.45500183,65.56999969,65.31999969,65.33499908
8/13/2026,64.62999725,64.63500214,64.51499939,64.57499695
8/14/2026,64.62999725,65.88500214,63.64500046,64.82499695
8/17/2026,65.89499664,65.98000336,65.875,65.875
8/18/2026,63.42499924,63.52000046,63.38499832,63.47999954
8/19/2026,67.08000183,67.36000061,66.93499756,67.10500336
8/20/2026,68.29000092,68.35500336,68.16500092,68.20500183
8/21/2026,68.29000092,70.08000183,67.95999908,69.01000214
8/24/2026,68.96499634,69.16500092,68.94000244,69.01999664
8/25/2026,68.62999725,68.91000366,68.62999725,68.90000153
8/26/2026,68.08999634,68.75,68.08999634,68.69999695
8/27/2026,70.04499817,70.27500153,69.97000122,70.12000275
8/28/2026,70.04499817,72.05000305,66.83000183,67.08999634
8/31/2026,67.27500153,67.34999847,67.22000122,67.23500061
9/1/2026,64.69499969,64.82499695,64.61499786,64.63500214
9/2/2026,66.16999817,66.16999817,65.93499756,65.95500183
9/3/2026,67.62999725,67.69000244,67.56999969,67.59500122
9/4/2026,67.62999725,67.80999756,65.33499908,66.81999969
9/7/2026,66.73500061,67.375,66.02500153,66.98999786
9/8/2026,66.44000244,66.44000244,66.25499725,66.26999664
9/9/2026,67.94499969,68.04499817,67.90000153,67.93000031
9/10/2026,64.14499664,64.19499969,64.05000305,64.08000183
9/11/2026,64.14499664,65.81999969,63.15000153,65.01999664
9/14/2026,63.75999832,63.90000153,63.70500183,63.71500015
9/15/2026,64.18499756,64.31500244,64.18499756,64.23000336
9/16/2026,63.42499924,63.49499893,63.27999878,63.31499863
9/17/2026,65.76499939,65.93000031,65.73999786,65.80500031
9/18/2026,65.76499939,67.89499664,65.73999786,66.78500366
9/21/2026,66.68499756,67.55500031,66.19999695,66.65000153
9/22/2026,67.61000061,67.79499817,67.61000061,67.75499725
9/23/2026,64.91500092,65.00499725,64.84500122,64.87999725
9/24/2026,64.26499939,64.27500153,64.11499786,64.12999725
9/25/2026,64.26499939,65.50499725,63.78499985,64.70999908
9/28/2026,61.02999878,61.20500183,61.00999832,61.14500046
9/29/2026,61.83499908,62.11000061,61.81000137,61.93000031
9/30/2026,60.77500153,60.79999924,60.69499969,60.70999908
