Date,Open,High,Low,Close,Volume
1/5/1971,357.81,357.81,357.81,357.81,
1/6/1971,357.86,357.86,357.86,357.86,
1/7/1971,357.87,357.87,357.87,357.87,
1/8/1971,357.82,357.82,357.82,357.82,
1/11/1971,357.95,357.95,357.95,357.95,
1/12/1971,358.06,358.06,358.06,358.06,
1/13/1971,358.44,358.44,358.44,358.44,
1/14/1971,358.4,358.4,358.4,358.4,
1/15/1971,358.4,358.4,358.4,358.4,
1/18/1971,358.29,358.29,358.29,358.29,
1/19/1971,358.35,358.35,358.35,358.35,
1/20/1971,358.4,358.4,358.4,358.4,
1/21/1971,358.27,358.27,358.27,358.27,
1/22/1971,357.9,357.9,357.9,357.9,
1/25/1971,357.73,357.73,357.73,357.73,
1/26/1971,357.78,357.78,357.78,357.78,
1/27/1971,357.79,357.79,357.79,357.79,
1/28/1971,357.83,357.83,357.83,357.83,
1/29/1971,357.72,357.72,357.72,357.72,
2/1/1971,357.67,357.67,357.67,357.67,
2/2/1971,357.55,357.55,357.55,357.55,
2/3/1971,357.54,357.54,357.54,357.54,
2/4/1971,357.51,357.51,357.51,357.51,
2/5/1971,357.53,357.53,357.53,357.53,
2/8/1971,357.49,357.49,357.49,357.49,
2/9/1971,357.5,357.5,357.5,357.5,
2/10/1971,357.5,357.5,357.5,357.5,
2/11/1971,357.5,357.5,357.5,357.5,
2/16/1971,357.53,357.53,357.53,357.53,
2/17/1971,357.53,357.53,357.53,357.53,
2/18/1971,357.53,357.53,357.53,357.53,
2/19/1971,357.56,357.56,357.56,357.56,
2/22/1971,357.6,357.6,357.6,357.6,
2/23/1971,357.55,357.55,357.55,357.55,
2/24/1971,357.6,357.6,357.6,357.6,
2/25/1971,357.56,357.56,357.56,357.56,
2/26/1971,357.56,357.56,357.56,357.56,
3/1/1971,357.63,357.63,357.63,357.63,
3/2/1971,357.56,357.56,357.56,357.56,
3/3/1971,357.49,357.49,357.49,357.49,
3/4/1971,357.45,357.45,357.45,357.45,
3/5/1971,357.59,357.59,357.59,357.59,
3/8/1971,357.55,357.55,357.55,357.55,
3/9/1971,357.46,357.46,357.46,357.46,
3/10/1971,357.59,357.59,357.59,357.59,
3/11/1971,357.56,357.56,357.56,357.56,
3/12/1971,357.58,357.58,357.58,357.58,
3/15/1971,357.54,357.54,357.54,357.54,
3/16/1971,357.49,357.49,357.49,357.49,
3/17/1971,357.53,357.53,357.53,357.53,
3/18/1971,357.56,357.56,357.56,357.56,
3/19/1971,357.56,357.56,357.56,357.56,
3/22/1971,357.44,357.44,357.44,357.44,
3/23/1971,357.53,357.53,357.53,357.53,
3/24/1971,357.53,357.53,357.53,357.53,
3/25/1971,357.47,357.47,357.47,357.47,
3/26/1971,357.47,357.47,357.47,357.47,
3/29/1971,357.44,357.44,357.44,357.44,
3/30/1971,357.49,357.49,357.49,357.49,
3/31/1971,357.42,357.42,357.42,357.42,
4/1/1971,357.49,357.49,357.49,357.49,
4/2/1971,357.53,357.53,357.53,357.53,
4/5/1971,357.5,357.5,357.5,357.5,
4/6/1971,357.46,357.46,357.46,357.46,
4/7/1971,357.55,357.55,357.55,357.55,
4/8/1971,357.55,357.55,357.55,357.55,
4/9/1971,357.5,357.5,357.5,357.5,
4/12/1971,357.5,357.5,357.5,357.5,
4/13/1971,357.62,357.62,357.62,357.62,
4/14/1971,357.58,357.58,357.58,357.58,
4/15/1971,357.5,357.5,357.5,357.5,
4/16/1971,357.54,357.54,357.54,357.54,
4/19/1971,357.49,357.49,357.49,357.49,
4/20/1971,357.49,357.49,357.49,357.49,
4/21/1971,357.49,357.49,357.49,357.49,
4/22/1971,357.49,357.49,357.49,357.49,
4/23/1971,357.49,357.49,357.49,357.49,
4/26/1971,357.5,357.5,357.5,357.5,
4/27/1971,357.49,357.49,357.49,357.49,
4/28/1971,357.5,357.5,357.5,357.5,
4/29/1971,357.41,357.41,357.41,357.41,
4/30/1971,357.4,357.4,357.4,357.4,
5/3/1971,357.41,357.41,357.41,357.41,
5/4/1971,357.4,357.4,357.4,357.4,
5/5/1971,357.4,357.4,357.4,357.4,
5/6/1971,357.41,357.41,357.41,357.41,
5/7/1971,357.41,357.41,357.41,357.41,
5/10/1971,357.14,357.14,357.14,357.14,
5/11/1971,357.44,357.44,357.44,357.44,
5/12/1971,357.53,357.53,357.53,357.53,
5/13/1971,357.49,357.49,357.49,357.49,
5/14/1971,357.49,357.49,357.49,357.49,
5/17/1971,357.4,357.4,357.4,357.4,
5/18/1971,357.44,357.44,357.44,357.44,
5/19/1971,357.4,357.4,357.4,357.4,
5/20/1971,357.46,357.46,357.46,357.46,
5/21/1971,357.4,357.4,357.4,357.4,
5/24/1971,357.4,357.4,357.4,357.4,
5/25/1971,357.4,357.4,357.4,357.4,
5/26/1971,357.44,357.44,357.44,357.44,
5/27/1971,357.4,357.4,357.4,357.4,
5/28/1971,357.4,357.4,357.4,357.4,
6/1/1971,357.46,357.46,357.46,357.46,
6/2/1971,357.4,357.4,357.4,357.4,
6/3/1971,357.46,357.46,357.46,357.46,
6/4/1971,357.4,357.4,357.4,357.4,
6/7/1971,357.4,357.4,357.4,357.4,
6/8/1971,357.4,357.4,357.4,357.4,
6/9/1971,357.4,357.4,357.4,357.4,
6/10/1971,357.4,357.4,357.4,357.4,
6/11/1971,357.4,357.4,357.4,357.4,
6/14/1971,357.4,357.4,357.4,357.4,
6/15/1971,357.46,357.46,357.46,357.46,
6/16/1971,357.46,357.46,357.46,357.46,
6/17/1971,357.46,357.46,357.46,357.46,
6/18/1971,357.4,357.4,357.4,357.4,
6/21/1971,357.4,357.4,357.4,357.4,
6/22/1971,357.4,357.4,357.4,357.4,
6/23/1971,357.4,357.4,357.4,357.4,
6/24/1971,357.4,357.4,357.4,357.4,
6/25/1971,357.4,357.4,357.4,357.4,
6/28/1971,357.37,357.37,357.37,357.37,
6/29/1971,357.39,357.39,357.39,357.39,
6/30/1971,357.4,357.4,357.4,357.4,
7/1/1971,357.4,357.4,357.4,357.4,
7/2/1971,357.4,357.4,357.4,357.4,
7/6/1971,357.45,357.45,357.45,357.45,
7/7/1971,357.46,357.46,357.46,357.46,
7/8/1971,357.46,357.46,357.46,357.46,
7/9/1971,357.4,357.4,357.4,357.4,
7/12/1971,357.41,357.41,357.41,357.41,
7/13/1971,357.44,357.44,357.44,357.44,
7/14/1971,357.4,357.4,357.4,357.4,
7/15/1971,357.4,357.4,357.4,357.4,
7/16/1971,357.4,357.4,357.4,357.4,
7/19/1971,357.39,357.39,357.39,357.39,
7/20/1971,357.39,357.39,357.39,357.39,
7/21/1971,357.4,357.4,357.4,357.4,
7/22/1971,357.37,357.37,357.37,357.37,
7/23/1971,357.36,357.36,357.36,357.36,
7/26/1971,357.4,357.4,357.4,357.4,
7/27/1971,357.37,357.37,357.37,357.37,
7/28/1971,357.4,357.4,357.4,357.4,
7/29/1971,357.4,357.4,357.4,357.4,
7/30/1971,357.39,357.39,357.39,357.39,
8/2/1971,357.41,357.41,357.41,357.41,
8/3/1971,357.37,357.37,357.37,357.37,
8/4/1971,357.37,357.37,357.37,357.37,
8/5/1971,357.37,357.37,357.37,357.37,
8/6/1971,357.37,357.37,357.37,357.37,
8/9/1971,357.35,357.35,357.35,357.35,
8/10/1971,357.39,357.39,357.39,357.39,
8/11/1971,357.35,357.35,357.35,357.35,
8/12/1971,357.4,357.4,357.4,357.4,
8/13/1971,357.35,357.35,357.35,357.35,
8/31/1971,339.85,339.85,339.85,339.85,
9/1/1971,341.01,341.01,341.01,341.01,
9/2/1971,338.98,338.98,338.98,338.98,
9/3/1971,340.14,340.14,340.14,340.14,
9/7/1971,339.79,339.79,339.79,339.79,
9/8/1971,339.39,339.39,339.39,339.39,
9/9/1971,339.07,339.07,339.07,339.07,
9/10/1971,338.81,338.81,338.81,338.81,
9/13/1971,338.98,338.98,338.98,338.98,
9/14/1971,338.24,338.24,338.24,338.24,
9/15/1971,338.41,338.41,338.41,338.41,
9/16/1971,337.84,337.84,337.84,337.84,
9/17/1971,337.95,337.95,337.95,337.95,
9/20/1971,337.27,337.27,337.27,337.27,
9/21/1971,337.34,337.34,337.34,337.34,
9/22/1971,337.44,337.44,337.44,337.44,
9/23/1971,337.27,337.27,337.27,337.27,
9/24/1971,336.98,336.98,336.98,336.98,
9/27/1971,336.25,336.25,336.25,336.25,
9/28/1971,336.36,336.36,336.36,336.36,
9/29/1971,335.57,335.57,335.57,335.57,
9/30/1971,335.35,335.35,335.35,335.35,
10/1/1971,333.39,333.39,333.39,333.39,
10/4/1971,333.17,333.17,333.17,333.17,
10/5/1971,333.14,333.14,333.14,333.14,
10/6/1971,332.65,332.65,332.65,332.65,
10/7/1971,332.61,332.61,332.61,332.61,
10/8/1971,332.37,332.37,332.37,332.37,
10/12/1971,330.52,330.52,330.52,330.52,
10/13/1971,331.4,331.4,331.4,331.4,
10/14/1971,330.85,330.85,330.85,330.85,
10/15/1971,330.58,330.58,330.58,330.58,
10/18/1971,329.6,329.6,329.6,329.6,
10/19/1971,330.85,330.85,330.85,330.85,
10/20/1971,331.07,331.07,331.07,331.07,
10/21/1971,330.79,330.79,330.79,330.79,
10/22/1971,330.36,330.36,330.36,330.36,
10/26/1971,329,329,329,329,
10/27/1971,329.54,329.54,329.54,329.54,
10/28/1971,329.71,329.71,329.71,329.71,
10/29/1971,329.5,329.5,329.5,329.5,
11/1/1971,329.45,329.45,329.45,329.45,
11/3/1971,329.5,329.5,329.5,329.5,
11/4/1971,330.87,330.87,330.87,330.87,
11/5/1971,329.16,329.16,329.16,329.16,
11/8/1971,329.22,329.22,329.22,329.22,
11/9/1971,329.16,329.16,329.16,329.16,
11/10/1971,329.11,329.11,329.11,329.11,
11/11/1971,329.11,329.11,329.11,329.11,
11/12/1971,329.49,329.49,329.49,329.49,
11/15/1971,328.73,328.73,328.73,328.73,
11/16/1971,328.62,328.62,328.62,328.62,
11/17/1971,328.8,328.8,328.8,328.8,
11/18/1971,328.68,328.68,328.68,328.68,
11/19/1971,328.4,328.4,328.4,328.4,
11/22/1971,328.41,328.41,328.41,328.41,
11/23/1971,328.19,328.19,328.19,328.19,
11/24/1971,328.04,328.04,328.04,328.04,
11/26/1971,327.6,327.6,327.6,327.6,
11/29/1971,327.06,327.06,327.06,327.06,
11/30/1971,327.44,327.44,327.44,327.44,
12/1/1971,327.6,327.6,327.6,327.6,
12/2/1971,326,326,326,326,
12/3/1971,325.1,325.1,325.1,325.1,
12/6/1971,326.53,326.53,326.53,326.53,
12/7/1971,323.62,323.62,323.62,323.62,
12/8/1971,323.5,323.5,323.5,323.5,
12/9/1971,323.52,323.52,323.52,323.52,
12/10/1971,323.1,323.1,323.1,323.1,
12/13/1971,322.79,322.79,322.79,322.79,
12/14/1971,322.58,322.58,322.58,322.58,
12/15/1971,321.54,321.54,321.54,321.54,
12/16/1971,320,320,320,320,
12/17/1971,320.36,320.36,320.36,320.36,
12/21/1971,314.98,314.98,314.98,314.98,
12/22/1971,314.96,314.96,314.96,314.96,
12/23/1971,315.01,315.01,315.01,315.01,
12/24/1971,315.21,315.21,315.21,315.21,
12/27/1971,314.96,314.96,314.96,314.96,
12/28/1971,315.01,315.01,315.01,315.01,
12/29/1971,315.21,315.21,315.21,315.21,
12/30/1971,315.01,315.01,315.01,315.01,
12/31/1971,315.01,315.01,315.01,315.01,
1/3/1972,314.86,314.86,314.86,314.86,
1/4/1972,314.96,314.96,314.96,314.96,
1/5/1972,314.86,314.86,314.86,314.86,
1/6/1972,312.01,312.01,312.01,312.01,
1/7/1972,312.5,312.5,312.5,312.5,
1/10/1972,312.99,312.99,312.99,312.99,
1/11/1972,314.47,314.47,314.47,314.47,
1/12/1972,313.48,313.48,313.48,313.48,
1/13/1972,313.97,313.97,313.97,313.97,
1/14/1972,312.99,312.99,312.99,312.99,
1/17/1972,313.38,313.38,313.38,313.38,
1/18/1972,312.89,312.89,312.89,312.89,
1/19/1972,312.79,312.79,312.79,312.79,
1/20/1972,312.01,312.01,312.01,312.01,
1/21/1972,312.3,312.3,312.3,312.3,
1/24/1972,312.21,312.21,312.21,312.21,
1/25/1972,311.82,311.82,311.82,311.82,
1/26/1972,311.53,311.53,311.53,311.53,
1/27/1972,310.08,310.08,310.08,310.08,
1/28/1972,310.46,310.46,310.46,310.46,
1/31/1972,310.56,310.56,310.56,310.56,
2/1/1972,310.37,310.37,310.37,310.37,
2/2/1972,308.55,308.55,308.55,308.55,
2/3/1972,309.12,309.12,309.12,309.12,
2/4/1972,308.64,308.64,308.64,308.64,
2/7/1972,308.17,308.17,308.17,308.17,
2/8/1972,307.69,307.69,307.69,307.69,
2/9/1972,304.79,304.79,304.79,304.79,
2/10/1972,304.69,304.69,304.69,304.69,
2/11/1972,304.69,304.69,304.69,304.69,
2/14/1972,304.23,304.23,304.23,304.23,
2/15/1972,304.14,304.14,304.14,304.14,
2/16/1972,303.95,303.95,303.95,303.95,
2/17/1972,303.95,303.95,303.95,303.95,
2/18/1972,303.49,303.49,303.49,303.49,
2/22/1972,302.85,302.85,302.85,302.85,
2/23/1972,302.48,302.48,302.48,302.48,
2/24/1972,302.11,302.11,302.11,302.11,
2/25/1972,302.48,302.48,302.48,302.48,
2/28/1972,303.95,303.95,303.95,303.95,
2/29/1972,303.4,303.4,303.4,303.4,
3/1/1972,303.21,303.21,303.21,303.21,
3/2/1972,303.03,303.03,303.03,303.03,
3/3/1972,302.66,302.66,302.66,302.66,
3/6/1972,302.75,302.75,302.75,302.75,
3/7/1972,302.3,302.3,302.3,302.3,
3/8/1972,302.02,302.02,302.02,302.02,
3/9/1972,301.66,301.66,301.66,301.66,
3/10/1972,301.93,301.93,301.93,301.93,
3/13/1972,302.3,302.3,302.3,302.3,
3/14/1972,302.21,302.21,302.21,302.21,
3/15/1972,302.11,302.11,302.11,302.11,
3/16/1972,302.02,302.02,302.02,302.02,
3/17/1972,302.11,302.11,302.11,302.11,
3/20/1972,302.3,302.3,302.3,302.3,
3/21/1972,302.11,302.11,302.11,302.11,
3/22/1972,302.11,302.11,302.11,302.11,
3/23/1972,301.93,301.93,301.93,301.93,
3/24/1972,302.3,302.3,302.3,302.3,
3/27/1972,302.57,302.57,302.57,302.57,
3/28/1972,302.85,302.85,302.85,302.85,
3/29/1972,303.77,303.77,303.77,303.77,
3/30/1972,303.77,303.77,303.77,303.77,
3/31/1972,304.32,304.32,304.32,304.32,
4/3/1972,304.14,304.14,304.14,304.14,
4/4/1972,304.97,304.97,304.97,304.97,
4/5/1972,305.16,305.16,305.16,305.16,
4/6/1972,304.88,304.88,304.88,304.88,
4/7/1972,303.21,303.21,303.21,303.21,
4/10/1972,302.11,302.11,302.11,302.11,
4/11/1972,302.3,302.3,302.3,302.3,
4/12/1972,302.43,302.43,302.43,302.43,
4/13/1972,302.57,302.57,302.57,302.57,
4/14/1972,302.94,302.94,302.94,302.94,
4/17/1972,302.57,302.57,302.57,302.57,
4/18/1972,302.39,302.39,302.39,302.39,
4/19/1972,302.94,302.94,302.94,302.94,
4/20/1972,303.03,303.03,303.03,303.03,
4/21/1972,303.21,303.21,303.21,303.21,
4/24/1972,305.16,305.16,305.16,305.16,
4/25/1972,304.32,304.32,304.32,304.32,
4/26/1972,303.77,303.77,303.77,303.77,
4/27/1972,304.23,304.23,304.23,304.23,
4/28/1972,304.88,304.88,304.88,304.88,
5/1/1972,304.41,304.41,304.41,304.41,
5/2/1972,304.23,304.23,304.23,304.23,
5/3/1972,304.32,304.32,304.32,304.32,
5/4/1972,304.23,304.23,304.23,304.23,
5/5/1972,304.32,304.32,304.32,304.32,
5/8/1972,305.06,305.06,305.06,305.06,
5/9/1972,304.97,304.97,304.97,304.97,
5/10/1972,303.77,303.77,303.77,303.77,
5/11/1972,303.58,303.58,303.58,303.58,
5/12/1972,303.86,303.86,303.86,303.86,
5/15/1972,304.32,304.32,304.32,304.32,
5/16/1972,304.41,304.41,304.41,304.41,
5/17/1972,304.51,304.51,304.51,304.51,
5/18/1972,304.6,304.6,304.6,304.6,
5/19/1972,304.04,304.04,304.04,304.04,
5/22/1972,304.41,304.41,304.41,304.41,
5/23/1972,304.23,304.23,304.23,304.23,
5/24/1972,304.32,304.32,304.32,304.32,
5/25/1972,304.32,304.32,304.32,304.32,
5/26/1972,304.41,304.41,304.41,304.41,
5/30/1972,305.34,305.34,305.34,305.34,
5/31/1972,304.69,304.69,304.69,304.69,
6/1/1972,304.41,304.41,304.41,304.41,
6/2/1972,304.23,304.23,304.23,304.23,
6/5/1972,304.69,304.69,304.69,304.69,
6/6/1972,304.51,304.51,304.51,304.51,
6/7/1972,304.41,304.41,304.41,304.41,
6/8/1972,304.32,304.32,304.32,304.32,
6/9/1972,304.23,304.23,304.23,304.23,
6/12/1972,304.51,304.51,304.51,304.51,
6/13/1972,304.04,304.04,304.04,304.04,
6/14/1972,303.95,303.95,303.95,303.95,
6/15/1972,304.04,304.04,304.04,304.04,
6/16/1972,303.95,303.95,303.95,303.95,
6/19/1972,303.86,303.86,303.86,303.86,
6/20/1972,303.4,303.4,303.4,303.4,
6/21/1972,302.94,302.94,302.94,302.94,
6/22/1972,302.07,302.07,302.07,302.07,
6/23/1972,294.12,294.12,294.12,294.12,
6/26/1972,298.51,298.51,298.51,298.51,
6/27/1972,298.51,298.51,298.51,298.51,
6/28/1972,296.74,296.74,296.74,296.74,
6/29/1972,300.75,300.75,300.75,300.75,
6/30/1972,300.93,300.93,300.93,300.93,
7/3/1972,300.84,300.84,300.84,300.84,
7/5/1972,300.03,300.03,300.03,300.03,
7/6/1972,300.57,300.57,300.57,300.57,
7/7/1972,300.93,300.93,300.93,300.93,
7/10/1972,301.3,301.3,301.3,301.3,
7/11/1972,301.57,301.57,301.57,301.57,
7/12/1972,301.2,301.2,301.2,301.2,
7/13/1972,301.02,301.02,301.02,301.02,
7/14/1972,301.2,301.2,301.2,301.2,
7/17/1972,301.02,301.02,301.02,301.02,
7/18/1972,300.75,300.75,300.75,300.75,
7/19/1972,301.2,301.2,301.2,301.2,
7/20/1972,300.93,300.93,300.93,300.93,
7/21/1972,301.11,301.11,301.11,301.11,
7/24/1972,301.2,301.2,301.2,301.2,
7/25/1972,300.75,300.75,300.75,300.75,
7/26/1972,301.2,301.2,301.2,301.2,
7/27/1972,301.2,301.2,301.2,301.2,
7/28/1972,301.2,301.2,301.2,301.2,
7/31/1972,301.39,301.39,301.39,301.39,
8/1/1972,301.2,301.2,301.2,301.2,
8/2/1972,301.2,301.2,301.2,301.2,
8/3/1972,301.2,301.2,301.2,301.2,
8/4/1972,300.93,300.93,300.93,300.93,
8/7/1972,301.11,301.11,301.11,301.11,
8/8/1972,301.2,301.2,301.2,301.2,
8/9/1972,301.2,301.2,301.2,301.2,
8/10/1972,301.11,301.11,301.11,301.11,
8/11/1972,301.11,301.11,301.11,301.11,
8/14/1972,301.11,301.11,301.11,301.11,
8/15/1972,301.2,301.2,301.2,301.2,
8/16/1972,301.2,301.2,301.2,301.2,
8/17/1972,301.2,301.2,301.2,301.2,
8/18/1972,301.2,301.2,301.2,301.2,
8/21/1972,301.11,301.11,301.11,301.11,
8/22/1972,301.2,301.2,301.2,301.2,
8/23/1972,301.2,301.2,301.2,301.2,
8/24/1972,301.2,301.2,301.2,301.2,
8/25/1972,301.2,301.2,301.2,301.2,
8/28/1972,301.2,301.2,301.2,301.2,
8/29/1972,301.2,301.2,301.2,301.2,
8/30/1972,301.11,301.11,301.11,301.11,
8/31/1972,301.11,301.11,301.11,301.11,
9/1/1972,301.11,301.11,301.11,301.11,
9/5/1972,301.2,301.2,301.2,301.2,
9/6/1972,301.2,301.2,301.2,301.2,
9/7/1972,301.11,301.11,301.11,301.11,
9/8/1972,301.11,301.11,301.11,301.11,
9/11/1972,301.2,301.2,301.2,301.2,
9/12/1972,301.11,301.11,301.11,301.11,
9/13/1972,301.11,301.11,301.11,301.11,
9/14/1972,301.11,301.11,301.11,301.11,
9/15/1972,301.11,301.11,301.11,301.11,
9/18/1972,301.11,301.11,301.11,301.11,
9/19/1972,301.11,301.11,301.11,301.11,
9/20/1972,301.11,301.11,301.11,301.11,
9/21/1972,301.11,301.11,301.11,301.11,
9/22/1972,301.11,301.11,301.11,301.11,
9/25/1972,301.11,301.11,301.11,301.11,
9/26/1972,301.11,301.11,301.11,301.11,
9/27/1972,301.02,301.02,301.02,301.02,
9/28/1972,301.11,301.11,301.11,301.11,
9/29/1972,301.11,301.11,301.11,301.11,
10/2/1972,301.11,301.11,301.11,301.11,
10/3/1972,301.11,301.11,301.11,301.11,
10/4/1972,301.11,301.11,301.11,301.11,
10/5/1972,301.11,301.11,301.11,301.11,
10/6/1972,300.93,300.93,300.93,300.93,
10/10/1972,300.93,300.93,300.93,300.93,
10/11/1972,301.02,301.02,301.02,301.02,
10/12/1972,301.02,301.02,301.02,301.02,
10/13/1972,301.11,301.11,301.11,301.11,
10/16/1972,301.11,301.11,301.11,301.11,
10/17/1972,301.11,301.11,301.11,301.11,
10/18/1972,301.11,301.11,301.11,301.11,
10/19/1972,301.02,301.02,301.02,301.02,
10/20/1972,300.75,300.75,300.75,300.75,
10/24/1972,301.02,301.02,301.02,301.02,
10/25/1972,301.2,301.2,301.2,301.2,
10/26/1972,300.84,300.84,300.84,300.84,
10/27/1972,300.48,300.48,300.48,300.48,
10/30/1972,301.02,301.02,301.02,301.02,
10/31/1972,301.11,301.11,301.11,301.11,
11/1/1972,301.02,301.02,301.02,301.02,
11/2/1972,300.66,300.66,300.66,300.66,
11/3/1972,299.94,299.94,299.94,299.94,
11/6/1972,301.02,301.02,301.02,301.02,
11/8/1972,301.02,301.02,301.02,301.02,
11/9/1972,301.02,301.02,301.02,301.02,
11/10/1972,300.93,300.93,300.93,300.93,
11/13/1972,301.02,301.02,301.02,301.02,
11/14/1972,301.02,301.02,301.02,301.02,
11/15/1972,301.11,301.11,301.11,301.11,
11/16/1972,301.11,301.11,301.11,301.11,
11/17/1972,301.02,301.02,301.02,301.02,
11/20/1972,301.11,301.11,301.11,301.11,
11/21/1972,301.11,301.11,301.11,301.11,
11/22/1972,301.11,301.11,301.11,301.11,
11/24/1972,301.02,301.02,301.02,301.02,
11/27/1972,301.11,301.11,301.11,301.11,
11/28/1972,301.2,301.2,301.2,301.2,
11/29/1972,301.11,301.11,301.11,301.11,
11/30/1972,301.11,301.11,301.11,301.11,
12/1/1972,301.11,301.11,301.11,301.11,
12/4/1972,301.11,301.11,301.11,301.11,
12/5/1972,301.11,301.11,301.11,301.11,
12/6/1972,301.11,301.11,301.11,301.11,
12/7/1972,301.11,301.11,301.11,301.11,
12/8/1972,301.11,301.11,301.11,301.11,
12/11/1972,301.07,301.07,301.07,301.07,
12/12/1972,301.11,301.11,301.11,301.11,
12/13/1972,301.11,301.11,301.11,301.11,
12/14/1972,301.11,301.11,301.11,301.11,
12/15/1972,301.11,301.11,301.11,301.11,
12/18/1972,301.11,301.11,301.11,301.11,
12/19/1972,301.11,301.11,301.11,301.11,
12/20/1972,301.11,301.11,301.11,301.11,
12/21/1972,301.11,301.11,301.11,301.11,
12/22/1972,301.11,301.11,301.11,301.11,
12/26/1972,301.39,301.39,301.39,301.39,
12/27/1972,302.02,302.02,302.02,302.02,
12/28/1972,302.02,302.02,302.02,302.02,
12/29/1972,301.66,301.66,301.66,301.66,
1/2/1973,301.39,301.39,301.39,301.39,
1/3/1973,301.43,301.43,301.43,301.43,
1/4/1973,301.2,301.2,301.2,301.2,
1/5/1973,301.3,301.3,301.3,301.3,
1/8/1973,302.21,302.21,302.21,302.21,
1/9/1973,302.07,302.07,302.07,302.07,
1/10/1973,301.84,301.84,301.84,301.84,
1/11/1973,301.48,301.48,301.48,301.48,
1/12/1973,301.66,301.66,301.66,301.66,
1/15/1973,301.66,301.66,301.66,301.66,
1/16/1973,301.93,301.93,301.93,301.93,
1/17/1973,302.11,302.11,302.11,302.11,
1/18/1973,302.21,302.21,302.21,302.21,
1/19/1973,302.57,302.57,302.57,302.57,
1/22/1973,302.48,302.48,302.48,302.48,
1/23/1973,301.66,301.66,301.66,301.66,
1/24/1973,302.11,302.11,302.11,302.11,
1/25/1973,301.84,301.84,301.84,301.84,
1/26/1973,301.75,301.75,301.75,301.75,
1/29/1973,301.66,301.66,301.66,301.66,
1/30/1973,301.39,301.39,301.39,301.39,
1/31/1973,301.39,301.39,301.39,301.39,
2/1/1973,300.93,300.93,300.93,300.93,
2/2/1973,299.58,299.58,299.58,299.58,
2/5/1973,300.75,300.75,300.75,300.75,
2/6/1973,299.85,299.85,299.85,299.85,
2/7/1973,299.85,299.85,299.85,299.85,
2/8/1973,299.4,299.4,299.4,299.4,
2/9/1973,293.26,293.26,293.26,293.26,
2/13/1973,266.67,266.67,266.67,266.67,
2/14/1973,265.96,265.96,265.96,265.96,
2/15/1973,263.02,263.02,263.02,263.02,
2/16/1973,263.85,263.85,263.85,263.85,
2/20/1973,265.96,265.96,265.96,265.96,
2/21/1973,264.9,264.9,264.9,264.9,
2/22/1973,265.46,265.46,265.46,265.46,
2/23/1973,264.9,264.9,264.9,264.9,
2/26/1973,265.6,265.6,265.6,265.6,
2/27/1973,265.96,265.96,265.96,265.96,
2/28/1973,265.67,265.67,265.67,265.67,
3/1/1973,265.6,265.6,265.6,265.6,
3/2/1973,262.12,262.12,262.12,262.12,
3/5/1973,259.07,259.07,259.07,259.07,
3/6/1973,261.78,261.78,261.78,261.78,
3/7/1973,261.92,261.92,261.92,261.92,
3/8/1973,261.44,261.44,261.44,261.44,
3/9/1973,260.42,260.42,260.42,260.42,
3/12/1973,257.07,257.07,257.07,257.07,
3/13/1973,254.97,254.97,254.97,254.97,
3/14/1973,254.45,254.45,254.45,254.45,
3/15/1973,255.75,255.75,255.75,255.75,
3/16/1973,260.08,260.08,260.08,260.08,
3/19/1973,263.16,263.16,263.16,263.16,
3/20/1973,263.16,263.16,263.16,263.16,
3/21/1973,263.16,263.16,263.16,263.16,
3/22/1973,263.5,263.5,263.5,263.5,
3/23/1973,266.03,266.03,266.03,266.03,
3/26/1973,265.53,265.53,265.53,265.53,
3/27/1973,265.39,265.39,265.39,265.39,
3/28/1973,265.6,265.6,265.6,265.6,
3/29/1973,265.67,265.67,265.67,265.67,
3/30/1973,265.96,265.96,265.96,265.96,
4/2/1973,266.03,266.03,266.03,266.03,
4/3/1973,265.46,265.46,265.46,265.46,
4/4/1973,264.97,264.97,264.97,264.97,
4/5/1973,264.55,264.55,264.55,264.55,
4/6/1973,264.76,264.76,264.76,264.76,
4/9/1973,265.53,265.53,265.53,265.53,
4/10/1973,265.53,265.53,265.53,265.53,
4/11/1973,265.67,265.67,265.67,265.67,
4/12/1973,266.03,266.03,266.03,266.03,
4/13/1973,265.89,265.89,265.89,265.89,
4/16/1973,265.6,265.6,265.6,265.6,
4/17/1973,265.46,265.46,265.46,265.46,
4/18/1973,265.46,265.46,265.46,265.46,
4/19/1973,265.53,265.53,265.53,265.53,
4/20/1973,265.6,265.6,265.6,265.6,
4/23/1973,265.6,265.6,265.6,265.6,
4/24/1973,265.46,265.46,265.46,265.46,
4/25/1973,265.46,265.46,265.46,265.46,
4/26/1973,265.6,265.6,265.6,265.6,
4/27/1973,265.6,265.6,265.6,265.6,
4/30/1973,265.53,265.53,265.53,265.53,
5/1/1973,265.53,265.53,265.53,265.53,
5/2/1973,265.53,265.53,265.53,265.53,
5/3/1973,265.53,265.53,265.53,265.53,
5/4/1973,265.53,265.53,265.53,265.53,
5/7/1973,265.53,265.53,265.53,265.53,
5/8/1973,265.67,265.67,265.67,265.67,
5/9/1973,265.04,265.04,265.04,265.04,
5/10/1973,265.04,265.04,265.04,265.04,
5/11/1973,265.46,265.46,265.46,265.46,
5/14/1973,264.76,264.76,264.76,264.76,
5/15/1973,262.47,262.47,262.47,262.47,
5/16/1973,262.95,262.95,262.95,262.95,
5/17/1973,264.48,264.48,264.48,264.48,
5/18/1973,264.27,264.27,264.27,264.27,
5/21/1973,262.95,262.95,262.95,262.95,
5/22/1973,263.57,263.57,263.57,263.57,
5/23/1973,264.2,264.2,264.2,264.2,
5/24/1973,264.55,264.55,264.55,264.55,
5/25/1973,264.83,264.83,264.83,264.83,
5/29/1973,264.9,264.9,264.9,264.9,
5/30/1973,264.83,264.83,264.83,264.83,
5/31/1973,264.69,264.69,264.69,264.69,
6/1/1973,264.06,264.06,264.06,264.06,
6/4/1973,262.88,262.88,262.88,262.88,
6/5/1973,262.88,262.88,262.88,262.88,
6/6/1973,264.13,264.13,264.13,264.13,
6/7/1973,264.27,264.27,264.27,264.27,
6/8/1973,264.41,264.41,264.41,264.41,
6/11/1973,264.69,264.69,264.69,264.69,
6/12/1973,264.69,264.69,264.69,264.69,
6/13/1973,264.62,264.62,264.62,264.62,
6/14/1973,264.69,264.69,264.69,264.69,
6/15/1973,264.69,264.69,264.69,264.69,
6/18/1973,264.69,264.69,264.69,264.69,
6/19/1973,264.83,264.83,264.83,264.83,
6/20/1973,264.97,264.97,264.97,264.97,
6/21/1973,265.04,265.04,265.04,265.04,
6/22/1973,265.04,265.04,265.04,265.04,
6/25/1973,265.18,265.18,265.18,265.18,
6/26/1973,265.18,265.18,265.18,265.18,
6/27/1973,265.18,265.18,265.18,265.18,
6/28/1973,265.18,265.18,265.18,265.18,
6/29/1973,263.16,263.16,263.16,263.16,
7/2/1973,265.25,265.25,265.25,265.25,
7/3/1973,265.04,265.04,265.04,265.04,
7/5/1973,265.11,265.11,265.11,265.11,
7/6/1973,262.12,262.12,262.12,262.12,
7/9/1973,259.4,259.4,259.4,259.4,
7/10/1973,263.16,263.16,263.16,263.16,
7/11/1973,264.83,264.83,264.83,264.83,
7/12/1973,264.76,264.76,264.76,264.76,
7/13/1973,265.04,265.04,265.04,265.04,
7/16/1973,265.11,265.11,265.11,265.11,
7/17/1973,265.25,265.25,265.25,265.25,
7/18/1973,265.11,265.11,265.11,265.11,
7/19/1973,265.18,265.18,265.18,265.18,
7/20/1973,265.6,265.6,265.6,265.6,
7/23/1973,266.17,266.17,266.17,266.17,
7/24/1973,265.6,265.6,265.6,265.6,
7/25/1973,265.53,265.53,265.53,265.53,
7/26/1973,265.6,265.6,265.6,265.6,
7/27/1973,264.76,264.76,264.76,264.76,
7/30/1973,263.57,263.57,263.57,263.57,
7/31/1973,263.44,263.44,263.44,263.44,
8/1/1973,263.44,263.44,263.44,263.44,
8/2/1973,264.76,264.76,264.76,264.76,
8/3/1973,265.39,265.39,265.39,265.39,
8/6/1973,265.11,265.11,265.11,265.11,
8/7/1973,265.25,265.25,265.25,265.25,
8/8/1973,265.18,265.18,265.18,265.18,
8/9/1973,265.11,265.11,265.11,265.11,
8/10/1973,265.25,265.25,265.25,265.25,
8/13/1973,265.46,265.46,265.46,265.46,
8/14/1973,265.46,265.46,265.46,265.46,
8/15/1973,265.46,265.46,265.46,265.46,
8/16/1973,265.39,265.39,265.39,265.39,
8/17/1973,265.53,265.53,265.53,265.53,
8/20/1973,265.6,265.6,265.6,265.6,
8/21/1973,265.18,265.18,265.18,265.18,
8/22/1973,265.25,265.25,265.25,265.25,
8/23/1973,265.25,265.25,265.25,265.25,
8/24/1973,265.25,265.25,265.25,265.25,
8/27/1973,265.32,265.32,265.32,265.32,
8/28/1973,265.32,265.32,265.32,265.32,
8/29/1973,265.32,265.32,265.32,265.32,
8/30/1973,265.39,265.39,265.39,265.39,
8/31/1973,265.39,265.39,265.39,265.39,
9/4/1973,265.46,265.46,265.46,265.46,
9/5/1973,265.39,265.39,265.39,265.39,
9/6/1973,265.39,265.39,265.39,265.39,
9/7/1973,265.39,265.39,265.39,265.39,
9/10/1973,265.39,265.39,265.39,265.39,
9/11/1973,265.46,265.46,265.46,265.46,
9/12/1973,265.6,265.6,265.6,265.6,
9/13/1973,265.6,265.6,265.6,265.6,
9/14/1973,265.6,265.6,265.6,265.6,
9/17/1973,265.53,265.53,265.53,265.53,
9/18/1973,265.53,265.53,265.53,265.53,
9/19/1973,265.46,265.46,265.46,265.46,
9/20/1973,265.39,265.39,265.39,265.39,
9/21/1973,265.25,265.25,265.25,265.25,
9/24/1973,265.39,265.39,265.39,265.39,
9/25/1973,265.46,265.46,265.46,265.46,
9/26/1973,265.53,265.53,265.53,265.53,
9/27/1973,265.6,265.6,265.6,265.6,
9/28/1973,265.6,265.6,265.6,265.6,
10/1/1973,265.6,265.6,265.6,265.6,
10/2/1973,265.75,265.75,265.75,265.75,
10/3/1973,265.89,265.89,265.89,265.89,
10/4/1973,265.96,265.96,265.96,265.96,
10/5/1973,266.17,266.17,266.17,266.17,
10/9/1973,266.31,266.31,266.31,266.31,
10/10/1973,266.31,266.31,266.31,266.31,
10/11/1973,266.24,266.24,266.24,266.24,
10/12/1973,266.24,266.24,266.24,266.24,
10/15/1973,266.45,266.45,266.45,266.45,
10/16/1973,266.45,266.45,266.45,266.45,
10/17/1973,266.38,266.38,266.38,266.38,
10/18/1973,266.31,266.31,266.31,266.31,
10/19/1973,266.38,266.38,266.38,266.38,
10/23/1973,266.45,266.45,266.45,266.45,
10/24/1973,266.38,266.38,266.38,266.38,
10/25/1973,266.45,266.45,266.45,266.45,
10/26/1973,266.67,266.67,266.67,266.67,
10/29/1973,266.74,266.74,266.74,266.74,
10/30/1973,266.95,266.95,266.95,266.95,
10/31/1973,266.95,266.95,266.95,266.95,
11/1/1973,270.27,270.27,270.27,270.27,
11/2/1973,276.01,276.01,276.01,276.01,
11/5/1973,275.18,275.18,275.18,275.18,
11/7/1973,275.18,275.18,275.18,275.18,
11/8/1973,275.25,275.25,275.25,275.25,
11/9/1973,275.33,275.33,275.33,275.33,
11/12/1973,275.25,275.25,275.25,275.25,
11/13/1973,280.19,280.19,280.19,280.19,
11/14/1973,280.66,280.66,280.66,280.66,
11/15/1973,280.27,280.27,280.27,280.27,
11/16/1973,280.11,280.11,280.11,280.11,
11/19/1973,280.11,280.11,280.11,280.11,
11/20/1973,280.43,280.43,280.43,280.43,
11/21/1973,280.11,280.11,280.11,280.11,
11/23/1973,280.66,280.66,280.66,280.66,
11/26/1973,280.11,280.11,280.11,280.11,
11/27/1973,280.11,280.11,280.11,280.11,
11/28/1973,279.8,279.8,279.8,279.8,
11/29/1973,280.11,280.11,280.11,280.11,
11/30/1973,280.11,280.11,280.11,280.11,
12/3/1973,280.11,280.11,280.11,280.11,
12/4/1973,280.11,280.11,280.11,280.11,
12/5/1973,280.11,280.11,280.11,280.11,
12/6/1973,280.11,280.11,280.11,280.11,
12/7/1973,280.11,280.11,280.11,280.11,
12/10/1973,280.11,280.11,280.11,280.11,
12/11/1973,280.11,280.11,280.11,280.11,
12/12/1973,280.03,280.03,280.03,280.03,
12/13/1973,280.11,280.11,280.11,280.11,
12/14/1973,280.11,280.11,280.11,280.11,
12/17/1973,280.11,280.11,280.11,280.11,
12/18/1973,280.11,280.11,280.11,280.11,
12/19/1973,280.11,280.11,280.11,280.11,
12/20/1973,280.11,280.11,280.11,280.11,
12/21/1973,280.11,280.11,280.11,280.11,
12/24/1973,280.35,280.35,280.35,280.35,
12/26/1973,280.27,280.27,280.27,280.27,
12/27/1973,280.66,280.66,280.66,280.66,
12/28/1973,280.43,280.43,280.43,280.43,
12/31/1973,280.27,280.27,280.27,280.27,
1/2/1974,280.82,280.82,280.82,280.82,
1/3/1974,283.69,283.69,283.69,283.69,
1/4/1974,282.09,282.09,282.09,282.09,
1/7/1974,300.3,300.3,300.3,300.3,
1/8/1974,299.94,299.94,299.94,299.94,
1/9/1974,299.94,299.94,299.94,299.94,
1/10/1974,299.94,299.94,299.94,299.94,
1/11/1974,300.03,300.03,300.03,300.03,
1/14/1974,300.12,300.12,300.12,300.12,
1/15/1974,300.12,300.12,300.12,300.12,
1/16/1974,300.12,300.12,300.12,300.12,
1/17/1974,300.12,300.12,300.12,300.12,
1/18/1974,300.12,300.12,300.12,300.12,
1/21/1974,305.34,305.34,305.34,305.34,
1/22/1974,304.88,304.88,304.88,304.88,
1/23/1974,303.58,303.58,303.58,303.58,
1/24/1974,300.12,300.12,300.12,300.12,
1/25/1974,299.8,299.8,299.8,299.8,
1/28/1974,299.85,299.85,299.85,299.85,
1/29/1974,300.03,300.03,300.03,300.03,
1/30/1974,299.22,299.22,299.22,299.22,
1/31/1974,298.77,298.77,298.77,298.77,
2/1/1974,298.86,298.86,298.86,298.86,
2/4/1974,297,297,297,297,
2/5/1974,293.69,293.69,293.69,293.69,
2/6/1974,297.62,297.62,297.62,297.62,
2/7/1974,296.82,296.82,296.82,296.82,
2/8/1974,296.3,296.3,296.3,296.3,
2/11/1974,295.51,295.51,295.51,295.51,
2/13/1974,291.89,291.89,291.89,291.89,
2/14/1974,291.55,291.55,291.55,291.55,
2/15/1974,293.17,293.17,293.17,293.17,
2/19/1974,290.11,290.11,290.11,290.11,
2/20/1974,289.02,289.02,289.02,289.02,
2/21/1974,282.09,282.09,282.09,282.09,
2/22/1974,280.58,280.58,280.58,280.58,
2/25/1974,283.37,283.37,283.37,283.37,
2/26/1974,286.53,286.53,286.53,286.53,
2/27/1974,287.03,287.03,287.03,287.03,
2/28/1974,288.43,288.43,288.43,288.43,
3/1/1974,292.06,292.06,292.06,292.06,
3/4/1974,292.74,292.74,292.74,292.74,
3/5/1974,289.44,289.44,289.44,289.44,
3/6/1974,287.03,287.03,287.03,287.03,
3/7/1974,286.86,286.86,286.86,286.86,
3/8/1974,287.19,287.19,287.19,287.19,
3/11/1974,285.71,285.71,285.71,285.71,
3/12/1974,281.69,281.69,281.69,281.69,
3/13/1974,282.33,282.33,282.33,282.33,
3/14/1974,282.89,282.89,282.89,282.89,
3/15/1974,282.49,282.49,282.49,282.49,
3/18/1974,281.93,281.93,281.93,281.93,
3/19/1974,280.98,280.98,280.98,280.98,
3/20/1974,280.19,280.19,280.19,280.19,
3/21/1974,279.1,279.1,279.1,279.1,
3/22/1974,276.78,276.78,276.78,276.78,
3/25/1974,275.18,275.18,275.18,275.18,
3/26/1974,274.88,274.88,274.88,274.88,
3/27/1974,275.48,275.48,275.48,275.48,
3/28/1974,274.42,274.42,274.42,274.42,
3/29/1974,276.09,276.09,276.09,276.09,
4/1/1974,280.11,280.11,280.11,280.11,
4/2/1974,275.48,275.48,275.48,275.48,
4/3/1974,275.86,275.86,275.86,275.86,
4/4/1974,278.32,278.32,278.32,278.32,
4/5/1974,279.33,279.33,279.33,279.33,
4/8/1974,278.01,278.01,278.01,278.01,
4/9/1974,279.25,279.25,279.25,279.25,
4/10/1974,278.01,278.01,278.01,278.01,
4/11/1974,276.78,276.78,276.78,276.78,
4/12/1974,278.55,278.55,278.55,278.55,
4/15/1974,278.55,278.55,278.55,278.55,
4/16/1974,276.93,276.93,276.93,276.93,
4/17/1974,276.4,276.4,276.4,276.4,
4/18/1974,276.4,276.4,276.4,276.4,
4/19/1974,276.93,276.93,276.93,276.93,
4/22/1974,277.39,277.39,277.39,277.39,
4/23/1974,275.56,275.56,275.56,275.56,
4/24/1974,276.24,276.24,276.24,276.24,
4/25/1974,278.16,278.16,278.16,278.16,
4/26/1974,279.8,279.8,279.8,279.8,
4/29/1974,279.33,279.33,279.33,279.33,
4/30/1974,279.64,279.64,279.64,279.64,
5/1/1974,279.41,279.41,279.41,279.41,
5/2/1974,279.96,279.96,279.96,279.96,
5/3/1974,279.8,279.8,279.8,279.8,
5/6/1974,279.41,279.41,279.41,279.41,
5/7/1974,279.56,279.56,279.56,279.56,
5/8/1974,277.62,277.62,277.62,277.62,
5/9/1974,277.62,277.62,277.62,277.62,
5/10/1974,277.62,277.62,277.62,277.62,
5/13/1974,277.62,277.62,277.62,277.62,
5/14/1974,277.78,277.78,277.78,277.78,
5/15/1974,277.39,277.39,277.39,277.39,
5/16/1974,277.62,277.62,277.62,277.62,
5/17/1974,277.7,277.7,277.7,277.7,
5/20/1974,278.24,278.24,278.24,278.24,
5/21/1974,279.1,279.1,279.1,279.1,
5/22/1974,279.88,279.88,279.88,279.88,
5/23/1974,279.56,279.56,279.56,279.56,
5/24/1974,279.49,279.49,279.49,279.49,
5/28/1974,279.33,279.33,279.33,279.33,
5/29/1974,279.72,279.72,279.72,279.72,
5/30/1974,280.9,280.9,280.9,280.9,
5/31/1974,281.93,281.93,281.93,281.93,
6/3/1974,283.69,283.69,283.69,283.69,
6/4/1974,282.89,282.89,282.89,282.89,
6/5/1974,281.85,281.85,281.85,281.85,
6/6/1974,281.93,281.93,281.93,281.93,
6/7/1974,282.65,282.65,282.65,282.65,
6/10/1974,282.17,282.17,282.17,282.17,
6/11/1974,282.25,282.25,282.25,282.25,
6/12/1974,282.97,282.97,282.97,282.97,
6/13/1974,282.49,282.49,282.49,282.49,
6/14/1974,282.57,282.57,282.57,282.57,
6/17/1974,282.73,282.73,282.73,282.73,
6/18/1974,282.73,282.73,282.73,282.73,
6/19/1974,282.65,282.65,282.65,282.65,
6/20/1974,282.89,282.89,282.89,282.89,
6/21/1974,283.21,283.21,283.21,283.21,
6/24/1974,283.61,283.61,283.61,283.61,
6/25/1974,283.85,283.85,283.85,283.85,
6/26/1974,284.09,284.09,284.09,284.09,
6/27/1974,283.93,283.93,283.93,283.93,
6/28/1974,284.25,284.25,284.25,284.25,
7/1/1974,285.31,285.31,285.31,285.31,
7/2/1974,286.61,286.61,286.61,286.61,
7/3/1974,285.88,285.88,285.88,285.88,
7/5/1974,287.36,287.36,287.36,287.36,
7/8/1974,287.94,287.94,287.94,287.94,
7/9/1974,288.43,288.43,288.43,288.43,
7/10/1974,290.7,290.7,290.7,290.7,
7/11/1974,291.97,291.97,291.97,291.97,
7/12/1974,289.18,289.18,289.18,289.18,
7/15/1974,288.85,288.85,288.85,288.85,
7/16/1974,288.1,288.1,288.1,288.1,
7/17/1974,289.94,289.94,289.94,289.94,
7/18/1974,290.36,290.36,290.36,290.36,
7/19/1974,290.7,290.7,290.7,290.7,
7/22/1974,291.29,291.29,291.29,291.29,
7/23/1974,292.74,292.74,292.74,292.74,
7/24/1974,292.83,292.83,292.83,292.83,
7/25/1974,293.94,293.94,293.94,293.94,
7/26/1974,295.42,295.42,295.42,295.42,
7/29/1974,298.24,298.24,298.24,298.24,
7/30/1974,297.53,297.53,297.53,297.53,
7/31/1974,298.24,298.24,298.24,298.24,
8/1/1974,299.58,299.58,299.58,299.58,
8/2/1974,300.12,300.12,300.12,300.12,
8/5/1974,300.21,300.21,300.21,300.21,
8/6/1974,300.75,300.75,300.75,300.75,
8/7/1974,302.11,302.11,302.11,302.11,
8/8/1974,302.75,302.75,302.75,302.75,
8/9/1974,302.57,302.57,302.57,302.57,
8/12/1974,302.11,302.11,302.11,302.11,
8/13/1974,301.84,301.84,301.84,301.84,
8/14/1974,302.48,302.48,302.48,302.48,
8/15/1974,302.75,302.75,302.75,302.75,
8/16/1974,302.94,302.94,302.94,302.94,
8/19/1974,303.12,303.12,303.12,303.12,
8/20/1974,303.12,303.12,303.12,303.12,
8/21/1974,303.49,303.49,303.49,303.49,
8/22/1974,303.86,303.86,303.86,303.86,
8/23/1974,303.12,303.12,303.12,303.12,
8/26/1974,302.85,302.85,302.85,302.85,
8/27/1974,302.11,302.11,302.11,302.11,
8/28/1974,302.48,302.48,302.48,302.48,
8/29/1974,302.94,302.94,302.94,302.94,
8/30/1974,302.94,302.94,302.94,302.94,
9/3/1974,302.66,302.66,302.66,302.66,
9/4/1974,302.75,302.75,302.75,302.75,
9/5/1974,302.57,302.57,302.57,302.57,
9/6/1974,302.66,302.66,302.66,302.66,
9/9/1974,302.48,302.48,302.48,302.48,
9/10/1974,302.75,302.75,302.75,302.75,
9/11/1974,302.11,302.11,302.11,302.11,
9/12/1974,301.2,301.2,301.2,301.2,
9/13/1974,299.58,299.58,299.58,299.58,
9/16/1974,299.4,299.4,299.4,299.4,
9/17/1974,296.12,296.12,296.12,296.12,
9/18/1974,296.03,296.03,296.03,296.03,
9/19/1974,296.82,296.82,296.82,296.82,
9/20/1974,295.86,295.86,295.86,295.86,
9/23/1974,295.86,295.86,295.86,295.86,
9/24/1974,294.81,294.81,294.81,294.81,
9/25/1974,296.21,296.21,296.21,296.21,
9/26/1974,296.74,296.74,296.74,296.74,
9/27/1974,296.74,296.74,296.74,296.74,
9/30/1974,298.33,298.33,298.33,298.33,
10/1/1974,298.15,298.15,298.15,298.15,
10/2/1974,297.97,297.97,297.97,297.97,
10/3/1974,299.04,299.04,299.04,299.04,
10/4/1974,299.04,299.04,299.04,299.04,
10/7/1974,300.03,300.03,300.03,300.03,
10/8/1974,299.76,299.76,299.76,299.76,
10/9/1974,298.69,298.69,298.69,298.69,
10/10/1974,298.77,298.77,298.77,298.77,
10/11/1974,299.13,299.13,299.13,299.13,
10/15/1974,299.13,299.13,299.13,299.13,
10/16/1974,299.04,299.04,299.04,299.04,
10/17/1974,298.95,298.95,298.95,298.95,
10/18/1974,299.31,299.31,299.31,299.31,
10/21/1974,299.67,299.67,299.67,299.67,
10/22/1974,299.94,299.94,299.94,299.94,
10/23/1974,299.67,299.67,299.67,299.67,
10/24/1974,299.94,299.94,299.94,299.94,
10/25/1974,299.85,299.85,299.85,299.85,
10/28/1974,300.12,300.12,300.12,300.12,
10/29/1974,299.94,299.94,299.94,299.94,
10/30/1974,299.94,299.94,299.94,299.94,
10/31/1974,299.94,299.94,299.94,299.94,
11/1/1974,300.48,300.48,300.48,300.48,
11/4/1974,300.48,300.48,300.48,300.48,
11/6/1974,300.48,300.48,300.48,300.48,
11/7/1974,299.76,299.76,299.76,299.76,
11/8/1974,299.67,299.67,299.67,299.67,
11/12/1974,300.3,300.3,300.3,300.3,
11/13/1974,300.12,300.12,300.12,300.12,
11/14/1974,300.3,300.3,300.3,300.3,
11/15/1974,299.94,299.94,299.94,299.94,
11/18/1974,299.67,299.67,299.67,299.67,
11/19/1974,299.94,299.94,299.94,299.94,
11/20/1974,299.94,299.94,299.94,299.94,
11/21/1974,299.94,299.94,299.94,299.94,
11/22/1974,299.85,299.85,299.85,299.85,
11/25/1974,300.21,300.21,300.21,300.21,
11/26/1974,300.12,300.12,300.12,300.12,
11/27/1974,299.85,299.85,299.85,299.85,
11/29/1974,300.3,300.3,300.3,300.3,
12/2/1974,300.39,300.39,300.39,300.39,
12/3/1974,300.03,300.03,300.03,300.03,
12/4/1974,299.76,299.76,299.76,299.76,
12/5/1974,300.03,300.03,300.03,300.03,
12/6/1974,299.94,299.94,299.94,299.94,
12/9/1974,299.85,299.85,299.85,299.85,
12/10/1974,299.76,299.76,299.76,299.76,
12/11/1974,299.76,299.76,299.76,299.76,
12/12/1974,300.03,300.03,300.03,300.03,
12/13/1974,300.03,300.03,300.03,300.03,
12/16/1974,300.3,300.3,300.3,300.3,
12/17/1974,300.48,300.48,300.48,300.48,
12/18/1974,300.66,300.66,300.66,300.66,
12/19/1974,300.84,300.84,300.84,300.84,
12/20/1974,301.11,301.11,301.11,301.11,
12/23/1974,301.02,301.02,301.02,301.02,
12/24/1974,301.2,301.2,301.2,301.2,
12/26/1974,301.11,301.11,301.11,301.11,
12/27/1974,300.75,300.75,300.75,300.75,
12/30/1974,300.57,300.57,300.57,300.57,
12/31/1974,301.02,301.02,301.02,301.02,
1/2/1975,300.66,300.66,300.66,300.66,
1/3/1975,300.84,300.84,300.84,300.84,
1/6/1975,301.02,301.02,301.02,301.02,
1/7/1975,300.93,300.93,300.93,300.93,
1/8/1975,300.75,300.75,300.75,300.75,
1/9/1975,300.84,300.84,300.84,300.84,
1/10/1975,300.84,300.84,300.84,300.84,
1/13/1975,300.93,300.93,300.93,300.93,
1/14/1975,300.93,300.93,300.93,300.93,
1/15/1975,301.02,301.02,301.02,301.02,
1/16/1975,300.75,300.75,300.75,300.75,
1/17/1975,300.84,300.84,300.84,300.84,
1/20/1975,301.02,301.02,301.02,301.02,
1/21/1975,300.84,300.84,300.84,300.84,
1/22/1975,300.3,300.3,300.3,300.3,
1/23/1975,299.67,299.67,299.67,299.67,
1/24/1975,295.33,295.33,295.33,295.33,
1/27/1975,294.99,294.99,294.99,294.99,
1/28/1975,297.44,297.44,297.44,297.44,
1/29/1975,297.35,297.35,297.35,297.35,
1/30/1975,297.8,297.8,297.8,297.8,
1/31/1975,297.97,297.97,297.97,297.97,
2/3/1975,297.44,297.44,297.44,297.44,
2/4/1975,297.09,297.09,297.09,297.09,
2/5/1975,297.27,297.27,297.27,297.27,
2/6/1975,297,297,297,297,
2/7/1975,295.6,295.6,295.6,295.6,
2/10/1975,292.4,292.4,292.4,292.4,
2/11/1975,291.63,291.63,291.63,291.63,
2/13/1975,292.83,292.83,292.83,292.83,
2/14/1975,293.26,293.26,293.26,293.26,
2/18/1975,293.34,293.34,293.34,293.34,
2/19/1975,291.55,291.55,291.55,291.55,
2/20/1975,291.12,291.12,291.12,291.12,
2/21/1975,289.52,289.52,289.52,289.52,
2/24/1975,285.88,285.88,285.88,285.88,
2/25/1975,285.96,285.96,285.96,285.96,
2/26/1975,285.63,285.63,285.63,285.63,
2/27/1975,285.88,285.88,285.88,285.88,
2/28/1975,286.45,286.45,286.45,286.45,
3/3/1975,285.39,285.39,285.39,285.39,
3/4/1975,284.66,284.66,284.66,284.66,
3/5/1975,285.23,285.23,285.23,285.23,
3/6/1975,285.71,285.71,285.71,285.71,
3/7/1975,285.96,285.96,285.96,285.96,
3/10/1975,286.21,286.21,286.21,286.21,
3/11/1975,286.12,286.12,286.12,286.12,
3/12/1975,287.27,287.27,287.27,287.27,
3/13/1975,288.85,288.85,288.85,288.85,
3/14/1975,288.1,288.1,288.1,288.1,
3/17/1975,286.53,286.53,286.53,286.53,
3/18/1975,287.19,287.19,287.19,287.19,
3/19/1975,288.18,288.18,288.18,288.18,
3/20/1975,287.19,287.19,287.19,287.19,
3/21/1975,287.44,287.44,287.44,287.44,
3/24/1975,287.77,287.77,287.77,287.77,
3/25/1975,290.02,290.02,290.02,290.02,
3/26/1975,290.53,290.53,290.53,290.53,
3/27/1975,292.06,292.06,292.06,292.06,
3/28/1975,292.48,292.48,292.48,292.48,
3/31/1975,294.03,294.03,294.03,294.03,
4/1/1975,290.87,290.87,290.87,290.87,
4/2/1975,291.55,291.55,291.55,291.55,
4/3/1975,292.31,292.31,292.31,292.31,
4/4/1975,292.23,292.23,292.23,292.23,
4/7/1975,291.97,291.97,291.97,291.97,
4/8/1975,291.89,291.89,291.89,291.89,
4/9/1975,291.89,291.89,291.89,291.89,
4/10/1975,291.8,291.8,291.8,291.8,
4/11/1975,291.12,291.12,291.12,291.12,
4/14/1975,291.29,291.29,291.29,291.29,
4/15/1975,290.95,290.95,290.95,290.95,
4/16/1975,291.38,291.38,291.38,291.38,
4/17/1975,291.72,291.72,291.72,291.72,
4/18/1975,291.8,291.8,291.8,291.8,
4/21/1975,292.83,292.83,292.83,292.83,
4/22/1975,292.83,292.83,292.83,292.83,
4/23/1975,292.74,292.74,292.74,292.74,
4/24/1975,292.83,292.83,292.83,292.83,
4/25/1975,293.69,293.69,293.69,293.69,
4/28/1975,294.55,294.55,294.55,294.55,
4/29/1975,293.86,293.86,293.86,293.86,
4/30/1975,292.23,292.23,292.23,292.23,
5/1/1975,292.14,292.14,292.14,292.14,
5/2/1975,290.36,290.36,290.36,290.36,
5/5/1975,290.44,290.44,290.44,290.44,
5/6/1975,291.38,291.38,291.38,291.38,
5/7/1975,291.21,291.21,291.21,291.21,
5/8/1975,291.38,291.38,291.38,291.38,
5/9/1975,291.46,291.46,291.46,291.46,
5/12/1975,291.29,291.29,291.29,291.29,
5/13/1975,291.46,291.46,291.46,291.46,
5/14/1975,291.8,291.8,291.8,291.8,
5/15/1975,291.63,291.63,291.63,291.63,
5/16/1975,291.55,291.55,291.55,291.55,
5/19/1975,291.8,291.8,291.8,291.8,
5/20/1975,292.23,292.23,292.23,292.23,
5/21/1975,292.06,292.06,292.06,292.06,
5/22/1975,291.89,291.89,291.89,291.89,
5/23/1975,291.04,291.04,291.04,291.04,
5/27/1975,291.29,291.29,291.29,291.29,
5/28/1975,290.7,290.7,290.7,290.7,
5/29/1975,291.38,291.38,291.38,291.38,
5/30/1975,291.55,291.55,291.55,291.55,
6/2/1975,291.46,291.46,291.46,291.46,
6/3/1975,291.04,291.04,291.04,291.04,
6/4/1975,291.29,291.29,291.29,291.29,
6/5/1975,292.23,292.23,292.23,292.23,
6/6/1975,291.8,291.8,291.8,291.8,
6/9/1975,291.8,291.8,291.8,291.8,
6/10/1975,291.89,291.89,291.89,291.89,
6/11/1975,291.89,291.89,291.89,291.89,
6/12/1975,292.48,292.48,292.48,292.48,
6/13/1975,292.65,292.65,292.65,292.65,
6/16/1975,294.12,294.12,294.12,294.12,
6/17/1975,293.43,293.43,293.43,293.43,
6/18/1975,294.12,294.12,294.12,294.12,
6/19/1975,294.12,294.12,294.12,294.12,
6/20/1975,293.94,293.94,293.94,293.94,
6/23/1975,294.72,294.72,294.72,294.72,
6/24/1975,295.33,295.33,295.33,295.33,
6/25/1975,297,297,297,297,
6/26/1975,295.77,295.77,295.77,295.77,
6/27/1975,296.03,296.03,296.03,296.03,
6/30/1975,295.68,295.68,295.68,295.68,
7/1/1975,295.68,295.68,295.68,295.68,
7/2/1975,295.51,295.51,295.51,295.51,
7/3/1975,295.42,295.42,295.42,295.42,
7/7/1975,295.51,295.51,295.51,295.51,
7/8/1975,295.68,295.68,295.68,295.68,
7/9/1975,295.95,295.95,295.95,295.95,
7/10/1975,296.12,296.12,296.12,296.12,
7/11/1975,296.12,296.12,296.12,296.12,
7/14/1975,295.86,295.86,295.86,295.86,
7/15/1975,295.86,295.86,295.86,295.86,
7/16/1975,296.03,296.03,296.03,296.03,
7/17/1975,296.3,296.3,296.3,296.3,
7/18/1975,296.21,296.21,296.21,296.21,
7/21/1975,296.12,296.12,296.12,296.12,
7/22/1975,296.47,296.47,296.47,296.47,
7/23/1975,296.82,296.82,296.82,296.82,
7/24/1975,297.62,297.62,297.62,297.62,
7/25/1975,296.65,296.65,296.65,296.65,
7/28/1975,297.8,297.8,297.8,297.8,
7/29/1975,297.35,297.35,297.35,297.35,
7/30/1975,297.44,297.44,297.44,297.44,
7/31/1975,297.71,297.71,297.71,297.71,
8/1/1975,297.89,297.89,297.89,297.89,
8/4/1975,297.97,297.97,297.97,297.97,
8/5/1975,297.97,297.97,297.97,297.97,
8/6/1975,298.06,298.06,298.06,298.06,
8/7/1975,297.97,297.97,297.97,297.97,
8/8/1975,297.62,297.62,297.62,297.62,
8/11/1975,297.8,297.8,297.8,297.8,
8/12/1975,298.06,298.06,298.06,298.06,
8/13/1975,297.97,297.97,297.97,297.97,
8/14/1975,297.97,297.97,297.97,297.97,
8/15/1975,297.97,297.97,297.97,297.97,
8/18/1975,298.15,298.15,298.15,298.15,
8/19/1975,298.06,298.06,298.06,298.06,
8/20/1975,297.97,297.97,297.97,297.97,
8/21/1975,297.89,297.89,297.89,297.89,
8/22/1975,297.97,297.97,297.97,297.97,
8/25/1975,298.06,298.06,298.06,298.06,
8/26/1975,298.15,298.15,298.15,298.15,
8/27/1975,297.97,297.97,297.97,297.97,
8/28/1975,298.06,298.06,298.06,298.06,
8/29/1975,297.97,297.97,297.97,297.97,
9/2/1975,297.97,297.97,297.97,297.97,
9/3/1975,297.8,297.8,297.8,297.8,
9/4/1975,297.89,297.89,297.89,297.89,
9/5/1975,297.97,297.97,297.97,297.97,
9/8/1975,297.97,297.97,297.97,297.97,
9/9/1975,298.06,298.06,298.06,298.06,
9/10/1975,297.97,297.97,297.97,297.97,
9/11/1975,298.06,298.06,298.06,298.06,
9/12/1975,298.06,298.06,298.06,298.06,
9/15/1975,298.06,298.06,298.06,298.06,
9/16/1975,298.06,298.06,298.06,298.06,
9/17/1975,298.33,298.33,298.33,298.33,
9/18/1975,300.48,300.48,300.48,300.48,
9/19/1975,301.57,301.57,301.57,301.57,
9/22/1975,302.94,302.94,302.94,302.94,
9/23/1975,303.31,303.31,303.31,303.31,
9/24/1975,303.12,303.12,303.12,303.12,
9/25/1975,302.66,302.66,302.66,302.66,
9/26/1975,301.75,301.75,301.75,301.75,
9/29/1975,303.21,303.21,303.21,303.21,
9/30/1975,302.85,302.85,302.85,302.85,
10/1/1975,302.57,302.57,302.57,302.57,
10/2/1975,302.66,302.66,302.66,302.66,
10/3/1975,303.03,303.03,303.03,303.03,
10/6/1975,303.12,303.12,303.12,303.12,
10/7/1975,302.94,302.94,302.94,302.94,
10/8/1975,303.12,303.12,303.12,303.12,
10/9/1975,303.03,303.03,303.03,303.03,
10/10/1975,302.94,302.94,302.94,302.94,
10/14/1975,302.66,302.66,302.66,302.66,
10/15/1975,302.94,302.94,302.94,302.94,
10/16/1975,302.94,302.94,302.94,302.94,
10/17/1975,302.76,302.76,302.76,302.76,
10/20/1975,302.48,302.48,302.48,302.48,
10/21/1975,301.11,301.11,301.11,301.11,
10/22/1975,301.57,301.57,301.57,301.57,
10/23/1975,301.84,301.84,301.84,301.84,
10/24/1975,301.66,301.66,301.66,301.66,
10/27/1975,301.57,301.57,301.57,301.57,
10/28/1975,301.48,301.48,301.48,301.48,
10/29/1975,301.57,301.57,301.57,301.57,
10/30/1975,301.66,301.66,301.66,301.66,
10/31/1975,301.75,301.75,301.75,301.75,
11/3/1975,301.75,301.75,301.75,301.75,
11/5/1975,301.84,301.84,301.84,301.84,
11/6/1975,301.75,301.75,301.75,301.75,
11/7/1975,301.75,301.75,301.75,301.75,
11/10/1975,302.3,302.3,302.3,302.3,
11/12/1975,301.93,301.93,301.93,301.93,
11/13/1975,302.21,302.21,302.21,302.21,
11/14/1975,302.57,302.57,302.57,302.57,
11/17/1975,302.66,302.66,302.66,302.66,
11/18/1975,302.94,302.94,302.94,302.94,
11/19/1975,303.12,303.12,303.12,303.12,
11/20/1975,302.94,302.94,302.94,302.94,
11/21/1975,303.12,303.12,303.12,303.12,
11/24/1975,302.94,302.94,302.94,302.94,
11/25/1975,303.12,303.12,303.12,303.12,
11/26/1975,303.21,303.21,303.21,303.21,
11/28/1975,303.12,303.12,303.12,303.12,
12/1/1975,304.41,304.41,304.41,304.41,
12/2/1975,304.41,304.41,304.41,304.41,
12/3/1975,305.06,305.06,305.06,305.06,
12/4/1975,304.97,304.97,304.97,304.97,
12/5/1975,306.75,306.75,306.75,306.75,
12/8/1975,306.84,306.84,306.84,306.84,
12/9/1975,306.19,306.19,306.19,306.19,
12/10/1975,306.09,306.09,306.09,306.09,
12/11/1975,305.9,305.9,305.9,305.9,
12/12/1975,305.9,305.9,305.9,305.9,
12/15/1975,306,306,306,306,
12/16/1975,305.53,305.53,305.53,305.53,
12/17/1975,305.62,305.62,305.62,305.62,
12/18/1975,305.62,305.62,305.62,305.62,
12/19/1975,306.09,306.09,306.09,306.09,
12/22/1975,306.09,306.09,306.09,306.09,
12/23/1975,306,306,306,306,
12/24/1975,305.9,305.9,305.9,305.9,
12/26/1975,305.9,305.9,305.9,305.9,
12/29/1975,305.25,305.25,305.25,305.25,
12/30/1975,305.06,305.06,305.06,305.06,
12/31/1975,305.16,305.16,305.16,305.16,
1/2/1976,305.06,305.06,305.06,305.06,
1/5/1976,305.16,305.16,305.16,305.16,
1/6/1976,305.06,305.06,305.06,305.06,
1/7/1976,305.25,305.25,305.25,305.25,
1/8/1976,305.62,305.62,305.62,305.62,
1/9/1976,306,306,306,306,
1/12/1976,305.16,305.16,305.16,305.16,
1/13/1976,305.25,305.25,305.25,305.25,
1/14/1976,305.34,305.34,305.34,305.34,
1/15/1976,305.25,305.25,305.25,305.25,
1/16/1976,305.25,305.25,305.25,305.25,
1/19/1976,304.14,304.14,304.14,304.14,
1/20/1976,303.86,303.86,303.86,303.86,
1/21/1976,304.41,304.41,304.41,304.41,
1/22/1976,304.14,304.14,304.14,304.14,
1/23/1976,304.04,304.04,304.04,304.04,
1/26/1976,303.77,303.77,303.77,303.77,
1/27/1976,303.67,303.67,303.67,303.67,
1/28/1976,303.58,303.58,303.58,303.58,
1/29/1976,303.67,303.67,303.67,303.67,
1/30/1976,303.67,303.67,303.67,303.67,
2/2/1976,303.21,303.21,303.21,303.21,
2/3/1976,302.76,302.76,302.76,302.76,
2/4/1976,300.57,300.57,300.57,300.57,
2/5/1976,300.57,300.57,300.57,300.57,
2/6/1976,301.39,301.39,301.39,301.39,
2/9/1976,300.75,300.75,300.75,300.75,
2/10/1976,300.66,300.66,300.66,300.66,
2/11/1976,300.12,300.12,300.12,300.12,
2/13/1976,300.75,300.75,300.75,300.75,
2/17/1976,301.57,301.57,301.57,301.57,
2/18/1976,301.66,301.66,301.66,301.66,
2/19/1976,301.75,301.75,301.75,301.75,
2/20/1976,302.11,302.11,302.11,302.11,
2/23/1976,302.57,302.57,302.57,302.57,
2/24/1976,302.02,302.02,302.02,302.02,
2/25/1976,302.02,302.02,302.02,302.02,
2/26/1976,302.11,302.11,302.11,302.11,
2/27/1976,302.11,302.11,302.11,302.11,
3/1/1976,301.66,301.66,301.66,301.66,
3/2/1976,301.66,301.66,301.66,301.66,
3/3/1976,301.57,301.57,301.57,301.57,
3/4/1976,301.66,301.66,301.66,301.66,
3/5/1976,301.57,301.57,301.57,301.57,
3/8/1976,300.75,300.75,300.75,300.75,
3/9/1976,301.11,301.11,301.11,301.11,
3/10/1976,301.3,301.3,301.3,301.3,
3/11/1976,301.3,301.3,301.3,301.3,
3/12/1976,300.84,300.84,300.84,300.84,
3/15/1976,300.66,300.66,300.66,300.66,
3/16/1976,300.57,300.57,300.57,300.57,
3/17/1976,299.94,299.94,299.94,299.94,
3/18/1976,299.94,299.94,299.94,299.94,
3/19/1976,299.67,299.67,299.67,299.67,
3/22/1976,299.85,299.85,299.85,299.85,
3/23/1976,299.76,299.76,299.76,299.76,
3/24/1976,299.76,299.76,299.76,299.76,
3/25/1976,299.67,299.67,299.67,299.67,
3/26/1976,299.58,299.58,299.58,299.58,
3/29/1976,299.67,299.67,299.67,299.67,
3/30/1976,299.85,299.85,299.85,299.85,
3/31/1976,299.58,299.58,299.58,299.58,
4/1/1976,299.49,299.49,299.49,299.49,
4/2/1976,299.31,299.31,299.31,299.31,
4/5/1976,299.31,299.31,299.31,299.31,
4/6/1976,299.04,299.04,299.04,299.04,
4/7/1976,298.86,298.86,298.86,298.86,
4/8/1976,297.44,297.44,297.44,297.44,
4/9/1976,297.89,297.89,297.89,297.89,
4/12/1976,298.42,298.42,298.42,298.42,
4/13/1976,298.6,298.6,298.6,298.6,
4/14/1976,298.06,298.06,298.06,298.06,
4/15/1976,299.4,299.4,299.4,299.4,
4/16/1976,299.31,299.31,299.31,299.31,
4/19/1976,300.03,300.03,300.03,300.03,
4/20/1976,299.49,299.49,299.49,299.49,
4/21/1976,299.58,299.58,299.58,299.58,
4/22/1976,299.67,299.67,299.67,299.67,
4/23/1976,299.76,299.76,299.76,299.76,
4/26/1976,299.85,299.85,299.85,299.85,
4/27/1976,299.31,299.31,299.31,299.31,
4/28/1976,299.22,299.22,299.22,299.22,
4/29/1976,299.31,299.31,299.31,299.31,
4/30/1976,299.04,299.04,299.04,299.04,
5/3/1976,298.95,298.95,298.95,298.95,
5/4/1976,297.89,297.89,297.89,297.89,
5/5/1976,297.97,297.97,297.97,297.97,
5/6/1976,298.24,298.24,298.24,298.24,
5/7/1976,298.51,298.51,298.51,298.51,
5/10/1976,298.42,298.42,298.42,298.42,
5/11/1976,298.42,298.42,298.42,298.42,
5/12/1976,298.69,298.69,298.69,298.69,
5/13/1976,298.95,298.95,298.95,298.95,
5/14/1976,298.78,298.78,298.78,298.78,
5/17/1976,299.31,299.31,299.31,299.31,
5/18/1976,299.13,299.13,299.13,299.13,
5/19/1976,299.22,299.22,299.22,299.22,
5/20/1976,299.4,299.4,299.4,299.4,
5/21/1976,299.58,299.58,299.58,299.58,
5/24/1976,299.58,299.58,299.58,299.58,
5/25/1976,299.58,299.58,299.58,299.58,
5/26/1976,299.76,299.76,299.76,299.76,
5/27/1976,299.67,299.67,299.67,299.67,
5/28/1976,300.03,300.03,300.03,300.03,
6/1/1976,300.39,300.39,300.39,300.39,
6/2/1976,300.3,300.3,300.3,300.3,
6/3/1976,300.48,300.48,300.48,300.48,
6/4/1976,300.39,300.39,300.39,300.39,
6/7/1976,300.3,300.3,300.3,300.3,
6/8/1976,300.12,300.12,300.12,300.12,
6/9/1976,299.94,299.94,299.94,299.94,
6/10/1976,299.94,299.94,299.94,299.94,
6/11/1976,300.03,300.03,300.03,300.03,
6/14/1976,299.94,299.94,299.94,299.94,
6/15/1976,299.76,299.76,299.76,299.76,
6/16/1976,299.85,299.85,299.85,299.85,
6/17/1976,300.03,300.03,300.03,300.03,
6/18/1976,299.31,299.31,299.31,299.31,
6/21/1976,299.31,299.31,299.31,299.31,
6/22/1976,299.22,299.22,299.22,299.22,
6/23/1976,296.82,296.82,296.82,296.82,
6/24/1976,297.27,297.27,297.27,297.27,
6/25/1976,297.8,297.8,297.8,297.8,
6/28/1976,296.03,296.03,296.03,296.03,
6/29/1976,297,297,297,297,
6/30/1976,297.97,297.97,297.97,297.97,
7/1/1976,296.91,296.91,296.91,296.91,
7/2/1976,297.18,297.18,297.18,297.18,
7/6/1976,296.38,296.38,296.38,296.38,
7/7/1976,296.65,296.65,296.65,296.65,
7/8/1976,296.47,296.47,296.47,296.47,
7/9/1976,296.74,296.74,296.74,296.74,
7/12/1976,296.38,296.38,296.38,296.38,
7/13/1976,294.9,294.9,294.9,294.9,
7/14/1976,292.65,292.65,292.65,292.65,
7/15/1976,293.17,293.17,293.17,293.17,
7/16/1976,294.03,294.03,294.03,294.03,
7/19/1976,293.69,293.69,293.69,293.69,
7/20/1976,293.34,293.34,293.34,293.34,
7/21/1976,293.6,293.6,293.6,293.6,
7/22/1976,293.69,293.69,293.69,293.69,
7/23/1976,293.94,293.94,293.94,293.94,
7/26/1976,293.51,293.51,293.51,293.51,
7/27/1976,293.86,293.86,293.86,293.86,
7/28/1976,293.51,293.51,293.51,293.51,
7/29/1976,293.6,293.6,293.6,293.6,
7/30/1976,293.26,293.26,293.26,293.26,
8/2/1976,292.91,292.91,292.91,292.91,
8/3/1976,292.91,292.91,292.91,292.91,
8/4/1976,292.83,292.83,292.83,292.83,
8/5/1976,293,293,293,293,
8/6/1976,293,293,293,293,
8/9/1976,292.65,292.65,292.65,292.65,
8/10/1976,292.83,292.83,292.83,292.83,
8/11/1976,292.57,292.57,292.57,292.57,
8/12/1976,292.65,292.65,292.65,292.65,
8/13/1976,291.12,291.12,291.12,291.12,
8/16/1976,290.36,290.36,290.36,290.36,
8/17/1976,287.85,287.85,287.85,287.85,
8/18/1976,288.27,288.27,288.27,288.27,
8/19/1976,288.77,288.77,288.77,288.77,
8/20/1976,289.35,289.35,289.35,289.35,
8/23/1976,289.77,289.77,289.77,289.77,
8/24/1976,288.43,288.43,288.43,288.43,
8/25/1976,288.85,288.85,288.85,288.85,
8/26/1976,288.93,288.93,288.93,288.93,
8/27/1976,288.6,288.6,288.6,288.6,
8/30/1976,288.77,288.77,288.77,288.77,
8/31/1976,289.35,289.35,289.35,289.35,
9/1/1976,288.93,288.93,288.93,288.93,
9/2/1976,288.68,288.68,288.68,288.68,
9/3/1976,287.77,287.77,287.77,287.77,
9/7/1976,287.77,287.77,287.77,287.77,
9/8/1976,287.6,287.6,287.6,287.6,
9/9/1976,286.04,286.04,286.04,286.04,
9/10/1976,286.94,286.94,286.94,286.94,
9/13/1976,286.62,286.62,286.62,286.62,
9/14/1976,286.53,286.53,286.53,286.53,
9/15/1976,286.12,286.12,286.12,286.12,
9/16/1976,286.7,286.7,286.7,286.7,
9/17/1976,287.27,287.27,287.27,287.27,
9/20/1976,287.11,287.11,287.11,287.11,
9/21/1976,288.02,288.02,288.02,288.02,
9/22/1976,287.11,287.11,287.11,287.11,
9/23/1976,287.77,287.77,287.77,287.77,
9/24/1976,287.85,287.85,287.85,287.85,
9/27/1976,287.6,287.6,287.6,287.6,
9/28/1976,287.52,287.52,287.52,287.52,
9/29/1976,287.77,287.77,287.77,287.77,
9/30/1976,286.86,286.86,286.86,286.86,
10/1/1976,287.11,287.11,287.11,287.11,
10/4/1976,287.27,287.27,287.27,287.27,
10/5/1976,287.44,287.44,287.44,287.44,
10/6/1976,288.02,288.02,288.02,288.02,
10/7/1976,288.1,288.1,288.1,288.1,
10/8/1976,288.77,288.77,288.77,288.77,
10/12/1976,289.86,289.86,289.86,289.86,
10/13/1976,290.36,290.36,290.36,290.36,
10/14/1976,292.31,292.31,292.31,292.31,
10/15/1976,293,293,293,293,
10/18/1976,292.48,292.48,292.48,292.48,
10/19/1976,292.23,292.23,292.23,292.23,
10/20/1976,292.14,292.14,292.14,292.14,
10/21/1976,292.74,292.74,292.74,292.74,
10/22/1976,293.69,293.69,293.69,293.69,
10/25/1976,293.34,293.34,293.34,293.34,
10/26/1976,293.77,293.77,293.77,293.77,
10/27/1976,293.17,293.17,293.17,293.17,
10/28/1976,293.6,293.6,293.6,293.6,
10/29/1976,294.38,294.38,294.38,294.38,
11/1/1976,295.86,295.86,295.86,295.86,
11/3/1976,295.16,295.16,295.16,295.16,
11/4/1976,295.33,295.33,295.33,295.33,
11/5/1976,294.99,294.99,294.99,294.99,
11/8/1976,293.77,293.77,293.77,293.77,
11/9/1976,294.29,294.29,294.29,294.29,
11/10/1976,294.38,294.38,294.38,294.38,
11/12/1976,294.64,294.64,294.64,294.64,
11/15/1976,294.72,294.72,294.72,294.72,
11/16/1976,295.16,295.16,295.16,295.16,
11/17/1976,295.07,295.07,295.07,295.07,
11/18/1976,295.16,295.16,295.16,295.16,
11/19/1976,295.42,295.42,295.42,295.42,
11/22/1976,295.07,295.07,295.07,295.07,
11/23/1976,295.42,295.42,295.42,295.42,
11/24/1976,295.42,295.42,295.42,295.42,
11/26/1976,295.51,295.51,295.51,295.51,
11/29/1976,295.68,295.68,295.68,295.68,
11/30/1976,297.09,297.09,297.09,297.09,
12/1/1976,296.91,296.91,296.91,296.91,
12/2/1976,296.82,296.82,296.82,296.82,
12/3/1976,297.89,297.89,297.89,297.89,
12/6/1976,296.56,296.56,296.56,296.56,
12/7/1976,296.38,296.38,296.38,296.38,
12/8/1976,296.3,296.3,296.3,296.3,
12/9/1976,295.77,295.77,295.77,295.77,
12/10/1976,294.81,294.81,294.81,294.81,
12/13/1976,294.72,294.72,294.72,294.72,
12/14/1976,295.33,295.33,295.33,295.33,
12/15/1976,294.72,294.72,294.72,294.72,
12/16/1976,295.51,295.51,295.51,295.51,
12/17/1976,294.64,294.64,294.64,294.64,
12/20/1976,293.6,293.6,293.6,293.6,
12/21/1976,293.94,293.94,293.94,293.94,
12/22/1976,293.86,293.86,293.86,293.86,
12/23/1976,293.43,293.43,293.43,293.43,
12/24/1976,293.51,293.51,293.51,293.51,
12/27/1976,292.31,292.31,292.31,292.31,
12/28/1976,292.14,292.14,292.14,292.14,
12/29/1976,292.91,292.91,292.91,292.91,
12/30/1976,293,293,293,293,
12/31/1976,293.08,293.08,293.08,293.08,
1/3/1977,292.48,292.48,292.48,292.48,
1/4/1977,291.72,291.72,291.72,291.72,
1/5/1977,292.31,292.31,292.31,292.31,
1/6/1977,292.91,292.91,292.91,292.91,
1/7/1977,292.83,292.83,292.83,292.83,
1/10/1977,292.48,292.48,292.48,292.48,
1/11/1977,292.48,292.48,292.48,292.48,
1/12/1977,292.4,292.4,292.4,292.4,
1/13/1977,292.57,292.57,292.57,292.57,
1/14/1977,292.06,292.06,292.06,292.06,
1/17/1977,291.72,291.72,291.72,291.72,
1/18/1977,291.21,291.21,291.21,291.21,
1/19/1977,289.6,289.6,289.6,289.6,
1/20/1977,290.28,290.28,290.28,290.28,
1/21/1977,290.44,290.44,290.44,290.44,
1/24/1977,290.11,290.11,290.11,290.11,
1/25/1977,289.27,289.27,289.27,289.27,
1/26/1977,288.18,288.18,288.18,288.18,
1/27/1977,289.1,289.1,289.1,289.1,
1/28/1977,289.52,289.52,289.52,289.52,
1/31/1977,288.43,288.43,288.43,288.43,
2/1/1977,288.02,288.02,288.02,288.02,
2/2/1977,288.27,288.27,288.27,288.27,
2/3/1977,288.35,288.35,288.35,288.35,
2/4/1977,288.1,288.1,288.1,288.1,
2/7/1977,287.94,287.94,287.94,287.94,
2/8/1977,287.11,287.11,287.11,287.11,
2/9/1977,285.96,285.96,285.96,285.96,
2/10/1977,285.63,285.63,285.63,285.63,
2/11/1977,285.06,285.06,285.06,285.06,
2/14/1977,281.69,281.69,281.69,281.69,
2/15/1977,283.93,283.93,283.93,283.93,
2/16/1977,283.77,283.77,283.77,283.77,
2/17/1977,282.97,282.97,282.97,282.97,
2/18/1977,283.45,283.45,283.45,283.45,
2/22/1977,283.37,283.37,283.37,283.37,
2/23/1977,283.45,283.45,283.45,283.45,
2/24/1977,283.53,283.53,283.53,283.53,
2/25/1977,282.01,282.01,282.01,282.01,
2/28/1977,282.81,282.81,282.81,282.81,
3/1/1977,282.49,282.49,282.49,282.49,
3/2/1977,281.53,281.53,281.53,281.53,
3/3/1977,281.29,281.29,281.29,281.29,
3/4/1977,282.09,282.09,282.09,282.09,
3/7/1977,281.93,281.93,281.93,281.93,
3/8/1977,282.09,282.09,282.09,282.09,
3/9/1977,282.33,282.33,282.33,282.33,
3/10/1977,282.01,282.01,282.01,282.01,
3/11/1977,282.01,282.01,282.01,282.01,
3/14/1977,281.21,281.21,281.21,281.21,
3/15/1977,281.53,281.53,281.53,281.53,
3/16/1977,281.85,281.85,281.85,281.85,
3/17/1977,281.69,281.69,281.69,281.69,
3/18/1977,280.82,280.82,280.82,280.82,
3/21/1977,279.1,279.1,279.1,279.1,
3/22/1977,278.94,278.94,278.94,278.94,
3/23/1977,277.24,277.24,277.24,277.24,
3/24/1977,278.47,278.47,278.47,278.47,
3/25/1977,278.32,278.32,278.32,278.32,
3/28/1977,276.85,276.85,276.85,276.85,
3/29/1977,276.63,276.63,276.63,276.63,
3/30/1977,277.24,277.24,277.24,277.24,
3/31/1977,277.55,277.55,277.55,277.55,
4/1/1977,276.17,276.17,276.17,276.17,
4/4/1977,274.65,274.65,274.65,274.65,
4/5/1977,273,273,273,273,
4/6/1977,273.22,273.22,273.22,273.22,
4/7/1977,273.6,273.6,273.6,273.6,
4/8/1977,273.22,273.22,273.22,273.22,
4/11/1977,271.3,271.3,271.3,271.3,
4/12/1977,270.71,270.71,270.71,270.71,
4/13/1977,272.55,272.55,272.55,272.55,
4/14/1977,273.37,273.37,273.37,273.37,
4/15/1977,273.82,273.82,273.82,273.82,
4/18/1977,275.33,275.33,275.33,275.33,
4/19/1977,275.79,275.79,275.79,275.79,
4/20/1977,278.78,278.78,278.78,278.78,
4/21/1977,276.85,276.85,276.85,276.85,
4/22/1977,277.78,277.78,277.78,277.78,
4/25/1977,278.01,278.01,278.01,278.01,
4/26/1977,278.32,278.32,278.32,278.32,
4/27/1977,278.01,278.01,278.01,278.01,
4/28/1977,277.09,277.09,277.09,277.09,
4/29/1977,277.78,277.78,277.78,277.78,
5/2/1977,278.01,278.01,278.01,278.01,
5/3/1977,278.16,278.16,278.16,278.16,
5/4/1977,276.7,276.7,276.7,276.7,
5/5/1977,275.94,275.94,275.94,275.94,
5/6/1977,276.85,276.85,276.85,276.85,
5/9/1977,278.01,278.01,278.01,278.01,
5/10/1977,277.47,277.47,277.47,277.47,
5/11/1977,277.93,277.93,277.93,277.93,
5/12/1977,278.01,278.01,278.01,278.01,
5/13/1977,277.62,277.62,277.62,277.62,
5/16/1977,277.7,277.7,277.7,277.7,
5/17/1977,277.55,277.55,277.55,277.55,
5/18/1977,277.39,277.39,277.39,277.39,
5/19/1977,276.97,276.97,276.97,276.97,
5/20/1977,277.24,277.24,277.24,277.24,
5/23/1977,277.55,277.55,277.55,277.55,
5/24/1977,277.78,277.78,277.78,277.78,
5/25/1977,277.39,277.39,277.39,277.39,
5/26/1977,277.12,277.12,277.12,277.12,
5/27/1977,277.28,277.28,277.28,277.28,
5/31/1977,277.28,277.28,277.28,277.28,
6/1/1977,277.32,277.32,277.32,277.32,
6/2/1977,276.55,276.55,276.55,276.55,
6/3/1977,276.28,276.28,276.28,276.28,
6/6/1977,275.18,275.18,275.18,275.18,
6/7/1977,275.56,275.56,275.56,275.56,
6/8/1977,274.42,274.42,274.42,274.42,
6/9/1977,273.75,273.75,273.75,273.75,
6/10/1977,273.67,273.67,273.67,273.67,
6/13/1977,271.81,271.81,271.81,271.81,
6/14/1977,272.33,272.33,272.33,272.33,
6/15/1977,272.78,272.78,272.78,272.78,
6/16/1977,272.44,272.44,272.44,272.44,
6/17/1977,272.7,272.7,272.7,272.7,
6/20/1977,272.78,272.78,272.78,272.78,
6/21/1977,272.44,272.44,272.44,272.44,
6/22/1977,271.74,271.74,271.74,271.74,
6/23/1977,271.81,271.81,271.81,271.81,
6/24/1977,272,272,272,272,
6/27/1977,271.48,271.48,271.48,271.48,
6/28/1977,270.86,270.86,270.86,270.86,
6/29/1977,267.45,267.45,267.45,267.45,
6/30/1977,267.59,267.59,267.59,267.59,
7/1/1977,267.13,267.13,267.13,267.13,
7/5/1977,264.9,264.9,264.9,264.9,
7/6/1977,265.39,265.39,265.39,265.39,
7/7/1977,264.69,264.69,264.69,264.69,
7/8/1977,264.76,264.76,264.76,264.76,
7/11/1977,263.09,263.09,263.09,263.09,
7/12/1977,264.48,264.48,264.48,264.48,
7/13/1977,264.27,264.27,264.27,264.27,
7/15/1977,265.32,265.32,265.32,265.32,
7/18/1977,263.99,263.99,263.99,263.99,
7/19/1977,264.27,264.27,264.27,264.27,
7/20/1977,264.83,264.83,264.83,264.83,
7/21/1977,264.76,264.76,264.76,264.76,
7/22/1977,264.24,264.24,264.24,264.24,
7/25/1977,264.34,264.34,264.34,264.34,
7/26/1977,264.41,264.41,264.41,264.41,
7/27/1977,264.76,264.76,264.76,264.76,
7/28/1977,265.96,265.96,265.96,265.96,
7/29/1977,266.81,266.81,266.81,266.81,
8/1/1977,267.13,267.13,267.13,267.13,
8/2/1977,266.52,266.52,266.52,266.52,
8/3/1977,265.57,265.57,265.57,265.57,
8/4/1977,265.53,265.53,265.53,265.53,
8/5/1977,265.85,265.85,265.85,265.85,
8/8/1977,266.24,266.24,266.24,266.24,
8/9/1977,265.96,265.96,265.96,265.96,
8/10/1977,266.06,266.06,266.06,266.06,
8/11/1977,265.96,265.96,265.96,265.96,
8/12/1977,266.38,266.38,266.38,266.38,
8/15/1977,267.92,267.92,267.92,267.92,
8/16/1977,267.67,267.67,267.67,267.67,
8/17/1977,266.74,266.74,266.74,266.74,
8/18/1977,266.74,266.74,266.74,266.74,
8/19/1977,267.27,267.27,267.27,267.27,
8/22/1977,266.7,266.7,266.7,266.7,
8/23/1977,266.77,266.77,266.77,266.77,
8/24/1977,266.21,266.21,266.21,266.21,
8/25/1977,267.31,267.31,267.31,267.31,
8/26/1977,267.09,267.09,267.09,267.09,
8/29/1977,267.06,267.06,267.06,267.06,
8/30/1977,267.4,267.4,267.4,267.4,
8/31/1977,267.5,267.5,267.5,267.5,
9/1/1977,268.17,268.17,268.17,268.17,
9/2/1977,267.97,267.97,267.97,267.97,
9/6/1977,267.59,267.59,267.59,267.59,
9/7/1977,266.81,266.81,266.81,266.81,
9/8/1977,266.88,266.88,266.88,266.88,
9/9/1977,266.84,266.84,266.84,266.84,
9/12/1977,266.67,266.67,266.67,266.67,
9/13/1977,266.84,266.84,266.84,266.84,
9/14/1977,267.13,267.13,267.13,267.13,
9/15/1977,267.06,267.06,267.06,267.06,
9/16/1977,267.09,267.09,267.09,267.09,
9/19/1977,266.92,266.92,266.92,266.92,
9/20/1977,266.88,266.88,266.88,266.88,
9/21/1977,266.88,266.88,266.88,266.88,
9/22/1977,266.81,266.81,266.81,266.81,
9/23/1977,266.81,266.81,266.81,266.81,
9/26/1977,266.7,266.7,266.7,266.7,
9/27/1977,266.63,266.63,266.63,266.63,
9/28/1977,266.67,266.67,266.67,266.67,
9/29/1977,265.11,265.11,265.11,265.11,
9/30/1977,263.71,263.71,263.71,263.71,
10/3/1977,260.72,260.72,260.72,260.72,
10/4/1977,260.82,260.82,260.82,260.82,
10/5/1977,261.1,261.1,261.1,261.1,
10/6/1977,258.55,258.55,258.55,258.55,
10/7/1977,257.6,257.6,257.6,257.6,
10/11/1977,257.8,257.8,257.8,257.8,
10/12/1977,256.81,256.81,256.81,256.81,
10/13/1977,254.97,254.97,254.97,254.97,
10/14/1977,253,253,253,253,
10/17/1977,252.53,252.53,252.53,252.53,
10/18/1977,252.21,252.21,252.21,252.21,
10/19/1977,254.45,254.45,254.45,254.45,
10/20/1977,254.19,254.19,254.19,254.19,
10/21/1977,254.32,254.32,254.32,254.32,
10/24/1977,251.95,251.95,251.95,251.95,
10/25/1977,252.33,252.33,252.33,252.33,
10/26/1977,251.6,251.6,251.6,251.6,
10/27/1977,250.31,250.31,250.31,250.31,
10/28/1977,250.5,250.5,250.5,250.5,
10/31/1977,249.13,249.13,249.13,249.13,
11/1/1977,246.73,246.73,246.73,246.73,
11/2/1977,248.32,248.32,248.32,248.32,
11/3/1977,247.74,247.74,247.74,247.74,
11/4/1977,249,249,249,249,
11/7/1977,248.69,248.69,248.69,248.69,
11/9/1977,247.1,247.1,247.1,247.1,
11/10/1977,246.18,246.18,246.18,246.18,
11/14/1977,245.1,245.1,245.1,245.1,
11/15/1977,245.28,245.28,245.28,245.28,
11/16/1977,245.25,245.25,245.25,245.25,
11/17/1977,245.4,245.4,245.4,245.4,
11/18/1977,243.49,243.49,243.49,243.49,
11/21/1977,242.78,242.78,242.78,242.78,
11/22/1977,240.64,240.64,240.64,240.64,
11/23/1977,239.75,239.75,239.75,239.75,
11/25/1977,239.98,239.98,239.98,239.98,
11/28/1977,240.24,240.24,240.24,240.24,
11/29/1977,243.66,243.66,243.66,243.66,
11/30/1977,244.02,244.02,244.02,244.02,
12/1/1977,243.07,243.07,243.07,243.07,
12/2/1977,242.51,242.51,242.51,242.51,
12/5/1977,242.01,242.01,242.01,242.01,
12/6/1977,241.6,241.6,241.6,241.6,
12/7/1977,241.43,241.43,241.43,241.43,
12/8/1977,241.72,241.72,241.72,241.72,
12/9/1977,242.37,242.37,242.37,242.37,
12/12/1977,241.78,241.78,241.78,241.78,
12/13/1977,240.53,240.53,240.53,240.53,
12/14/1977,237.81,237.81,237.81,237.81,
12/15/1977,239.12,239.12,239.12,239.12,
12/16/1977,240.59,240.59,240.59,240.59,
12/19/1977,241.02,241.02,241.02,241.02,
12/20/1977,240.5,240.5,240.5,240.5,
12/21/1977,240.38,240.38,240.38,240.38,
12/22/1977,241.55,241.55,241.55,241.55,
12/23/1977,241.66,241.66,241.66,241.66,
12/27/1977,241.37,241.37,241.37,241.37,
12/28/1977,240.44,240.44,240.44,240.44,
12/29/1977,240.04,240.04,240.04,240.04,
12/30/1977,239.98,239.98,239.98,239.98,
1/3/1978,237.59,237.59,237.59,237.59,
1/4/1978,237.42,237.42,237.42,237.42,
1/5/1978,241.08,241.08,241.08,241.08,
1/6/1978,240.38,240.38,240.38,240.38,
1/9/1978,241.46,241.46,241.46,241.46,
1/10/1978,241.49,241.49,241.49,241.49,
1/11/1978,240.5,240.5,240.5,240.5,
1/12/1978,241.6,241.6,241.6,241.6,
1/13/1978,241.49,241.49,241.49,241.49,
1/16/1978,241.6,241.6,241.6,241.6,
1/17/1978,242.01,242.01,242.01,242.01,
1/18/1978,242.42,242.42,242.42,242.42,
1/19/1978,242.13,242.13,242.13,242.13,
1/20/1978,241.85,241.85,241.85,241.85,
1/23/1978,241.46,241.46,241.46,241.46,
1/24/1978,241.66,241.66,241.66,241.66,
1/25/1978,241.25,241.25,241.25,241.25,
1/26/1978,240.56,240.56,240.56,240.56,
1/27/1978,241.37,241.37,241.37,241.37,
1/30/1978,241.78,241.78,241.78,241.78,
1/31/1978,241.6,241.6,241.6,241.6,
2/1/1978,241.6,241.6,241.6,241.6,
2/2/1978,241.81,241.81,241.81,241.81,
2/3/1978,241.84,241.84,241.84,241.84,
2/6/1978,241.14,241.14,241.14,241.14,
2/7/1978,241.43,241.43,241.43,241.43,
2/8/1978,241.49,241.49,241.49,241.49,
2/9/1978,241.55,241.55,241.55,241.55,
2/10/1978,241.58,241.58,241.58,241.58,
2/14/1978,240.7,240.7,240.7,240.7,
2/15/1978,240.67,240.67,240.67,240.67,
2/16/1978,240.15,240.15,240.15,240.15,
2/17/1978,239.81,239.81,239.81,239.81,
2/21/1978,238.41,238.41,238.41,238.41,
2/22/1978,238.83,238.83,238.83,238.83,
2/23/1978,238.15,238.15,238.15,238.15,
2/24/1978,240.21,240.21,240.21,240.21,
2/27/1978,239.23,239.23,239.23,239.23,
2/28/1978,238.1,238.1,238.1,238.1,
3/1/1978,238.27,238.27,238.27,238.27,
3/2/1978,238.41,238.41,238.41,238.41,
3/3/1978,237.02,237.02,237.02,237.02,
3/6/1978,236.41,236.41,236.41,236.41,
3/7/1978,235.57,235.57,235.57,235.57,
3/8/1978,234.41,234.41,234.41,234.41,
3/9/1978,235.02,235.02,235.02,235.02,
3/10/1978,235.9,235.9,235.9,235.9,
3/13/1978,234.03,234.03,234.03,234.03,
3/14/1978,233.05,233.05,233.05,233.05,
3/15/1978,233.05,233.05,233.05,233.05,
3/16/1978,235.63,235.63,235.63,235.63,
3/17/1978,231,231,231,231,
3/20/1978,231.16,231.16,231.16,231.16,
3/21/1978,230.63,230.63,230.63,230.63,
3/22/1978,230.36,230.36,230.36,230.36,
3/23/1978,230.02,230.02,230.02,230.02,
3/24/1978,228,228,228,228,
3/27/1978,225.23,225.23,225.23,225.23,
3/28/1978,225.02,225.02,225.02,225.02,
3/29/1978,222.27,222.27,222.27,222.27,
3/30/1978,222.37,222.37,222.37,222.37,
3/31/1978,229.89,229.89,229.89,229.89,
4/3/1978,218.34,218.34,218.34,218.34,
4/4/1978,219.3,219.3,219.3,219.3,
4/5/1978,218.96,218.96,218.96,218.96,
4/6/1978,218.63,218.63,218.63,218.63,
4/7/1978,220.12,220.12,220.12,220.12,
4/10/1978,219.83,219.83,219.83,219.83,
4/11/1978,219.33,219.33,219.33,219.33,
4/12/1978,218.72,218.72,218.72,218.72,
4/13/1978,219.35,219.35,219.35,219.35,
4/14/1978,219.4,219.4,219.4,219.4,
4/17/1978,220.6,220.6,220.6,220.6,
4/18/1978,221.53,221.53,221.53,221.53,
4/19/1978,221.88,221.88,221.88,221.88,
4/20/1978,226.76,226.76,226.76,226.76,
4/21/1978,225.89,225.89,225.89,225.89,
4/24/1978,228.1,228.1,228.1,228.1,
4/25/1978,227.58,227.58,227.58,227.58,
4/26/1978,225.63,225.63,225.63,225.63,
4/27/1978,222.22,222.22,222.22,222.22,
4/28/1978,224.97,224.97,224.97,224.97,
5/1/1978,225.78,225.78,225.78,225.78,
5/2/1978,226.07,226.07,226.07,226.07,
5/3/1978,226.14,226.14,226.14,226.14,
5/4/1978,224.77,224.77,224.77,224.77,
5/5/1978,224.59,224.59,224.59,224.59,
5/8/1978,225.12,225.12,225.12,225.12,
5/9/1978,225.38,225.38,225.38,225.38,
5/10/1978,224.92,224.92,224.92,224.92,
5/11/1978,225.23,225.23,225.23,225.23,
5/12/1978,225.63,225.63,225.63,225.63,
5/15/1978,226.22,226.22,226.22,226.22,
5/16/1978,228.41,228.41,228.41,228.41,
5/17/1978,227.95,227.95,227.95,227.95,
5/18/1978,227.53,227.53,227.53,227.53,
5/19/1978,228,228,228,228,
5/22/1978,228.83,228.83,228.83,228.83,
5/23/1978,229.04,229.04,229.04,229.04,
5/24/1978,228.41,228.41,228.41,228.41,
5/25/1978,225.84,225.84,225.84,225.84,
5/26/1978,225.68,225.68,225.68,225.68,
5/29/1978,225.05,225.05,225.05,225.05,
5/31/1978,221.34,221.34,221.34,221.34,
6/1/1978,221.51,221.51,221.51,221.51,
6/2/1978,221.24,221.24,221.24,221.24,
6/5/1978,220.99,220.99,220.99,220.99,
6/6/1978,220.99,220.99,220.99,220.99,
6/7/1978,220.99,220.99,220.99,220.99,
6/8/1978,220.9,220.9,220.9,220.9,
6/9/1978,220.6,220.6,220.6,220.6,
6/12/1978,218.01,218.01,218.01,218.01,
6/13/1978,216.92,216.92,216.92,216.92,
6/14/1978,215.38,215.38,215.38,215.38,
6/15/1978,216.17,216.17,216.17,216.17,
6/16/1978,215.89,215.89,215.89,215.89,
6/19/1978,213.49,213.49,213.49,213.49,
6/20/1978,211.15,211.15,211.15,211.15,
6/21/1978,210.66,210.66,210.66,210.66,
6/22/1978,211.1,211.1,211.1,211.1,
6/23/1978,207.47,207.47,207.47,207.47,
6/26/1978,206.06,206.06,206.06,206.06,
6/27/1978,205.93,205.93,205.93,205.93,
6/28/1978,205.97,205.97,205.97,205.97,
6/29/1978,205.21,205.21,205.21,205.21,
6/30/1978,203.71,203.71,203.71,203.71,
7/3/1978,202.43,202.43,202.43,202.43,
7/5/1978,201.61,201.61,201.61,201.61,
7/6/1978,203.09,203.09,203.09,203.09,
7/7/1978,202.35,202.35,202.35,202.35,
7/10/1978,201.69,201.69,201.69,201.69,
7/11/1978,202.86,202.86,202.86,202.86,
7/12/1978,203.29,203.29,203.29,203.29,
7/13/1978,202.65,202.65,202.65,202.65,
7/14/1978,202.59,202.59,202.59,202.59,
7/17/1978,203.79,203.79,203.79,203.79,
7/18/1978,202.55,202.55,202.55,202.55,
7/19/1978,201.53,201.53,201.53,201.53,
7/20/1978,201.57,201.57,201.57,201.57,
7/21/1978,200.94,200.94,200.94,200.94,
7/24/1978,198.02,198.02,198.02,198.02,
7/25/1978,195.47,195.47,195.47,195.47,
7/26/1978,194.1,194.1,194.1,194.1,
7/27/1978,193.65,193.65,193.65,193.65,
7/28/1978,190.59,190.59,190.59,190.59,
7/31/1978,189.14,189.14,189.14,189.14,
8/1/1978,186.57,186.57,186.57,186.57,
8/2/1978,186.29,186.29,186.29,186.29,
8/3/1978,188.32,188.32,188.32,188.32,
8/4/1978,190.19,190.19,190.19,190.19,
8/7/1978,188.79,188.79,188.79,188.79,
8/8/1978,187.34,187.34,187.34,187.34,
8/9/1978,187.62,187.62,187.62,187.62,
8/10/1978,186.67,186.67,186.67,186.67,
8/11/1978,185.53,185.53,185.53,185.53,
8/14/1978,183.76,183.76,183.76,183.76,
8/15/1978,185.29,185.29,185.29,185.29,
8/16/1978,184.64,184.64,184.64,184.64,
8/17/1978,188.32,188.32,188.32,188.32,
8/18/1978,188.86,188.86,188.86,188.86,
8/21/1978,193.01,193.01,193.01,193.01,
8/22/1978,191.31,191.31,191.31,191.31,
8/23/1978,191.9,191.9,191.9,191.9,
8/24/1978,191.02,191.02,191.02,191.02,
8/25/1978,192.57,192.57,192.57,192.57,
8/28/1978,193.35,193.35,193.35,193.35,
8/29/1978,189.39,189.39,189.39,189.39,
8/30/1978,189.07,189.07,189.07,189.07,
8/31/1978,190.51,190.51,190.51,190.51,
9/1/1978,190.8,190.8,190.8,190.8,
9/5/1978,190.15,190.15,190.15,190.15,
9/6/1978,190,190,190,190,
9/7/1978,191.05,191.05,191.05,191.05,
9/8/1978,192.9,192.9,192.9,192.9,
9/11/1978,191.9,191.9,191.9,191.9,
9/12/1978,191.5,191.5,191.5,191.5,
9/13/1978,189.9,189.9,189.9,189.9,
9/14/1978,190.15,190.15,190.15,190.15,
9/15/1978,189.85,189.85,189.85,189.85,
9/18/1978,190.8,190.8,190.8,190.8,
9/19/1978,190.3,190.3,190.3,190.3,
9/20/1978,188.8,188.8,188.8,188.8,
9/21/1978,187.75,187.75,187.75,187.75,
9/22/1978,188.25,188.25,188.25,188.25,
9/25/1978,187.65,187.65,187.65,187.65,
9/26/1978,189.15,189.15,189.15,189.15,
9/27/1978,189.1,189.1,189.1,189.1,
9/28/1978,189.2,189.2,189.2,189.2,
9/29/1978,189.19,189.19,189.19,189.19,
10/2/1978,188.85,188.85,188.85,188.85,
10/3/1978,187.5,187.5,187.5,187.5,
10/4/1978,187,187,187,187,
10/5/1978,187.3,187.3,187.3,187.3,
10/6/1978,188.4,188.4,188.4,188.4,
10/10/1978,187.9,187.9,187.9,187.9,
10/11/1978,185.85,185.85,185.85,185.85,
10/12/1978,186.6,186.6,186.6,186.6,
10/13/1978,185.9,185.9,185.9,185.9,
10/16/1978,183.85,183.85,183.85,183.85,
10/17/1978,182.25,182.25,182.25,182.25,
10/18/1978,182.3,182.3,182.3,182.3,
10/19/1978,183.25,183.25,183.25,183.25,
10/20/1978,181.8,181.8,181.8,181.8,
10/23/1978,181.55,181.55,181.55,181.55,
10/24/1978,182.55,182.55,182.55,182.55,
10/25/1978,179.55,179.55,179.55,179.55,
10/26/1978,178.3,178.3,178.3,178.3,
10/27/1978,179,179,179,179,
10/30/1978,177.05,177.05,177.05,177.05,
10/31/1978,179.5,179.5,179.5,179.5,
11/1/1978,186,186,186,186,
11/2/1978,187.85,187.85,187.85,187.85,
11/3/1978,189,189,189,189,
11/6/1978,190.25,190.25,190.25,190.25,
11/8/1978,187.25,187.25,187.25,187.25,
11/9/1978,187.9,187.9,187.9,187.9,
11/10/1978,188.6,188.6,188.6,188.6,
11/13/1978,188.45,188.45,188.45,188.45,
11/14/1978,188.95,188.95,188.95,188.95,
11/15/1978,191,191,191,191,
11/16/1978,194.1,194.1,194.1,194.1,
11/17/1978,195.6,195.6,195.6,195.6,
11/20/1978,194.8,194.8,194.8,194.8,
11/21/1978,195,195,195,195,
11/22/1978,194.2,194.2,194.2,194.2,
11/24/1978,195.05,195.05,195.05,195.05,
11/27/1978,196,196,196,196,
11/28/1978,196.75,196.75,196.75,196.75,
11/29/1978,197,197,197,197,
11/30/1978,199.1,199.1,199.1,199.1,
12/1/1978,201.7,201.7,201.7,201.7,
12/4/1978,197.65,197.65,197.65,197.65,
12/5/1978,197.5,197.5,197.5,197.5,
12/6/1978,197.55,197.55,197.55,197.55,
12/7/1978,198.65,198.65,198.65,198.65,
12/8/1978,198.1,198.1,198.1,198.1,
12/11/1978,196,196,196,196,
12/12/1978,196.35,196.35,196.35,196.35,
12/13/1978,196.25,196.25,196.25,196.25,
12/14/1978,195.55,195.55,195.55,195.55,
12/15/1978,195.8,195.8,195.8,195.8,
12/18/1978,193.05,193.05,193.05,193.05,
12/19/1978,193.3,193.3,193.3,193.3,
12/20/1978,194.6,194.6,194.6,194.6,
12/21/1978,195.2,195.2,195.2,195.2,
12/22/1978,194.1,194.1,194.1,194.1,
12/26/1978,195,195,195,195,
12/27/1978,194.5,194.5,194.5,194.5,
12/28/1978,193.95,193.95,193.95,193.95,
12/29/1978,194.3,194.3,194.3,194.3,
1/2/1979,194.58,194.58,194.58,194.58,
1/3/1979,196.6,196.6,196.6,196.6,
1/4/1979,196.4,196.4,196.4,196.4,
1/5/1979,196.65,196.65,196.65,196.65,
1/8/1979,195.65,195.65,195.65,195.65,
1/9/1979,196.65,196.65,196.65,196.65,
1/10/1979,196.65,196.65,196.65,196.65,
1/11/1979,198.25,198.25,198.25,198.25,
1/12/1979,197.6,197.6,197.6,197.6,
1/15/1979,197.8,197.8,197.8,197.8,
1/16/1979,197.15,197.15,197.15,197.15,
1/17/1979,196.8,196.8,196.8,196.8,
1/18/1979,196.75,196.75,196.75,196.75,
1/19/1979,198.25,198.25,198.25,198.25,
1/22/1979,197.63,197.63,197.63,197.63,
1/23/1979,197.9,197.9,197.9,197.9,
1/24/1979,197.7,197.7,197.7,197.7,
1/25/1979,199,199,199,199,
1/26/1979,199.55,199.55,199.55,199.55,
1/29/1979,200.1,200.1,200.1,200.1,
1/30/1979,200.75,200.75,200.75,200.75,
1/31/1979,202.2,202.2,202.2,202.2,
2/1/1979,202.75,202.75,202.75,202.75,
2/2/1979,201.6,201.6,201.6,201.6,
2/5/1979,199.85,199.85,199.85,199.85,
2/6/1979,199.05,199.05,199.05,199.05,
2/7/1979,196,196,196,196,
2/8/1979,197.7,197.7,197.7,197.7,
2/9/1979,198.8,198.8,198.8,198.8,
2/13/1979,199.7,199.7,199.7,199.7,
2/14/1979,200.4,200.4,200.4,200.4,
2/15/1979,200.25,200.25,200.25,200.25,
2/16/1979,200.7,200.7,200.7,200.7,
2/20/1979,201.05,201.05,201.05,201.05,
2/21/1979,201.85,201.85,201.85,201.85,
2/22/1979,201.4,201.4,201.4,201.4,
2/23/1979,201.4,201.4,201.4,201.4,
2/26/1979,202.08,202.08,202.08,202.08,
2/27/1979,201.9,201.9,201.9,201.9,
2/28/1979,202.65,202.65,202.65,202.65,
3/1/1979,203.75,203.75,203.75,203.75,
3/2/1979,204.9,204.9,204.9,204.9,
3/5/1979,204.73,204.73,204.73,204.73,
3/6/1979,204.5,204.5,204.5,204.5,
3/7/1979,204,204,204,204,
3/8/1979,204.18,204.18,204.18,204.18,
3/9/1979,204.7,204.7,204.7,204.7,
3/12/1979,205.73,205.73,205.73,205.73,
3/13/1979,208.65,208.65,208.65,208.65,
3/14/1979,207.28,207.28,207.28,207.28,
3/15/1979,206.95,206.95,206.95,206.95,
3/16/1979,207.45,207.45,207.45,207.45,
3/19/1979,207,207,207,207,
3/20/1979,207.17,207.17,207.17,207.17,
3/21/1979,206.95,206.95,206.95,206.95,
3/22/1979,205.5,205.5,205.5,205.5,
3/23/1979,205.9,205.9,205.9,205.9,
3/26/1979,206.8,206.8,206.8,206.8,
3/27/1979,207.15,207.15,207.15,207.15,
3/28/1979,207.88,207.88,207.88,207.88,
3/29/1979,208.37,208.37,208.37,208.37,
3/30/1979,209.58,209.58,209.58,209.58,
4/2/1979,211.65,211.65,211.65,211.65,
4/3/1979,214.4,214.4,214.4,214.4,
4/4/1979,215.28,215.28,215.28,215.28,
4/5/1979,215.23,215.23,215.23,215.23,
4/6/1979,214.9,214.9,214.9,214.9,
4/9/1979,213.5,213.5,213.5,213.5,
4/10/1979,212.75,212.75,212.75,212.75,
4/11/1979,213.5,213.5,213.5,213.5,
4/12/1979,215.75,215.75,215.75,215.75,
4/13/1979,215.9,215.9,215.9,215.9,
4/16/1979,216.45,216.45,216.45,216.45,
4/17/1979,218,218,218,218,
4/18/1979,215.4,215.4,215.4,215.4,
4/19/1979,216.18,216.18,216.18,216.18,
4/20/1979,218.3,218.3,218.3,218.3,
4/23/1979,218.35,218.35,218.35,218.35,
4/24/1979,218.45,218.45,218.45,218.45,
4/25/1979,218.2,218.2,218.2,218.2,
4/26/1979,218.1,218.1,218.1,218.1,
4/27/1979,219.9,219.9,219.9,219.9,
4/30/1979,221.8,221.8,221.8,221.8,
5/1/1979,224.4,224.4,224.4,224.4,
5/2/1979,224.95,224.95,224.95,224.95,
5/3/1979,224.8,224.8,224.8,224.8,
5/4/1979,221.5,221.5,221.5,221.5,
5/7/1979,214.8,214.8,214.8,214.8,
5/8/1979,215.15,215.15,215.15,215.15,
5/9/1979,213.15,213.15,213.15,213.15,
5/10/1979,214.58,214.58,214.58,214.58,
5/11/1979,215.13,215.13,215.13,215.13,
5/14/1979,214,214,214,214,
5/15/1979,214.2,214.2,214.2,214.2,
5/16/1979,214.35,214.35,214.35,214.35,
5/17/1979,216.7,216.7,216.7,216.7,
5/18/1979,218.8,218.8,218.8,218.8,
5/21/1979,218.8,218.8,218.8,218.8,
5/22/1979,219.4,219.4,219.4,219.4,
5/23/1979,219.15,219.15,219.15,219.15,
5/24/1979,218.65,218.65,218.65,218.65,
5/25/1979,219.75,219.75,219.75,219.75,
5/28/1979,220.45,220.45,220.45,220.45,
5/29/1979,222.05,222.05,222.05,222.05,
5/31/1979,220.35,220.35,220.35,220.35,
6/1/1979,221.28,221.28,221.28,221.28,
6/4/1979,219.75,219.75,219.75,219.75,
6/5/1979,221.15,221.15,221.15,221.15,
6/6/1979,220.35,220.35,220.35,220.35,
6/7/1979,219.55,219.55,219.55,219.55,
6/8/1979,218.6,218.6,218.6,218.6,
6/11/1979,218.83,218.83,218.83,218.83,
6/12/1979,219.7,219.7,219.7,219.7,
6/13/1979,220.15,220.15,220.15,220.15,
6/14/1979,220.18,220.18,220.18,220.18,
6/15/1979,218.8,218.8,218.8,218.8,
6/18/1979,219.9,219.9,219.9,219.9,
6/19/1979,218.65,218.65,218.65,218.65,
6/20/1979,219,219,219,219,
6/21/1979,218.95,218.95,218.95,218.95,
6/22/1979,215.8,215.8,215.8,215.8,
6/25/1979,213.24,213.24,213.24,213.24,
6/26/1979,215.9,215.9,215.9,215.9,
6/27/1979,216.4,216.4,216.4,216.4,
6/28/1979,216.55,216.55,216.55,216.55,
6/29/1979,217.8,217.8,217.8,217.8,
7/2/1979,218.3,218.3,218.3,218.3,
7/3/1979,218.4,218.4,218.4,218.4,
7/5/1979,217,217,217,217,
7/6/1979,217.5,217.5,217.5,217.5,
7/9/1979,217.5,217.5,217.5,217.5,
7/10/1979,217.68,217.68,217.68,217.68,
7/11/1979,217.45,217.45,217.45,217.45,
7/12/1979,217.25,217.25,217.25,217.25,
7/13/1979,217.35,217.35,217.35,217.35,
7/16/1979,216.8,216.8,216.8,216.8,
7/17/1979,216.45,216.45,216.45,216.45,
7/18/1979,213.6,213.6,213.6,213.6,
7/19/1979,216,216,216,216,
7/20/1979,217.1,217.1,217.1,217.1,
7/23/1979,215.75,215.75,215.75,215.75,
7/24/1979,214.4,214.4,214.4,214.4,
7/25/1979,215.25,215.25,215.25,215.25,
7/26/1979,215.03,215.03,215.03,215.03,
7/27/1979,215.4,215.4,215.4,215.4,
7/30/1979,215.8,215.8,215.8,215.8,
7/31/1979,216.7,216.7,216.7,216.7,
8/1/1979,216.05,216.05,216.05,216.05,
8/2/1979,216.55,216.55,216.55,216.55,
8/3/1979,216.9,216.9,216.9,216.9,
8/6/1979,216.45,216.45,216.45,216.45,
8/7/1979,216.5,216.5,216.5,216.5,
8/8/1979,216.5,216.5,216.5,216.5,
8/9/1979,216.05,216.05,216.05,216.05,
8/10/1979,215.9,215.9,215.9,215.9,
8/13/1979,216.58,216.58,216.58,216.58,
8/14/1979,216.8,216.8,216.8,216.8,
8/15/1979,216.85,216.85,216.85,216.85,
8/16/1979,216.98,216.98,216.98,216.98,
8/17/1979,217.3,217.3,217.3,217.3,
8/20/1979,217.38,217.38,217.38,217.38,
8/21/1979,217.85,217.85,217.85,217.85,
8/22/1979,219.5,219.5,219.5,219.5,
8/23/1979,219.12,219.12,219.12,219.12,
8/24/1979,219.25,219.25,219.25,219.25,
8/27/1979,220.95,220.95,220.95,220.95,
8/28/1979,220.55,220.55,220.55,220.55,
8/29/1979,221.93,221.93,221.93,221.93,
8/30/1979,219.95,219.95,219.95,219.95,
8/31/1979,220.4,220.4,220.4,220.4,
9/4/1979,221.05,221.05,221.05,221.05,
9/5/1979,221.5,221.5,221.5,221.5,
9/6/1979,220.85,220.85,220.85,220.85,
9/7/1979,220.8,220.8,220.8,220.8,
9/10/1979,220.9,220.9,220.9,220.9,
9/11/1979,221.55,221.55,221.55,221.55,
9/12/1979,222.2,222.2,222.2,222.2,
9/13/1979,223.6,223.6,223.6,223.6,
9/14/1979,223.4,223.4,223.4,223.4,
9/17/1979,223.48,223.48,223.48,223.48,
9/18/1979,223.8,223.8,223.8,223.8,
9/19/1979,223.43,223.43,223.43,223.43,
9/20/1979,220.3,220.3,220.3,220.3,
9/21/1979,222.45,222.45,222.45,222.45,
9/24/1979,223.1,223.1,223.1,223.1,
9/25/1979,222.8,222.8,222.8,222.8,
9/26/1979,222.6,222.6,222.6,222.6,
9/27/1979,223.55,223.55,223.55,223.55,
9/28/1979,224.5,224.5,224.5,224.5,
10/1/1979,225.25,225.25,225.25,225.25,
10/2/1979,225.35,225.35,225.35,225.35,
10/3/1979,224.45,224.45,224.45,224.45,
10/4/1979,223.4,223.4,223.4,223.4,
10/5/1979,224.15,224.15,224.15,224.15,
10/9/1979,226,226,226,226,
10/10/1979,225.6,225.6,225.6,225.6,
10/11/1979,226.4,226.4,226.4,226.4,
10/12/1979,227.5,227.5,227.5,227.5,
10/15/1979,229.8,229.8,229.8,229.8,
10/16/1979,232,232,232,232,
10/17/1979,234.1,234.1,234.1,234.1,
10/18/1979,232.18,232.18,232.18,232.18,
10/19/1979,230.65,230.65,230.65,230.65,
10/22/1979,233.8,233.8,233.8,233.8,
10/23/1979,235.4,235.4,235.4,235.4,
10/24/1979,234.5,234.5,234.5,234.5,
10/25/1979,233.9,233.9,233.9,233.9,
10/26/1979,234.3,234.3,234.3,234.3,
10/29/1979,235.98,235.98,235.98,235.98,
10/30/1979,238.1,238.1,238.1,238.1,
10/31/1979,237.85,237.85,237.85,237.85,
11/1/1979,238.15,238.15,238.15,238.15,
11/2/1979,234.55,234.55,234.55,234.55,
11/5/1979,237.1,237.1,237.1,237.1,
11/7/1979,240.2,240.2,240.2,240.2,
11/8/1979,241.3,241.3,241.3,241.3,
11/9/1979,243.55,243.55,243.55,243.55,
11/13/1979,246.6,246.6,246.6,246.6,
11/14/1979,243.35,243.35,243.35,243.35,
11/15/1979,247.2,247.2,247.2,247.2,
11/16/1979,246.5,246.5,246.5,246.5,
11/19/1979,245.25,245.25,245.25,245.25,
11/20/1979,246.2,246.2,246.2,246.2,
11/21/1979,248.1,248.1,248.1,248.1,
11/23/1979,249,249,249,249,
11/26/1979,250.85,250.85,250.85,250.85,
11/27/1979,249.45,249.45,249.45,249.45,
11/28/1979,248.95,248.95,248.95,248.95,
11/29/1979,248.85,248.85,248.85,248.85,
11/30/1979,249.55,249.55,249.55,249.55,
12/3/1979,248.89,248.89,248.89,248.89,
12/4/1979,247.5,247.5,247.5,247.5,
12/5/1979,245.7,245.7,245.7,245.7,
12/6/1979,243.6,243.6,243.6,243.6,
12/7/1979,240.2,240.2,240.2,240.2,
12/10/1979,232.65,232.65,232.65,232.65,
12/11/1979,233.3,233.3,233.3,233.3,
12/12/1979,237.9,237.9,237.9,237.9,
12/13/1979,240.7,240.7,240.7,240.7,
12/14/1979,242.55,242.55,242.55,242.55,
12/17/1979,240.1,240.1,240.1,240.1,
12/18/1979,239.4,239.4,239.4,239.4,
12/19/1979,239,239,239,239,
12/20/1979,236.6,236.6,236.6,236.6,
12/21/1979,239.9,239.9,239.9,239.9,
12/24/1979,239.8,239.8,239.8,239.8,
12/26/1979,239.05,239.05,239.05,239.05,
12/27/1979,239.8,239.8,239.8,239.8,
12/28/1979,240.55,240.55,240.55,240.55,
12/31/1979,240.3,240.3,240.3,240.3,
1/2/1980,238.45,238.45,238.45,238.45,
1/3/1980,238.35,238.35,238.35,238.35,
1/4/1980,234.8,234.8,234.8,234.8,
1/7/1980,231.55,231.55,231.55,231.55,
1/8/1980,234.75,234.75,234.75,234.75,
1/9/1980,234.95,234.95,234.95,234.95,
1/10/1980,235.8,235.8,235.8,235.8,
1/11/1980,236.05,236.05,236.05,236.05,
1/14/1980,236.2,236.2,236.2,236.2,
1/15/1980,239.65,239.65,239.65,239.65,
1/16/1980,238.15,238.15,238.15,238.15,
1/17/1980,239.9,239.9,239.9,239.9,
1/18/1980,239.65,239.65,239.65,239.65,
1/21/1980,241,241,241,241,
1/22/1980,239.7,239.7,239.7,239.7,
1/23/1980,237.25,237.25,237.25,237.25,
1/24/1980,239.35,239.35,239.35,239.35,
1/25/1980,239.6,239.6,239.6,239.6,
1/28/1980,240.22,240.22,240.22,240.22,
1/29/1980,239.35,239.35,239.35,239.35,
1/30/1980,239.5,239.5,239.5,239.5,
1/31/1980,239.33,239.33,239.33,239.33,
2/1/1980,240.45,240.45,240.45,240.45,
2/4/1980,240.29,240.29,240.29,240.29,
2/5/1980,240.1,240.1,240.1,240.1,
2/6/1980,240.1,240.1,240.1,240.1,
2/7/1980,240.09,240.09,240.09,240.09,
2/8/1980,241.65,241.65,241.65,241.65,
2/11/1980,241.4,241.4,241.4,241.4,
2/13/1980,242.1,242.1,242.1,242.1,
2/14/1980,243.39,243.39,243.39,243.39,
2/15/1980,243.2,243.2,243.2,243.2,
2/19/1980,245.36,245.36,245.36,245.36,
2/20/1980,246.05,246.05,246.05,246.05,
2/21/1980,246.09,246.09,246.09,246.09,
2/22/1980,247.45,247.45,247.45,247.45,
2/25/1980,248.35,248.35,248.35,248.35,
2/26/1980,248.08,248.08,248.08,248.08,
2/27/1980,248.45,248.45,248.45,248.45,
2/28/1980,248.4,248.4,248.4,248.4,
2/29/1980,251.65,251.65,251.65,251.65,
3/3/1980,247.85,247.85,247.85,247.85,
3/4/1980,246.4,246.4,246.4,246.4,
3/5/1980,246.88,246.88,246.88,246.88,
3/6/1980,248.1,248.1,248.1,248.1,
3/7/1980,247.85,247.85,247.85,247.85,
3/10/1980,247.93,247.93,247.93,247.93,
3/11/1980,247.3,247.3,247.3,247.3,
3/12/1980,247.5,247.5,247.5,247.5,
3/13/1980,248.1,248.1,248.1,248.1,
3/14/1980,249.05,249.05,249.05,249.05,
3/17/1980,248.9,248.9,248.9,248.9,
3/18/1980,249.1,249.1,249.1,249.1,
3/19/1980,248.65,248.65,248.65,248.65,
3/20/1980,248.7,248.7,248.7,248.7,
3/21/1980,248.92,248.92,248.92,248.92,
3/24/1980,249.15,249.15,249.15,249.15,
3/25/1980,249.07,249.07,249.07,249.07,
3/26/1980,249.1,249.1,249.1,249.1,
3/27/1980,249.9,249.9,249.9,249.9,
3/28/1980,249.65,249.65,249.65,249.65,
3/31/1980,249.95,249.95,249.95,249.95,
4/1/1980,254.65,254.65,254.65,254.65,
4/2/1980,257.15,257.15,257.15,257.15,
4/3/1980,257.2,257.2,257.2,257.2,
4/4/1980,258.75,258.75,258.75,258.75,
4/7/1980,261.4,261.4,261.4,261.4,
4/8/1980,258.2,258.2,258.2,258.2,
4/9/1980,251.8,251.8,251.8,251.8,
4/10/1980,249.5,249.5,249.5,249.5,
4/11/1980,252.5,252.5,252.5,252.5,
4/14/1980,251.35,251.35,251.35,251.35,
4/15/1980,252.7,252.7,252.7,252.7,
4/16/1980,249.1,249.1,249.1,249.1,
4/17/1980,248.7,248.7,248.7,248.7,
4/18/1980,249.4,249.4,249.4,249.4,
4/21/1980,249.8,249.8,249.8,249.8,
4/22/1980,250,250,250,250,
4/23/1980,243.25,243.25,243.25,243.25,
4/24/1980,244.65,244.65,244.65,244.65,
4/25/1980,246,246,246,246,
4/28/1980,241.3,241.3,241.3,241.3,
4/29/1980,239.3,239.3,239.3,239.3,
4/30/1980,239.35,239.35,239.35,239.35,
5/1/1980,240.5,240.5,240.5,240.5,
5/2/1980,240.35,240.35,240.35,240.35,
5/5/1980,237.2,237.2,237.2,237.2,
5/6/1980,231.8,231.8,231.8,231.8,
5/7/1980,231.85,231.85,231.85,231.85,
5/8/1980,233.6,233.6,233.6,233.6,
5/9/1980,231.8,231.8,231.8,231.8,
5/12/1980,226.8,226.8,226.8,226.8,
5/13/1980,227.75,227.75,227.75,227.75,
5/14/1980,227.2,227.2,227.2,227.2,
5/15/1980,227.8,227.8,227.8,227.8,
5/16/1980,229.6,229.6,229.6,229.6,
5/19/1980,229,229,229,229,
5/20/1980,226.75,226.75,226.75,226.75,
5/21/1980,224.4,224.4,224.4,224.4,
5/22/1980,224.05,224.05,224.05,224.05,
5/23/1980,221.25,221.25,221.25,221.25,
5/27/1980,219.2,219.2,219.2,219.2,
5/28/1980,223.5,223.5,223.5,223.5,
5/29/1980,223.8,223.8,223.8,223.8,
5/30/1980,223,223,223,223,
6/2/1980,223.55,223.55,223.55,223.55,
6/3/1980,222.7,222.7,222.7,222.7,
6/4/1980,221.4,221.4,221.4,221.4,
6/5/1980,220.35,220.35,220.35,220.35,
6/6/1980,219.3,219.3,219.3,219.3,
6/9/1980,216.35,216.35,216.35,216.35,
6/10/1980,215.8,215.8,215.8,215.8,
6/11/1980,217.75,217.75,217.75,217.75,
6/12/1980,216.5,216.5,216.5,216.5,
6/13/1980,216,216,216,216,
6/16/1980,216,216,216,216,
6/17/1980,216,216,216,216,
6/18/1980,215.75,215.75,215.75,215.75,
6/19/1980,216.35,216.35,216.35,216.35,
6/20/1980,217.2,217.2,217.2,217.2,
6/23/1980,216.07,216.07,216.07,216.07,
6/24/1980,216.6,216.6,216.6,216.6,
6/25/1980,217.95,217.95,217.95,217.95,
6/26/1980,217.2,217.2,217.2,217.2,
6/27/1980,217.55,217.55,217.55,217.55,
6/30/1980,219.9,219.9,219.9,219.9,
7/1/1980,219.5,219.5,219.5,219.5,
7/2/1980,218.8,218.8,218.8,218.8,
7/3/1980,219,219,219,219,
7/7/1980,217.9,217.9,217.9,217.9,
7/8/1980,219.1,219.1,219.1,219.1,
7/9/1980,218.15,218.15,218.15,218.15,
7/10/1980,216.85,216.85,216.85,216.85,
7/11/1980,217.7,217.7,217.7,217.7,
7/14/1980,218.25,218.25,218.25,218.25,
7/15/1980,219.4,219.4,219.4,219.4,
7/16/1980,218.8,218.8,218.8,218.8,
7/17/1980,218.5,218.5,218.5,218.5,
7/18/1980,220.27,220.27,220.27,220.27,
7/21/1980,220.38,220.38,220.38,220.38,
7/22/1980,221,221,221,221,
7/23/1980,224.15,224.15,224.15,224.15,
7/24/1980,223.2,223.2,223.2,223.2,
7/25/1980,225.4,225.4,225.4,225.4,
7/28/1980,227.4,227.4,227.4,227.4,
7/29/1980,226.8,226.8,226.8,226.8,
7/30/1980,227.05,227.05,227.05,227.05,
7/31/1980,227.4,227.4,227.4,227.4,
8/1/1980,227,227,227,227,
8/4/1980,226.05,226.05,226.05,226.05,
8/5/1980,226.25,226.25,226.25,226.25,
8/6/1980,225.3,225.3,225.3,225.3,
8/7/1980,225.7,225.7,225.7,225.7,
8/8/1980,226.3,226.3,226.3,226.3,
8/11/1980,225.78,225.78,225.78,225.78,
8/12/1980,222.9,222.9,222.9,222.9,
8/13/1980,224,224,224,224,
8/14/1980,224.4,224.4,224.4,224.4,
8/15/1980,225.75,225.75,225.75,225.75,
8/18/1980,226.3,226.3,226.3,226.3,
8/19/1980,224.38,224.38,224.38,224.38,
8/20/1980,224.15,224.15,224.15,224.15,
8/21/1980,224.75,224.75,224.75,224.75,
8/22/1980,223.8,223.8,223.8,223.8,
8/25/1980,223.2,223.2,223.2,223.2,
8/26/1980,219.4,219.4,219.4,219.4,
8/27/1980,219.68,219.68,219.68,219.68,
8/28/1980,218,218,218,218,
8/29/1980,219.1,219.1,219.1,219.1,
9/2/1980,215.93,215.93,215.93,215.93,
9/3/1980,216.7,216.7,216.7,216.7,
9/4/1980,217.2,217.2,217.2,217.2,
9/5/1980,218,218,218,218,
9/8/1980,216.7,216.7,216.7,216.7,
9/9/1980,216.8,216.8,216.8,216.8,
9/10/1980,216.55,216.55,216.55,216.55,
9/11/1980,214.47,214.47,214.47,214.47,
9/12/1980,213.2,213.2,213.2,213.2,
9/15/1980,212.65,212.65,212.65,212.65,
9/16/1980,211.47,211.47,211.47,211.47,
9/17/1980,211.95,211.95,211.95,211.95,
9/18/1980,212.98,212.98,212.98,212.98,
9/19/1980,210.8,210.8,210.8,210.8,
9/22/1980,214.8,214.8,214.8,214.8,
9/23/1980,218.15,218.15,218.15,218.15,
9/24/1980,214.45,214.45,214.45,214.45,
9/25/1980,215,215,215,215,
9/26/1980,211.7,211.7,211.7,211.7,
9/29/1980,212.4,212.4,212.4,212.4,
9/30/1980,210.85,210.85,210.85,210.85,
10/1/1980,208.5,208.5,208.5,208.5,
10/2/1980,208.15,208.15,208.15,208.15,
10/3/1980,207.6,207.6,207.6,207.6,
10/6/1980,207.9,207.9,207.9,207.9,
10/7/1980,208.85,208.85,208.85,208.85,
10/8/1980,208.35,208.35,208.35,208.35,
10/9/1980,208.95,208.95,208.95,208.95,
10/10/1980,209,209,209,209,
10/14/1980,206.5,206.5,206.5,206.5,
10/15/1980,207.3,207.3,207.3,207.3,
10/16/1980,208.15,208.15,208.15,208.15,
10/17/1980,208.2,208.2,208.2,208.2,
10/20/1980,208.65,208.65,208.65,208.65,
10/21/1980,207.95,207.95,207.95,207.95,
10/22/1980,209.35,209.35,209.35,209.35,
10/23/1980,210.4,210.4,210.4,210.4,
10/24/1980,212.75,212.75,212.75,212.75,
10/27/1980,213.75,213.75,213.75,213.75,
10/28/1980,213.25,213.25,213.25,213.25,
10/29/1980,210,210,210,210,
10/30/1980,210.5,210.5,210.5,210.5,
10/31/1980,211.05,211.05,211.05,211.05,
11/3/1980,210.8,210.8,210.8,210.8,
11/5/1980,211.35,211.35,211.35,211.35,
11/6/1980,212.65,212.65,212.65,212.65,
11/7/1980,213.1,213.1,213.1,213.1,
11/10/1980,209.5,209.5,209.5,209.5,
11/12/1980,213.1,213.1,213.1,213.1,
11/13/1980,212.3,212.3,212.3,212.3,
11/14/1980,212.9,212.9,212.9,212.9,
11/17/1980,213.6,213.6,213.6,213.6,
11/18/1980,213.3,213.3,213.3,213.3,
11/19/1980,212.65,212.65,212.65,212.65,
11/20/1980,213.7,213.7,213.7,213.7,
11/21/1980,213.8,213.8,213.8,213.8,
11/24/1980,213.35,213.35,213.35,213.35,
11/25/1980,213.65,213.65,213.65,213.65,
11/26/1980,216.45,216.45,216.45,216.45,
11/28/1980,216.6,216.6,216.6,216.6,
12/1/1980,217.85,217.85,217.85,217.85,
12/2/1980,216.55,216.55,216.55,216.55,
12/3/1980,213.55,213.55,213.55,213.55,
12/4/1980,211,211,211,211,
12/5/1980,211.6,211.6,211.6,211.6,
12/8/1980,208.5,208.5,208.5,208.5,
12/9/1980,209.1,209.1,209.1,209.1,
12/10/1980,210.1,210.1,210.1,210.1,
12/11/1980,210.45,210.45,210.45,210.45,
12/12/1980,210.5,210.5,210.5,210.5,
12/15/1980,209.4,209.4,209.4,209.4,
12/16/1980,208.75,208.75,208.75,208.75,
12/17/1980,208.9,208.9,208.9,208.9,
12/18/1980,209.5,209.5,209.5,209.5,
12/19/1980,208.2,208.2,208.2,208.2,
12/22/1980,207.65,207.65,207.65,207.65,
12/23/1980,207.9,207.9,207.9,207.9,
12/24/1980,208,208,208,208,
12/26/1980,208.4,208.4,208.4,208.4,
12/29/1980,206.65,206.65,206.65,206.65,
12/30/1980,203.1,203.1,203.1,203.1,
12/31/1980,203.1,203.1,203.1,203.1,
1/2/1981,202.5,202.5,202.5,202.5,
1/5/1981,199.05,199.05,199.05,199.05,
1/6/1981,199.7,199.7,199.7,199.7,
1/7/1981,201.05,201.05,201.05,201.05,
1/8/1981,201.7,201.7,201.7,201.7,
1/9/1981,203,203,203,203,
1/12/1981,204.1,204.1,204.1,204.1,
1/13/1981,203.3,203.3,203.3,203.3,
1/14/1981,203.05,203.05,203.05,203.05,
1/15/1981,201.75,201.75,201.75,201.75,
1/16/1981,202.9,202.9,202.9,202.9,
1/19/1981,202.3,202.3,202.3,202.3,
1/20/1981,200.65,200.65,200.65,200.65,
1/21/1981,199.2,199.2,199.2,199.2,
1/22/1981,200.85,200.85,200.85,200.85,
1/23/1981,202.75,202.75,202.75,202.75,
1/26/1981,203.55,203.55,203.55,203.55,
1/27/1981,202.5,202.5,202.5,202.5,
1/28/1981,204.5,204.5,204.5,204.5,
1/29/1981,204.6,204.6,204.6,204.6,
1/30/1981,206.7,206.7,206.7,206.7,
2/2/1981,203.15,203.15,203.15,203.15,
2/3/1981,204.05,204.05,204.05,204.05,
2/4/1981,202.9,202.9,202.9,202.9,
2/5/1981,202.95,202.95,202.95,202.95,
2/6/1981,203.8,203.8,203.8,203.8,
2/9/1981,203.9,203.9,203.9,203.9,
2/10/1981,203.9,203.9,203.9,203.9,
2/11/1981,203.9,203.9,203.9,203.9,
2/13/1981,207.45,207.45,207.45,207.45,
2/17/1981,206.8,206.8,206.8,206.8,
2/18/1981,206.55,206.55,206.55,206.55,
2/19/1981,206.8,206.8,206.8,206.8,
2/20/1981,206.8,206.8,206.8,206.8,
2/23/1981,208.05,208.05,208.05,208.05,
2/24/1981,207,207,207,207,
2/25/1981,207.3,207.3,207.3,207.3,
2/26/1981,207.9,207.9,207.9,207.9,
2/27/1981,209.7,209.7,209.7,209.7,
3/2/1981,211.1,211.1,211.1,211.1,
3/3/1981,208.6,208.6,208.6,208.6,
3/4/1981,208.6,208.6,208.6,208.6,
3/5/1981,208.9,208.9,208.9,208.9,
3/6/1981,209,209,209,209,
3/9/1981,206,206,206,206,
3/10/1981,207,207,207,207,
3/11/1981,207.6,207.6,207.6,207.6,
3/12/1981,207.6,207.6,207.6,207.6,
3/13/1981,207.55,207.55,207.55,207.55,
3/16/1981,207.27,207.27,207.27,207.27,
3/17/1981,207.7,207.7,207.7,207.7,
3/18/1981,207.6,207.6,207.6,207.6,
3/19/1981,208.75,208.75,208.75,208.75,
3/20/1981,208.25,208.25,208.25,208.25,
3/23/1981,208.6,208.6,208.6,208.6,
3/24/1981,208.55,208.55,208.55,208.55,
3/25/1981,208.85,208.85,208.85,208.85,
3/26/1981,211.45,211.45,211.45,211.45,
3/27/1981,211.8,211.8,211.8,211.8,
3/30/1981,211.4,211.4,211.4,211.4,
3/31/1981,211.25,211.25,211.25,211.25,
4/1/1981,212.4,212.4,212.4,212.4,
4/2/1981,213.8,213.8,213.8,213.8,
4/3/1981,213.2,213.2,213.2,213.2,
4/6/1981,214,214,214,214,
4/7/1981,213.1,213.1,213.1,213.1,
4/8/1981,213.45,213.45,213.45,213.45,
4/9/1981,214.1,214.1,214.1,214.1,
4/10/1981,215.17,215.17,215.17,215.17,
4/13/1981,216.25,216.25,216.25,216.25,
4/14/1981,215.22,215.22,215.22,215.22,
4/15/1981,216.7,216.7,216.7,216.7,
4/16/1981,216.8,216.8,216.8,216.8,
4/17/1981,217.5,217.5,217.5,217.5,
4/20/1981,218.2,218.2,218.2,218.2,
4/21/1981,218.35,218.35,218.35,218.35,
4/22/1981,216.85,216.85,216.85,216.85,
4/23/1981,215.2,215.2,215.2,215.2,
4/24/1981,214.3,214.3,214.3,214.3,
4/27/1981,212.1,212.1,212.1,212.1,
4/28/1981,212.3,212.3,212.3,212.3,
4/29/1981,214.7,214.7,214.7,214.7,
4/30/1981,215.78,215.78,215.78,215.78,
5/1/1981,215.75,215.75,215.75,215.75,
5/4/1981,217.1,217.1,217.1,217.1,
5/5/1981,217.8,217.8,217.8,217.8,
5/6/1981,216.9,216.9,216.9,216.9,
5/7/1981,217.9,217.9,217.9,217.9,
5/8/1981,217.6,217.6,217.6,217.6,
5/11/1981,217.95,217.95,217.95,217.95,
5/12/1981,219.75,219.75,219.75,219.75,
5/13/1981,220.45,220.45,220.45,220.45,
5/14/1981,222.35,222.35,222.35,222.35,
5/15/1981,223.05,223.05,223.05,223.05,
5/18/1981,221.97,221.97,221.97,221.97,
5/19/1981,221,221,221,221,
5/20/1981,220.8,220.8,220.8,220.8,
5/21/1981,222.5,222.5,222.5,222.5,
5/22/1981,222.5,222.5,222.5,222.5,
5/26/1981,224.35,224.35,224.35,224.35,
5/27/1981,224.95,224.95,224.95,224.95,
5/28/1981,224,224,224,224,
5/29/1981,223.9,223.9,223.9,223.9,
6/1/1981,222.5,222.5,222.5,222.5,
6/2/1981,223.85,223.85,223.85,223.85,
6/3/1981,223.4,223.4,223.4,223.4,
6/4/1981,226.4,226.4,226.4,226.4,
6/5/1981,227.8,227.8,227.8,227.8,
6/8/1981,227.9,227.9,227.9,227.9,
6/9/1981,228.1,228.1,228.1,228.1,
6/10/1981,225.45,225.45,225.45,225.45,
6/11/1981,226.1,226.1,226.1,226.1,
6/12/1981,224.15,224.15,224.15,224.15,
6/15/1981,219.7,219.7,219.7,219.7,
6/16/1981,220.15,220.15,220.15,220.15,
6/17/1981,220.9,220.9,220.9,220.9,
6/18/1981,222.1,222.1,222.1,222.1,
6/19/1981,223.35,223.35,223.35,223.35,
6/22/1981,222.52,222.52,222.52,222.52,
6/23/1981,221.8,221.8,221.8,221.8,
6/24/1981,222.8,222.8,222.8,222.8,
6/25/1981,225.45,225.45,225.45,225.45,
6/26/1981,224.85,224.85,224.85,224.85,
6/29/1981,225.85,225.85,225.85,225.85,
6/30/1981,226.85,226.85,226.85,226.85,
7/1/1981,228.25,228.25,228.25,228.25,
7/2/1981,226.75,226.75,226.75,226.75,
7/3/1981,228.5,228.5,228.5,228.5,
7/6/1981,229.83,229.83,229.83,229.83,
7/7/1981,228.75,228.75,228.75,228.75,
7/8/1981,229.45,229.45,229.45,229.45,
7/9/1981,228.85,228.85,228.85,228.85,
7/10/1981,228.3,228.3,228.3,228.3,
7/13/1981,228.3,228.3,228.3,228.3,
7/14/1981,231,231,231,231,
7/15/1981,230.6,230.6,230.6,230.6,
7/16/1981,231.28,231.28,231.28,231.28,
7/17/1981,231.97,231.97,231.97,231.97,
7/20/1981,233,233,233,233,
7/21/1981,234.35,234.35,234.35,234.35,
7/22/1981,234.5,234.5,234.5,234.5,
7/23/1981,234.9,234.9,234.9,234.9,
7/24/1981,234.52,234.52,234.52,234.52,
7/27/1981,236.1,236.1,236.1,236.1,
7/28/1981,237.25,237.25,237.25,237.25,
7/29/1981,237.85,237.85,237.85,237.85,
7/30/1981,238.8,238.8,238.8,238.8,
7/31/1981,240.4,240.4,240.4,240.4,
8/3/1981,245.4,245.4,245.4,245.4,
8/4/1981,246.1,246.1,246.1,246.1,
8/5/1981,240.9,240.9,240.9,240.9,
8/6/1981,239.9,239.9,239.9,239.9,
8/7/1981,234.9,234.9,234.9,234.9,
8/10/1981,236.1,236.1,236.1,236.1,
8/11/1981,235.75,235.75,235.75,235.75,
8/12/1981,230.2,230.2,230.2,230.2,
8/13/1981,231.7,231.7,231.7,231.7,
8/14/1981,233.75,233.75,233.75,233.75,
8/17/1981,229.8,229.8,229.8,229.8,
8/18/1981,229.2,229.2,229.2,229.2,
8/19/1981,230.35,230.35,230.35,230.35,
8/20/1981,228.9,228.9,228.9,228.9,
8/21/1981,227.25,227.25,227.25,227.25,
8/24/1981,228.4,228.4,228.4,228.4,
8/25/1981,230.6,230.6,230.6,230.6,
8/26/1981,230.1,230.1,230.1,230.1,
8/27/1981,230.95,230.95,230.95,230.95,
8/28/1981,229.1,229.1,229.1,229.1,
8/31/1981,230.5,230.5,230.5,230.5,
9/1/1981,230.95,230.95,230.95,230.95,
9/2/1981,229.7,229.7,229.7,229.7,
9/3/1981,230.4,230.4,230.4,230.4,
9/4/1981,229.7,229.7,229.7,229.7,
9/8/1981,232.5,232.5,232.5,232.5,
9/9/1981,233.8,233.8,233.8,233.8,
9/10/1981,230.9,230.9,230.9,230.9,
9/11/1981,231.35,231.35,231.35,231.35,
9/14/1981,230.2,230.2,230.2,230.2,
9/15/1981,225.7,225.7,225.7,225.7,
9/16/1981,226.95,226.95,226.95,226.95,
9/17/1981,226.3,226.3,226.3,226.3,
9/18/1981,226.3,226.3,226.3,226.3,
9/21/1981,224.2,224.2,224.2,224.2,
9/22/1981,226.8,226.8,226.8,226.8,
9/23/1981,227.9,227.9,227.9,227.9,
9/24/1981,229.1,229.1,229.1,229.1,
9/25/1981,229.7,229.7,229.7,229.7,
9/28/1981,232.45,232.45,232.45,232.45,
9/29/1981,231.9,231.9,231.9,231.9,
9/30/1981,232.3,232.3,232.3,232.3,
10/1/1981,233.1,233.1,233.1,233.1,
10/2/1981,232.05,232.05,232.05,232.05,
10/5/1981,227.6,227.6,227.6,227.6,
10/6/1981,230.4,230.4,230.4,230.4,
10/7/1981,228.5,228.5,228.5,228.5,
10/8/1981,228.35,228.35,228.35,228.35,
10/9/1981,226.55,226.55,226.55,226.55,
10/13/1981,228.6,228.6,228.6,228.6,
10/14/1981,228.75,228.75,228.75,228.75,
10/15/1981,230.6,230.6,230.6,230.6,
10/16/1981,230.6,230.6,230.6,230.6,
10/19/1981,232.35,232.35,232.35,232.35,
10/20/1981,232.7,232.7,232.7,232.7,
10/21/1981,233.7,233.7,233.7,233.7,
10/22/1981,233.65,233.65,233.65,233.65,
10/23/1981,232.3,232.3,232.3,232.3,
10/26/1981,236.15,236.15,236.15,236.15,
10/27/1981,234.75,234.75,234.75,234.75,
10/28/1981,234.05,234.05,234.05,234.05,
10/29/1981,234.35,234.35,234.35,234.35,
10/30/1981,232.8,232.8,232.8,232.8,
11/2/1981,229.15,229.15,229.15,229.15,
11/4/1981,227.3,227.3,227.3,227.3,
11/5/1981,228.5,228.5,228.5,228.5,
11/6/1981,229.05,229.05,229.05,229.05,
11/9/1981,226.78,226.78,226.78,226.78,
11/10/1981,229.85,229.85,229.85,229.85,
11/12/1981,227.25,227.25,227.25,227.25,
11/13/1981,227.35,227.35,227.35,227.35,
11/16/1981,225.7,225.7,225.7,225.7,
11/17/1981,224.25,224.25,224.25,224.25,
11/18/1981,222.2,222.2,222.2,222.2,
11/19/1981,220.3,220.3,220.3,220.3,
11/20/1981,218.65,218.65,218.65,218.65,
11/23/1981,217.6,217.6,217.6,217.6,
11/24/1981,215.9,215.9,215.9,215.9,
11/25/1981,216.6,216.6,216.6,216.6,
11/27/1981,215.65,215.65,215.65,215.65,
11/30/1981,214.2,214.2,214.2,214.2,
12/1/1981,216.4,216.4,216.4,216.4,
12/2/1981,214.7,214.7,214.7,214.7,
12/3/1981,216.65,216.65,216.65,216.65,
12/4/1981,216.5,216.5,216.5,216.5,
12/7/1981,217.55,217.55,217.55,217.55,
12/8/1981,218,218,218,218,
12/9/1981,218.4,218.4,218.4,218.4,
12/10/1981,218.6,218.6,218.6,218.6,
12/11/1981,219.3,219.3,219.3,219.3,
12/14/1981,220.75,220.75,220.75,220.75,
12/15/1981,217.5,217.5,217.5,217.5,
12/16/1981,218.3,218.3,218.3,218.3,
12/17/1981,218.45,218.45,218.45,218.45,
12/18/1981,219,219,219,219,
12/21/1981,220.05,220.05,220.05,220.05,
12/22/1981,219.35,219.35,219.35,219.35,
12/23/1981,220.7,220.7,220.7,220.7,
12/24/1981,222.1,222.1,222.1,222.1,
12/28/1981,222.8,222.8,222.8,222.8,
12/29/1981,222.3,222.3,222.3,222.3,
12/30/1981,219.8,219.8,219.8,219.8,
12/31/1981,219.8,219.8,219.8,219.8,
1/4/1982,218.75,218.75,218.75,218.75,
1/5/1982,219.7,219.7,219.7,219.7,
1/6/1982,219.6,219.6,219.6,219.6,
1/7/1982,222,222,222,222,
1/8/1982,221.4,221.4,221.4,221.4,
1/11/1982,223.3,223.3,223.3,223.3,
1/12/1982,223.05,223.05,223.05,223.05,
1/13/1982,224.35,224.35,224.35,224.35,
1/14/1982,224.5,224.5,224.5,224.5,
1/15/1982,224.5,224.5,224.5,224.5,
1/18/1982,225.35,225.35,225.35,225.35,
1/19/1982,224.5,224.5,224.5,224.5,
1/20/1982,225.5,225.5,225.5,225.5,
1/21/1982,225.65,225.65,225.65,225.65,
1/22/1982,227.4,227.4,227.4,227.4,
1/25/1982,229.4,229.4,229.4,229.4,
1/26/1982,228.25,228.25,228.25,228.25,
1/27/1982,229.6,229.6,229.6,229.6,
1/28/1982,231,231,231,231,
1/29/1982,231,231,231,231,
2/1/1982,232.6,232.6,232.6,232.6,
2/2/1982,233.25,233.25,233.25,233.25,
2/3/1982,234.8,234.8,234.8,234.8,
2/4/1982,233.15,233.15,233.15,233.15,
2/5/1982,233.5,233.5,233.5,233.5,
2/8/1982,234.75,234.75,234.75,234.75,
2/9/1982,236.5,236.5,236.5,236.5,
2/10/1982,236.35,236.35,236.35,236.35,
2/11/1982,235.75,235.75,235.75,235.75,
2/12/1982,237,237,237,237,
2/15/1982,240.6,240.6,240.6,240.6,
2/16/1982,240.65,240.65,240.65,240.65,
2/17/1982,240.35,240.35,240.35,240.35,
2/18/1982,235.5,235.5,235.5,235.5,
2/19/1982,233.6,233.6,233.6,233.6,
2/22/1982,232.1,232.1,232.1,232.1,
2/23/1982,234.9,234.9,234.9,234.9,
2/24/1982,234.45,234.45,234.45,234.45,
2/25/1982,236.05,236.05,236.05,236.05,
2/26/1982,237.25,237.25,237.25,237.25,
3/1/1982,238.3,238.3,238.3,238.3,
3/2/1982,237.7,237.7,237.7,237.7,
3/3/1982,236.6,236.6,236.6,236.6,
3/4/1982,236.55,236.55,236.55,236.55,
3/5/1982,233.9,233.9,233.9,233.9,
3/8/1982,234.3,234.3,234.3,234.3,
3/9/1982,237.55,237.55,237.55,237.55,
3/10/1982,237.25,237.25,237.25,237.25,
3/11/1982,239.4,239.4,239.4,239.4,
3/12/1982,240.1,240.1,240.1,240.1,
3/15/1982,240.5,240.5,240.5,240.5,
3/16/1982,241.6,241.6,241.6,241.6,
3/17/1982,241.4,241.4,241.4,241.4,
3/18/1982,242.1,242.1,242.1,242.1,
3/19/1982,244,244,244,244,
3/22/1982,245.3,245.3,245.3,245.3,
3/23/1982,244.9,244.9,244.9,244.9,
3/24/1982,243.6,243.6,243.6,243.6,
3/25/1982,245.35,245.35,245.35,245.35,
3/26/1982,247.1,247.1,247.1,247.1,
3/29/1982,247.2,247.2,247.2,247.2,
3/30/1982,245.3,245.3,245.3,245.3,
3/31/1982,248.25,248.25,248.25,248.25,
4/1/1982,246.2,246.2,246.2,246.2,
4/2/1982,245.6,245.6,245.6,245.6,
4/5/1982,248.4,248.4,248.4,248.4,
4/6/1982,248.4,248.4,248.4,248.4,
4/7/1982,245.9,245.9,245.9,245.9,
4/8/1982,248.75,248.75,248.75,248.75,
4/9/1982,248.05,248.05,248.05,248.05,
4/12/1982,248,248,248,248,
4/13/1982,246.7,246.7,246.7,246.7,
4/14/1982,247.45,247.45,247.45,247.45,
4/15/1982,248.4,248.4,248.4,248.4,
4/16/1982,247.8,247.8,247.8,247.8,
4/19/1982,245,245,245,245,
4/20/1982,243.15,243.15,243.15,243.15,
4/21/1982,243.2,243.2,243.2,243.2,
4/22/1982,242.8,242.8,242.8,242.8,
4/23/1982,241.15,241.15,241.15,241.15,
4/26/1982,238.4,238.4,238.4,238.4,
4/27/1982,238,238,238,238,
4/28/1982,237.25,237.25,237.25,237.25,
4/29/1982,235.9,235.9,235.9,235.9,
4/30/1982,235.85,235.85,235.85,235.85,
5/3/1982,236.6,236.6,236.6,236.6,
5/4/1982,237.55,237.55,237.55,237.55,
5/5/1982,234.1,234.1,234.1,234.1,
5/6/1982,233.55,233.55,233.55,233.55,
5/7/1982,232.92,232.92,232.92,232.92,
5/10/1982,233.3,233.3,233.3,233.3,
5/11/1982,232.85,232.85,232.85,232.85,
5/12/1982,233.8,233.8,233.8,233.8,
5/13/1982,235.2,235.2,235.2,235.2,
5/14/1982,235.25,235.25,235.25,235.25,
5/17/1982,236.85,236.85,236.85,236.85,
5/18/1982,237.25,237.25,237.25,237.25,
5/19/1982,238.95,238.95,238.95,238.95,
5/20/1982,238.3,238.3,238.3,238.3,
5/21/1982,237.6,237.6,237.6,237.6,
5/24/1982,238.4,238.4,238.4,238.4,
5/25/1982,240.2,240.2,240.2,240.2,
5/26/1982,240.4,240.4,240.4,240.4,
5/27/1982,242.9,242.9,242.9,242.9,
5/28/1982,243.3,243.3,243.3,243.3,
6/1/1982,244.3,244.3,244.3,244.3,
6/2/1982,244.7,244.7,244.7,244.7,
6/3/1982,243.2,243.2,243.2,243.2,
6/4/1982,243.65,243.65,243.65,243.65,
6/7/1982,245.65,245.65,245.65,245.65,
6/8/1982,247,247,247,247,
6/9/1982,248.95,248.95,248.95,248.95,
6/10/1982,249.3,249.3,249.3,249.3,
6/11/1982,247.55,247.55,247.55,247.55,
6/14/1982,250.65,250.65,250.65,250.65,
6/15/1982,251.65,251.65,251.65,251.65,
6/16/1982,252.85,252.85,252.85,252.85,
6/17/1982,254.5,254.5,254.5,254.5,
6/18/1982,255.15,255.15,255.15,255.15,
6/21/1982,257.15,257.15,257.15,257.15,
6/22/1982,254.5,254.5,254.5,254.5,
6/23/1982,256,256,256,256,
6/24/1982,252.4,252.4,252.4,252.4,
6/25/1982,257.7,257.7,257.7,257.7,
6/28/1982,258.95,258.95,258.95,258.95,
6/29/1982,255.55,255.55,255.55,255.55,
6/30/1982,255,255,255,255,
7/1/1982,255.95,255.95,255.95,255.95,
7/2/1982,257,257,257,257,
7/5/1982,256.45,256.45,256.45,256.45,
7/6/1982,257.7,257.7,257.7,257.7,
7/7/1982,259,259,259,259,
7/8/1982,257.85,257.85,257.85,257.85,
7/9/1982,255.8,255.8,255.8,255.8,
7/12/1982,254.25,254.25,254.25,254.25,
7/13/1982,257.5,257.5,257.5,257.5,
7/14/1982,256.35,256.35,256.35,256.35,
7/15/1982,255.95,255.95,255.95,255.95,
7/16/1982,254.05,254.05,254.05,254.05,
7/19/1982,254.65,254.65,254.65,254.65,
7/20/1982,253.75,253.75,253.75,253.75,
7/21/1982,252.05,252.05,252.05,252.05,
7/22/1982,251.85,251.85,251.85,251.85,
7/23/1982,249.2,249.2,249.2,249.2,
7/26/1982,250.95,250.95,250.95,250.95,
7/27/1982,252.3,252.3,252.3,252.3,
7/28/1982,254.8,254.8,254.8,254.8,
7/29/1982,256.6,256.6,256.6,256.6,
7/30/1982,258.1,258.1,258.1,258.1,
8/2/1982,256.6,256.6,256.6,256.6,
8/3/1982,257.85,257.85,257.85,257.85,
8/4/1982,260.35,260.35,260.35,260.35,
8/5/1982,259.85,259.85,259.85,259.85,
8/6/1982,260.1,260.1,260.1,260.1,
8/9/1982,262.3,262.3,262.3,262.3,
8/10/1982,263.9,263.9,263.9,263.9,
8/11/1982,263.4,263.4,263.4,263.4,
8/12/1982,263.2,263.2,263.2,263.2,
8/13/1982,262.1,262.1,262.1,262.1,
8/16/1982,264.05,264.05,264.05,264.05,
8/17/1982,264.05,264.05,264.05,264.05,
8/18/1982,259.2,259.2,259.2,259.2,
8/19/1982,258.35,258.35,258.35,258.35,
8/20/1982,254.75,254.75,254.75,254.75,
8/23/1982,254.6,254.6,254.6,254.6,
8/24/1982,251.5,251.5,251.5,251.5,
8/25/1982,251,251,251,251,
8/26/1982,253.2,253.2,253.2,253.2,
8/27/1982,256.6,256.6,256.6,256.6,
8/30/1982,260.95,260.95,260.95,260.95,
8/31/1982,261.1,261.1,261.1,261.1,
9/1/1982,259.1,259.1,259.1,259.1,
9/2/1982,256.2,256.2,256.2,256.2,
9/3/1982,257.8,257.8,257.8,257.8,
9/6/1982,257.35,257.35,257.35,257.35,
9/7/1982,257.45,257.45,257.45,257.45,
9/8/1982,259.5,259.5,259.5,259.5,
9/9/1982,258.65,258.65,258.65,258.65,
9/10/1982,262.65,262.65,262.65,262.65,
9/13/1982,264,264,264,264,
9/14/1982,263.25,263.25,263.25,263.25,
9/15/1982,263.4,263.4,263.4,263.4,
9/16/1982,263.4,263.4,263.4,263.4,
9/17/1982,263.2,263.2,263.2,263.2,
9/20/1982,264.5,264.5,264.5,264.5,
9/21/1982,265.1,265.1,265.1,265.1,
9/22/1982,262.65,262.65,262.65,262.65,
9/23/1982,264.95,264.95,264.95,264.95,
9/24/1982,266.25,266.25,266.25,266.25,
9/27/1982,269.8,269.8,269.8,269.8,
9/28/1982,270,270,270,270,
9/29/1982,268.85,268.85,268.85,268.85,
9/30/1982,268.3,268.3,268.3,268.3,
10/1/1982,268.9,268.9,268.9,268.9,
10/4/1982,273.5,273.5,273.5,273.5,
10/5/1982,273.8,273.8,273.8,273.8,
10/6/1982,273.95,273.95,273.95,273.95,
10/7/1982,270.1,270.1,270.1,270.1,
10/8/1982,267.7,267.7,267.7,267.7,
10/12/1982,262.6,262.6,262.6,262.6,
10/13/1982,266.65,266.65,266.65,266.65,
10/14/1982,268.5,268.5,268.5,268.5,
10/15/1982,269.7,269.7,269.7,269.7,
10/18/1982,268.55,268.55,268.55,268.55,
10/19/1982,268.3,268.3,268.3,268.3,
10/20/1982,270.4,270.4,270.4,270.4,
10/21/1982,273,273,273,273,
10/22/1982,273.45,273.45,273.45,273.45,
10/25/1982,276.55,276.55,276.55,276.55,
10/26/1982,276.05,276.05,276.05,276.05,
10/27/1982,276.05,276.05,276.05,276.05,
10/28/1982,277.45,277.45,277.45,277.45,
10/29/1982,277.1,277.1,277.1,277.1,
11/1/1982,276.9,276.9,276.9,276.9,
11/2/1982,277.05,277.05,277.05,277.05,
11/3/1982,276.52,276.52,276.52,276.52,
11/4/1982,277.65,277.65,277.65,277.65,
11/5/1982,275.8,275.8,275.8,275.8,
11/8/1982,276,276,276,276,
11/9/1982,271.15,271.15,271.15,271.15,
11/10/1982,268.1,268.1,268.1,268.1,
11/11/1982,267.3,267.3,267.3,267.3,
11/12/1982,268.5,268.5,268.5,268.5,
11/15/1982,267.35,267.35,267.35,267.35,
11/16/1982,263.7,263.7,263.7,263.7,
11/17/1982,263.3,263.3,263.3,263.3,
11/18/1982,262.7,262.7,262.7,262.7,
11/19/1982,257.85,257.85,257.85,257.85,
11/22/1982,254.65,254.65,254.65,254.65,
11/23/1982,257.05,257.05,257.05,257.05,
11/24/1982,250.7,250.7,250.7,250.7,
11/25/1982,248.9,248.9,248.9,248.9,
11/26/1982,250.2,250.2,250.2,250.2,
11/29/1982,250.35,250.35,250.35,250.35,
11/30/1982,249.2,249.2,249.2,249.2,
12/1/1982,248.6,248.6,248.6,248.6,
12/2/1982,248.1,248.1,248.1,248.1,
12/3/1982,246.6,246.6,246.6,246.6,
12/6/1982,245.1,245.1,245.1,245.1,
12/7/1982,242.75,242.75,242.75,242.75,
12/8/1982,242.15,242.15,242.15,242.15,
12/9/1982,245.7,245.7,245.7,245.7,
12/10/1982,244.25,244.25,244.25,244.25,
12/13/1982,247.3,247.3,247.3,247.3,
12/14/1982,244.3,244.3,244.3,244.3,
12/15/1982,244.95,244.95,244.95,244.95,
12/16/1982,243.3,243.3,243.3,243.3,
12/17/1982,244.15,244.15,244.15,244.15,
12/20/1982,244.45,244.45,244.45,244.45,
12/21/1982,242.1,242.1,242.1,242.1,
12/22/1982,240.5,240.5,240.5,240.5,
12/23/1982,238.1,238.1,238.1,238.1,
12/24/1982,238.1,238.1,238.1,238.1,
12/27/1982,237.5,237.5,237.5,237.5,
12/28/1982,234.65,234.65,234.65,234.65,
12/29/1982,232.8,232.8,232.8,232.8,
12/30/1982,234.5,234.5,234.5,234.5,
12/31/1982,234.7,234.7,234.7,234.7,
1/3/1983,232,232,232,232,
1/4/1983,229.8,229.8,229.8,229.8,
1/5/1983,229.1,229.1,229.1,229.1,
1/6/1983,229.8,229.8,229.8,229.8,
1/7/1983,229.1,229.1,229.1,229.1,
1/10/1983,226.75,226.75,226.75,226.75,
1/11/1983,228.8,228.8,228.8,228.8,
1/12/1983,230.55,230.55,230.55,230.55,
1/13/1983,229.1,229.1,229.1,229.1,
1/14/1983,230.5,230.5,230.5,230.5,
1/17/1983,229.6,229.6,229.6,229.6,
1/18/1983,232.15,232.15,232.15,232.15,
1/19/1983,234.95,234.95,234.95,234.95,
1/20/1983,235.3,235.3,235.3,235.3,
1/21/1983,236.35,236.35,236.35,236.35,
1/24/1983,240.2,240.2,240.2,240.2,
1/25/1983,235.85,235.85,235.85,235.85,
1/26/1983,235.35,235.35,235.35,235.35,
1/27/1983,235.85,235.85,235.85,235.85,
1/28/1983,236.4,236.4,236.4,236.4,
1/31/1983,239.85,239.85,239.85,239.85,
2/1/1983,239.4,239.4,239.4,239.4,
2/2/1983,242.2,242.2,242.2,242.2,
2/3/1983,238.85,238.85,238.85,238.85,
2/4/1983,240.3,240.3,240.3,240.3,
2/7/1983,237.45,237.45,237.45,237.45,
2/8/1983,237.45,237.45,237.45,237.45,
2/9/1983,236.6,236.6,236.6,236.6,
2/10/1983,235.1,235.1,235.1,235.1,
2/11/1983,234.7,234.7,234.7,234.7,
2/14/1983,234.8,234.8,234.8,234.8,
2/15/1983,234.1,234.1,234.1,234.1,
2/16/1983,232.6,232.6,232.6,232.6,
2/17/1983,233.2,233.2,233.2,233.2,
2/18/1983,233.6,233.6,233.6,233.6,
2/21/1983,233.6,233.6,233.6,233.6,
2/22/1983,233.8,233.8,233.8,233.8,
2/23/1983,235.05,235.05,235.05,235.05,
2/24/1983,234.2,234.2,234.2,234.2,
2/25/1983,235.05,235.05,235.05,235.05,
2/28/1983,237.85,237.85,237.85,237.85,
3/1/1983,239,239,239,239,
3/2/1983,237.3,237.3,237.3,237.3,
3/3/1983,236.4,236.4,236.4,236.4,
3/4/1983,235.8,235.8,235.8,235.8,
3/7/1983,235.7,235.7,235.7,235.7,
3/8/1983,238.7,238.7,238.7,238.7,
3/9/1983,237.7,237.7,237.7,237.7,
3/10/1983,237.05,237.05,237.05,237.05,
3/11/1983,238.45,238.45,238.45,238.45,
3/14/1983,237.5,237.5,237.5,237.5,
3/15/1983,237.25,237.25,237.25,237.25,
3/16/1983,237.25,237.25,237.25,237.25,
3/17/1983,239.1,239.1,239.1,239.1,
3/18/1983,240.3,240.3,240.3,240.3,
3/21/1983,240.85,240.85,240.85,240.85,
3/22/1983,239.4,239.4,239.4,239.4,
3/23/1983,238.8,238.8,238.8,238.8,
3/24/1983,237.25,237.25,237.25,237.25,
3/25/1983,237.1,237.1,237.1,237.1,
3/28/1983,240.1,240.1,240.1,240.1,
3/29/1983,240.05,240.05,240.05,240.05,
3/30/1983,239.8,239.8,239.8,239.8,
3/31/1983,239,239,239,239,
4/1/1983,239.95,239.95,239.95,239.95,
4/4/1983,239,239,239,239,
4/5/1983,237.65,237.65,237.65,237.65,
4/6/1983,237.05,237.05,237.05,237.05,
4/7/1983,237.9,237.9,237.9,237.9,
4/8/1983,239.3,239.3,239.3,239.3,
4/11/1983,237.95,237.95,237.95,237.95,
4/12/1983,238.05,238.05,238.05,238.05,
4/13/1983,238.5,238.5,238.5,238.5,
4/14/1983,238.25,238.25,238.25,238.25,
4/15/1983,237.6,237.6,237.6,237.6,
4/18/1983,237.8,237.8,237.8,237.8,
4/19/1983,237.05,237.05,237.05,237.05,
4/20/1983,237.38,237.38,237.38,237.38,
4/21/1983,236.4,236.4,236.4,236.4,
4/22/1983,236.85,236.85,236.85,236.85,
4/25/1983,236.25,236.25,236.25,236.25,
4/26/1983,237.35,237.35,237.35,237.35,
4/27/1983,236.25,236.25,236.25,236.25,
4/28/1983,238.2,238.2,238.2,238.2,
4/29/1983,238.3,238.3,238.3,238.3,
5/2/1983,237.6,237.6,237.6,237.6,
5/3/1983,237.65,237.65,237.65,237.65,
5/4/1983,236.25,236.25,236.25,236.25,
5/5/1983,235.2,235.2,235.2,235.2,
5/6/1983,234.7,234.7,234.7,234.7,
5/9/1983,232.65,232.65,232.65,232.65,
5/10/1983,232.5,232.5,232.5,232.5,
5/11/1983,230.9,230.9,230.9,230.9,
5/12/1983,231.5,231.5,231.5,231.5,
5/13/1983,231.3,231.3,231.3,231.3,
5/16/1983,233.3,233.3,233.3,233.3,
5/17/1983,233.4,233.4,233.4,233.4,
5/18/1983,232.75,232.75,232.75,232.75,
5/19/1983,234.4,234.4,234.4,234.4,
5/20/1983,234.1,234.1,234.1,234.1,
5/23/1983,235.4,235.4,235.4,235.4,
5/24/1983,236.6,236.6,236.6,236.6,
5/25/1983,236.3,236.3,236.3,236.3,
5/26/1983,236.55,236.55,236.55,236.55,
5/27/1983,237.97,237.97,237.97,237.97,
5/30/1983,238.65,238.65,238.65,238.65,
5/31/1983,238.85,238.85,238.85,238.85,
6/1/1983,239.85,239.85,239.85,239.85,
6/2/1983,238.35,238.35,238.35,238.35,
6/3/1983,239,239,239,239,
6/6/1983,240.5,240.5,240.5,240.5,
6/7/1983,240.35,240.35,240.35,240.35,
6/8/1983,241.38,241.38,241.38,241.38,
6/9/1983,242.7,242.7,242.7,242.7,
6/10/1983,242.18,242.18,242.18,242.18,
6/13/1983,242.55,242.55,242.55,242.55,
6/14/1983,243.05,243.05,243.05,243.05,
6/15/1983,242.45,242.45,242.45,242.45,
6/16/1983,240.55,240.55,240.55,240.55,
6/17/1983,239.9,239.9,239.9,239.9,
6/20/1983,239.25,239.25,239.25,239.25,
6/21/1983,239.6,239.6,239.6,239.6,
6/22/1983,237.4,237.4,237.4,237.4,
6/23/1983,237.5,237.5,237.5,237.5,
6/24/1983,237.3,237.3,237.3,237.3,
6/27/1983,239.4,239.4,239.4,239.4,
6/28/1983,238.8,238.8,238.8,238.8,
6/29/1983,239.35,239.35,239.35,239.35,
6/30/1983,239.28,239.28,239.28,239.28,
7/1/1983,239.15,239.15,239.15,239.15,
7/4/1983,239.45,239.45,239.45,239.45,
7/5/1983,240.7,240.7,240.7,240.7,
7/6/1983,239.5,239.5,239.5,239.5,
7/7/1983,240.85,240.85,240.85,240.85,
7/8/1983,241.35,241.35,241.35,241.35,
7/11/1983,241.65,241.65,241.65,241.65,
7/12/1983,240.65,240.65,240.65,240.65,
7/13/1983,239.8,239.8,239.8,239.8,
7/14/1983,240.1,240.1,240.1,240.1,
7/15/1983,241.25,241.25,241.25,241.25,
7/18/1983,240.8,240.8,240.8,240.8,
7/19/1983,240.8,240.8,240.8,240.8,
7/20/1983,239.3,239.3,239.3,239.3,
7/21/1983,239.6,239.6,239.6,239.6,
7/22/1983,240.25,240.25,240.25,240.25,
7/25/1983,240.55,240.55,240.55,240.55,
7/26/1983,240.6,240.6,240.6,240.6,
7/27/1983,240.87,240.87,240.87,240.87,
7/28/1983,240.8,240.8,240.8,240.8,
7/29/1983,241.75,241.75,241.75,241.75,
8/1/1983,243.7,243.7,243.7,243.7,
8/2/1983,243.15,243.15,243.15,243.15,
8/3/1983,243.25,243.25,243.25,243.25,
8/4/1983,243.6,243.6,243.6,243.6,
8/5/1983,243.9,243.9,243.9,243.9,
8/8/1983,244.25,244.25,244.25,244.25,
8/9/1983,243.98,243.98,243.98,243.98,
8/10/1983,245.8,245.8,245.8,245.8,
8/11/1983,246.35,246.35,246.35,246.35,
8/12/1983,247.05,247.05,247.05,247.05,
8/15/1983,246.9,246.9,246.9,246.9,
8/16/1983,243.15,243.15,243.15,243.15,
8/17/1983,243.6,243.6,243.6,243.6,
8/18/1983,242.98,242.98,242.98,242.98,
8/19/1983,244,244,244,244,
8/22/1983,243.1,243.1,243.1,243.1,
8/23/1983,243.25,243.25,243.25,243.25,
8/24/1983,242.9,242.9,242.9,242.9,
8/25/1983,243.2,243.2,243.2,243.2,
8/26/1983,245.65,245.65,245.65,245.65,
8/29/1983,246.15,246.15,246.15,246.15,
8/30/1983,246.25,246.25,246.25,246.25,
8/31/1983,246.45,246.45,246.45,246.45,
9/1/1983,246.5,246.5,246.5,246.5,
9/2/1983,246.8,246.8,246.8,246.8,
9/5/1983,246.9,246.9,246.9,246.9,
9/6/1983,245.85,245.85,245.85,245.85,
9/7/1983,245.7,245.7,245.7,245.7,
9/8/1983,244.6,244.6,244.6,244.6,
9/9/1983,244.55,244.55,244.55,244.55,
9/12/1983,243.42,243.42,243.42,243.42,
9/13/1983,244.2,244.2,244.2,244.2,
9/14/1983,245.3,245.3,245.3,245.3,
9/15/1983,244.65,244.65,244.65,244.65,
9/16/1983,243.55,243.55,243.55,243.55,
9/19/1983,241.7,241.7,241.7,241.7,
9/20/1983,242.5,242.5,242.5,242.5,
9/21/1983,242.25,242.25,242.25,242.25,
9/22/1983,242.8,242.8,242.8,242.8,
9/23/1983,239.6,239.6,239.6,239.6,
9/26/1983,238.05,238.05,238.05,238.05,
9/27/1983,237.9,237.9,237.9,237.9,
9/28/1983,236.9,236.9,236.9,236.9,
9/29/1983,236.8,236.8,236.8,236.8,
9/30/1983,235.65,235.65,235.65,235.65,
10/3/1983,234.15,234.15,234.15,234.15,
10/4/1983,234.1,234.1,234.1,234.1,
10/5/1983,232.9,232.9,232.9,232.9,
10/6/1983,232.4,232.4,232.4,232.4,
10/7/1983,230.85,230.85,230.85,230.85,
10/11/1983,232.05,232.05,232.05,232.05,
10/12/1983,234.28,234.28,234.28,234.28,
10/13/1983,233.15,233.15,233.15,233.15,
10/14/1983,232.8,232.8,232.8,232.8,
10/17/1983,232.95,232.95,232.95,232.95,
10/18/1983,232.3,232.3,232.3,232.3,
10/19/1983,232.65,232.65,232.65,232.65,
10/20/1983,232.5,232.5,232.5,232.5,
10/21/1983,232.38,232.38,232.38,232.38,
10/24/1983,233.5,233.5,233.5,233.5,
10/25/1983,232.45,232.45,232.45,232.45,
10/26/1983,232.95,232.95,232.95,232.95,
10/27/1983,232.6,232.6,232.6,232.6,
10/28/1983,232.7,232.7,232.7,232.7,
10/31/1983,234.05,234.05,234.05,234.05,
11/1/1983,234.77,234.77,234.77,234.77,
11/2/1983,234.45,234.45,234.45,234.45,
11/3/1983,234.35,234.35,234.35,234.35,
11/4/1983,236.65,236.65,236.65,236.65,
11/7/1983,237,237,237,237,
11/8/1983,237.4,237.4,237.4,237.4,
11/9/1983,235.4,235.4,235.4,235.4,
11/10/1983,234.45,234.45,234.45,234.45,
11/11/1983,235.25,235.25,235.25,235.25,
11/14/1983,234.65,234.65,234.65,234.65,
11/15/1983,234.45,234.45,234.45,234.45,
11/16/1983,235.4,235.4,235.4,235.4,
11/17/1983,236.25,236.25,236.25,236.25,
11/18/1983,235.9,235.9,235.9,235.9,
11/21/1983,235.2,235.2,235.2,235.2,
11/22/1983,234.5,234.5,234.5,234.5,
11/23/1983,235.05,235.05,235.05,235.05,
11/25/1983,235.1,235.1,235.1,235.1,
11/28/1983,234.85,234.85,234.85,234.85,
11/29/1983,234.6,234.6,234.6,234.6,
11/30/1983,232.5,232.5,232.5,232.5,
12/1/1983,232.53,232.53,232.53,232.53,
12/2/1983,233.4,233.4,233.4,233.4,
12/5/1983,235.2,235.2,235.2,235.2,
12/6/1983,234.2,234.2,234.2,234.2,
12/7/1983,234.05,234.05,234.05,234.05,
12/8/1983,234.03,234.03,234.03,234.03,
12/9/1983,236.9,236.9,236.9,236.9,
12/12/1983,236.65,236.65,236.65,236.65,
12/13/1983,236.25,236.25,236.25,236.25,
12/14/1983,235.08,235.08,235.08,235.08,
12/15/1983,234.9,234.9,234.9,234.9,
12/16/1983,235.5,235.5,235.5,235.5,
12/19/1983,236.1,236.1,236.1,236.1,
12/20/1983,234.8,234.8,234.8,234.8,
12/21/1983,234.7,234.7,234.7,234.7,
12/22/1983,234.05,234.05,234.05,234.05,
12/23/1983,233.9,233.9,233.9,233.9,
12/27/1983,233.8,233.8,233.8,233.8,
12/28/1983,233.4,233.4,233.4,233.4,
12/29/1983,232.2,232.2,232.2,232.2,
12/30/1983,231.7,231.7,231.7,231.7,
1/3/1984,232.45,232.45,232.45,232.45,
1/4/1984,233.42,233.42,233.42,233.42,
1/5/1984,232.7,232.7,232.7,232.7,
1/6/1984,232.7,232.7,232.7,232.7,
1/9/1984,233.3,233.3,233.3,233.3,
1/10/1984,233.45,233.45,233.45,233.45,
1/11/1984,234.45,234.45,234.45,234.45,
1/12/1984,234.87,234.87,234.87,234.87,
1/13/1984,233.4,233.4,233.4,233.4,
1/16/1984,233.3,233.3,233.3,233.3,
1/17/1984,234.28,234.28,234.28,234.28,
1/18/1984,233.6,233.6,233.6,233.6,
1/19/1984,233.35,233.35,233.35,233.35,
1/20/1984,234.5,234.5,234.5,234.5,
1/23/1984,233.85,233.85,233.85,233.85,
1/24/1984,234.35,234.35,234.35,234.35,
1/25/1984,234.2,234.2,234.2,234.2,
1/26/1984,234.1,234.1,234.1,234.1,
1/27/1984,234.28,234.28,234.28,234.28,
1/30/1984,234.58,234.58,234.58,234.58,
1/31/1984,234.67,234.67,234.67,234.67,
2/1/1984,234.25,234.25,234.25,234.25,
2/2/1984,233.6,233.6,233.6,233.6,
2/3/1984,232.7,232.7,232.7,232.7,
2/6/1984,233.1,233.1,233.1,233.1,
2/7/1984,234.5,234.5,234.5,234.5,
2/8/1984,234.15,234.15,234.15,234.15,
2/9/1984,233.88,233.88,233.88,233.88,
2/10/1984,234.6,234.6,234.6,234.6,
2/13/1984,233.2,233.2,233.2,233.2,
2/14/1984,233.95,233.95,233.95,233.95,
2/15/1984,233.2,233.2,233.2,233.2,
2/16/1984,232.85,232.85,232.85,232.85,
2/17/1984,233.2,233.2,233.2,233.2,
2/20/1984,234.1,234.1,234.1,234.1,
2/21/1984,234.1,234.1,234.1,234.1,
2/22/1984,233.2,233.2,233.2,233.2,
2/23/1984,233.6,233.6,233.6,233.6,
2/24/1984,233.2,233.2,233.2,233.2,
2/27/1984,233.3,233.3,233.3,233.3,
2/28/1984,233.52,233.52,233.52,233.52,
2/29/1984,233.43,233.43,233.43,233.43,
3/1/1984,233.43,233.43,233.43,233.43,
3/2/1984,228.2,228.2,228.2,228.2,
3/5/1984,223.35,223.35,223.35,223.35,
3/6/1984,223.35,223.35,223.35,223.35,
3/7/1984,223.25,223.25,223.25,223.25,
3/8/1984,224.55,224.55,224.55,224.55,
3/9/1984,224.8,224.8,224.8,224.8,
3/12/1984,224.83,224.83,224.83,224.83,
3/13/1984,223.15,223.15,223.15,223.15,
3/14/1984,223.7,223.7,223.7,223.7,
3/15/1984,224.1,224.1,224.1,224.1,
3/16/1984,225.85,225.85,225.85,225.85,
3/19/1984,225.8,225.8,225.8,225.8,
3/20/1984,226,226,226,226,
3/21/1984,226.8,226.8,226.8,226.8,
3/22/1984,226.45,226.45,226.45,226.45,
3/23/1984,225.63,225.63,225.63,225.63,
3/26/1984,224.67,224.67,224.67,224.67,
3/27/1984,224.45,224.45,224.45,224.45,
3/28/1984,224.7,224.7,224.7,224.7,
3/29/1984,224.05,224.05,224.05,224.05,
3/30/1984,224.75,224.75,224.75,224.75,
4/2/1984,224.65,224.65,224.65,224.65,
4/3/1984,225.1,225.1,225.1,225.1,
4/4/1984,225.35,225.35,225.35,225.35,
4/5/1984,225.6,225.6,225.6,225.6,
4/6/1984,225.35,225.35,225.35,225.35,
4/9/1984,225.5,225.5,225.5,225.5,
4/10/1984,225.18,225.18,225.18,225.18,
4/11/1984,222.7,222.7,222.7,222.7,
4/12/1984,224.1,224.1,224.1,224.1,
4/13/1984,224.7,224.7,224.7,224.7,
4/16/1984,225.42,225.42,225.42,225.42,
4/17/1984,225.05,225.05,225.05,225.05,
4/18/1984,224.8,224.8,224.8,224.8,
4/19/1984,225.1,225.1,225.1,225.1,
4/20/1984,225.1,225.1,225.1,225.1,
4/23/1984,224.75,224.75,224.75,224.75,
4/24/1984,225.85,225.85,225.85,225.85,
4/25/1984,225.6,225.6,225.6,225.6,
4/26/1984,225.75,225.75,225.75,225.75,
4/27/1984,226.55,226.55,226.55,226.55,
4/30/1984,227,227,227,227,
5/1/1984,226.95,226.95,226.95,226.95,
5/2/1984,227.05,227.05,227.05,227.05,
5/3/1984,226.4,226.4,226.4,226.4,
5/4/1984,226.85,226.85,226.85,226.85,
5/7/1984,229,229,229,229,
5/8/1984,229.15,229.15,229.15,229.15,
5/9/1984,228.87,228.87,228.87,228.87,
5/10/1984,229.2,229.2,229.2,229.2,
5/11/1984,230.3,230.3,230.3,230.3,
5/14/1984,231.2,231.2,231.2,231.2,
5/15/1984,231.75,231.75,231.75,231.75,
5/16/1984,231.1,231.1,231.1,231.1,
5/17/1984,232.33,232.33,232.33,232.33,
5/18/1984,233.35,233.35,233.35,233.35,
5/21/1984,233,233,233,233,
5/22/1984,233.25,233.25,233.25,233.25,
5/23/1984,232.37,232.37,232.37,232.37,
5/24/1984,231.83,231.83,231.83,231.83,
5/25/1984,231.7,231.7,231.7,231.7,
5/29/1984,231.8,231.8,231.8,231.8,
5/30/1984,231.48,231.48,231.48,231.48,
5/31/1984,231.58,231.58,231.58,231.58,
6/1/1984,230.1,230.1,230.1,230.1,
6/4/1984,229.7,229.7,229.7,229.7,
6/5/1984,230.45,230.45,230.45,230.45,
6/6/1984,230.5,230.5,230.5,230.5,
6/7/1984,231.35,231.35,231.35,231.35,
6/8/1984,231.72,231.72,231.72,231.72,
6/11/1984,231.93,231.93,231.93,231.93,
6/12/1984,232.65,232.65,232.65,232.65,
6/13/1984,232.4,232.4,232.4,232.4,
6/14/1984,231.65,231.65,231.65,231.65,
6/15/1984,233,233,233,233,
6/18/1984,233.45,233.45,233.45,233.45,
6/19/1984,232.95,232.95,232.95,232.95,
6/20/1984,234.55,234.55,234.55,234.55,
6/21/1984,234.85,234.85,234.85,234.85,
6/22/1984,235.95,235.95,235.95,235.95,
6/25/1984,237.95,237.95,237.95,237.95,
6/26/1984,237.95,237.95,237.95,237.95,
6/27/1984,238,238,238,238,
6/28/1984,237.3,237.3,237.3,237.3,
6/29/1984,237.3,237.3,237.3,237.3,
7/2/1984,238.5,238.5,238.5,238.5,
7/3/1984,239.63,239.63,239.63,239.63,
7/4/1984,240.55,240.55,240.55,240.55,
7/5/1984,240.35,240.35,240.35,240.35,
7/6/1984,241.25,241.25,241.25,241.25,
7/9/1984,242.63,242.63,242.63,242.63,
7/10/1984,241.45,241.45,241.45,241.45,
7/11/1984,242.1,242.1,242.1,242.1,
7/12/1984,242.68,242.68,242.68,242.68,
7/13/1984,241.45,241.45,241.45,241.45,
7/16/1984,240.7,240.7,240.7,240.7,
7/17/1984,242.35,242.35,242.35,242.35,
7/18/1984,243.85,243.85,243.85,243.85,
7/19/1984,243.12,243.12,243.12,243.12,
7/20/1984,245.2,245.2,245.2,245.2,
7/23/1984,246.95,246.95,246.95,246.95,
7/24/1984,246.18,246.18,246.18,246.18,
7/25/1984,245.6,245.6,245.6,245.6,
7/26/1984,243.65,243.65,243.65,243.65,
7/27/1984,245.4,245.4,245.4,245.4,
7/30/1984,246.05,246.05,246.05,246.05,
7/31/1984,245.3,245.3,245.3,245.3,
8/1/1984,245.75,245.75,245.75,245.75,
8/2/1984,245.42,245.42,245.42,245.42,
8/3/1984,241.8,241.8,241.8,241.8,
8/6/1984,243.15,243.15,243.15,243.15,
8/7/1984,244.5,244.5,244.5,244.5,
8/8/1984,243.1,243.1,243.1,243.1,
8/9/1984,243.35,243.35,243.35,243.35,
8/10/1984,242.5,242.5,242.5,242.5,
8/13/1984,244.08,244.08,244.08,244.08,
8/14/1984,241.7,241.7,241.7,241.7,
8/15/1984,241.9,241.9,241.9,241.9,
8/16/1984,240.8,240.8,240.8,240.8,
8/17/1984,241.1,241.1,241.1,241.1,
8/20/1984,241.05,241.05,241.05,241.05,
8/21/1984,242.15,242.15,242.15,242.15,
8/22/1984,241.3,241.3,241.3,241.3,
8/23/1984,240.6,240.6,240.6,240.6,
8/24/1984,241.2,241.2,241.2,241.2,
8/27/1984,241.6,241.6,241.6,241.6,
8/28/1984,241.2,241.2,241.2,241.2,
8/29/1984,240.6,240.6,240.6,240.6,
8/30/1984,241.25,241.25,241.25,241.25,
8/31/1984,241.9,241.9,241.9,241.9,
9/4/1984,243.75,243.75,243.75,243.75,
9/5/1984,244.7,244.7,244.7,244.7,
9/6/1984,244.1,244.1,244.1,244.1,
9/7/1984,245.8,245.8,245.8,245.8,
9/10/1984,245.6,245.6,245.6,245.6,
9/11/1984,245.55,245.55,245.55,245.55,
9/12/1984,244.95,244.95,244.95,244.95,
9/13/1984,245.8,245.8,245.8,245.8,
9/14/1984,245.65,245.65,245.65,245.65,
9/17/1984,247.2,247.2,247.2,247.2,
9/18/1984,246.18,246.18,246.18,246.18,
9/19/1984,245.75,245.75,245.75,245.75,
9/20/1984,246.9,246.9,246.9,246.9,
9/21/1984,244.4,244.4,244.4,244.4,
9/24/1984,244.2,244.2,244.2,244.2,
9/25/1984,246,246,246,246,
9/26/1984,245.15,245.15,245.15,245.15,
9/27/1984,245.1,245.1,245.1,245.1,
9/28/1984,246.9,246.9,246.9,246.9,
10/1/1984,246.4,246.4,246.4,246.4,
10/2/1984,246,246,246,246,
10/3/1984,245.75,245.75,245.75,245.75,
10/4/1984,246.2,246.2,246.2,246.2,
10/5/1984,246.95,246.95,246.95,246.95,
10/8/1984,247.5,247.5,247.5,247.5,
10/9/1984,247.6,247.6,247.6,247.6,
10/10/1984,247.05,247.05,247.05,247.05,
10/11/1984,248,248,248,248,
10/12/1984,248.1,248.1,248.1,248.1,
10/15/1984,248.8,248.8,248.8,248.8,
10/16/1984,248.98,248.98,248.98,248.98,
10/17/1984,249.1,249.1,249.1,249.1,
10/18/1984,248.9,248.9,248.9,248.9,
10/19/1984,247.25,247.25,247.25,247.25,
10/22/1984,247.3,247.3,247.3,247.3,
10/23/1984,244.6,244.6,244.6,244.6,
10/24/1984,244.12,244.12,244.12,244.12,
10/25/1984,244.05,244.05,244.05,244.05,
10/26/1984,245.5,245.5,245.5,245.5,
10/29/1984,246.65,246.65,246.65,246.65,
10/30/1984,245.6,245.6,245.6,245.6,
10/31/1984,245.7,245.7,245.7,245.7,
11/1/1984,244.3,244.3,244.3,244.3,
11/2/1984,242,242,242,242,
11/5/1984,242.05,242.05,242.05,242.05,
11/7/1984,240.8,240.8,240.8,240.8,
11/8/1984,240.95,240.95,240.95,240.95,
11/9/1984,241,241,241,241,
11/12/1984,240.25,240.25,240.25,240.25,
11/13/1984,240.45,240.45,240.45,240.45,
11/14/1984,242.45,242.45,242.45,242.45,
11/15/1984,242.5,242.5,242.5,242.5,
11/16/1984,242.8,242.8,242.8,242.8,
11/19/1984,243.65,243.65,243.65,243.65,
11/20/1984,244.8,244.8,244.8,244.8,
11/21/1984,245.53,245.53,245.53,245.53,
11/23/1984,245.4,245.4,245.4,245.4,
11/26/1984,246.15,246.15,246.15,246.15,
11/27/1984,245.4,245.4,245.4,245.4,
11/28/1984,245.45,245.45,245.45,245.45,
11/29/1984,245.8,245.8,245.8,245.8,
11/30/1984,247.5,247.5,247.5,247.5,
12/3/1984,248.2,248.2,248.2,248.2,
12/4/1984,246.45,246.45,246.45,246.45,
12/5/1984,246.8,246.8,246.8,246.8,
12/6/1984,246.55,246.55,246.55,246.55,
12/7/1984,247.4,247.4,247.4,247.4,
12/10/1984,246.82,246.82,246.82,246.82,
12/11/1984,247,247,247,247,
12/12/1984,247.25,247.25,247.25,247.25,
12/13/1984,247.55,247.55,247.55,247.55,
12/14/1984,247.75,247.75,247.75,247.75,
12/17/1984,247.55,247.55,247.55,247.55,
12/18/1984,246.75,246.75,246.75,246.75,
12/19/1984,247.76,247.76,247.76,247.76,
12/20/1984,248.1,248.1,248.1,248.1,
12/21/1984,247.95,247.95,247.95,247.95,
12/24/1984,248.1,248.1,248.1,248.1,
12/26/1984,249.05,249.05,249.05,249.05,
12/27/1984,250.2,250.2,250.2,250.2,
12/28/1984,250.45,250.45,250.45,250.45,
12/31/1984,251.6,251.6,251.6,251.6,
1/2/1985,251.8,251.8,251.8,251.8,
1/3/1985,252.45,252.45,252.45,252.45,
1/4/1985,253.2,253.2,253.2,253.2,
1/7/1985,255.95,255.95,255.95,255.95,
1/8/1985,253.75,253.75,253.75,253.75,
1/9/1985,255.1,255.1,255.1,255.1,
1/10/1985,253.7,253.7,253.7,253.7,
1/11/1985,253.83,253.83,253.83,253.83,
1/14/1985,255.4,255.4,255.4,255.4,
1/15/1985,254.7,254.7,254.7,254.7,
1/16/1985,254.95,254.95,254.95,254.95,
1/17/1985,254.55,254.55,254.55,254.55,
1/18/1985,254.58,254.58,254.58,254.58,
1/22/1985,254,254,254,254,
1/23/1985,254.4,254.4,254.4,254.4,
1/24/1985,253.7,253.7,253.7,253.7,
1/25/1985,253.95,253.95,253.95,253.95,
1/28/1985,254.18,254.18,254.18,254.18,
1/29/1985,254.35,254.35,254.35,254.35,
1/30/1985,254.5,254.5,254.5,254.5,
1/31/1985,254.8,254.8,254.8,254.8,
2/1/1985,256.75,256.75,256.75,256.75,
2/4/1985,259.42,259.42,259.42,259.42,
2/5/1985,259.7,259.7,259.7,259.7,
2/6/1985,259.53,259.53,259.53,259.53,
2/7/1985,260.65,260.65,260.65,260.65,
2/8/1985,260.7,260.7,260.7,260.7,
2/11/1985,261.65,261.65,261.65,261.65,
2/12/1985,262.6,262.6,262.6,262.6,
2/13/1985,262.8,262.8,262.8,262.8,
2/14/1985,260.5,260.5,260.5,260.5,
2/15/1985,257.85,257.85,257.85,257.85,
2/18/1985,255.5,255.5,255.5,255.5,
2/19/1985,260.7,260.7,260.7,260.7,
2/20/1985,261.3,261.3,261.3,261.3,
2/21/1985,261.8,261.8,261.8,261.8,
2/22/1985,262.8,262.8,262.8,262.8,
2/25/1985,262.65,262.65,262.65,262.65,
2/26/1985,261.05,261.05,261.05,261.05,
2/27/1985,259.3,259.3,259.3,259.3,
2/28/1985,259.45,259.45,259.45,259.45,
3/1/1985,260.35,260.35,260.35,260.35,
3/4/1985,260.1,260.1,260.1,260.1,
3/5/1985,261,261,261,261,
3/6/1985,261.2,261.2,261.2,261.2,
3/7/1985,261,261,261,261,
3/8/1985,261.63,261.63,261.63,261.63,
3/11/1985,259.25,259.25,259.25,259.25,
3/12/1985,260.1,260.1,260.1,260.1,
3/13/1985,260.25,260.25,260.25,260.25,
3/14/1985,260.55,260.55,260.55,260.55,
3/15/1985,260.55,260.55,260.55,260.55,
3/18/1985,259.9,259.9,259.9,259.9,
3/19/1985,256.3,256.3,256.3,256.3,
3/20/1985,256.4,256.4,256.4,256.4,
3/21/1985,254.1,254.1,254.1,254.1,
3/22/1985,255.65,255.65,255.65,255.65,
3/25/1985,256.65,256.65,256.65,256.65,
3/26/1985,255.4,255.4,255.4,255.4,
3/27/1985,251.95,251.95,251.95,251.95,
3/28/1985,253,253,253,253,
3/29/1985,251,251,251,251,
4/1/1985,252.45,252.45,252.45,252.45,
4/2/1985,254.3,254.3,254.3,254.3,
4/3/1985,253.15,253.15,253.15,253.15,
4/4/1985,254.5,254.5,254.5,254.5,
4/5/1985,254.85,254.85,254.85,254.85,
4/8/1985,255.5,255.5,255.5,255.5,
4/9/1985,254.9,254.9,254.9,254.9,
4/10/1985,254.25,254.25,254.25,254.25,
4/11/1985,251.7,251.7,251.7,251.7,
4/12/1985,251.35,251.35,251.35,251.35,
4/15/1985,249.95,249.95,249.95,249.95,
4/16/1985,249.55,249.55,249.55,249.55,
4/17/1985,249.55,249.55,249.55,249.55,
4/18/1985,247.6,247.6,247.6,247.6,
4/19/1985,247.4,247.4,247.4,247.4,
4/22/1985,248.8,248.8,248.8,248.8,
4/23/1985,250,250,250,250,
4/24/1985,251.3,251.3,251.3,251.3,
4/25/1985,252.35,252.35,252.35,252.35,
4/26/1985,252.95,252.95,252.95,252.95,
4/29/1985,252.7,252.7,252.7,252.7,
4/30/1985,251.5,251.5,251.5,251.5,
5/1/1985,252.75,252.75,252.75,252.75,
5/2/1985,252.95,252.95,252.95,252.95,
5/3/1985,253.85,253.85,253.85,253.85,
5/6/1985,254.55,254.55,254.55,254.55,
5/7/1985,252.9,252.9,252.9,252.9,
5/8/1985,253.25,253.25,253.25,253.25,
5/9/1985,251.55,251.55,251.55,251.55,
5/10/1985,252.4,252.4,252.4,252.4,
5/13/1985,251.35,251.35,251.35,251.35,
5/14/1985,249.6,249.6,249.6,249.6,
5/15/1985,251,251,251,251,
5/16/1985,251.5,251.5,251.5,251.5,
5/17/1985,250.7,250.7,250.7,250.7,
5/20/1985,249.65,249.65,249.65,249.65,
5/21/1985,250.25,250.25,250.25,250.25,
5/22/1985,250.75,250.75,250.75,250.75,
5/23/1985,251.3,251.3,251.3,251.3,
5/24/1985,251.1,251.1,251.1,251.1,
5/28/1985,251.6,251.6,251.6,251.6,
5/29/1985,251.75,251.75,251.75,251.75,
5/30/1985,251.6,251.6,251.6,251.6,
5/31/1985,251.2,251.2,251.2,251.2,
6/3/1985,248.6,248.6,248.6,248.6,
6/4/1985,249.1,249.1,249.1,249.1,
6/5/1985,249.45,249.45,249.45,249.45,
6/6/1985,247.7,247.7,247.7,247.7,
6/7/1985,249.55,249.55,249.55,249.55,
6/10/1985,250.5,250.5,250.5,250.5,
6/11/1985,249.9,249.9,249.9,249.9,
6/12/1985,249.85,249.85,249.85,249.85,
6/13/1985,249.8,249.8,249.8,249.8,
6/14/1985,248.75,248.75,248.75,248.75,
6/17/1985,248.7,248.7,248.7,248.7,
6/18/1985,247.55,247.55,247.55,247.55,
6/19/1985,247.7,247.7,247.7,247.7,
6/20/1985,248.35,248.35,248.35,248.35,
6/21/1985,248.15,248.15,248.15,248.15,
6/24/1985,248.8,248.8,248.8,248.8,
6/25/1985,249,249,249,249,
6/26/1985,248.45,248.45,248.45,248.45,
6/27/1985,249,249,249,249,
6/28/1985,248.4,248.4,248.4,248.4,
7/1/1985,247.95,247.95,247.95,247.95,
7/2/1985,248.35,248.35,248.35,248.35,
7/3/1985,248.05,248.05,248.05,248.05,
7/4/1985,248.8,248.8,248.8,248.8,
7/5/1985,247,247,247,247,
7/8/1985,246.05,246.05,246.05,246.05,
7/9/1985,244.25,244.25,244.25,244.25,
7/10/1985,243.45,243.45,243.45,243.45,
7/11/1985,243,243,243,243,
7/12/1985,240.95,240.95,240.95,240.95,
7/15/1985,237.65,237.65,237.65,237.65,
7/16/1985,237.9,237.9,237.9,237.9,
7/17/1985,236.5,236.5,236.5,236.5,
7/18/1985,238.2,238.2,238.2,238.2,
7/19/1985,238.75,238.75,238.75,238.75,
7/22/1985,240.05,240.05,240.05,240.05,
7/23/1985,238,238,238,238,
7/24/1985,239.75,239.75,239.75,239.75,
7/25/1985,238.9,238.9,238.9,238.9,
7/26/1985,239.25,239.25,239.25,239.25,
7/29/1985,237.15,237.15,237.15,237.15,
7/30/1985,237.4,237.4,237.4,237.4,
7/31/1985,236.45,236.45,236.45,236.45,
8/1/1985,237.65,237.65,237.65,237.65,
8/2/1985,237.45,237.45,237.45,237.45,
8/5/1985,237.5,237.5,237.5,237.5,
8/6/1985,238.45,238.45,238.45,238.45,
8/7/1985,238.4,238.4,238.4,238.4,
8/8/1985,238.5,238.5,238.5,238.5,
8/9/1985,238.55,238.55,238.55,238.55,
8/12/1985,237.3,237.3,237.3,237.3,
8/13/1985,237.35,237.35,237.35,237.35,
8/14/1985,238,238,238,238,
8/15/1985,237.15,237.15,237.15,237.15,
8/16/1985,236.85,236.85,236.85,236.85,
8/19/1985,236.85,236.85,236.85,236.85,
8/20/1985,237.4,237.4,237.4,237.4,
8/21/1985,237,237,237,237,
8/22/1985,235.85,235.85,235.85,235.85,
8/23/1985,236.5,236.5,236.5,236.5,
8/26/1985,236.89,236.89,236.89,236.89,
8/27/1985,237.38,237.38,237.38,237.38,
8/28/1985,237,237,237,237,
8/29/1985,237.12,237.12,237.12,237.12,
8/30/1985,239,239,239,239,
9/3/1985,239.5,239.5,239.5,239.5,
9/4/1985,239.6,239.6,239.6,239.6,
9/5/1985,239.95,239.95,239.95,239.95,
9/6/1985,243.6,243.6,243.6,243.6,
9/9/1985,243.45,243.45,243.45,243.45,
9/10/1985,242.75,242.75,242.75,242.75,
9/11/1985,243.55,243.55,243.55,243.55,
9/12/1985,243.2,243.2,243.2,243.2,
9/13/1985,242,242,242,242,
9/16/1985,241.35,241.35,241.35,241.35,
9/17/1985,241.7,241.7,241.7,241.7,
9/18/1985,242.25,242.25,242.25,242.25,
9/19/1985,242.05,242.05,242.05,242.05,
9/20/1985,240.1,240.1,240.1,240.1,
9/23/1985,231.9,231.9,231.9,231.9,
9/24/1985,229.8,229.8,229.8,229.8,
9/25/1985,226.9,226.9,226.9,226.9,
9/26/1985,220.3,220.3,220.3,220.3,
9/27/1985,220.1,220.1,220.1,220.1,
9/30/1985,216.5,216.5,216.5,216.5,
10/1/1985,215,215,215,215,
10/2/1985,214.1,214.1,214.1,214.1,
10/3/1985,212.79,212.79,212.79,212.79,
10/4/1985,213.45,213.45,213.45,213.45,
10/7/1985,215.45,215.45,215.45,215.45,
10/8/1985,216,216,216,216,
10/9/1985,214.8,214.8,214.8,214.8,
10/10/1985,215.4,215.4,215.4,215.4,
10/11/1985,214.65,214.65,214.65,214.65,
10/15/1985,215.45,215.45,215.45,215.45,
10/16/1985,217.3,217.3,217.3,217.3,
10/17/1985,215.15,215.15,215.15,215.15,
10/18/1985,215.15,215.15,215.15,215.15,
10/21/1985,215.7,215.7,215.7,215.7,
10/22/1985,216.1,216.1,216.1,216.1,
10/23/1985,215.9,215.9,215.9,215.9,
10/24/1985,216.7,216.7,216.7,216.7,
10/25/1985,214.9,214.9,214.9,214.9,
10/28/1985,213.5,213.5,213.5,213.5,
10/29/1985,212.43,212.43,212.43,212.43,
10/30/1985,211.5,211.5,211.5,211.5,
10/31/1985,211.55,211.55,211.55,211.55,
11/1/1985,209,209,209,209,
11/4/1985,207.9,207.9,207.9,207.9,
11/5/1985,208,208,208,208,
11/6/1985,205.25,205.25,205.25,205.25,
11/7/1985,205.6,205.6,205.6,205.6,
11/8/1985,205.85,205.85,205.85,205.85,
11/11/1985,204.15,204.15,204.15,204.15,
11/12/1985,205.86,205.86,205.86,205.86,
11/13/1985,204,204,204,204,
11/14/1985,203.57,203.57,203.57,203.57,
11/15/1985,204.3,204.3,204.3,204.3,
11/18/1985,203.45,203.45,203.45,203.45,
11/19/1985,203,203,203,203,
11/20/1985,203.45,203.45,203.45,203.45,
11/21/1985,202.1,202.1,202.1,202.1,
11/22/1985,201.35,201.35,201.35,201.35,
11/25/1985,200.8,200.8,200.8,200.8,
11/26/1985,201,201,201,201,
11/27/1985,201.05,201.05,201.05,201.05,
11/28/1985,202.05,202.05,202.05,202.05,
11/29/1985,202.1,202.1,202.1,202.1,
12/2/1985,204.03,204.03,204.03,204.03,
12/3/1985,204.75,204.75,204.75,204.75,
12/4/1985,202.65,202.65,202.65,202.65,
12/5/1985,203,203,203,203,
12/6/1985,203.4,203.4,203.4,203.4,
12/9/1985,203.5,203.5,203.5,203.5,
12/10/1985,203.6,203.6,203.6,203.6,
12/11/1985,203.9,203.9,203.9,203.9,
12/12/1985,202.05,202.05,202.05,202.05,
12/13/1985,202.8,202.8,202.8,202.8,
12/16/1985,202.6,202.6,202.6,202.6,
12/17/1985,201.95,201.95,201.95,201.95,
12/18/1985,203.15,203.15,203.15,203.15,
12/19/1985,202.97,202.97,202.97,202.97,
12/20/1985,202.7,202.7,202.7,202.7,
12/23/1985,202.45,202.45,202.45,202.45,
12/24/1985,202.75,202.75,202.75,202.75,
12/26/1985,202.8,202.8,202.8,202.8,
12/27/1985,202.2,202.2,202.2,202.2,
12/30/1985,201.05,201.05,201.05,201.05,
12/31/1985,200.25,200.25,200.25,200.25,
1/2/1986,199.15,199.55,198.69,199.15,
1/3/1986,202.53,202.77,199,202.53,
1/6/1986,201.9,202.68,201.6,201.9,
1/7/1986,201.7,201.7,200.98,201.7,
1/8/1986,202.1,202.1,201.2,202.1,
1/9/1986,202.1,202.64,201.56,202.1,
1/10/1986,202.01,202.28,201.56,202.01,
1/13/1986,202.7,203.27,202.37,202.7,
1/14/1986,202.6,202.91,202.51,202.6,
1/15/1986,202.5,202.73,202.15,202.5,
1/16/1986,202.55,202.55,202.55,202.55,
1/17/1986,202.52,202.73,201.88,202.52,
1/20/1986,202.32,202.86,202.24,202.32,
1/21/1986,202.35,202.6,201.92,202.35,
1/22/1986,201.7,202.41,201.07,201.7,
1/23/1986,202.05,202.19,201.52,202.05,
1/24/1986,196.05,199.59,195.68,196.05,
1/27/1986,195.75,196.4,195.46,195.75,
1/28/1986,195.65,196.18,194.97,195.65,
1/29/1986,194.1,194.21,193,194.1,
1/30/1986,193.05,194.21,192.73,193.05,
1/31/1986,192.3,193.09,192.19,192.3,
2/3/1986,191.55,191.61,190.17,191.55,
2/4/1986,192.05,192.41,191.07,192.05,
2/5/1986,190.65,192.91,190.4,190.65,
2/6/1986,190.48,191.16,189.72,190.48,
2/7/1986,191.35,191.35,190.26,191.35,
2/10/1986,188.15,189.81,187.7,188.15,
2/11/1986,187.45,188.29,186.98,187.45,
2/12/1986,186.72,186.76,185.46,186.72,
2/13/1986,182.64,184.47,182.36,182.64,
2/14/1986,182,182.81,181.56,182,
2/17/1986,179.99,180.98,179.85,179.99,
2/18/1986,181.05,182.54,180.93,181.05,
2/19/1986,177.48,179.09,177.16,177.48,
2/20/1986,181.1,181.42,178.46,181.1,
2/21/1986,182.98,184.38,182.14,182.98,
2/24/1986,182.15,183.08,181.47,182.15,
2/25/1986,180.95,181.96,180.35,180.95,
2/26/1986,181.15,182.01,180.98,181.15,
2/27/1986,180.15,181.33,177.79,180.15,
2/28/1986,180.55,180.57,179.36,180.55,
3/3/1986,179.65,180.21,179.5,179.65,
3/4/1986,179,179.4,178.46,179,
3/5/1986,180.48,180.66,178.81,180.48,
3/6/1986,179.3,181.29,179.3,179.3,
3/7/1986,179.45,179.94,178.96,179.45,
3/10/1986,180.7,180.8,179.22,180.7,
3/11/1986,179.9,180.35,179.63,179.9,
3/12/1986,180.39,180.44,179.36,180.39,
3/13/1986,179.5,180.26,179.14,179.5,
3/14/1986,176.67,177.61,175.82,176.67,
3/17/1986,175.59,175.77,174.96,175.59,
3/18/1986,175.19,175.55,174.74,175.19,
3/19/1986,177.07,177.3,176.09,177.07,
3/20/1986,176.13,176.71,175.86,176.13,
3/21/1986,175.86,176.44,175.68,175.86,
3/24/1986,178.73,179.09,177.07,178.73,
3/25/1986,180.03,180.35,179.32,180.03,
3/26/1986,179.63,180.88,179.58,179.63,
3/27/1986,179.54,179.94,179.18,179.54,
3/28/1986,168.4,168.64,167.5,168.4,
3/31/1986,170.52,170.52,168.94,170.52,
4/1/1986,177.75,178.86,177.52,177.75,
4/2/1986,179.22,179.58,178.28,179.22,
4/3/1986,179.4,180.12,179.14,179.4,
4/4/1986,180.21,180.7,179.5,180.21,
4/7/1986,182.9,183.17,180.62,182.9,
4/8/1986,179.99,181.51,179.36,179.99,
4/9/1986,179.9,180.39,179.5,179.9,
4/10/1986,179.14,180.12,178.96,179.14,
4/11/1986,178.1,178.51,177.52,178.1,
4/14/1986,179.09,179.72,178.06,179.09,
4/15/1986,178.46,179.32,177.97,178.46,
4/16/1986,176.58,177.92,176.18,176.58,
4/17/1986,175.59,176.18,175.05,175.59,
4/18/1986,174.16,176,173.93,174.16,
4/21/1986,171.96,172.36,171.29,171.96,
4/22/1986,169.72,170.39,169.09,169.72,
4/23/1986,168.01,168.37,166.98,168.01,
4/24/1986,168.64,169.04,167.7,168.64,
4/25/1986,168.51,170.3,168.06,168.51,
4/28/1986,167.03,167.88,166.53,167.03,
4/29/1986,167.54,167.89,166.98,167.54,
4/30/1986,167.54,168.59,167.42,167.54,
5/1/1986,169.44,169.67,168.68,169.44,
5/2/1986,169.32,170.78,169.15,169.32,
5/5/1986,165.23,167.74,164.88,165.23,
5/6/1986,166.34,168.12,164.85,166.34,
5/7/1986,165.29,166.4,164.99,165.29,
5/8/1986,163.47,164.64,163.09,163.47,
5/9/1986,162.19,163.18,161.63,162.19,
5/12/1986,161.05,161.49,160,161.05,
5/13/1986,163.27,163.59,160.73,163.27,
5/14/1986,163.24,164.03,162.83,163.24,
5/15/1986,163.47,163.59,162.48,163.47,
5/16/1986,165.29,165.73,164.7,165.29,
5/19/1986,167.83,168.68,167.54,167.83,
5/20/1986,168.39,168.47,166.4,168.39,
5/21/1986,168.62,169.44,168.33,168.62,
5/22/1986,169.29,169.99,168.73,169.29,
5/23/1986,169.49,170.69,168.88,169.49,
5/26/1986,169.58,169.73,169.38,169.58,
5/27/1986,169.17,170.02,169.03,169.17,
5/28/1986,168.97,169.09,167.97,168.97,
5/29/1986,170.99,170.99,169.49,170.99,
5/30/1986,174.17,174.49,171.98,174.17,
6/2/1986,178.57,179.21,178.27,178.57,
6/3/1986,171.69,172.62,170.99,171.69,
6/4/1986,171.34,171.63,170.2,171.34,
6/5/1986,169.09,170.84,168.88,169.09,
6/6/1986,167.27,168.68,167.19,167.27,
6/9/1986,167.71,168.31,167.19,167.71,
6/10/1986,166.57,168.39,166.43,166.57,
6/11/1986,166.05,166.78,165.64,166.05,
6/12/1986,165.84,166.57,165.35,165.84,
6/13/1986,165.23,166.4,165.08,165.23,
6/16/1986,165.49,165.58,164.99,165.49,
6/17/1986,167.42,167.54,166.19,167.42,
6/18/1986,167.77,167.97,166.19,167.77,
6/19/1986,166.83,167.25,166.31,166.83,
6/20/1986,167.48,167.83,167.19,167.48,
6/23/1986,168.09,169.29,167.83,168.09,
6/24/1986,166.89,167.13,166.05,166.89,
6/25/1986,165.7,166.49,165.52,165.7,
6/26/1986,165.99,166.34,165.84,165.99,
6/27/1986,165.37,165.99,165.02,165.37,
6/30/1986,163.47,164.29,163.39,163.47,
7/1/1986,162.63,163.74,162.25,162.63,
7/2/1986,163.04,163.97,162.95,163.04,
7/3/1986,161.37,162.07,160.99,161.37,
7/4/1986,160.49,160.99,160.24,160.49,
7/7/1986,160.58,160.73,159.03,160.58,
7/8/1986,160.7,161.19,159.03,160.7,
7/9/1986,160.99,161.9,159.5,160.99,
7/10/1986,160.17,160.73,160,160.17,
7/11/1986,161.28,161.28,160.49,161.28,
7/14/1986,160.29,161.49,160.14,160.29,
7/15/1986,159.32,160.23,158.97,159.32,
7/16/1986,158.45,158.8,157.98,158.45,
7/17/1986,157.19,157.39,156.72,157.19,
7/18/1986,156.34,157.77,156.28,156.34,
7/21/1986,154.94,155.79,154.73,154.94,
7/22/1986,156.28,156.9,154.82,156.28,
7/23/1986,157.48,158.45,155.73,157.48,
7/24/1986,156.63,156.99,155.99,156.63,
7/25/1986,158.18,158.48,156.78,158.18,
7/28/1986,156.28,157.77,155.85,156.28,
7/29/1986,155.52,156.34,155.44,155.52,
7/30/1986,155.7,156.28,155.41,155.7,
7/31/1986,153.8,154.38,153.45,153.8,
8/1/1986,153.89,154.15,153.13,153.89,
8/4/1986,155,155.32,154.15,155,
8/5/1986,153.84,153.84,153.84,153.84,
8/6/1986,154.24,154.73,153.97,154.24,
8/7/1986,153.68,153.97,153.39,153.68,
8/8/1986,153.97,154.18,153.59,153.97,
8/11/1986,153.62,153.89,153.42,153.62,
8/12/1986,154.65,154.79,153.8,154.65,
8/13/1986,154.18,154.47,153.89,154.18,
8/14/1986,153.68,154.09,153.48,153.68,
8/15/1986,153.83,154.33,153.54,153.83,
8/18/1986,153.97,154.38,153.62,153.97,
8/19/1986,153.33,154.73,153.21,153.33,
8/20/1986,153.27,153.45,152.69,153.27,
8/21/1986,153.18,153.68,152.89,153.18,
8/22/1986,153.27,153.68,152.78,153.27,
8/25/1986,153.68,153.83,153.54,153.68,
8/26/1986,154.79,154.88,153.83,154.79,
8/27/1986,154.65,155.29,154.47,154.65,
8/28/1986,155.93,156.34,154.53,155.93,
8/29/1986,154.47,156.28,154.15,154.47,
9/1/1986,153.59,154,153.59,153.59,
9/2/1986,154.23,154.34,153.74,154.23,
9/3/1986,154.49,155.49,154.24,154.49,
9/4/1986,154.89,155.15,154.14,154.89,
9/5/1986,155.09,155.64,154.6,155.09,
9/8/1986,155.95,156.24,155.2,155.95,
9/9/1986,155.65,156,155.49,155.65,
9/10/1986,154.6,155.56,154.14,154.6,
9/11/1986,156.19,156.34,155.04,156.19,
9/12/1986,155.35,157.2,154.79,155.35,
9/15/1986,154.85,155.09,154.35,154.85,
9/16/1986,156.16,156.29,155.56,156.16,
9/17/1986,154.65,155.86,154.51,154.65,
9/18/1986,153.3,154.45,153.24,153.3,
9/19/1986,152.06,153.6,151.55,152.06,
9/22/1986,153.3,154.01,152.9,153.3,
9/23/1986,154.28,154.68,153.27,154.28,
9/24/1986,154.35,154.65,153.47,154.35,
9/25/1986,154.45,154.78,153.94,154.45,
9/26/1986,154.01,154.41,153.74,154.01,
9/29/1986,153.5,153.91,153.27,153.5,
9/30/1986,154.01,154.35,153.2,154.01,
10/1/1986,154.11,154.51,153.87,154.11,
10/2/1986,153.57,154.41,153.54,153.57,
10/3/1986,153.6,154.21,153.3,153.6,
10/6/1986,153.87,154.31,153.6,153.87,
10/7/1986,153.87,154.28,153.1,153.87,
10/8/1986,154.01,154.11,153.87,154.01,
10/9/1986,154.65,154.68,153.54,154.65,
10/10/1986,154.11,155.05,153.91,154.11,
10/13/1986,154.01,154.51,153.74,154.01,
10/14/1986,153.74,154.45,153.6,153.74,
10/15/1986,153.91,154.35,153.57,153.91,
10/16/1986,153.91,154.11,153.74,153.91,
10/17/1986,154.01,154.21,153.74,154.01,
10/20/1986,154.51,154.78,154.01,154.51,
10/21/1986,154.95,155.32,154.45,154.95,
10/22/1986,155.39,155.46,154.78,155.39,
10/23/1986,157.88,158.01,155.89,157.88,
10/24/1986,161,161.64,159.83,161,
10/27/1986,160.3,160.94,159.49,160.3,
10/28/1986,159.66,160.16,158.48,159.66,
10/29/1986,160.2,160.67,159.09,160.2,
10/30/1986,161.58,161.81,159.32,161.58,
10/31/1986,163.29,164.03,160.94,163.29,
11/3/1986,163.7,164.27,163.29,163.7,
11/4/1986,163.66,164.07,163.26,163.66,
11/5/1986,164.33,164.74,162.59,164.33,
11/6/1986,163.06,163.83,162.55,163.06,
11/7/1986,162.82,163.73,162.48,162.82,
11/10/1986,162.42,162.62,162.01,162.42,
11/11/1986,161.81,162.42,161.74,161.81,
11/12/1986,160.43,161.51,160.2,160.43,
11/13/1986,160.84,161.81,160.2,160.84,
11/14/1986,161.44,161.91,161.04,161.44,
11/17/1986,162.69,162.89,161.81,162.69,
11/18/1986,162.42,162.96,162.42,162.42,
11/19/1986,162.11,163.22,161.98,162.11,
11/20/1986,162.38,162.42,162.08,162.38,
11/21/1986,163.56,163.73,162.75,163.56,
11/24/1986,163.83,164.3,163.46,163.83,
11/25/1986,162.11,163.83,161.88,162.11,
11/26/1986,162.42,163.26,161.78,162.42,
11/27/1986,162.35,162.55,161.78,162.35,
11/28/1986,161.48,161.78,161.24,161.48,
12/1/1986,161.78,161.78,160.87,161.78,
12/2/1986,161.64,162.11,161.24,161.64,
12/3/1986,161.78,161.95,161.64,161.78,
12/4/1986,162.25,162.42,161.48,162.25,
12/5/1986,161.71,162.55,161.48,161.71,
12/8/1986,162.11,162.35,161.78,162.11,
12/9/1986,162.08,162.38,161.71,162.08,
12/10/1986,162.08,162.45,162.08,162.08,
12/11/1986,162.08,162.38,162.08,162.08,
12/12/1986,162.65,162.79,162.38,162.65,
12/15/1986,162.65,162.79,162.38,162.65,
12/16/1986,163.26,163.36,163.16,163.26,
12/17/1986,162.99,163.32,162.99,162.99,
12/18/1986,162.38,162.65,162.25,162.38,
12/19/1986,162.65,162.65,162.45,162.65,
12/22/1986,162.08,162.65,161.88,162.08,
12/23/1986,162.08,162.25,161.71,162.08,
12/24/1986,161,161.37,161,161,
12/29/1986,158.31,159.02,158.11,158.31,
12/30/1986,159.36,160.16,159.19,159.36,
12/31/1986,157.47,159.36,157.24,157.47,
1/2/1987,158.02,158.48,157.59,158.02,
1/5/1987,159.13,159.29,158.48,159.13,
1/6/1987,158.75,159.08,158.65,158.75,
1/7/1987,157.75,158.37,157.26,157.75,
1/8/1987,158.21,158.59,158.02,158.21,
1/9/1987,158.02,158.43,157.81,158.02,
1/12/1987,156.78,158.1,156.72,156.78,
1/13/1987,155.61,156.18,155.23,155.61,
1/14/1987,153.36,154.37,153.25,153.36,
1/15/1987,153.04,154.15,151.93,153.04,
1/16/1987,153.2,154.2,153.04,153.2,
1/19/1987,150.79,151.22,150.3,150.79,
1/20/1987,152.6,152.82,152.04,152.6,
1/21/1987,153.74,154.37,153.36,153.74,
1/22/1987,151.87,152.5,151.28,151.87,
1/23/1987,152.93,153.47,151.87,152.93,
1/26/1987,152.5,152.77,152.04,152.5,
1/27/1987,151.66,152.39,151.66,151.66,
1/28/1987,151.93,152.17,150.11,151.93,
1/29/1987,151.98,152.23,151.39,151.98,
1/30/1987,153.58,153.96,151.6,153.58,
2/2/1987,152.71,153.2,152.66,152.71,
2/3/1987,152.23,152.33,151.76,152.23,
2/4/1987,152.55,152.98,152.28,152.55,
2/5/1987,153.58,153.58,152.77,153.58,
2/6/1987,154.26,154.91,153.47,154.26,
2/9/1987,152.17,154.74,151.93,152.17,
2/10/1987,152.5,153.2,152.23,152.5,
2/11/1987,153.58,153.85,152.98,153.58,
2/12/1987,154.07,154.07,153.15,154.07,
2/13/1987,153.58,154.07,153.36,153.58,
2/16/1987,153.47,153.63,153.04,153.47,
2/17/1987,153.2,153.36,152.88,153.2,
2/18/1987,153.74,153.85,153.09,153.74,
2/19/1987,153.9,154.8,153.74,153.9,
2/20/1987,153.47,153.85,153.31,153.47,
2/23/1987,153.52,153.69,153.25,153.52,
2/24/1987,153.8,154.01,153.53,153.8,
2/25/1987,153.58,153.85,153.2,153.58,
2/26/1987,153.04,153.36,152.77,153.04,
2/27/1987,153.15,153.47,152.98,153.15,
3/2/1987,153.42,153.47,153.2,153.42,
3/3/1987,153.58,153.63,153.31,153.58,
3/4/1987,153.58,153.63,153.2,153.58,
3/5/1987,153.74,154.26,153.53,153.74,
3/6/1987,153.36,153.63,153.15,153.36,
3/9/1987,153.58,153.9,153.36,153.58,
3/10/1987,153.47,153.9,153.31,153.47,
3/11/1987,153.69,153.74,153.25,153.69,
3/12/1987,153.58,153.63,153.36,153.58,
3/13/1987,152.39,153.36,152.33,152.39,
3/16/1987,151.44,152.33,151.28,151.44,
3/17/1987,151.55,151.66,150.95,151.55,
3/18/1987,151.87,152.09,151.55,151.87,
3/19/1987,151.33,151.55,151.17,151.33,
3/20/1987,151.6,151.66,151.28,151.6,
3/23/1987,150.19,150.79,149.95,150.19,
3/24/1987,149.35,149.95,148.13,149.35,
3/25/1987,149.3,149.84,148.43,149.3,
3/26/1987,149.35,149.68,148.76,149.35,
3/27/1987,147.05,149.41,146.94,147.05,
3/30/1987,146.16,146.73,144.48,146.16,
3/31/1987,145.78,146.56,145.07,145.78,
4/1/1987,147,147.38,146.16,147,
4/2/1987,146.46,147.7,146.05,146.46,
4/3/1987,145.94,146.35,145.34,145.94,
4/6/1987,145.78,146.51,145.67,145.78,
4/7/1987,145.56,145.89,144.8,145.56,
4/8/1987,145.78,147.38,145.07,145.78,
4/9/1987,143.85,146.05,143.75,143.85,
4/10/1987,142.77,143.96,141.44,142.77,
4/13/1987,141.99,142.66,141.55,141.99,
4/14/1987,140.58,142.15,140.22,140.58,
4/15/1987,141.66,143.04,140.22,141.66,
4/16/1987,142.82,143.8,141.66,142.82,
4/17/1987,142.99,143.15,142.15,142.99,
4/20/1987,142.04,143.2,141.93,142.04,
4/21/1987,142.5,142.61,141.66,142.5,
4/22/1987,142.09,142.93,141.88,142.09,
4/23/1987,140.58,142.28,140.58,140.58,
4/24/1987,139.25,140.36,138.87,139.25,
4/27/1987,139.3,139.41,137.11,139.3,
4/28/1987,139.85,140.41,138.82,139.85,
4/29/1987,138.49,141.06,138.38,138.49,
4/30/1987,140.74,141.01,137.98,140.74,
5/1/1987,139.68,141.34,139.63,139.68,
5/4/1987,139.03,139.95,138.76,139.03,
5/5/1987,139.09,139.2,137.92,139.09,
5/6/1987,138.87,139.36,138.03,138.87,
5/7/1987,139.14,139.56,138.48,139.14,
5/8/1987,139.73,139.9,138.68,139.73,
5/11/1987,139.49,140.19,139.39,139.49,
5/12/1987,139.83,139.95,139.22,139.83,
5/13/1987,140.29,140.88,139.49,140.29,
5/14/1987,139.14,140.29,139.07,139.14,
5/15/1987,139.58,140,138.85,139.58,
5/18/1987,140.1,140.32,139,140.1,
5/19/1987,139.49,140.32,139.39,139.49,
5/20/1987,139.73,139.95,139.09,139.73,
5/21/1987,140.58,140.78,139.73,140.58,
5/22/1987,140.83,140.88,140,140.83,
5/25/1987,141,141.39,140.54,141,
5/26/1987,144.39,144.42,140.78,144.39,
5/27/1987,143.39,144.59,142.61,143.39,
5/28/1987,143.49,143.66,142.93,143.49,
5/29/1987,143.88,144.42,143.39,143.88,
6/1/1987,144.98,145.86,143.78,144.98,
6/2/1987,140.95,145.59,140.88,140.95,
6/3/1987,143.37,143.46,140.75,143.37,
6/4/1987,144.37,144.64,143.39,144.37,
6/5/1987,143.88,144.42,142.93,143.88,
6/8/1987,143.34,144.15,142.34,143.34,
6/9/1987,142.05,143.32,142,142.05,
6/10/1987,141.93,142.78,141.49,141.93,
6/11/1987,142.41,143,142.12,142.41,
6/12/1987,143.88,143.93,142.15,143.88,
6/15/1987,144.88,144.91,143.88,144.88,
6/16/1987,144.78,144.98,143.68,144.78,
6/17/1987,145.03,145.39,144.34,145.03,
6/18/1987,144.59,145.2,144.1,144.59,
6/19/1987,144.73,145.1,144.15,144.73,
6/22/1987,146.25,146.35,145.98,146.25,
6/23/1987,146.08,146.83,145.39,146.08,
6/24/1987,144.59,146.2,144.25,144.59,
6/25/1987,146.13,146.44,144.59,146.13,
6/26/1987,146.32,146.35,145.34,146.32,
6/29/1987,146.74,146.79,145.78,146.74,
6/30/1987,146.83,147.25,146.2,146.83,
7/1/1987,146.88,146.93,146.08,146.88,
7/2/1987,147.4,147.49,146.64,147.4,
7/3/1987,148.79,148.84,147.22,148.79,
7/6/1987,148.88,149.62,148.64,148.88,
7/7/1987,150.18,150.35,148.47,150.18,
7/8/1987,150.35,150.89,149.74,150.35,
7/9/1987,150.13,150.37,148.98,150.13,
7/10/1987,150.74,151.23,150.25,150.74,
7/13/1987,150.86,151.54,150.69,150.86,
7/14/1987,151.13,151.23,150.32,151.13,
7/15/1987,148.79,151.4,148.18,148.79,
7/16/1987,150.79,150.84,148.84,150.79,
7/17/1987,152.91,152.99,150.69,152.91,
7/20/1987,152.6,153.45,152.13,152.6,
7/21/1987,151.76,152.74,151.59,151.76,
7/22/1987,152.28,152.6,151.13,152.28,
7/23/1987,151.18,152.23,150.5,151.18,
7/24/1987,149.4,151.16,149.4,149.4,
7/27/1987,150.59,150.69,148.71,150.59,
7/28/1987,150.13,151.08,149.98,150.13,
7/29/1987,150.79,150.79,149.79,150.79,
7/30/1987,149.49,150.86,149.3,149.49,
7/31/1987,149.98,150.08,148.79,149.98,
8/3/1987,151.28,151.5,149.79,151.28,
8/4/1987,151.79,152.08,150.94,151.79,
8/5/1987,150.81,151.79,150.42,150.81,
8/6/1987,151.4,151.5,150.5,151.4,
8/7/1987,151.74,151.81,150.94,151.74,
8/10/1987,150.98,151.79,150.64,150.98,
8/11/1987,151.18,151.94,150.74,151.18,
8/12/1987,151.08,151.59,150.98,151.08,
8/13/1987,151.5,151.57,151.06,151.5,
8/14/1987,149.98,152.47,149.4,149.98,
8/17/1987,149.18,150.45,149.13,149.18,
8/18/1987,146.2,149.25,145.51,146.2,
8/19/1987,143.73,146.3,143.68,143.73,
8/20/1987,144.64,144.98,143.39,144.64,
8/21/1987,142.15,144.78,142.1,142.15,
8/24/1987,141.93,143.37,140.78,141.93,
8/25/1987,143.59,143.73,141.78,143.59,
8/26/1987,142.88,144.2,142.54,142.88,
8/27/1987,141.68,143.05,141.63,141.68,
8/28/1987,141.8,143.34,141.15,141.8,
8/31/1987,142.44,142.59,141.58,142.44,
9/1/1987,141.39,142.12,141.29,141.39,
9/2/1987,140.68,141.29,140.54,140.68,
9/3/1987,141,141.68,140.29,141,
9/4/1987,141.9,142.2,140.54,141.9,
9/7/1987,141.78,142.39,141.49,141.78,
9/8/1987,141.54,141.93,141.27,141.54,
9/9/1987,141.87,142.2,140.84,141.87,
9/10/1987,142.34,142.8,141.7,142.34,
9/11/1987,143.8,144.04,140.77,143.8,
9/14/1987,144.51,144.87,143.17,144.51,
9/15/1987,143.44,144.71,143.44,143.44,
9/16/1987,143.71,144.34,143.27,143.71,
9/17/1987,143.54,144.21,142.97,143.54,
9/18/1987,142.47,143.6,142.34,142.47,
9/21/1987,142.97,143.54,142.74,142.97,
9/22/1987,144.27,144.31,142.74,144.27,
9/23/1987,143.84,144.47,143.57,143.84,
9/24/1987,143.24,144.07,143.17,143.24,
9/25/1987,143.37,143.94,143,143.37,
9/28/1987,144.3,144.34,143.74,144.3,
9/29/1987,146.51,146.51,144.17,146.51,
9/30/1987,146.44,146.81,145.51,146.44,
10/1/1987,146.11,147.51,145.97,146.11,
10/2/1987,146.88,146.88,145.67,146.88,
10/5/1987,146.54,147.41,146.44,146.54,
10/6/1987,146.57,146.98,146.11,146.57,
10/7/1987,145.07,146.68,144.94,145.07,
10/8/1987,144.34,145.51,143.77,144.34,
10/9/1987,143.6,144.37,143.34,143.6,
10/12/1987,142.97,144.14,142.94,142.97,
10/13/1987,143.97,144.21,142.64,143.97,
10/14/1987,142.24,144.27,142.14,142.24,
10/15/1987,142.04,142.67,141.5,142.04,
10/16/1987,142.34,142.97,142.04,142.34,
10/19/1987,142.27,142.34,140.27,142.27,
10/20/1987,143.94,144.37,141.6,143.94,
10/21/1987,144.51,144.71,143.07,144.51,
10/22/1987,144.84,144.94,143.34,144.84,
10/23/1987,141.54,144.67,141.54,141.54,
10/26/1987,142.3,142.47,140.94,142.3,
10/27/1987,140.97,142.27,140.74,140.97,
10/28/1987,138.57,141.2,137.93,138.57,
10/29/1987,138.63,138.93,136.73,138.63,
10/30/1987,138.3,139.17,137.97,138.3,
11/2/1987,136.9,137.93,136.63,136.9,
11/3/1987,137.3,137.73,135.9,137.3,
11/4/1987,136.53,137.5,136.33,136.53,
11/5/1987,134.86,136.53,134.33,134.86,
11/6/1987,134.79,135.6,134.26,134.79,
11/9/1987,134.26,135.03,133.93,134.26,
11/10/1987,134.66,135.36,133.06,134.66,
11/11/1987,134.86,135.5,133.96,134.86,
11/12/1987,135.73,136.56,134.49,135.73,
11/13/1987,135.56,136.23,135.46,135.56,
11/16/1987,136.13,137.43,135.76,136.13,
11/17/1987,135.53,137.43,135.29,135.53,
11/18/1987,135.13,136.13,134.93,135.13,
11/19/1987,135.33,136.06,134.43,135.33,
11/20/1987,135.4,135.96,133.86,135.4,
11/23/1987,134.66,135.13,134.16,134.66,
11/24/1987,134.59,135.5,134.46,134.59,
11/25/1987,134.83,134.86,134.16,134.83,
11/26/1987,134.43,134.79,134.36,134.43,
11/27/1987,133.29,134.36,133.23,133.29,
11/30/1987,132.29,132.79,131.82,132.29,
12/1/1987,133.29,133.36,131.99,133.29,
12/2/1987,132.39,133.89,132.32,132.39,
12/3/1987,132.79,133.06,131.76,132.79,
12/4/1987,132.46,133.63,131.79,132.46,
12/7/1987,132.93,132.99,132.32,132.93,
12/8/1987,132.52,133.29,132.49,132.52,
12/9/1987,132.09,132.53,131.82,132.09,
12/10/1987,129.05,132.23,128.89,129.05,
12/11/1987,128.25,129.05,127.92,128.25,
12/14/1987,127.95,128.35,127.32,127.95,
12/15/1987,127.52,128.12,126.65,127.52,
12/16/1987,126.85,127.79,126.75,126.85,
12/17/1987,125.75,126.69,125.72,125.75,
12/18/1987,126.95,127.32,125.38,126.95,
12/21/1987,126.45,127.22,126.39,126.45,
12/22/1987,126.25,126.99,126.08,126.25,
12/23/1987,126.45,127.12,125.75,126.45,
12/24/1987,125.45,126.65,125.45,125.45,
12/25/1987,125.12,125.92,125.05,125.12,
12/28/1987,123.45,123.92,122.75,123.45,
12/29/1987,123.42,123.72,122.98,123.42,
12/30/1987,123.15,123.68,123.15,123.15,
12/31/1987,121.01,123.25,120.78,121.01,
1/4/1988,123.15,123.25,120.18,123.15,
1/5/1988,128.22,128.32,122.78,128.22,
1/6/1988,129.32,131.69,126.62,129.32,
1/7/1988,130.26,130.72,127.69,130.26,
1/8/1988,128.32,130.29,128.15,128.32,
1/11/1988,128.49,128.69,127.69,128.49,
1/12/1988,127.34,128.44,127.02,127.34,
1/13/1988,127.25,127.49,125.28,127.25,
1/14/1988,125.97,127.21,125.92,125.97,
1/15/1988,131.02,131.02,125.95,131.02,
1/18/1988,129.69,131.84,129.39,129.69,
1/19/1988,128.46,129.88,128.22,128.46,
1/20/1988,127.21,128.97,127.02,127.21,
1/21/1988,127.19,127.78,126.34,127.19,
1/22/1988,127.19,128.03,126.92,127.19,
1/25/1988,128.03,128.07,127.29,128.03,
1/26/1988,127.56,128.19,127.25,127.56,
1/27/1988,127.02,128.03,126.88,127.02,
1/28/1988,126.97,127.29,126.73,126.97,
1/29/1988,127.97,128.03,126.92,127.97,
2/1/1988,129.34,129.59,128.19,129.34,
2/2/1988,128.19,129.32,128.07,128.19,
2/3/1988,128.19,128.44,127.58,128.19,
2/4/1988,127.88,129.2,127.78,127.88,
2/5/1988,129.34,129.39,127.6,129.34,
2/8/1988,128.87,129.54,128.44,128.87,
2/9/1988,128.68,129.34,128.68,128.68,
2/10/1988,128.97,129.2,128.54,128.97,
2/11/1988,129.3,129.34,128.78,129.3,
2/12/1988,130.98,131.88,129.17,130.98,
2/15/1988,130.04,131.59,129.93,130.04,
2/16/1988,130.34,130.63,129.98,130.34,
2/17/1988,130.08,130.59,129.93,130.08,
2/18/1988,130.24,130.37,129.54,130.24,
2/19/1988,130.18,130.69,129.69,130.18,
2/22/1988,129.24,130.02,129.07,129.24,
2/23/1988,128.87,129.34,128.24,128.87,
2/24/1988,128.71,128.97,128.46,128.71,
2/25/1988,128.42,129.73,128.07,128.42,
2/26/1988,128.34,128.66,127.97,128.34,
2/29/1988,128.19,128.46,127.83,128.19,
3/1/1988,128.38,128.68,128.15,128.38,
3/2/1988,129.42,129.59,128.27,129.42,
3/3/1988,129.1,129.42,128.87,129.1,
3/4/1988,128.58,129.26,128.56,128.58,
3/7/1988,127.76,128.91,127.64,127.76,
3/8/1988,127.8,128.32,127.44,127.8,
3/9/1988,128.13,128.24,127.64,128.13,
3/10/1988,127.88,128.39,127.6,127.88,
3/11/1988,127.25,127.93,126.98,127.25,
3/14/1988,126.86,127.34,126.34,126.86,
3/15/1988,127.34,127.41,126.68,127.34,
3/16/1988,127.49,127.58,127.09,127.49,
3/17/1988,128.68,128.87,126.98,128.68,
3/18/1988,127.88,128.68,127.85,127.88,
3/21/1988,126.92,127.93,126.59,126.92,
3/22/1988,126.97,127.34,126.68,126.97,
3/23/1988,126.73,127.17,126.63,126.73,
3/24/1988,125.48,126.78,125.38,125.48,
3/25/1988,125.07,125.97,124.93,125.07,
3/28/1988,123.75,124.97,123.68,123.75,
3/29/1988,125.04,125.14,123.56,125.04,
3/30/1988,124.93,125.85,124.44,124.93,
3/31/1988,124.29,125.58,123.78,124.29,
4/1/1988,123.89,124.53,123.78,123.89,
4/4/1988,124.11,124.58,123.27,124.11,
4/5/1988,125.22,125.34,124.11,125.22,
4/6/1988,125.97,126.39,124.68,125.97,
4/7/1988,125.63,126.12,125.32,125.63,
4/8/1988,125.65,125.83,124.87,125.65,
4/11/1988,126.31,126.92,125.53,126.31,
4/12/1988,126.73,126.76,126.19,126.73,
4/13/1988,126.41,126.98,125.92,126.41,
4/14/1988,123.58,126.39,122.99,123.58,
4/15/1988,123.92,124.19,123.62,123.92,
4/18/1988,124.24,124.53,123.56,124.24,
4/19/1988,124.24,124.5,123.99,124.24,
4/20/1988,124.21,124.24,123.72,124.21,
4/21/1988,124.36,124.38,123.92,124.36,
4/22/1988,124.75,124.87,124.17,124.75,
4/25/1988,124.6,125.09,123.99,124.6,
4/26/1988,124.99,125.16,124.19,124.99,
4/27/1988,124.83,125.32,124.68,124.83,
4/28/1988,124.48,124.93,124.29,124.48,
4/29/1988,125.09,125.16,124.34,125.09,
5/2/1988,124.79,125.36,124.73,124.79,
5/3/1988,125.14,125.14,124.6,125.14,
5/4/1988,124.68,125.34,124.53,124.68,
5/5/1988,125.04,125.04,124.4,125.04,
5/6/1988,124.73,125.04,124.53,124.73,
5/9/1988,124.77,124.93,124.44,124.77,
5/10/1988,124.34,124.77,124.14,124.34,
5/11/1988,124.46,124.48,124.05,124.46,
5/12/1988,124.46,124.68,124.21,124.46,
5/13/1988,124.73,124.77,124.4,124.73,
5/16/1988,124.89,125.02,124.58,124.89,
5/17/1988,125.62,126.93,124.58,125.62,
5/18/1988,124.92,125.62,124.72,124.92,
5/19/1988,124.84,124.99,124.54,124.84,
5/20/1988,124.79,125.12,124.68,124.79,
5/23/1988,124.48,124.87,124.33,124.48,
5/24/1988,124.18,124.45,123.94,124.18,
5/25/1988,124.38,124.43,124.05,124.38,
5/26/1988,124.48,124.68,124.25,124.48,
5/27/1988,124.87,125.07,124.43,124.87,
5/30/1988,124.97,125.18,124.84,124.97,
5/31/1988,125.17,125.28,124.68,125.17,
6/1/1988,125.38,125.4,124.89,125.38,
6/2/1988,126.18,126.67,125.33,126.18,
6/3/1988,126.02,126.33,125.17,126.02,
6/6/1988,125.69,126.41,125.67,125.69,
6/7/1988,125.39,125.82,125.33,125.39,
6/8/1988,125.53,125.62,124.94,125.53,
6/9/1988,124.58,125.57,124.48,124.58,
6/10/1988,124.79,125.04,124.48,124.79,
6/13/1988,125.08,125.26,124.94,125.08,
6/14/1988,126.47,127.77,124.82,126.47,
6/15/1988,126.28,126.52,125.98,126.28,
6/16/1988,125.54,126.23,125.4,125.54,
6/17/1988,125.72,125.87,125.49,125.72,
6/20/1988,126.26,126.82,125.72,126.26,
6/21/1988,126.38,126.56,126.07,126.38,
6/22/1988,128.86,128.91,126.41,128.86,
6/23/1988,128.55,129.78,128.14,128.55,
6/24/1988,130.43,130.88,128.39,130.43,
6/27/1988,131.14,131.73,130.58,131.14,
6/28/1988,132.97,133.07,129.63,132.97,
6/29/1988,132.58,134.02,131.97,132.58,
6/30/1988,133.12,133.87,131.78,133.12,
7/1/1988,134.39,134.72,133.23,134.39,
7/4/1988,135.34,135.49,134.49,135.34,
7/5/1988,133.97,135.51,133.67,133.97,
7/6/1988,132.92,133.87,132.92,132.92,
7/7/1988,132.72,133.18,131.29,132.72,
7/8/1988,133.07,133.23,131.73,133.07,
7/11/1988,132.82,133.87,132.36,132.82,
7/12/1988,132.28,133.07,132.28,132.28,
7/13/1988,132.68,133.15,131.97,132.68,
7/14/1988,133.28,133.28,132.63,133.28,
7/15/1988,135.44,135.54,133.18,135.44,
7/18/1988,134.39,135.54,134.34,134.39,
7/19/1988,133.12,134.61,133.02,133.12,
7/20/1988,133.77,133.82,132.63,133.77,
7/21/1988,131.68,134.02,131.38,131.68,
7/22/1988,130.88,132.28,130.43,130.88,
7/25/1988,132.28,132.51,130.09,132.28,
7/26/1988,132.38,132.77,131.53,132.38,
7/27/1988,131.58,133.23,130.97,131.58,
7/28/1988,132.58,132.63,131.43,132.58,
7/29/1988,133.15,133.23,132.33,133.15,
8/1/1988,132.56,133.38,132.38,132.56,
8/2/1988,132.92,133,132.09,132.92,
8/3/1988,132.71,133.23,132.61,132.71,
8/4/1988,133,133.07,132.58,133,
8/5/1988,133.82,133.87,132.87,133.82,
8/8/1988,133.72,134.1,133.23,133.72,
8/9/1988,135.06,135.16,133.33,135.06,
8/10/1988,133.62,135.16,133.53,133.62,
8/11/1988,132.85,134.39,132.38,132.85,
8/12/1988,132.77,133.33,132.66,132.77,
8/15/1988,133.23,133.28,132.53,133.23,
8/16/1988,133.67,133.67,130.97,133.67,
8/17/1988,133.9,134.25,132.92,133.9,
8/18/1988,133.33,134.07,131.97,133.33,
8/19/1988,133.53,133.72,133,133.53,
8/22/1988,133.62,134.12,133.43,133.62,
8/23/1988,134.12,134.21,133.57,134.12,
8/24/1988,133.77,134.7,133.66,133.77,
8/25/1988,133.26,134.02,132.97,133.26,
8/26/1988,133.8,133.97,133.15,133.8,
8/29/1988,134.54,134.54,133.62,134.54,
8/30/1988,134.87,135.15,134.15,134.87,
8/31/1988,136.49,136.83,134.69,136.49,
9/1/1988,136.23,137.03,135.93,136.23,
9/2/1988,135.83,137.34,135.54,135.83,
9/5/1988,135.88,136.29,135.16,135.88,
9/6/1988,134.87,136.24,134.69,134.87,
9/7/1988,133.36,134.92,133.23,133.36,
9/8/1988,133.53,134.44,133.33,133.53,
9/9/1988,133.61,133.77,132.76,133.61,
9/12/1988,133.33,133.82,133.23,133.33,
9/13/1988,133.36,133.43,132.77,133.36,
9/14/1988,134.15,134.97,133.23,134.15,
9/15/1988,133.77,135.01,132.92,133.77,
9/16/1988,133.19,135.68,132.89,133.19,
9/19/1988,132.35,133.83,131.85,132.35,
9/20/1988,133.83,134.06,131.44,133.83,
9/21/1988,133.91,134.34,133.01,133.91,
9/22/1988,133.07,134.84,132.45,133.07,
9/23/1988,134.16,134.2,132.91,134.16,
9/26/1988,134.72,134.84,133.9,134.72,
9/27/1988,134.12,135,133.94,134.12,
9/28/1988,134.46,134.6,133.59,134.46,
9/29/1988,134.26,134.84,134.18,134.26,
9/30/1988,134.6,134.66,134.16,134.6,
10/3/1988,135.44,135.54,134.46,135.44,
10/4/1988,135.38,135.76,134.84,135.38,
10/5/1988,136.81,136.91,134.94,136.81,
10/6/1988,135.26,136.91,135.14,135.26,
10/7/1988,134.4,136.07,133.92,134.4,
10/10/1988,134.34,134.94,134.2,134.34,
10/11/1988,134.86,134.88,134.06,134.86,
10/12/1988,128.91,131.34,128.43,128.91,
10/13/1988,127.34,128.57,125.9,127.34,
10/14/1988,126.42,128.29,126.38,126.42,
10/17/1988,127.08,127.48,125.84,127.08,
10/18/1988,127.18,127.91,126.42,127.18,
10/19/1988,127.34,127.64,126.56,127.34,
10/20/1988,126.68,127.42,126.42,126.68,
10/21/1988,126.08,126.68,126.02,126.08,
10/24/1988,127.06,127.08,125.84,127.06,
10/25/1988,126.62,127.12,126.46,126.62,
10/26/1988,125.55,126.94,125.41,125.55,
10/27/1988,125.71,126.08,125.29,125.71,
10/28/1988,125.49,126.24,125.41,125.49,
10/31/1988,125.53,125.78,124.39,125.53,
11/1/1988,124.89,125.84,124.85,124.89,
11/2/1988,124.23,125.03,123.89,124.23,
11/3/1988,124.59,124.69,123.93,124.59,
11/4/1988,124.89,125.35,124.17,124.89,
11/7/1988,124.45,125.31,124.33,124.45,
11/8/1988,125.57,125.66,124.15,125.57,
11/9/1988,123.75,125.98,123.63,123.75,
11/10/1988,123.81,124.23,123.52,123.81,
11/11/1988,122.74,123.89,122.28,122.74,
11/14/1988,123.75,123.95,122.26,123.75,
11/15/1988,123.22,123.75,122.98,123.22,
11/16/1988,122.12,123.95,120.95,122.12,
11/17/1988,121.96,123.04,121.05,121.96,
11/18/1988,122.5,123.22,121.86,122.5,
11/21/1988,121.78,122.54,121.7,121.78,
11/22/1988,121.21,121.88,121.15,121.21,
11/23/1988,121.05,121.7,120.85,121.05,
11/24/1988,120.71,121.31,120.45,120.71,
11/25/1988,121.23,121.45,120.57,121.23,
11/28/1988,122.26,122.32,121.21,122.26,
11/29/1988,121.74,122.5,121.31,121.74,
11/30/1988,121.39,122.16,121.31,121.39,
12/1/1988,121.41,121.62,121.11,121.41,
12/2/1988,121.21,121.92,120.91,121.21,
12/5/1988,121.47,121.6,121.05,121.47,
12/6/1988,121.86,121.94,121.23,121.86,
12/7/1988,123.71,124.13,121.66,123.71,
12/8/1988,122.32,123.67,122.06,122.32,
12/9/1988,122.52,122.62,121.98,122.52,
12/12/1988,122.78,123.04,122.5,122.78,
12/13/1988,123.26,123.34,122.74,123.26,
12/14/1988,122.74,123.93,121.96,122.74,
12/15/1988,123.89,123.99,122.66,123.89,
12/16/1988,123.93,124.71,123.63,123.93,
12/19/1988,124.13,124.25,123.71,124.13,
12/20/1988,125.21,125.39,124.21,125.21,
12/21/1988,124.45,125.51,123.95,124.45,
12/22/1988,124.55,124.75,124.17,124.55,
12/23/1988,124.63,125.01,124.39,124.63,
12/26/1988,124.71,124.81,124.53,124.71,
12/27/1988,124.87,124.87,124.45,124.87,
12/28/1988,125.65,125.86,124.87,125.65,
12/29/1988,125.53,126.26,125.15,125.53,
12/30/1988,124.93,125.96,124.55,124.93,
1/2/1989,124.73,124.75,124.55,124.73,
1/3/1989,123.79,124.87,122.96,123.79,
1/4/1989,124.99,125.15,123.52,124.99,
1/5/1989,126.02,127.04,124.79,126.02,
1/6/1989,126.74,126.78,125.51,126.74,
1/9/1989,125.9,126.72,125.64,125.9,
1/10/1989,126.28,126.42,125.41,126.28,
1/11/1989,125.96,127.32,125.51,125.96,
1/12/1989,126.42,126.46,125.55,126.42,
1/13/1989,127.32,127.32,126.12,127.32,
1/16/1989,127.86,128.29,127.02,127.86,
1/17/1989,127.76,128.09,127.2,127.76,
1/18/1989,128.55,128.55,125.98,128.55,
1/19/1989,128.49,129.72,128.28,128.49,
1/20/1989,127.63,128.73,127.48,127.63,
1/23/1989,127.38,128.35,127.31,127.38,
1/24/1989,127.69,127.82,126.18,127.69,
1/25/1989,127.25,128.01,127.17,127.25,
1/26/1989,128.26,128.31,127.23,128.26,
1/27/1989,129.27,129.4,128.12,129.27,
1/30/1989,129.32,130.01,129.04,129.32,
1/31/1989,130.27,130.54,128.87,130.27,
2/1/1989,130.29,130.6,129.38,130.29,
2/2/1989,129.46,130.31,128.81,129.46,
2/3/1989,129.17,129.78,128.68,129.17,
2/6/1989,129.3,129.97,129.21,129.3,
2/7/1989,129.49,129.61,128.96,129.49,
2/8/1989,129.44,129.68,129.21,129.44,
2/9/1989,127.93,129.47,127.82,127.93,
2/10/1989,128.71,128.85,126.77,128.71,
2/13/1989,127.84,128.73,127.82,127.84,
2/14/1989,126.22,127.86,126.18,126.22,
2/15/1989,126.18,126.81,125.35,126.18,
2/16/1989,125.96,126.74,125.96,125.96,
2/17/1989,125.75,126.93,124.93,125.75,
2/20/1989,126.36,126.49,125.16,126.36,
2/21/1989,126.96,127.4,126.28,126.96,
2/22/1989,126.18,126.87,126.18,126.18,
2/23/1989,126.2,126.41,125.63,126.2,
2/24/1989,126.03,126.74,125.92,126.03,
2/27/1989,126.76,126.79,125.61,126.76,
2/28/1989,126.83,127.42,126.58,126.83,
3/1/1989,128.2,128.31,126.77,128.2,
3/2/1989,128.39,128.58,127.63,128.39,
3/3/1989,127.67,128.68,127.42,127.67,
3/6/1989,129.11,129.21,127.31,129.11,
3/7/1989,128.71,129.21,128.45,128.71,
3/8/1989,129.17,129.3,128.31,129.17,
3/9/1989,128.68,129.4,128.5,128.68,
3/10/1989,129.4,129.68,128.68,129.4,
3/13/1989,130.1,130.16,129.28,130.1,
3/14/1989,129.68,130.37,129.49,129.68,
3/15/1989,130.69,130.75,129.63,130.69,
3/16/1989,130.88,131.28,130.01,130.88,
3/17/1989,131.68,131.81,130.71,131.68,
3/20/1989,131.21,132.23,131.13,131.21,
3/21/1989,131.32,131.6,130.6,131.32,
3/22/1989,130.98,131.66,130.77,130.98,
3/23/1989,131.17,131.34,130.48,131.17,
3/24/1989,131.36,131.47,131.17,131.36,
3/27/1989,132.61,132.82,131.32,132.61,
3/28/1989,133.07,133.28,132.38,133.07,
3/29/1989,133.07,133.47,132.59,133.07,
3/30/1989,131.91,133.43,131.72,131.91,
3/31/1989,132.71,132.76,131.78,132.71,
4/3/1989,131.6,133.32,131.6,131.6,
4/4/1989,130.88,131.83,130.58,130.88,
4/5/1989,131.68,131.91,131.09,131.68,
4/6/1989,132.23,132.38,131.49,132.23,
4/7/1989,132.76,132.76,131.6,132.76,
4/10/1989,132.78,132.88,132.38,132.78,
4/11/1989,132.69,132.88,132.38,132.69,
4/12/1989,133.03,133.13,132.48,133.03,
4/13/1989,131.97,133.18,131.81,131.97,
4/14/1989,131.97,132.71,131.81,131.97,
4/17/1989,132.12,132.21,131.32,132.12,
4/18/1989,131.36,132.23,131.07,131.36,
4/19/1989,132.46,132.5,131.22,132.46,
4/20/1989,131.21,132.44,130.88,131.21,
4/21/1989,131.45,131.72,130.9,131.45,
4/24/1989,131.55,131.72,130.92,131.55,
4/25/1989,131.36,132.08,130.77,131.36,
4/26/1989,132.06,132.21,131.17,132.06,
4/27/1989,132.02,132.4,131.6,132.02,
4/28/1989,133.01,133.03,132.02,133.01,
5/1/1989,133.89,134.08,132.88,133.89,
5/2/1989,134.27,134.34,133.51,134.27,
5/3/1989,134.23,134.51,133.68,134.23,
5/4/1989,134.08,134.34,133.43,134.08,
5/5/1989,134.23,134.55,133.35,134.23,
5/8/1989,134.82,134.95,134.27,134.82,
5/9/1989,134.53,135.03,134.42,134.53,
5/10/1989,134.38,134.72,133.98,134.38,
5/11/1989,135.22,135.33,134.08,135.22,
5/12/1989,136.11,136.19,134.67,136.11,
5/15/1989,137.14,137.63,136.21,137.14,
5/16/1989,136.66,137.63,136.64,136.66,
5/17/1989,139.23,139.42,137.29,139.23,
5/18/1989,138.72,139.59,138.43,138.72,
5/19/1989,138.98,139.04,138.09,138.98,
5/22/1989,142.22,142.9,139.25,142.22,
5/23/1989,142.29,143.13,140.68,142.29,
5/24/1989,142.54,143.71,141.98,142.54,
5/25/1989,141.24,142.58,141.04,141.24,
5/26/1989,141.08,141.54,139.68,141.08,
5/29/1989,142.78,143.14,142.14,142.78,
5/30/1989,142.6,143.97,142.08,142.6,
5/31/1989,142.84,143.26,141.96,142.84,
6/1/1989,142.3,143.2,142.14,142.3,
6/2/1989,140.48,142.38,140.28,140.48,
6/5/1989,142.8,143.04,140.12,142.8,
6/6/1989,142.64,143.34,142.04,142.64,
6/7/1989,142.74,142.98,142.1,142.74,
6/8/1989,143.04,143.87,142.64,143.04,
6/9/1989,146.63,146.63,142.98,146.63,
6/12/1989,148.62,149.42,147.09,148.62,
6/13/1989,147.9,149.72,147.59,147.9,
6/14/1989,149.46,149.48,147.59,149.46,
6/15/1989,145.89,151.78,145.17,145.89,
6/16/1989,144.81,147.49,143.93,144.81,
6/19/1989,144.21,145.79,143.97,144.21,
6/20/1989,144.77,145.17,143.14,144.77,
6/21/1989,142.28,145.33,142.18,142.28,
6/22/1989,141.06,141.88,138.53,141.06,
6/23/1989,138.69,140.52,137.63,138.69,
6/26/1989,141.24,141.38,139.29,141.24,
6/27/1989,141.66,142,139.68,141.66,
6/28/1989,143.34,143.73,141.58,143.34,
6/29/1989,143.73,143.93,142.04,143.73,
6/30/1989,143.93,144.47,143.28,143.93,
7/3/1989,141.18,144.95,140.98,141.18,
7/4/1989,141.58,141.9,140.12,141.58,
7/5/1989,138.11,141.54,138.03,138.11,
7/6/1989,138.73,139.72,137.79,138.73,
7/7/1989,139.02,140.02,138.09,139.02,
7/10/1989,139.18,139.38,138.49,139.18,
7/11/1989,140.76,140.82,139.19,140.76,
7/12/1989,139.52,140.92,139.29,139.52,
7/13/1989,139.42,139.88,138.49,139.42,
7/14/1989,140.82,140.88,139.09,140.82,
7/17/1989,141.4,142.04,140.62,141.4,
7/18/1989,141.58,142.84,140.8,141.58,
7/19/1989,142.54,142.58,141.08,142.54,
7/20/1989,141.18,142.84,141.16,141.18,
7/21/1989,142.18,142.24,141.22,142.18,
7/24/1989,142.54,143.54,141.58,142.54,
7/25/1989,141.44,142.68,141.38,141.44,
7/26/1989,139.86,141.64,139.82,139.86,
7/27/1989,138.91,140.06,138.59,138.91,
7/28/1989,139.15,139.84,138.95,139.15,
7/31/1989,137.11,139.25,136.37,137.11,
8/1/1989,135.73,137.03,135.61,135.73,
8/2/1989,136.73,136.79,135.43,136.73,
8/3/1989,137.33,137.71,135.91,137.33,
8/4/1989,139.84,139.92,136.81,139.84,
8/7/1989,139.98,140.28,138.95,139.98,
8/8/1989,138.65,140.02,138.65,138.65,
8/9/1989,139.09,139.38,138.23,139.09,
8/10/1989,139.78,139.86,138.43,139.78,
8/11/1989,141.78,142.26,139.74,141.78,
8/14/1989,142.08,142.14,141.36,142.08,
8/15/1989,142.08,142.68,141.58,142.08,
8/16/1989,142.06,142.54,141.22,142.06,
8/17/1989,143.34,144.03,142.24,143.34,
8/18/1989,142.54,143.73,142.38,142.54,
8/21/1989,143.02,143.46,142.24,143.02,
8/22/1989,142.14,143.32,142.02,142.14,
8/23/1989,143.08,143.2,141.96,143.08,
8/24/1989,143.43,143.81,142.78,143.43,
8/25/1989,143.81,143.93,142.98,143.81,
8/28/1989,144.59,144.69,144.05,144.59,
8/29/1989,143.26,144.69,142.08,143.26,
8/30/1989,144.41,144.41,142.62,144.41,
8/31/1989,144.89,145.43,143.97,144.89,
9/1/1989,145.89,146.01,144.69,145.89,
9/4/1989,145.97,146.31,145.73,145.97,
9/5/1989,146.73,147.23,145.01,146.73,
9/6/1989,146.07,147.33,145.83,146.07,
9/7/1989,146.57,147.27,145.97,146.57,
9/8/1989,147.17,147.23,145.97,147.17,
9/11/1989,146.63,148,146.49,146.63,
9/12/1989,147.15,147.23,146.33,147.15,
9/13/1989,146.27,147.33,146.03,146.27,
9/14/1989,146.75,146.91,145.29,146.75,
9/15/1989,146.43,148.96,143.97,146.43,
9/18/1989,145.61,146.93,145.23,145.61,
9/19/1989,145.83,146.31,145.31,145.83,
9/20/1989,145.13,146.43,144.53,145.13,
9/21/1989,145.61,145.89,144.69,145.61,
9/22/1989,145.97,146.07,144.69,145.97,
9/25/1989,142.06,144.69,142,142.06,
9/26/1989,142.26,143.01,141.57,142.26,
9/27/1989,140.2,141.88,139.57,140.2,
9/28/1989,140.48,141.31,140.15,140.48,
9/29/1989,139.04,140.88,138.68,139.04,
10/2/1989,139.57,139.9,138.53,139.57,
10/3/1989,141.19,141.43,139.57,141.19,
10/4/1989,141.52,141.88,140.32,141.52,
10/5/1989,142.24,142.63,140.17,142.24,
10/6/1989,142.39,143.59,141.66,142.39,
10/9/1989,142.68,142.95,141.37,142.68,
10/10/1989,144.48,144.57,142.33,144.48,
10/11/1989,144.46,145.08,142.39,144.46,
10/12/1989,144.12,144.75,143.46,144.12,
10/13/1989,141.48,144.79,141.48,141.48,
10/16/1989,141.79,142.08,140.29,141.79,
10/17/1989,142.57,142.77,140.48,142.57,
10/18/1989,141.48,142.68,140.39,141.48,
10/19/1989,141.73,142.12,140.68,141.73,
10/20/1989,142.41,142.54,141.19,142.41,
10/23/1989,141.94,142.54,141.73,141.94,
10/24/1989,141.37,142.24,141.08,141.37,
10/25/1989,141.52,141.88,141.08,141.52,
10/26/1989,141.95,142.86,141.34,141.95,
10/27/1989,141.57,143.17,141.37,141.57,
10/30/1989,142.2,142.42,141.48,142.2,
10/31/1989,142.8,142.84,141.97,142.8,
11/1/1989,143.68,143.8,142.6,143.68,
11/2/1989,143.35,144.2,143.15,143.35,
11/3/1989,143.31,143.76,142.25,143.31,
11/6/1989,143.83,143.99,142.97,143.83,
11/7/1989,142.86,144.05,142.8,142.86,
11/8/1989,143.25,143.25,142.53,143.25,
11/9/1989,143.05,143.36,142.1,143.05,
11/10/1989,143.4,143.55,142.44,143.4,
11/13/1989,143.83,143.98,143.03,143.83,
11/14/1989,143.05,144.13,142.85,143.05,
11/15/1989,143.8,143.95,142.95,143.8,
11/16/1989,144.1,144.53,143.35,144.1,
11/17/1989,144.3,144.42,143.8,144.3,
11/20/1989,144.34,144.85,144.12,144.34,
11/21/1989,143.55,144.55,143.45,143.55,
11/22/1989,143.12,144.02,143.05,143.12,
11/23/1989,144.1,144.38,142.93,144.1,
11/24/1989,143.55,144.07,143.15,143.55,
11/27/1989,143.2,143.58,142.95,143.2,
11/28/1989,143.15,143.9,143,143.15,
11/29/1989,142.87,143.65,142.25,142.87,
11/30/1989,142.8,143.15,142.35,142.8,
12/1/1989,143.43,143.6,142.75,143.43,
12/4/1989,143.66,143.7,143.15,143.66,
12/5/1989,143.71,143.9,143.45,143.71,
12/6/1989,144.05,144.05,143.55,144.05,
12/7/1989,144.24,144.4,143.85,144.24,
12/8/1989,144.15,144.39,143.8,144.15,
12/11/1989,144.27,144.73,144.15,144.27,
12/12/1989,143.88,144.57,143.8,143.88,
12/13/1989,144.25,144.28,143.25,144.25,
12/14/1989,144.1,144.22,143.8,144.1,
12/15/1989,144,144.38,143.5,144,
12/18/1989,143.45,144.38,143.45,143.45,
12/19/1989,143.71,143.95,143.05,143.71,
12/20/1989,143.81,144.25,143.65,143.81,
12/21/1989,143.6,143.98,143.35,143.6,
12/22/1989,142.25,143.79,142.25,142.25,
12/25/1989,142.7,142.8,141.9,142.7,
12/26/1989,141.85,143,141.75,141.85,
12/27/1989,142.05,142.2,141.6,142.05,
12/28/1989,143.43,144.1,141.8,143.43,
12/29/1989,143.85,143.96,143.1,143.85,
1/2/1990,146.55,146.73,143.4,146.55,
1/3/1990,145.32,146.85,145.05,145.32,
1/4/1990,143.33,145.9,142.8,143.33,
1/5/1990,144.5,144.6,143,144.5,
1/8/1990,144.1,144.75,143.85,144.1,
1/9/1990,145.12,145.45,144.05,145.12,
1/10/1990,145.65,145.9,144.45,145.65,
1/11/1990,145.45,145.55,144.95,145.45,
1/12/1990,145.75,145.95,144.75,145.75,
1/15/1990,145.73,145.86,145.05,145.73,
1/16/1990,145.37,146.05,145.1,145.37,
1/17/1990,145.38,145.66,145.15,145.38,
1/18/1990,146.3,146.4,145.3,146.3,
1/19/1990,145.95,146.68,145.03,145.95,
1/22/1990,146.53,146.6,146,146.53,
1/23/1990,145.85,146.69,145.76,145.85,
1/24/1990,145.65,146.2,144.65,145.65,
1/25/1990,143.85,145.56,143.75,143.85,
1/26/1990,142.82,144.2,142.75,142.82,
1/29/1990,142.92,143.45,142.5,142.92,
1/30/1990,144.8,145.9,142.7,144.8,
1/31/1990,144.43,145.35,143.85,144.43,
2/1/1990,144.92,145.14,144.2,144.92,
2/2/1990,145.55,145.6,144.7,145.55,
2/5/1990,144.75,145.68,144.55,144.75,
2/6/1990,145.22,145.5,144.3,145.22,
2/7/1990,145.55,145.72,144.85,145.55,
2/8/1990,145.25,145.62,144.8,145.25,
2/9/1990,144.7,145.38,144.4,144.7,
2/12/1990,144.28,144.85,144,144.28,
2/13/1990,144.25,144.68,144.15,144.25,
2/14/1990,144.5,144.6,144.05,144.5,
2/15/1990,144.83,144.9,144.25,144.83,
2/16/1990,143.95,145.1,143.8,143.95,
2/19/1990,144.6,144.75,143.8,144.6,
2/20/1990,145.15,145.55,144.35,145.15,
2/21/1990,145.53,145.68,144.55,145.53,
2/22/1990,146.33,146.68,145.07,146.33,
2/23/1990,147.05,147.4,145.78,147.05,
2/26/1990,148.55,149.05,147.05,148.55,
2/27/1990,148.69,149.6,148.05,148.69,
2/28/1990,149.05,149.2,148.15,149.05,
3/1/1990,149.85,149.95,148.9,149.85,
3/2/1990,150.3,150.5,149.35,150.3,
3/5/1990,149,150.5,148.48,149,
3/6/1990,150,150.02,148.4,150,
3/7/1990,150.28,151.4,149.72,150.28,
3/8/1990,151.1,151.35,149.75,151.1,
3/9/1990,151.25,151.45,150.88,151.25,
3/12/1990,152.77,152.78,151.2,152.77,
3/13/1990,152.05,153.05,151.85,152.05,
3/14/1990,152.1,152.65,151.55,152.1,
3/15/1990,152,153.3,151.98,152,
3/16/1990,152.57,152.8,151.75,152.57,
3/19/1990,152.97,153.77,152.25,152.97,
3/20/1990,154.27,154.49,152.1,154.27,
3/21/1990,154.6,154.65,153.55,154.6,
3/22/1990,154.95,155.45,154.15,154.95,
3/23/1990,154.25,155.25,152.7,154.25,
3/26/1990,156.7,156.77,154.7,156.7,
3/27/1990,157.8,157.9,156.31,157.8,
3/28/1990,158.6,159.3,157.1,158.6,
3/29/1990,156.31,158.86,156.1,156.31,
3/30/1990,158.5,158.6,155.7,158.5,
4/2/1990,159.16,160.35,158.25,159.16,
4/3/1990,159.83,159.85,158.24,159.83,
4/4/1990,159,159.9,157.78,159,
4/5/1990,157.35,159.18,157.13,157.35,
4/6/1990,157.62,157.8,156.5,157.62,
4/9/1990,158.17,159.6,155.45,158.17,
4/10/1990,157.7,158.75,157.38,157.7,
4/11/1990,158,158.61,157.37,158,
4/12/1990,158.05,158.55,157.85,158.05,
4/13/1990,158.67,158.7,158,158.67,
4/16/1990,159.32,159.65,158.8,159.32,
4/17/1990,159.83,160.16,159.13,159.83,
4/18/1990,158.1,160.2,157.98,158.1,
4/19/1990,156.87,158.63,156.1,156.87,
4/20/1990,157.45,158.25,156.35,157.45,
4/23/1990,157.93,157.93,156.85,157.93,
4/24/1990,158.95,158.97,157.51,158.95,
4/25/1990,158.83,159.28,158.45,158.83,
4/26/1990,159.2,159.33,158.15,159.2,
4/27/1990,159.2,159.48,158.5,159.2,
4/30/1990,158.85,159.48,158.7,158.85,
5/1/1990,158.75,159.15,158.25,158.75,
5/2/1990,158.08,158.85,157.74,158.08,
5/3/1990,158.15,158.22,157.4,158.15,
5/4/1990,158.15,158.95,157.98,158.15,
5/7/1990,158.15,158.4,157.45,158.15,
5/8/1990,157.58,158.28,157.28,157.58,
5/9/1990,156.37,159.6,156.25,156.37,
5/10/1990,156.56,157.21,156.28,156.56,
5/11/1990,152.7,156.69,152.55,152.7,
5/14/1990,152.35,153.85,152.2,152.35,
5/15/1990,150.25,152.48,150.18,150.25,
5/16/1990,151.7,152.65,150,151.7,
5/17/1990,152.11,152.55,151.5,152.11,
5/18/1990,153,153.15,151.88,153,
5/21/1990,153.64,153.75,152.85,153.64,
5/22/1990,151.17,153.75,151.1,151.17,
5/23/1990,151.41,151.95,150.5,151.41,
5/24/1990,150.83,151.95,150.78,150.83,
5/25/1990,149.3,151.23,149.13,149.3,
5/28/1990,148.95,149.78,148.85,148.95,
5/29/1990,151.37,151.41,148.75,151.37,
5/30/1990,151.38,151.63,150.27,151.38,
5/31/1990,152.16,152.65,151.18,152.16,
6/1/1990,151.95,152.6,150.7,151.95,
6/4/1990,152.4,153,151.8,152.4,
6/5/1990,152.43,152.91,152.08,152.43,
6/6/1990,152.63,152.8,152.2,152.63,
6/7/1990,152.5,152.75,152.25,152.5,
6/8/1990,153.45,153.5,152.48,153.45,
6/11/1990,154.7,154.77,153.27,154.7,
6/12/1990,154.53,154.8,153.65,154.53,
6/13/1990,154.71,155.13,154.2,154.71,
6/14/1990,154.1,154.46,153.25,154.1,
6/15/1990,153.9,154.8,153.58,153.9,
6/18/1990,153.6,154.24,153.45,153.6,
6/19/1990,153.48,154.08,153.35,153.48,
6/20/1990,153.9,154.3,153,153.9,
6/21/1990,154.75,154.9,154.05,154.75,
6/22/1990,154.8,155.1,154.55,154.8,
6/25/1990,155.34,155.77,154.76,155.34,
6/26/1990,154.62,155.45,154.5,154.62,
6/27/1990,154.43,155.4,153.78,154.43,
6/28/1990,153.1,154.69,152.65,153.1,
6/29/1990,152.2,154.58,151.55,152.2,
7/2/1990,150.78,152.23,150.75,150.78,
7/3/1990,150.9,152.15,150.73,150.9,
7/4/1990,149.78,150.9,149.38,149.78,
7/5/1990,150.5,151.1,150,150.5,
7/6/1990,151.6,151.7,150.5,151.6,
7/9/1990,151.1,151.9,150.25,151.1,
7/10/1990,148.22,151.13,148.15,148.22,
7/11/1990,148.45,148.8,147.4,148.45,
7/12/1990,147.3,149.4,146.65,147.3,
7/13/1990,148.15,148.17,146.75,148.15,
7/16/1990,148.1,148.5,147.5,148.1,
7/17/1990,147.82,148.5,147.7,147.82,
7/18/1990,147.73,148.48,146.85,147.73,
7/19/1990,148.08,148.25,147.22,148.08,
7/20/1990,148.55,149.27,147.7,148.55,
7/23/1990,148.07,148.97,148,148.07,
7/24/1990,148.73,148.85,147.9,148.73,
7/25/1990,149.85,150.1,148.7,149.85,
7/26/1990,150.33,150.9,148.77,150.33,
7/27/1990,148.95,151.02,148.85,148.95,
7/30/1990,147.85,149.25,147.75,147.85,
7/31/1990,145.7,148.17,145.69,145.7,
8/1/1990,147.2,147.6,145.5,147.2,
8/2/1990,149.2,151.58,146.4,149.2,
8/3/1990,149.3,150.45,148.55,149.3,
8/6/1990,150.3,150.5,149.05,150.3,
8/7/1990,150.82,151.1,149.17,150.82,
8/8/1990,149.75,151.2,149.55,149.75,
8/9/1990,149.7,151.12,149.25,149.7,
8/10/1990,150.4,150.5,149.4,150.4,
8/13/1990,150.35,150.68,149.65,150.35,
8/14/1990,148.75,150.35,148.63,148.75,
8/15/1990,147.55,148.5,146.6,147.55,
8/16/1990,147.2,148.44,147.05,147.2,
8/17/1990,147.6,148.2,147.03,147.6,
8/20/1990,146.45,147.92,146.15,146.45,
8/21/1990,146.6,147.75,145.95,146.6,
8/22/1990,146.2,146.95,145.1,146.2,
8/23/1990,146.25,146.7,145.35,146.25,
8/24/1990,146.1,146.75,145.35,146.1,
8/27/1990,144.13,146.5,144,144.13,
8/28/1990,143.67,144.35,142.7,143.67,
8/29/1990,143.67,144.45,142.9,143.67,
8/30/1990,144.33,144.75,143,144.33,
8/31/1990,143.7,144.57,143.18,143.7,
9/3/1990,143.52,143.9,143.18,143.52,
9/4/1990,143.32,144.2,143.15,143.32,
9/5/1990,141.63,144.15,141.4,141.63,
9/6/1990,140.58,142.48,140.5,140.58,
9/7/1990,140,141.02,139.8,140,
9/10/1990,139.62,139.9,138.66,139.62,
9/11/1990,139.93,140.61,139.45,139.93,
9/12/1990,138.15,140.61,137.4,138.15,
9/13/1990,136.35,138.6,135.9,136.35,
9/14/1990,136.7,137.3,135.7,136.7,
9/17/1990,136.55,137.5,135.85,136.55,
9/18/1990,137.9,138.1,136.45,137.9,
9/19/1990,137.45,138.85,136.92,137.45,
9/20/1990,137.67,137.7,136.3,137.67,
9/21/1990,136.5,137.82,136.45,136.5,
9/24/1990,137.2,137.6,135.15,137.2,
9/25/1990,136.72,137.65,136.3,136.72,
9/26/1990,136.85,137.4,136.2,136.85,
9/27/1990,138.15,138.5,136.9,138.15,
9/28/1990,138.5,138.6,137.6,138.5,
10/1/1990,136.53,138.2,136.45,136.53,
10/2/1990,136.7,137.17,136.4,136.7,
10/3/1990,135.85,136.8,135.45,135.85,
10/4/1990,133.6,135.98,133.5,133.6,
10/5/1990,132.2,134.05,131.95,132.2,
10/8/1990,130.6,132.1,129.74,130.6,
10/9/1990,130.38,130.95,128.85,130.38,
10/10/1990,129.43,130.98,129.3,129.43,
10/11/1990,129.52,130.78,129.15,129.52,
10/12/1990,129.05,130.25,128.38,129.05,
10/15/1990,127.75,128.87,127.6,127.75,
10/16/1990,126.57,128.71,126.5,126.57,
10/17/1990,125.03,126.6,124.6,125.03,
10/18/1990,124.4,125.85,123.6,124.4,
10/19/1990,125.95,127.45,123.9,125.95,
10/22/1990,126.05,126.75,125.1,126.05,
10/23/1990,128.22,128.3,125.95,128.22,
10/24/1990,126.5,129.15,126.2,126.5,
10/25/1990,128.25,128.33,126.2,128.25,
10/26/1990,128.15,129,127.45,128.15,
10/29/1990,128.63,128.65,127.15,128.63,
10/30/1990,128.7,130.25,128.4,128.7,
10/31/1990,130.1,130.2,128.78,130.1,
11/1/1990,130.56,131.3,129.9,130.56,
11/2/1990,127.65,130.63,127.65,127.65,
11/5/1990,126.47,127.6,126.35,126.47,
11/6/1990,128.2,128.25,126.25,128.2,
11/7/1990,128.73,129.05,127.1,128.73,
11/8/1990,130.2,130.45,128.8,130.2,
11/9/1990,129.7,131,128.85,129.7,
11/12/1990,128.25,129.95,128,128.25,
11/13/1990,129.64,129.77,127.85,129.64,
11/14/1990,128.98,130.1,128.8,128.98,
11/15/1990,129.6,129.75,128.48,129.6,
11/16/1990,129.4,130.05,128.95,129.4,
11/19/1990,128.72,129.22,128.1,128.72,
11/20/1990,128.85,129.25,128.35,128.85,
11/21/1990,127.1,128.95,127.08,127.1,
11/22/1990,127.04,127.46,126.6,127.04,
11/23/1990,127.05,127.5,126.83,127.05,
11/26/1990,129,129.05,127.17,129,
11/27/1990,128.3,129.18,127.95,128.3,
11/28/1990,130.3,130.4,128.08,130.3,
11/29/1990,133.1,133.65,129.85,133.1,
11/30/1990,132.5,134.6,132.3,132.5,
12/3/1990,134.7,134.77,131.75,134.7,
12/4/1990,132.9,134.75,132.8,132.9,
12/5/1990,133.58,134.6,132.7,133.58,
12/6/1990,132.07,134.6,131.15,132.07,
12/7/1990,130.65,132.85,130.4,130.65,
12/10/1990,132.1,132.3,129.8,132.1,
12/11/1990,132.35,132.45,130.9,132.35,
12/12/1990,131.49,132.35,131.35,131.49,
12/13/1990,132.18,132.35,131,132.18,
12/14/1990,132.9,133.25,131.65,132.9,
12/17/1990,133.1,133.6,132.7,133.1,
12/18/1990,132.5,133.4,132.4,132.5,
12/19/1990,134,134.25,132.27,134,
12/20/1990,135.75,135.93,133.7,135.75,
12/21/1990,135.5,136.55,135.1,135.5,
12/24/1990,135.85,136.2,135,135.85,
12/25/1990,135.8,136.3,135.6,135.8,
12/26/1990,136.23,136.4,135.75,136.23,
12/27/1990,136.35,137.1,136,136.35,
12/28/1990,134.8,136.6,134.7,134.8,
12/31/1990,135.4,136.25,134,135.4,
1/2/1991,134.3,136.15,133.75,134.3,
1/3/1991,132.98,134.5,132.55,132.98,
1/4/1991,134.7,135.25,132.75,134.7,
1/7/1991,136.12,137.45,135.33,136.12,
1/8/1991,136.43,136.92,135.85,136.43,
1/9/1991,136.73,137.1,133.65,136.73,
1/10/1991,134.35,136.9,134.1,134.35,
1/11/1991,133.9,135.25,133.8,133.9,
1/14/1991,135.1,135.9,134,135.1,
1/15/1991,135.7,136.05,134.88,135.7,
1/16/1991,136.75,137.02,135.55,136.75,
1/17/1991,132.35,138.1,131.9,132.35,
1/18/1991,132.3,134.6,132,132.3,
1/21/1991,132.4,133.2,131.5,132.4,
1/22/1991,132.47,132.75,130.9,132.47,
1/23/1991,131.82,133,131.65,131.82,
1/24/1991,132.34,132.6,131.25,132.34,
1/25/1991,132.45,132.75,131.55,132.45,
1/28/1991,131.62,132.8,131.43,131.62,
1/29/1991,132.07,132.35,130.5,132.07,
1/30/1991,131.12,132.4,131,131.12,
1/31/1991,131.21,132.02,130.7,131.21,
2/1/1991,131.55,132.25,130.9,131.55,
2/4/1991,130.6,131.7,130.2,130.6,
2/5/1991,129.53,130.85,129.35,129.53,
2/6/1991,128.13,129.51,127.92,128.13,
2/7/1991,128.41,128.75,127.6,128.41,
2/8/1991,127.7,128.75,127.6,127.7,
2/11/1991,127.69,127.98,127.15,127.69,
2/12/1991,128.63,128.72,127.35,128.63,
2/13/1991,129.57,129.76,128.5,129.57,
2/14/1991,129.68,129.98,129.1,129.68,
2/15/1991,130.45,130.6,129.35,130.45,
2/18/1991,130.25,130.55,129.65,130.25,
2/19/1991,131.62,131.75,130.08,131.62,
2/20/1991,131.4,131.85,130.9,131.4,
2/21/1991,131.25,131.75,130.8,131.25,
2/22/1991,132.12,132.45,130.45,132.12,
2/25/1991,133.56,133.6,131.95,133.56,
2/26/1991,132.85,133.72,132.15,132.85,
2/27/1991,132.23,133.1,131.75,132.23,
2/28/1991,133,133.15,131.7,133,
3/1/1991,134.6,134.7,132.8,134.6,
3/4/1991,135.45,135.9,134.47,135.45,
3/5/1991,136.25,136.3,134.45,136.25,
3/6/1991,135.65,136.85,135.58,135.65,
3/7/1991,135.37,136.3,135.17,135.37,
3/8/1991,136.7,136.85,135.2,136.7,
3/11/1991,138.2,138.7,136.9,138.2,
3/12/1991,135.78,138.38,135.6,135.78,
3/13/1991,135.7,136.95,135,135.7,
3/14/1991,135.95,136.55,135.15,135.95,
3/15/1991,137.82,137.9,135.91,137.82,
3/18/1991,137.93,138.75,137.45,137.93,
3/19/1991,137.7,139.1,137.15,137.7,
3/20/1991,138.23,139.65,137.8,138.23,
3/21/1991,136.8,138.58,136.5,136.8,
3/22/1991,137.5,137.8,136.4,137.5,
3/25/1991,139.1,139.22,136.9,139.1,
3/26/1991,138.75,139.28,137.85,138.75,
3/27/1991,139.5,139.55,137.75,139.5,
3/28/1991,141.13,141.5,139.4,141.13,
3/29/1991,140.7,141.42,140.15,140.7,
4/1/1991,139.3,141,139.25,139.3,
4/2/1991,137.9,139.73,137.5,137.9,
4/3/1991,137.38,138.3,136.95,137.38,
4/4/1991,135.95,137.69,135.45,135.95,
4/5/1991,136.6,136.9,135.45,136.6,
4/8/1991,137.1,137.4,136.42,137.1,
4/9/1991,134.75,137.35,134.53,134.75,
4/10/1991,137.73,138.25,134.45,137.73,
4/11/1991,136,137.7,135.37,136,
4/12/1991,136.25,136.5,135.34,136.25,
4/15/1991,134.2,136.16,133.95,134.2,
4/16/1991,134.73,135.35,133.9,134.73,
4/17/1991,136.11,136.43,134.4,136.11,
4/18/1991,137.76,138,135.75,137.76,
4/19/1991,138.3,138.6,137,138.3,
4/22/1991,139.2,139.5,138.4,139.2,
4/23/1991,137.71,139,137.5,137.71,
4/24/1991,137.8,138.4,137.05,137.8,
4/25/1991,137.66,138.4,137.38,137.66,
4/26/1991,138.25,138.25,137.55,138.25,
4/29/1991,136.75,138.95,136.45,136.75,
4/30/1991,136.03,137.5,135.9,136.03,
5/1/1991,138.07,138.65,136.05,138.07,
5/2/1991,138.1,138.55,137.4,138.1,
5/3/1991,138.8,139.1,137.59,138.8,
5/6/1991,138.16,138.75,137.7,138.16,
5/7/1991,137.8,138.7,137.75,137.8,
5/8/1991,138.25,138.5,137.7,138.25,
5/9/1991,137.93,139.4,137.75,137.93,
5/10/1991,138.6,139.15,138,138.6,
5/13/1991,139.31,139.7,138.7,139.31,
5/14/1991,137.87,139.33,137.45,137.87,
5/15/1991,137.15,139,136.95,137.15,
5/16/1991,137.48,137.8,136.8,137.48,
5/17/1991,138.4,138.65,137.45,138.4,
5/20/1991,138.5,138.85,138,138.5,
5/21/1991,137.2,138.47,137.1,137.2,
5/22/1991,137.8,138.16,137.1,137.8,
5/23/1991,137.77,138.18,137.45,137.77,
5/24/1991,138.25,138.41,137.6,138.25,
5/27/1991,138.3,138.5,138,138.3,
5/28/1991,137.42,138.55,137.38,137.42,
5/29/1991,138.12,138.2,137.02,138.12,
5/30/1991,137.81,138.1,137.4,137.81,
5/31/1991,138.4,138.5,137.68,138.4,
6/3/1991,139.03,139.36,138.15,139.03,
6/4/1991,138.81,139.25,138.38,138.81,
6/5/1991,139.23,139.7,138.6,139.23,
6/6/1991,139.1,139.45,138.9,139.1,
6/7/1991,140.3,140.48,139.06,140.3,
6/10/1991,141.36,142,140.2,141.36,
6/11/1991,141.18,141.72,140.75,141.18,
6/12/1991,141.51,142.1,140.95,141.51,
6/13/1991,141.33,142.1,141.05,141.33,
6/14/1991,140.68,141.45,140.25,140.68,
6/17/1991,140.63,141.3,140.55,140.63,
6/18/1991,141.12,141.6,140.6,141.12,
6/19/1991,140.14,141.24,139.75,140.14,
6/20/1991,138.35,140.28,137.95,138.35,
6/21/1991,138.95,139.3,138.1,138.95,
6/24/1991,138.88,139.85,138.5,138.88,
6/25/1991,138.05,139.1,138.05,138.05,
6/26/1991,138.2,138.6,137.8,138.2,
6/27/1991,137.82,138.7,137.75,137.82,
6/28/1991,137.43,138.33,137.35,137.43,
7/1/1991,138.47,138.8,137.5,138.47,
7/2/1991,138.8,139,138.15,138.8,
7/3/1991,139.6,139.62,138.78,139.6,
7/4/1991,139.12,139.68,138.93,139.12,
7/5/1991,138.3,139.36,138,138.3,
7/8/1991,138.53,138.88,138.15,138.53,
7/9/1991,138.83,139.02,138.2,138.83,
7/10/1991,138.6,138.9,138.37,138.6,
7/11/1991,138.65,138.87,138,138.65,
7/12/1991,136.45,139.05,136,136.45,
7/15/1991,136.95,137.35,136.23,136.95,
7/16/1991,137.21,137.25,136.5,137.21,
7/17/1991,136.9,137.3,136.55,136.9,
7/18/1991,136.95,137.75,136.2,136.95,
7/19/1991,136.3,137.55,136.25,136.3,
7/22/1991,137.6,137.85,136,137.6,
7/23/1991,137.11,137.7,136.56,137.11,
7/24/1991,137.41,137.65,136.5,137.41,
7/25/1991,138.8,139.05,137.3,138.8,
7/26/1991,137.65,139,137.35,137.65,
7/29/1991,137.75,138.4,137.6,137.75,
7/30/1991,137.78,138,137.4,137.78,
7/31/1991,137.3,137.95,137.1,137.3,
8/1/1991,137.55,137.95,136.95,137.55,
8/2/1991,137.15,138.05,136.5,137.15,
8/5/1991,136.63,137.6,136.5,136.63,
8/6/1991,135.58,136.85,135.2,135.58,
8/7/1991,135.85,136.25,135.5,135.85,
8/8/1991,136.2,136.56,135.23,136.2,
8/9/1991,136.55,136.92,135.9,136.55,
8/12/1991,136.48,136.8,136.15,136.48,
8/13/1991,136.38,136.65,136.17,136.38,
8/14/1991,136.64,136.8,136.2,136.64,
8/15/1991,137.03,137.3,136,137.03,
8/16/1991,137.35,137.5,136.6,137.35,
8/19/1991,138.05,138.35,137.12,138.05,
8/20/1991,137.2,138.35,136.85,137.2,
8/21/1991,136.38,137.78,136.25,136.38,
8/22/1991,136.7,137,136.25,136.7,
8/23/1991,136.85,137.21,136.48,136.85,
8/26/1991,136.82,137.08,136.75,136.82,
8/27/1991,136.9,137.38,136.75,136.9,
8/28/1991,136.5,137.2,136.4,136.5,
8/29/1991,137.1,137.4,136.3,137.1,
8/30/1991,136.78,137.19,136.5,136.78,
9/2/1991,136.7,136.88,136.6,136.7,
9/3/1991,135.8,136.86,135.7,135.8,
9/4/1991,135.42,136.18,135,135.42,
9/5/1991,135.8,135.9,134.93,135.8,
9/6/1991,135.55,136.5,135.5,135.55,
9/9/1991,134.62,135.6,134.45,134.62,
9/10/1991,134.69,135,134.22,134.69,
9/11/1991,134.67,135.18,134.65,134.67,
9/12/1991,134.1,134.72,133.6,134.1,
9/13/1991,134,134.4,133.5,134,
9/16/1991,133.6,134.36,133.45,133.6,
9/17/1991,133.83,133.95,133.36,133.83,
9/18/1991,134.34,134.75,133.75,134.34,
9/19/1991,134.45,134.67,134.15,134.45,
9/20/1991,134.17,134.95,133.98,134.17,
9/23/1991,132.78,134.27,132.45,132.78,
9/24/1991,133.55,133.75,132.4,133.55,
9/25/1991,133.18,133.58,132.82,133.18,
9/26/1991,133.8,133.98,133.1,133.8,
9/27/1991,133.1,134,132.95,133.1,
9/30/1991,133.03,133.1,132.4,133.03,
10/1/1991,133.4,133.45,132.78,133.4,
10/2/1991,132.53,133.37,132.2,132.53,
10/3/1991,130.55,132.75,130.48,130.55,
10/4/1991,129.6,130.55,129.2,129.6,
10/7/1991,129.61,129.75,129.05,129.61,
10/8/1991,130.35,130.4,129.22,130.35,
10/9/1991,129.78,130.88,129.65,129.78,
10/10/1991,130.3,130.9,129.25,130.3,
10/11/1991,129.52,130.8,129.4,129.52,
10/14/1991,129.65,130.2,128.5,129.65,
10/15/1991,130,130.3,129.3,130,
10/16/1991,130.07,130.4,129.68,130.07,
10/17/1991,129.35,130.2,129.1,129.35,
10/18/1991,129.85,130.08,128.85,129.85,
10/21/1991,130.81,130.85,129.5,130.81,
10/22/1991,131.4,131.5,130.32,131.4,
10/23/1991,131.65,131.8,131.1,131.65,
10/24/1991,131.3,131.66,130.9,131.3,
10/25/1991,131.5,131.5,131.05,131.5,
10/28/1991,132.23,132.44,131.4,132.23,
10/29/1991,130.58,132.6,130.3,130.58,
10/30/1991,130.95,131.45,130.5,130.95,
10/31/1991,130.8,131.3,130.35,130.8,
11/1/1991,129.7,130.9,129.65,129.7,
11/4/1991,129.15,129.92,128.7,129.15,
11/5/1991,130.02,130.2,129.65,130.02,
11/6/1991,129.93,130.48,129.5,129.93,
11/7/1991,129.9,130,129.45,129.9,
11/8/1991,130.35,130.5,129.95,130.35,
11/11/1991,129.97,130.7,129.85,129.97,
11/12/1991,129.97,130.12,129.25,129.97,
11/13/1991,130.07,130.15,129.55,130.07,
11/14/1991,129.57,129.9,129.45,129.57,
11/15/1991,129.3,130.22,129.2,129.3,
11/18/1991,129.65,129.9,128.6,129.65,
11/19/1991,129.88,130,129.2,129.88,
11/20/1991,129.65,129.89,129.3,129.65,
11/21/1991,129.55,129.78,129.28,129.55,
11/22/1991,129.4,129.83,129.12,129.4,
11/25/1991,127.9,129.38,127.58,127.9,
11/26/1991,130.2,131.45,127.7,130.2,
11/27/1991,129.86,130.35,129,129.86,
11/28/1991,129.75,130.25,129.5,129.75,
11/29/1991,129.97,130.32,129.65,129.97,
12/2/1991,130.13,130.15,129.67,130.13,
12/3/1991,129.35,130.15,128.5,129.35,
12/4/1991,129.08,129.58,128.9,129.08,
12/5/1991,128.69,129.1,128.5,128.69,
12/6/1991,127.88,128.81,127.75,127.88,
12/9/1991,128.25,128.4,127.79,128.25,
12/10/1991,128.68,128.9,127.85,128.68,
12/11/1991,129.3,129.7,128.5,129.3,
12/12/1991,129.3,129.4,128.7,129.3,
12/13/1991,129.03,129.24,127.85,129.03,
12/16/1991,128.38,129.2,128.15,128.38,
12/17/1991,128.25,128.55,128,128.25,
12/18/1991,128.38,128.55,128.15,128.38,
12/19/1991,128.13,128.7,128.05,128.13,
12/20/1991,127.5,128.6,127.35,127.5,
12/23/1991,126.7,127.7,126.09,126.7,
12/24/1991,127.55,127.55,126.55,127.55,
12/25/1991,126.95,127.5,126.55,126.95,
12/26/1991,126.4,126.95,126.3,126.4,
12/27/1991,125.85,126.7,125.43,125.85,
12/30/1991,125.55,126.6,125.3,125.55,
12/31/1991,124.8,125.96,124.6,124.8,
1/1/1992,124.8,124.9,124.8,124.8,
1/2/1992,124.35,124.97,123.73,124.35,
1/3/1992,124.62,125.02,124.48,124.62,
1/6/1992,123.35,124.8,123.23,123.35,
1/7/1992,124.05,124.9,122.7,124.05,
1/8/1992,124.3,125.4,123.23,124.3,
1/9/1992,125.8,126.45,124,125.8,
1/10/1992,126.93,127.35,125.45,126.93,
1/13/1992,127,127.06,125.9,127,
1/14/1992,126.88,127.05,125.8,126.88,
1/15/1992,128.5,129.37,126.3,128.5,
1/16/1992,128.15,128.6,127.65,128.15,
1/17/1992,124.1,128.5,124.1,124.1,
1/20/1992,123.3,124.5,121.95,123.3,
1/21/1992,123.55,123.85,122.55,123.55,
1/22/1992,123.3,123.8,123,123.3,
1/23/1992,123.8,124.45,123,123.8,
1/24/1992,123.5,124.65,123.05,123.5,
1/27/1992,125.2,125.42,124.37,125.2,
1/28/1992,125.7,125.98,125,125.7,
1/29/1992,125.65,125.8,124.75,125.65,
1/30/1992,125.7,125.95,125.2,125.7,
1/31/1992,125.78,126,124.85,125.78,
2/3/1992,126.18,126.4,125.3,126.18,
2/4/1992,126.15,126.6,125.9,126.15,
2/5/1992,125.45,126.28,125.4,125.45,
2/6/1992,125.7,125.82,125.2,125.7,
2/7/1992,125.31,125.83,124.69,125.31,
2/10/1992,126.7,126.9,125.1,126.7,
2/11/1992,127.35,127.6,126.45,127.35,
2/12/1992,127.4,127.77,126.68,127.4,
2/13/1992,127.64,128.05,126.9,127.64,
2/14/1992,127.85,128.05,127.33,127.85,
2/17/1992,126.93,128.3,126.3,126.93,
2/18/1992,127.95,128.1,126.55,127.95,
2/19/1992,128.15,128.5,127.55,128.15,
2/20/1992,128.5,128.95,127.2,128.5,
2/21/1992,128.88,128.95,128.25,128.88,
2/24/1992,129.15,129.48,128.23,129.15,
2/25/1992,129.75,129.95,129,129.75,
2/26/1992,129.1,130,129.05,129.1,
2/27/1992,129.05,129.6,128.7,129.05,
2/28/1992,129.45,129.57,128.73,129.45,
3/2/1992,129.65,129.75,129.35,129.65,
3/3/1992,131.05,131.07,129.55,131.05,
3/4/1992,131.55,132.15,130.1,131.55,
3/5/1992,131.85,132.43,131.59,131.85,
3/6/1992,131.75,132.02,130.9,131.75,
3/9/1992,131.85,132.21,131.05,131.85,
3/10/1992,132.8,133,131.6,132.8,
3/11/1992,133.39,134.35,132.8,133.39,
3/12/1992,134.15,134.65,133.3,134.15,
3/13/1992,133.63,134.75,132.95,133.63,
3/16/1992,133.77,134.54,133.55,133.77,
3/17/1992,132.75,133.97,132.63,132.75,
3/18/1992,132.33,133.41,131.75,132.33,
3/19/1992,133.53,133.75,132.07,133.53,
3/20/1992,133.8,134.65,132.52,133.8,
3/23/1992,133.3,134.33,133.25,133.3,
3/24/1992,133.53,134.23,133.27,133.53,
3/25/1992,133.45,134.1,133.1,133.45,
3/26/1992,133.95,134.15,132.65,133.95,
3/27/1992,133,134.2,132.8,133,
3/30/1992,132.8,133.7,132.5,132.8,
3/31/1992,132.75,133.37,132.55,132.75,
4/1/1992,134.5,134.9,132.25,134.5,
4/2/1992,133.7,135,133.55,133.7,
4/3/1992,133.4,134.3,133,133.4,
4/6/1992,133.14,133.7,132.53,133.14,
4/7/1992,133.28,133.75,132.8,133.28,
4/8/1992,132.58,133.55,131.68,132.58,
4/9/1992,132.07,133.1,131.85,132.07,
4/10/1992,132.85,133.2,131.9,132.85,
4/13/1992,133.07,133.55,132.69,133.07,
4/14/1992,133,133.3,132.7,133,
4/15/1992,133.38,133.42,132.95,133.38,
4/16/1992,133.93,133.99,133.15,133.93,
4/17/1992,133.9,134.2,133.6,133.9,
4/20/1992,134.3,134.45,133.8,134.3,
4/21/1992,134.2,134.7,133.9,134.2,
4/22/1992,134.2,134.59,133.9,134.2,
4/23/1992,134.55,134.88,133.95,134.55,
4/24/1992,134.4,134.8,133.95,134.4,
4/27/1992,133.01,135,132.8,133.01,
4/28/1992,133.1,133.45,132.55,133.1,
4/29/1992,133.55,133.67,133.02,133.55,
4/30/1992,133.15,133.7,133.05,133.15,
5/1/1992,132.55,133.28,132.5,132.55,
5/4/1992,133.22,133.43,132.25,133.22,
5/5/1992,132.82,133.45,132.65,132.82,
5/6/1992,132.22,132.9,132.05,132.22,
5/7/1992,132.42,132.82,131.95,132.42,
5/8/1992,133.35,133.7,132.1,133.35,
5/11/1992,132.9,133.4,132.83,132.9,
5/12/1992,130.58,133,130.2,130.58,
5/13/1992,129.6,130.95,129.4,129.6,
5/14/1992,130.4,130.5,129.4,130.4,
5/15/1992,129.73,130.7,129.6,129.73,
5/18/1992,129.6,129.75,128.55,128.71,
5/19/1992,128.85,129.25,128.25,129.2,
5/20/1992,129.39,129.66,129,129.5,
5/21/1992,129.58,130.38,129.45,130.22,
5/22/1992,130.18,130.22,129.1,129.15,
5/25/1992,129.11,129.45,128.82,129.3,
5/26/1992,129.24,129.68,128.75,129.61,
5/27/1992,129.45,130.37,129.32,130.07,
5/28/1992,130.05,130.26,129.35,129.47,
5/29/1992,129.28,129.33,127.45,127.65,
6/1/1992,127.56,127.75,126.6,126.95,
6/2/1992,126.95,128,126.92,127.63,
6/3/1992,127.63,127.88,126.65,127.51,
6/4/1992,127.52,128.3,127,127.18,
6/5/1992,127.15,127.55,126.52,126.75,
6/8/1992,126.6,127.3,126.45,127.2,
6/9/1992,127.12,127.6,126.7,127.5,
6/10/1992,127.48,127.85,127.2,127.45,
6/11/1992,127.45,127.7,126.15,126.4,
6/12/1992,126.3,126.8,126.15,126.6,
6/15/1992,126.6,127.15,126.4,126.8,
6/16/1992,126.79,127.1,126.33,126.46,
6/17/1992,126.43,127.4,126.15,127.3,
6/18/1992,127.33,127.75,126.4,126.82,
6/19/1992,126.91,127.23,126.6,127.01,
6/22/1992,127.13,127.55,127,127.06,
6/23/1992,127.01,127.4,126.8,127.25,
6/24/1992,127.29,127.35,126.2,126.32,
6/25/1992,126.34,126.73,124.95,125.1,
6/26/1992,125.13,126,125.1,125.65,
6/29/1992,125.6,125.88,124.55,125.64,
6/30/1992,125.68,126.2,125.2,125.55,
7/1/1992,125.54,125.65,124.65,125.35,
7/2/1992,125.27,125.3,123.4,124.43,
7/3/1992,124.46,125.07,124.02,124.74,
7/6/1992,124.94,125.15,124.05,124.22,
7/7/1992,124.26,124.7,123.7,124,
7/8/1992,123.94,125.05,123.65,124.72,
7/9/1992,124.71,125.85,124.3,125.58,
7/10/1992,125.51,125.85,125.05,125.25,
7/13/1992,125.14,125.39,124.7,124.81,
7/14/1992,124.82,125.33,124.45,125.15,
7/15/1992,125.22,125.48,124.85,125.08,
7/16/1992,125.13,125.65,124.6,125.39,
7/17/1992,125.39,125.5,124.25,124.3,
7/20/1992,124.32,125.5,123.95,125.28,
7/21/1992,125.3,125.85,124.94,125.2,
7/22/1992,125.18,127.2,125.1,126.58,
7/23/1992,126.7,126.97,126.15,126.7,
7/24/1992,126.65,128.15,126.41,128.1,
7/27/1992,127.7,128.38,127.2,127.41,
7/28/1992,127.37,128.3,127,127.4,
7/29/1992,127.42,128.05,127.2,127.88,
7/30/1992,127.84,127.95,127.35,127.54,
7/31/1992,127.58,127.72,126.85,127.05,
8/3/1992,127.05,127.37,126.95,127.15,
8/4/1992,127.1,127.45,127.05,127.24,
8/5/1992,127.3,127.66,127.14,127.63,
8/6/1992,127.65,127.82,127.26,127.56,
8/7/1992,127.58,128.01,127.3,127.5,
8/10/1992,127.4,128.18,127.4,128.03,
8/11/1992,128.02,128.15,127.57,127.91,
8/12/1992,127.91,128,127.08,127.23,
8/13/1992,127.26,127.55,126.35,126.43,
8/14/1992,126.47,127.65,125.8,125.95,
8/17/1992,126.15,126.47,125.55,125.78,
8/18/1992,125.82,126.45,125.6,126.23,
8/19/1992,126.22,126.7,126.15,126.62,
8/20/1992,126.55,126.62,126,126.5,
8/21/1992,126.5,126.6,125.5,125.5,
8/24/1992,125.56,125.56,124.28,124.55,
8/25/1992,124.56,125.06,124.35,124.56,
8/26/1992,124.63,125.25,124.6,125.2,
8/27/1992,125.18,125.36,124.55,124.75,
8/28/1992,124.73,124.9,122.95,122.95,
8/31/1992,122.79,123.5,122.6,123.05,
9/1/1992,123.03,123.3,122.6,122.65,
9/2/1992,122.65,123.28,122.1,123.23,
9/3/1992,123.2,124.45,122.85,123.88,
9/4/1992,123.85,124.75,122.9,122.95,
9/7/1992,123.1,123.6,123,123.5,
9/8/1992,122.8,123.67,122.5,122.8,
9/9/1992,122.77,123.35,122.45,123.24,
9/10/1992,123.28,123.76,122.75,123.75,
9/11/1992,123.7,124.45,122.85,124.28,
9/14/1992,124.93,125.2,123.95,124.15,
9/15/1992,124.2,124.4,123.5,124.4,
9/16/1992,124.45,125.65,124.1,125.05,
9/17/1992,125.1,125.2,124.1,124.26,
9/18/1992,124.35,124.7,124.2,124.4,
9/21/1992,124.05,124.3,123.5,123.6,
9/22/1992,123.62,123.68,120.65,121,
9/23/1992,121.12,122.05,119.5,120.2,
9/24/1992,120.05,121.15,119.55,120.4,
9/25/1992,120.25,121.15,120.05,120.85,
9/28/1992,120.55,120.58,119,119.55,
9/29/1992,119.57,119.8,119.1,119.28,
9/30/1992,119.23,120.25,118.55,119.8,
10/1/1992,119.75,120.65,119.55,119.63,
10/2/1992,119.59,120.28,119.1,119.33,
10/5/1992,119,120.05,118.75,119.82,
10/6/1992,119.85,120.02,119.35,119.65,
10/7/1992,119.68,120.5,119.33,120.4,
10/8/1992,120.35,122.15,120.2,121.85,
10/9/1992,121.82,122.05,121.25,121.8,
10/12/1992,121.45,121.57,120.5,120.95,
10/13/1992,120.88,121.9,120.65,121.15,
10/14/1992,121.15,121.35,120.75,120.8,
10/15/1992,120.83,120.84,120.05,120.5,
10/16/1992,120.55,120.73,119.25,119.4,
10/19/1992,119.63,120.71,119.5,120.66,
10/20/1992,120.63,122.6,120.4,122.4,
10/21/1992,122.23,122.99,121.45,122.6,
10/22/1992,122.47,122.6,120.3,120.8,
10/23/1992,120.73,122.2,120.05,121.55,
10/26/1992,121.68,122.63,121.38,121.88,
10/27/1992,122.02,122.65,121.7,122.14,
10/28/1992,122.15,123.55,121.6,123.21,
10/29/1992,123.09,123.42,122.75,123.2,
10/30/1992,123.13,123.75,122.9,123.43,
11/2/1992,123.35,123.95,123.35,123.5,
11/3/1992,123.54,123.95,121.75,122.41,
11/4/1992,122.27,123.35,122,122.9,
11/5/1992,123.05,123.28,122.4,122.85,
11/6/1992,122.83,123.5,122.6,123.4,
11/9/1992,123.43,124.3,123.3,124.15,
11/10/1992,124.22,124.57,123.98,124.1,
11/11/1992,123.98,124.25,123.5,123.91,
11/12/1992,123.82,124.2,123.65,123.83,
11/13/1992,123.9,124.15,123.4,124.08,
11/16/1992,124.12,124.85,124,124.69,
11/17/1992,124.65,124.87,124.2,124.32,
11/18/1992,124.32,124.45,123.5,123.65,
11/19/1992,123.6,123.95,123.15,123.35,
11/20/1992,123.38,124.55,123.2,124.3,
11/23/1992,124.22,124.45,123.9,124.01,
11/24/1992,123.95,124.3,123.7,123.81,
11/25/1992,123.77,123.92,123.45,123.69,
11/26/1992,123.67,124.16,123.57,124.05,
11/27/1992,124.04,124.53,123.9,124.35,
11/30/1992,124.34,125.08,124.23,124.67,
12/1/1992,124.55,124.85,124.05,124.1,
12/2/1992,124.2,124.57,124,124.47,
12/3/1992,124.43,124.71,124.25,124.59,
12/4/1992,124.56,124.95,124.4,124.93,
12/7/1992,124.92,125.06,123.12,123.72,
12/8/1992,123.8,124.2,123.5,123.74,
12/9/1992,123.85,124.31,123.6,124.01,
12/10/1992,124.1,124.45,123.2,123.69,
12/11/1992,123.6,124.14,123.4,123.85,
12/14/1992,123.7,124.03,123.5,123.69,
12/15/1992,123.67,124.1,123.6,123.93,
12/16/1992,123.99,124.2,122.65,122.9,
12/17/1992,122.97,123.35,122.5,122.83,
12/18/1992,122.85,123.35,122.82,123.05,
12/21/1992,123.05,123.35,122.83,123,
12/22/1992,123,123.8,122.85,123.65,
12/23/1992,123.73,123.91,123.35,123.8,
12/24/1992,123.8,123.94,123.5,123.9,
12/25/1992,123.9,123.95,123.55,123.65,
12/28/1992,123.6,125.15,123.6,124.87,
12/29/1992,124.8,124.9,124.45,124.68,
12/30/1992,124.65,124.78,124.15,124.55,
12/31/1992,124.55,124.83,124.35,124.8,
1/4/1993,124.85,125.45,124.7,125.3,
1/5/1993,125.28,125.4,124.58,124.8,
1/6/1993,124.83,125.28,124.7,125.09,
1/7/1993,125.11,125.37,124.8,125.18,
1/8/1993,125.2,125.48,125.05,125.37,
1/11/1993,125.15,125.37,124.82,125.14,
1/12/1993,125.14,125.45,124.85,125.22,
1/13/1993,125.25,126.21,125.2,125.57,
1/14/1993,125.61,125.9,125.38,125.84,
1/15/1993,125.84,126.1,125.65,126.02,
1/18/1993,125.76,125.87,125.3,125.46,
1/19/1993,125.4,125.65,125.25,125.4,
1/20/1993,125.42,125.53,124.5,124.64,
1/21/1993,124.6,125.26,124.48,124.88,
1/22/1993,124.88,125.45,124.75,125.07,
1/25/1993,124.83,125.1,122.75,123.3,
1/26/1993,123.35,123.95,123.05,123.57,
1/27/1993,123.5,124.3,123.45,124.05,
1/28/1993,124.1,124.43,123.8,124.2,
1/29/1993,124.26,125.08,123.75,124.6,
2/1/1993,124.55,125.13,124.52,125.06,
2/2/1993,125,125.22,124.2,124.62,
2/3/1993,124.65,124.87,123.8,124.39,
2/4/1993,124.4,124.75,124.05,124.69,
2/5/1993,124.75,124.85,124.14,124.4,
2/8/1993,124.33,124.65,123.6,123.77,
2/9/1993,123.75,124,121,121.15,
2/10/1993,121.15,121.75,120.6,121.15,
2/11/1993,121.36,122.05,119.5,121.2,
2/12/1993,121.13,121.15,120,120.6,
2/15/1993,120.87,121.37,120.3,120.97,
2/16/1993,121.1,121.28,119.58,119.97,
2/17/1993,119.9,120.25,119.05,119.61,
2/18/1993,119.55,120.05,119,119.13,
2/19/1993,119.05,119.45,118.15,118.2,
2/22/1993,118.07,118.48,115.85,116.27,
2/23/1993,116.25,117.25,115.95,117,
2/24/1993,117.1,117.68,116.52,117.56,
2/25/1993,117.65,118.03,117.08,117.3,
2/26/1993,117.4,118.4,117.32,118.15,
3/1/1993,118.65,119.1,117.99,118.77,
3/2/1993,118.8,118.8,117.3,117.55,
3/3/1993,117.45,117.66,116.3,116.63,
3/4/1993,116.6,117.23,116.05,116.75,
3/5/1993,116.88,117.85,116.15,117.55,
3/8/1993,117.5,117.58,116.4,116.75,
3/9/1993,116.65,118.15,116.23,117.69,
3/10/1993,117.58,118.53,117.5,117.98,
3/11/1993,117.85,118.3,117.37,117.59,
3/12/1993,117.57,118.15,117.2,118,
3/15/1993,118.1,118.65,117.73,118.6,
3/16/1993,118.61,118.66,116.55,117.05,
3/17/1993,117,117.6,116.6,117.19,
3/18/1993,117.13,117.35,115.55,115.66,
3/19/1993,115.85,116.29,115.55,116.05,
3/22/1993,116.11,117.78,115.25,115.59,
3/23/1993,115.62,116.2,115,115.89,
3/24/1993,115.96,117.9,115.6,117.55,
3/25/1993,117.51,117.61,116.78,117.27,
3/26/1993,117.27,117.36,116.2,116.45,
3/29/1993,116.25,117.25,116.19,116.75,
3/30/1993,116.71,117,116.5,116.55,
3/31/1993,116.55,116.6,114.55,114.73,
4/1/1993,114.73,115.2,113.7,114.1,
4/2/1993,114.08,114.55,113.4,113.63,
4/5/1993,113.56,114.05,113.25,113.63,
4/6/1993,113.57,114.7,113.35,113.93,
4/7/1993,113.95,114.27,113.36,113.5,
4/8/1993,113.55,113.8,112.85,113.3,
4/9/1993,113.3,113.65,113,113.1,
4/12/1993,113.15,113.15,112.65,112.72,
4/13/1993,112.7,113.6,112.5,113.47,
4/14/1993,113.45,113.93,113.05,113.67,
4/15/1993,113.69,114.08,112.65,113.2,
4/16/1993,113.12,113.3,112.05,112.2,
4/19/1993,111.6,111.8,110.65,111,
4/20/1993,111.07,111.4,110.1,110.43,
4/21/1993,110.38,111.4,109.8,110.6,
4/22/1993,110.6,111.68,109.45,109.8,
4/23/1993,110.15,111.6,109.7,110.65,
4/26/1993,110.25,110.65,110.07,110.53,
4/27/1993,110.52,111.97,109.15,111.88,
4/28/1993,111.77,112.45,111.57,111.92,
4/29/1993,111.77,112.15,110.8,111.12,
4/30/1993,111.15,111.68,110.52,111.05,
5/3/1993,110.87,111.18,110.6,110.76,
5/4/1993,110.76,110.8,109.9,110.04,
5/5/1993,110.04,110.49,109.85,110.19,
5/6/1993,110.15,110.47,109.75,109.82,
5/7/1993,109.75,110.42,109.45,110.3,
5/10/1993,110.28,112,110.1,111.62,
5/11/1993,111.61,111.78,111,111.35,
5/12/1993,111.25,112,111.06,111.4,
5/13/1993,111.35,111.91,111.32,111.85,
5/14/1993,111.8,112.32,110.58,110.65,
5/17/1993,111.07,111.43,110.45,111.3,
5/18/1993,111.29,111.9,111.1,111.41,
5/19/1993,111.47,111.78,109.9,110.7,
5/20/1993,110.7,110.92,110.15,110.65,
5/21/1993,110.55,110.63,109.9,110.4,
5/24/1993,110.35,110.8,110.2,110.63,
5/25/1993,110.62,110.68,109.05,109.2,
5/26/1993,109.16,109.28,108.35,108.47,
5/27/1993,109.16,109.28,107.05,107.32,
5/28/1993,107.41,107.75,106.77,106.9,
5/31/1993,107.41,107.75,106.8,107.12,
6/1/1993,107.01,107.37,106.45,106.9,
6/2/1993,106.95,107.7,106.75,107.05,
6/3/1993,107.3,107.95,107,107.15,
6/4/1993,107.15,107.96,106.6,107.76,
6/7/1993,107.88,107.98,107,107.19,
6/8/1993,107.13,107.2,105.9,106.13,
6/9/1993,106.15,106.7,106,106.42,
6/10/1993,106.47,106.6,105.75,105.95,
6/11/1993,105.9,106.63,105.75,106.05,
6/14/1993,106.03,106.03,105,105.04,
6/15/1993,105,105.95,104.75,105.9,
6/16/1993,105.94,106.8,105.45,106.6,
6/17/1993,106.53,107.5,106.45,107.21,
6/18/1993,107.29,110.13,107,109.5,
6/21/1993,109.65,111.8,109.25,110.62,
6/22/1993,110.48,111.63,110.2,110.91,
6/23/1993,110.73,111.18,108.6,108.67,
6/24/1993,108.77,109.3,108,108.5,
6/25/1993,108.63,108.8,105.8,106.2,
6/28/1993,105.65,106.3,105.65,106.25,
6/29/1993,106.5,107.9,105.8,106.34,
6/30/1993,106.5,107.31,105.2,107.31,
7/1/1993,107.35,108.35,106.25,107.57,
7/2/1993,107.6,108.75,106.9,108.5,
7/5/1993,108.85,109.25,108.4,109.04,
7/6/1993,108.9,109.25,107.65,108.91,
7/7/1993,108.95,109,106.7,107.48,
7/8/1993,107.55,109.05,106.65,108.48,
7/9/1993,108.35,109.99,107.7,109.9,
7/12/1993,110.53,110.53,109.2,109.35,
7/13/1993,109.3,109.35,107.8,107.8,
7/14/1993,107.96,108.9,106.92,107.03,
7/15/1993,107.1,108.4,107,108.21,
7/16/1993,108.22,108.8,107.35,107.5,
7/19/1993,107.75,108.6,107.45,108.4,
7/20/1993,108.38,108.9,107.98,108.14,
7/21/1993,108.03,108.7,107.88,108.1,
7/22/1993,108.14,108.48,105.1,105.52,
7/23/1993,106.3,107.4,106.3,106.9,
7/26/1993,106.65,107.18,106.15,106.7,
7/27/1993,106.63,106.95,105.95,106.15,
7/28/1993,106.18,106.4,104.75,106,
7/29/1993,106.07,106.55,105.55,106.43,
7/30/1993,106.38,106.39,104.2,105,
8/2/1993,104.6,105.3,104.05,104.21,
8/3/1993,104.22,104.7,103.95,104.36,
8/4/1993,104.55,105.1,104.3,104.85,
8/5/1993,104.91,105.25,103.79,104.29,
8/6/1993,104.31,105,103.97,104.41,
8/9/1993,104.5,104.95,104.38,104.89,
8/10/1993,104.88,104.95,104.23,104.56,
8/11/1993,104.57,104.68,103.45,103.63,
8/12/1993,103.6,103.73,102.83,103.06,
8/13/1993,103.03,103.06,101.7,101.95,
8/16/1993,101.73,101.8,100.73,101.5,
8/17/1993,101.44,102.43,100.2,100.98,
8/18/1993,101,102.23,100.95,101.57,
8/19/1993,101.56,106.75,101,105.75,
8/20/1993,105.68,105.68,104.02,104.35,
8/23/1993,104.05,104.34,102.9,103.02,
8/24/1993,103.08,104,102.85,103.71,
8/25/1993,103.77,105.23,103.5,104.96,
8/26/1993,104.9,105.58,104.05,104.35,
8/27/1993,104.57,104.88,103.55,103.7,
8/30/1993,103.7,104.25,103.5,103.72,
8/31/1993,103.78,104.83,103.75,104.72,
9/1/1993,104.9,105.78,104.5,105.38,
9/2/1993,105.44,105.98,104.9,105.85,
9/3/1993,105.75,105.95,104.25,104.55,
9/6/1993,104.73,104.9,104,104.45,
9/7/1993,104.52,104.65,103.35,104.12,
9/8/1993,104.1,105.65,103.98,105.45,
9/9/1993,105.65,105.75,104,105.3,
9/10/1993,105.45,106.79,105.25,105.97,
9/13/1993,105.92,106.68,105.67,106.3,
9/14/1993,106.22,106.25,105.3,105.8,
9/15/1993,105.82,106.55,105.4,105.72,
9/16/1993,105.42,105.42,103.8,104.05,
9/17/1993,104.2,104.67,104.05,104.42,
9/20/1993,104.66,104.79,103.79,104.5,
9/21/1993,104.52,107.3,104.21,106.62,
9/22/1993,106.62,106.69,105.75,106.25,
9/23/1993,106.23,106.55,105.6,105.78,
9/24/1993,105.76,106.3,105.6,105.9,
9/27/1993,105.93,106.45,105.6,106.21,
9/28/1993,106.21,106.23,104.75,104.99,
9/29/1993,104.97,105.48,104.75,105.01,
9/30/1993,105.1,106.23,104.75,106.16,
10/1/1993,106.05,106.7,105.8,105.97,
10/4/1993,106.15,106.38,105.45,105.6,
10/5/1993,105.71,105.92,105.1,105.85,
10/6/1993,105.85,106,105.3,105.64,
10/7/1993,105.62,105.64,104.77,104.95,
10/8/1993,104.92,106.25,104.85,106.15,
10/11/1993,105.96,106.5,105.8,106.15,
10/12/1993,106.13,106.2,105.6,105.96,
10/13/1993,105.86,106.03,105.55,105.83,
10/14/1993,105.81,107.48,105.7,107.3,
10/15/1993,107.2,107.29,106.77,107.1,
10/18/1993,106.92,107.7,106.8,107.47,
10/19/1993,107.5,107.55,106.8,107.07,
10/20/1993,107.02,107.65,106.6,107.35,
10/21/1993,107.25,108.4,107,108.07,
10/22/1993,108.16,108.6,107.89,108,
10/25/1993,108.14,108.8,108.05,108.6,
10/26/1993,108.62,108.72,107.88,108.2,
10/27/1993,108.2,108.95,107.98,108.68,
10/28/1993,108.72,108.85,107.25,108.11,
10/29/1993,108.05,108.6,107.9,108.57,
11/1/1993,108.55,108.8,108.05,108.15,
11/2/1993,108.18,108.55,107.45,107.75,
11/3/1993,107.7,107.88,107,107.6,
11/4/1993,107.65,108.37,107.42,108.13,
11/5/1993,108.15,108.57,107.9,108.22,
11/8/1993,108.26,108.43,107.75,107.83,
11/9/1993,107.75,108.29,107.55,107.9,
11/10/1993,107.9,108.16,106.75,107.1,
11/11/1993,107.08,107.25,106.2,106.35,
11/12/1993,106.35,106.65,105.5,105.75,
11/15/1993,105.98,107.05,105.5,106.66,
11/16/1993,106.6,107,106.2,106.73,
11/17/1993,106.75,107.49,106.7,106.8,
11/18/1993,106.79,107.38,106.5,107.27,
11/19/1993,107.3,108.73,107.08,108.45,
11/22/1993,108.3,108.7,108.04,108.46,
11/23/1993,108.41,109.2,108.08,108.65,
11/24/1993,108.33,108.42,107.8,108.13,
11/25/1993,108.15,108.53,108,108.32,
11/26/1993,108.31,108.9,108.2,108.8,
11/29/1993,108.83,109.6,108.73,109.2,
11/30/1993,109.15,109.3,108.7,109.06,
12/1/1993,109,109.1,108.4,108.75,
12/2/1993,108.75,108.89,108.3,108.83,
12/3/1993,108.78,109.03,108,108.55,
12/6/1993,108.51,108.53,107.75,107.86,
12/7/1993,107.82,108.02,107.3,107.45,
12/8/1993,107.44,109,107.44,108.85,
12/9/1993,108.87,109.05,108.5,108.63,
12/10/1993,108.6,109.25,108.37,109.16,
12/13/1993,109.11,109.2,108.8,108.93,
12/14/1993,108.93,109.45,108.6,109.34,
12/15/1993,109.4,109.86,109.18,109.77,
12/16/1993,109.79,110.05,109.35,109.5,
12/17/1993,109.53,110.25,109.17,110.15,
12/20/1993,110.03,110.8,109.82,110.59,
12/21/1993,110.57,111.2,110.38,111.1,
12/22/1993,111.14,111.65,110.1,110.35,
12/23/1993,110.32,111.05,110.05,110.6,
12/24/1993,110.58,111.15,110.2,110.75,
12/27/1993,110.6,111.51,110.6,111.4,
12/28/1993,111.4,111.65,111,111.39,
12/29/1993,111.32,111.85,111.28,111.73,
12/30/1993,111.79,112.07,111.55,111.8,
12/31/1993,111.75,112,111.44,111.8,
1/3/1994,111.7,112.72,111.55,112.62,
1/4/1994,112.68,113.45,112.2,112.62,
1/5/1994,112.6,113.58,112.3,112.95,
1/6/1994,113.02,113.4,112.25,112.6,
1/7/1994,112.55,112.75,111.5,111.83,
1/10/1994,111.8,112.4,111.35,112.23,
1/11/1994,112.18,112.86,112.05,112.37,
1/12/1994,112.38,112.8,111.95,112.25,
1/13/1994,112.15,112.65,111.58,111.79,
1/14/1994,111.76,111.95,110.77,110.9,
1/17/1994,111.22,111.5,110.74,111.04,
1/18/1994,111.01,111.31,110.55,110.75,
1/19/1994,110.74,111.45,110.2,111.35,
1/20/1994,111.35,111.85,111.21,111.34,
1/21/1994,111.33,111.62,110.05,111.55,
1/24/1994,111.56,112.4,111.53,111.67,
1/25/1994,111.72,111.85,110.8,110.9,
1/26/1994,110.97,111.04,109.85,110.07,
1/27/1994,109.86,110.07,108.25,108.55,
1/28/1994,108.55,110.25,108.15,109.78,
1/31/1994,110.4,110.42,108.3,108.55,
2/1/1994,108.45,108.52,107.5,107.62,
2/2/1994,107.6,108.5,107.5,108,
2/3/1994,108.1,108.45,107.8,108.11,
2/4/1994,108.3,109.65,107.9,109.25,
2/7/1994,109.4,109.75,108.45,108.6,
2/8/1994,108.52,109.05,108.25,108.73,
2/9/1994,108.83,108.9,107.65,108.35,
2/10/1994,108.29,108.9,108,108.15,
2/11/1994,108.1,108.45,106.75,106.8,
2/14/1994,106,106.52,105.45,105.7,
2/15/1994,102.3,104.01,101.75,103.75,
2/16/1994,103.83,104.25,103,103.75,
2/17/1994,103.81,104.55,103.2,104.15,
2/18/1994,104.2,104.95,103.43,104.59,
2/21/1994,104.7,106.8,104.35,106.37,
2/22/1994,106.28,106.5,105.05,105.6,
2/23/1994,105.58,106.55,104.4,105.7,
2/24/1994,105.58,106.18,104.75,104.85,
2/25/1994,104.85,105.3,104.2,104.8,
2/28/1994,104.27,104.65,103.85,104.5,
3/1/1994,104.42,105.1,104.2,104.54,
3/2/1994,104.55,104.75,102.95,104.15,
3/3/1994,104.25,104.45,103.3,103.89,
3/4/1994,103.85,105.8,103.52,105.55,
3/7/1994,105.42,105.9,105.2,105.52,
3/8/1994,105.58,105.75,104.98,105.24,
3/9/1994,105.24,106.1,104.8,105.75,
3/10/1994,105.73,106,105,105.26,
3/11/1994,105.2,105.91,104.6,104.97,
3/14/1994,105.33,106.39,105.33,106.1,
3/15/1994,106.1,106.66,105.85,106,
3/16/1994,106.13,106.29,105.6,105.94,
3/17/1994,105.93,106.05,105.5,105.72,
3/18/1994,105.7,106.26,105.65,106.12,
3/21/1994,106.3,106.45,105.8,105.84,
3/22/1994,105.84,106.18,105.73,106.01,
3/23/1994,105.95,106.5,105.8,106.25,
3/24/1994,106.3,106.59,104.28,104.54,
3/25/1994,104.76,105.47,104.48,104.8,
3/28/1994,104.92,104.94,103.9,104.01,
3/29/1994,104.07,104.3,103.05,103.1,
3/30/1994,103.04,103.65,102.3,102.81,
3/31/1994,102.9,103.45,102.08,102.65,
4/1/1994,102.65,103.76,102.6,103.6,
4/4/1994,103.85,104.25,102.9,103.14,
4/5/1994,103.17,104.8,102.78,104.4,
4/6/1994,104.4,105.05,104.1,104.57,
4/7/1994,104.61,105.1,103.95,104.91,
4/8/1994,105.1,105.85,104.67,105.25,
4/11/1994,105.14,105.2,103,103.36,
4/12/1994,103.36,103.75,103.1,103.65,
4/13/1994,103.72,103.92,103.2,103.34,
4/14/1994,103.37,104.43,102.6,104.21,
4/15/1994,104.23,104.3,103.35,103.5,
4/18/1994,103.24,103.7,102.9,103.15,
4/19/1994,103.1,103.35,102.65,103.22,
4/20/1994,103.16,103.5,102.9,102.98,
4/21/1994,102.9,103.96,102.48,103.52,
4/22/1994,103.53,104.03,103.05,103.15,
4/25/1994,103,103.5,102.75,103.1,
4/26/1994,103.13,103.25,102.69,102.78,
4/27/1994,102.74,103.45,102.15,102.36,
4/28/1994,102.3,102.6,101.2,101.31,
4/29/1994,101.26,102.4,100.55,101.55,
5/2/1994,101.85,102.02,101.4,101.55,
5/3/1994,101.6,101.82,100.65,100.97,
5/4/1994,100.96,102.37,100.72,101.83,
5/5/1994,101.83,103.09,101.7,102.9,
5/6/1994,102.84,103.25,102.3,102.38,
5/9/1994,102.55,103.03,102.2,102.78,
5/10/1994,102.81,104.78,102.65,104.42,
5/11/1994,104.3,104.52,103.9,104.25,
5/12/1994,104.2,104.8,103.92,104.22,
5/13/1994,104.21,105.1,104,105.05,
5/16/1994,105.13,105.2,104.2,104.7,
5/17/1994,104.69,104.93,104.13,104.65,
5/18/1994,104.52,104.68,103.3,103.45,
5/19/1994,103.4,104.32,103.32,104.25,
5/20/1994,104.15,104.6,103.8,104.15,
5/23/1994,104.12,104.5,103.65,104.33,
5/24/1994,104.31,104.93,103.9,104.66,
5/25/1994,104.72,104.83,104.18,104.34,
5/26/1994,104.34,104.75,103.9,104.51,
5/27/1994,104.43,104.77,104.18,104.25,
5/30/1994,104.36,104.7,104.25,104.53,
5/31/1994,104.51,104.83,104.25,104.7,
6/1/1994,104.7,104.83,104.4,104.52,
6/2/1994,104.45,105.05,104.19,104.8,
6/3/1994,104.87,105.47,104.85,105.37,
6/6/1994,105.33,105.5,105.15,105.24,
6/7/1994,105.31,105.35,103.75,104.27,
6/8/1994,104.28,104.41,103.55,103.92,
6/9/1994,103.93,104.5,103.85,103.91,
6/10/1994,103.88,104.14,103.4,103.5,
6/13/1994,103.48,103.7,102.6,102.85,
6/14/1994,102.85,103.13,102.3,102.76,
6/15/1994,102.91,103.07,102.5,102.7,
6/16/1994,102.65,103.55,102.63,103.39,
6/17/1994,103.37,103.8,102.56,102.74,
6/20/1994,102.65,102.71,101.74,101.98,
6/21/1994,102.01,102.2,99.85,100.24,
6/22/1994,100.32,101.35,100.21,101.12,
6/23/1994,101.22,101.61,100.7,101.43,
6/24/1994,101.36,101.9,99.89,100.47,
6/27/1994,100.15,100.5,99.4,100.5,
6/28/1994,100.43,100.72,99.8,99.8,
6/29/1994,99.81,99.98,98.45,98.7,
6/30/1994,98.65,99.12,98.3,98.35,
7/1/1994,98.48,99.8,97.6,98.7,
7/4/1994,98.59,99.15,98.3,98.93,
7/5/1994,98.89,99.68,98.65,98.95,
7/6/1994,98.95,99,97.8,98.94,
7/7/1994,99.27,99.4,98.42,98.65,
7/8/1994,98.5,99.01,97.75,98.05,
7/11/1994,98.27,98.55,96.9,97.55,
7/12/1994,97.39,97.55,96.45,97.42,
7/13/1994,97.5,98.33,97.2,98.23,
7/14/1994,98.2,98.65,97.8,98.52,
7/15/1994,98.53,98.57,97.57,97.8,
7/18/1994,97.61,98.73,97.6,98.49,
7/19/1994,98.51,99.42,98.1,99.1,
7/20/1994,99.12,99.55,98.25,98.75,
7/21/1994,98.69,99.23,97.8,99.1,
7/22/1994,99.13,99.2,98.35,98.9,
7/25/1994,98.6,98.92,98.33,98.54,
7/26/1994,98.59,98.8,97.8,98.26,
7/27/1994,98.18,98.62,97.65,98.41,
7/28/1994,98.41,100.25,98.07,99.95,
7/29/1994,99.86,100.58,99.55,100.04,
8/1/1994,98.5,99.43,98.3,99.33,
8/2/1994,99.3,100.45,99.2,100.38,
8/3/1994,100.36,100.8,100.05,100.23,
8/4/1994,100.11,100.58,99.75,100.57,
8/5/1994,100.53,100.85,100.05,100.2,
8/8/1994,100.11,101.77,100.05,101.45,
8/9/1994,101.41,101.56,101,101.15,
8/10/1994,101.2,101.5,100.9,101.32,
8/11/1994,101.4,101.44,100,100.14,
8/12/1994,100.12,100.43,99.6,100.1,
8/15/1994,100.01,100.36,99.98,100.11,
8/16/1994,100.1,100.71,99.9,100.56,
8/17/1994,100.63,101,100,100.08,
8/18/1994,100.02,100.11,98.45,98.65,
8/19/1994,98.67,98.85,98.05,98.65,
8/22/1994,98.6,98.7,97.65,97.83,
8/23/1994,97.86,98.6,97.63,97.84,
8/24/1994,97.82,99.08,97.5,99.05,
8/25/1994,99.05,99.8,98.9,99.58,
8/26/1994,99.63,100.78,99.05,100.38,
8/29/1994,100.22,100.6,99.85,99.99,
8/30/1994,99.95,100.09,99.42,99.53,
8/31/1994,99.51,100.25,99.33,100.05,
9/1/1994,100.15,100.28,99.45,99.69,
9/2/1994,99.65,100.2,98.95,99.1,
9/5/1994,99.21,99.37,98.7,99.26,
9/6/1994,99.15,99.19,98.45,98.7,
9/7/1994,98.74,99.68,98.72,99.37,
9/8/1994,99.28,99.68,99.02,99.55,
9/9/1994,99.49,99.64,99,99.15,
9/12/1994,99.15,99.25,98.7,99.21,
9/13/1994,99.15,99.2,98.5,98.75,
9/14/1994,98.71,99.22,98.3,99.15,
9/15/1994,99.15,99.47,99.1,99.41,
9/16/1994,99.41,99.45,98.5,98.9,
9/19/1994,98.88,98.88,98.34,98.5,
9/20/1994,98.6,98.65,97.52,97.68,
9/21/1994,97.69,98.08,97.5,97.78,
9/22/1994,97.83,98.2,97.8,98.04,
9/23/1994,98.07,98.1,97.55,97.85,
9/26/1994,97.75,98.86,97.58,98.71,
9/27/1994,98.65,98.7,97.9,97.94,
9/28/1994,97.95,99.1,97.75,98.95,
9/29/1994,98.85,98.86,98.3,98.54,
9/30/1994,98.61,99.3,98.3,99.2,
10/3/1994,98.69,100.1,98.3,99.57,
10/4/1994,99.57,99.88,99.1,99.55,
10/5/1994,99.47,99.73,99.2,99.56,
10/6/1994,99.59,99.87,99.4,99.85,
10/7/1994,99.81,100.75,99.68,100.58,
10/10/1994,100.67,100.75,100.25,100.34,
10/11/1994,100.33,100.65,100.12,100.24,
10/12/1994,100.22,100.32,99.64,99.72,
10/13/1994,99.8,100.2,99.3,99.32,
10/14/1994,99.25,99.41,98,98.21,
10/17/1994,98.28,98.52,97.2,97.71,
10/18/1994,97.89,98.3,97.55,97.65,
10/19/1994,97.69,97.75,96.7,97.35,
10/20/1994,97.31,97.7,96.9,96.95,
10/21/1994,96.92,97.55,96.5,97.15,
10/24/1994,97.24,97.52,96.97,97.02,
10/25/1994,97.07,97.16,96.35,96.95,
10/26/1994,97,97.32,96.75,96.77,
10/27/1994,96.77,97.12,96.55,97.12,
10/28/1994,97.1,97.55,96.75,97.33,
10/31/1994,97.39,97.5,96.7,96.89,
11/1/1994,96.9,96.98,96.4,96.64,
11/2/1994,96.56,98,96,97.6,
11/3/1994,97.5,98.25,97.23,97.7,
11/4/1994,97.7,98.07,97.45,97.45,
11/7/1994,97.41,97.42,97,97.3,
11/8/1994,97.34,97.36,96.77,97.1,
11/9/1994,97.08,98.02,96.75,97.75,
11/10/1994,97.75,98.2,97.5,97.71,
11/11/1994,97.68,97.8,97.4,97.7,
11/14/1994,97.66,98.49,97.6,98.2,
11/15/1994,98.25,98.77,98,98.73,
11/16/1994,98.7,98.74,98.18,98.33,
11/17/1994,98.29,98.34,98,98.31,
11/18/1994,98.3,98.67,98.17,98.52,
11/21/1994,98.6,98.77,98.2,98.34,
11/22/1994,98.25,98.4,97.8,98.3,
11/23/1994,98.25,98.52,97.85,98.43,
11/24/1994,98.45,98.5,98.28,98.43,
11/25/1994,98.45,98.8,98.25,98.75,
11/28/1994,98.72,98.95,98.4,98.55,
11/29/1994,98.71,99,98.38,98.95,
11/30/1994,98.98,99.19,98.77,98.9,
12/1/1994,98.94,99.45,98.75,99.29,
12/2/1994,99.35,100.62,99.2,100.5,
12/5/1994,100.46,100.73,100.2,100.38,
12/6/1994,100.32,100.48,99.9,100.03,
12/7/1994,100.07,100.22,99.55,99.91,
12/8/1994,99.94,100.64,99.8,100.49,
12/9/1994,100.52,100.65,99.95,100.1,
12/12/1994,100.13,100.32,99.75,99.95,
12/13/1994,99.92,100.45,99.78,100.25,
12/14/1994,100.3,100.52,100.2,100.27,
12/15/1994,100.28,100.42,100.08,100.35,
12/16/1994,100.3,100.38,100.02,100.2,
12/19/1994,100.25,100.4,100.05,100.11,
12/20/1994,100.09,100.33,100.05,100.17,
12/21/1994,100.2,100.45,100.05,100.43,
12/22/1994,100.54,100.6,100.1,100.2,
12/23/1994,100.12,100.29,100.05,100.07,
12/26/1994,100.1,100.37,100.05,100.05,
12/27/1994,100.2,100.5,100.2,100.3,
12/28/1994,100.31,100.52,98.6,99.25,
12/29/1994,99.25,100.03,99.2,99.6,
12/30/1994,99.63,99.94,99.44,99.7,
1/2/1995,99.55,100.4,99.55,100.14,
1/3/1995,100.21,100.68,100,100.65,
1/4/1995,100.65,101.45,100.55,101.31,
1/5/1995,101.31,101.35,100.75,100.9,
1/6/1995,100.85,101.39,100.8,101.3,
1/9/1995,101.25,101.35,99.6,99.92,
1/10/1995,99.96,100.43,99.8,100.06,
1/11/1995,100,100.2,99.45,99.99,
1/12/1995,100.06,100.18,98.57,98.62,
1/13/1995,98.7,99.07,98.25,98.55,
1/16/1995,98.56,98.8,97.97,98.4,
1/17/1995,98.39,99.28,98.39,99.11,
1/18/1995,99.05,99.75,98.75,99.69,
1/19/1995,99.55,100.02,98.6,99.06,
1/20/1995,99.1,99.65,98.94,99.37,
1/23/1995,99.38,100.21,99.3,99.73,
1/24/1995,99.78,99.87,99.15,99.73,
1/25/1995,99.68,99.78,99.12,99.5,
1/26/1995,99.49,99.68,99.15,99.38,
1/27/1995,99.39,99.63,99,99.37,
1/30/1995,99.34,99.35,98.1,98.4,
1/31/1995,98.41,99.75,98.35,99.55,
2/1/1995,99.53,99.63,98.8,99.19,
2/2/1995,99.21,99.75,99,99.4,
2/3/1995,99.4,99.85,99.17,99.8,
2/6/1995,99.72,99.72,99.05,99.32,
2/7/1995,99.35,99.5,99.03,99.46,
2/8/1995,99.43,99.46,98.65,98.91,
2/9/1995,98.91,99.13,98.6,98.88,
2/10/1995,98.85,99.35,98.6,98.91,
2/13/1995,98.75,98.88,98.45,98.7,
2/14/1995,98.7,99.02,98.35,98.52,
2/15/1995,98.5,98.69,98.12,98.3,
2/16/1995,98.32,98.35,97.24,97.4,
2/17/1995,97.5,97.7,96.9,97.27,
2/20/1995,97.08,97.33,96.7,97.3,
2/21/1995,97.27,97.63,96.98,97.05,
2/22/1995,97.07,97.43,96.7,96.96,
2/23/1995,96.96,97.2,96.55,96.7,
2/24/1995,96.67,97.4,96.3,96.95,
2/27/1995,97.33,97.5,96.5,97.05,
2/28/1995,97.1,97.16,96.5,96.72,
3/1/1995,96.63,96.9,96.25,96.7,
3/2/1995,96.75,96.95,94.85,95.25,
3/3/1995,95.25,95.58,93.65,94.1,
3/6/1995,93.87,93.98,92.4,92.83,
3/7/1995,92.83,93,88.95,90.15,
3/8/1995,90.2,91.86,88.6,91.28,
3/9/1995,91.45,92.45,90.08,90.7,
3/10/1995,91.07,91.8,90.55,90.9,
3/13/1995,90.68,91.01,89.8,90.71,
3/14/1995,90.77,91.46,90.55,90.85,
3/15/1995,90.77,90.78,89.25,89.43,
3/16/1995,89.46,90.4,89,90.19,
3/17/1995,90.25,90.32,88.8,89.1,
3/20/1995,88.81,89.87,88.55,89.33,
3/21/1995,89.31,89.43,88.3,89.17,
3/22/1995,89.3,89.35,88.6,89.02,
3/23/1995,88.95,89.03,87.95,88.13,
3/24/1995,88.15,89.25,88.05,88.95,
3/27/1995,88.82,89.77,88.51,89.36,
3/28/1995,89.35,89.8,88.6,88.9,
3/29/1995,88.87,89.1,87.95,88.33,
3/30/1995,88.33,90.25,88,89.58,
3/31/1995,89.55,89.85,86.1,86.6,
4/3/1995,86.52,87.23,85.75,85.75,
4/4/1995,85.72,86.7,85.65,86.1,
4/5/1995,86.12,86.65,85.58,86.15,
4/6/1995,86.14,86.4,84.8,84.85,
4/7/1995,85.04,85.4,83.53,83.9,
4/10/1995,84.15,84.4,80.1,83.9,
4/11/1995,83.98,84.88,83.23,83.49,
4/12/1995,83.5,84.36,83.07,83.7,
4/13/1995,83.78,83.78,82.8,83.65,
4/14/1995,83.7,83.95,83,83.29,
4/17/1995,82.8,82.85,81.5,81.9,
4/18/1995,81.81,82.1,80.48,80.62,
4/19/1995,80.6,81.65,79.7,81.32,
4/20/1995,81.19,83.55,80.75,83.25,
4/21/1995,83.09,84,82.45,82.52,
4/24/1995,82.02,83.41,82.02,83,
4/25/1995,83,83.65,81.5,81.85,
4/26/1995,81.92,84.5,81.15,83.56,
4/27/1995,83.75,83.92,83.07,83.7,
4/28/1995,83.58,84.55,83.4,84.25,
5/1/1995,84.24,84.36,83.25,83.46,
5/2/1995,83.45,83.87,83.1,83.55,
5/3/1995,83.45,83.85,82.9,83.67,
5/4/1995,83.63,84.17,83.32,83.85,
5/5/1995,83.85,84.35,83.63,83.95,
5/8/1995,83.28,83.7,82.65,83.15,
5/9/1995,83.17,83.63,82.83,83.31,
5/10/1995,83.4,83.98,82.92,83.77,
5/11/1995,83.77,86.13,83.55,85.7,
5/12/1995,85.59,87.1,85.3,86.7,
5/15/1995,86.9,87.58,86.25,86.41,
5/16/1995,86.43,87.2,86,86.6,
5/17/1995,86.5,86.95,86.08,86.85,
5/18/1995,86.85,87.75,86.45,86.76,
5/19/1995,86.66,87.05,86.35,86.86,
5/22/1995,86.95,87.8,86.75,87.3,
5/23/1995,87.33,87.6,86.85,87.12,
5/24/1995,87.24,87.4,86.95,87.13,
5/25/1995,87.25,87.3,84.6,84.8,
5/26/1995,84.95,85.05,82.4,82.78,
5/29/1995,82.55,83.3,81.77,82.82,
5/30/1995,82.94,83.43,82.35,82.9,
5/31/1995,83,85.35,82.5,84.54,
6/1/1995,84.5,85.85,84.35,84.69,
6/2/1995,84.5,85.12,83.38,84.3,
6/5/1995,84.24,84.97,83.95,84.9,
6/6/1995,85,85.3,84.6,84.72,
6/7/1995,84.6,84.92,84.15,84.89,
6/8/1995,84.8,85.18,84.53,84.54,
6/9/1995,84.51,84.85,84.1,84.29,
6/12/1995,84.3,84.5,83.82,84.03,
6/13/1995,84,84.67,83.5,84.62,
6/14/1995,84.74,85.05,84.11,84.32,
6/15/1995,84.3,84.96,83.8,84.55,
6/16/1995,84.5,84.77,84.28,84.67,
6/19/1995,84.35,85.05,84.18,84.58,
6/20/1995,84.6,84.76,84.3,84.5,
6/21/1995,84.45,84.52,83.93,83.95,
6/22/1995,83.92,84.73,83.8,84.46,
6/23/1995,84.48,84.6,84.15,84.3,
6/26/1995,84.14,84.5,84,84.26,
6/27/1995,84.26,84.45,83.85,84.19,
6/28/1995,84.18,86.05,83.5,85.53,
6/29/1995,85.59,85.75,84.15,84.35,
6/30/1995,84.35,85.05,84.3,84.6,
7/3/1995,84.75,84.83,84.55,84.68,
7/4/1995,84.65,84.88,84.45,84.76,
7/5/1995,84.79,85.05,84.68,84.85,
7/6/1995,84.82,85.26,84.75,84.95,
7/7/1995,84.92,87.1,84.92,86.7,
7/10/1995,86.75,87.55,86.65,86.88,
7/11/1995,86.88,87.6,86.84,87.55,
7/12/1995,87.58,88,87.2,87.25,
7/13/1995,87.33,88.45,87,87.29,
7/14/1995,87.35,88.01,87.07,87.8,
7/17/1995,87.98,89.2,87.95,89.05,
7/18/1995,89.02,89.14,88.1,88.32,
7/19/1995,88.41,88.55,86.8,87.28,
7/20/1995,87.25,88.18,87.1,88.09,
7/21/1995,88.1,89,88.03,88.47,
7/24/1995,88.64,88.85,87.25,87.62,
7/25/1995,87.59,88.04,87.05,87.97,
7/26/1995,87.88,88.3,87.5,87.9,
7/27/1995,87.9,88.12,87.6,88.11,
7/28/1995,88.13,88.57,87.85,88.1,
7/31/1995,88.2,88.5,87.75,88.43,
8/1/1995,88.42,88.55,87.75,88.07,
8/2/1995,87.98,91.22,87.98,91.13,
8/3/1995,91.05,91.24,90.2,90.31,
8/4/1995,90.42,91.45,90.4,91.35,
8/7/1995,91.45,91.6,90.87,91.38,
8/8/1995,91.41,91.87,91,91.49,
8/9/1995,91.49,91.81,91.18,91.58,
8/10/1995,91.58,92.95,91.45,92.72,
8/11/1995,92.6,94.01,92.6,93.95,
8/14/1995,94.24,94.42,93.18,93.6,
8/15/1995,93.63,97.35,93.2,97.2,
8/16/1995,97.3,99,97.18,98.05,
8/17/1995,97.94,98.45,96.35,97.15,
8/18/1995,97.3,98.05,96.5,97.4,
8/21/1995,97.39,97.68,96,97.16,
8/22/1995,97.08,97.17,96.29,96.88,
8/23/1995,96.95,97.36,96.12,96.47,
8/24/1995,96.48,97.4,95.93,96.65,
8/25/1995,96.67,97,96.24,96.65,
8/28/1995,96.6,96.77,96.1,96.73,
8/29/1995,96.72,98.22,96.5,98.18,
8/30/1995,98.2,99.25,97.96,99.05,
8/31/1995,99.13,99.39,96.75,97.45,
9/1/1995,97.36,97.93,97.14,97.35,
9/4/1995,97.3,97.77,96.77,97.6,
9/5/1995,97.67,98.3,97.4,97.64,
9/6/1995,97.62,99.2,97.62,98.85,
9/7/1995,98.9,99.31,98.06,99.05,
9/8/1995,99.13,100.21,98.5,99.7,
9/11/1995,99.5,99.99,99.04,99.97,
9/12/1995,99.98,101.3,99.9,101.05,
9/13/1995,101.01,102.78,100.7,102.66,
9/14/1995,102.62,103.75,102.2,102.3,
9/15/1995,102.39,104.18,102.37,104.1,
9/18/1995,104.24,104.47,103.09,103.09,
9/19/1995,103.41,104.7,102.95,104.45,
9/20/1995,104.5,104.67,102.35,102.5,
9/21/1995,102.65,102.96,97.1,99,
9/22/1995,98.8,100.95,98.04,100.05,
9/25/1995,100.36,101.48,99.22,100.5,
9/26/1995,100.48,101.17,99.55,100.93,
9/27/1995,100.94,100.96,99.65,100.4,
9/28/1995,100.53,100.63,99,99.14,
9/29/1995,99.11,99.9,97.4,99.8,
10/2/1995,99.7,100.75,99.7,100.3,
10/3/1995,100.25,101.7,100.05,101.55,
10/4/1995,101.6,101.75,100.5,100.82,
10/5/1995,100.7,100.95,99.2,99.64,
10/6/1995,99.63,100.9,99.6,100.4,
10/9/1995,100.93,101.4,99.68,100.4,
10/10/1995,100.38,101,100,100.88,
10/11/1995,100.8,101.17,100.45,101.05,
10/12/1995,101.07,101.23,99.9,100.13,
10/13/1995,100.2,100.98,99.93,100.94,
10/16/1995,100.85,100.9,100.15,100.65,
10/17/1995,100.61,100.75,100.15,100.3,
10/18/1995,100.3,101,99.4,100.73,
10/19/1995,100.7,100.93,100.27,100.3,
10/20/1995,100.32,100.77,99.9,100.25,
10/23/1995,100.2,100.2,99.35,99.92,
10/24/1995,99.94,100.55,99.55,100.45,
10/25/1995,100.46,101.58,100.2,101.1,
10/26/1995,101.25,101.95,101,101.35,
10/27/1995,101.4,101.85,100.57,101.81,
10/30/1995,101.78,102.2,101.45,101.93,
10/31/1995,101.91,102.45,101.23,102,
11/1/1995,101.98,103.25,101.8,103.2,
11/2/1995,103.21,104.07,103.12,104,
11/3/1995,104,104.1,103.37,103.8,
11/6/1995,103.98,104.03,102.65,103.3,
11/7/1995,103.28,103.38,102.75,102.95,
11/8/1995,102.97,103.23,101.85,102.57,
11/9/1995,102.54,102.6,99.7,100.37,
11/10/1995,100.38,101.06,99.8,100.83,
11/13/1995,100.82,102.3,100.08,101.8,
11/14/1995,101.87,102.18,101.25,101.65,
11/15/1995,101.5,101.59,100.65,101.46,
11/16/1995,101.44,102.42,101.2,102.04,
11/17/1995,102.01,102.33,101.05,102.1,
11/20/1995,102.12,102.79,100.95,101.15,
11/21/1995,101.2,101.8,101.1,101.5,
11/22/1995,101.43,101.7,100.4,100.85,
11/23/1995,100.87,100.87,100.45,100.68,
11/24/1995,100.73,101.56,100.6,101.45,
11/27/1995,101.63,101.95,101.2,101.71,
11/28/1995,101.7,101.9,100.83,101.2,
11/29/1995,101.27,101.67,100.95,101.5,
11/30/1995,101.58,102.25,101.15,102.13,
12/1/1995,102.08,102.2,101.05,101.1,
12/4/1995,101.26,101.45,100.5,101.29,
12/5/1995,101.29,101.51,101.05,101.25,
12/6/1995,101.23,101.6,101.07,101.54,
12/7/1995,101.53,101.65,101.05,101.4,
12/8/1995,101.3,101.58,100.7,101.2,
12/11/1995,101.13,101.2,100.7,101.1,
12/12/1995,101.15,101.9,101,101.79,
12/13/1995,101.74,101.85,101.45,101.65,
12/14/1995,101.66,101.83,101.2,101.5,
12/15/1995,101.45,102.25,101.33,102,
12/18/1995,101.96,102,101.4,101.43,
12/19/1995,101.45,101.97,101.3,101.95,
12/20/1995,101.95,102.15,101.65,101.7,
12/21/1995,101.7,101.95,101.68,101.78,
12/22/1995,101.78,102.82,101.72,102.27,
12/25/1995,101.95,102.52,101.95,102.25,
12/26/1995,102.35,102.8,102.2,102.27,
12/27/1995,102.28,102.88,102.25,102.85,
12/28/1995,102.8,102.96,102.3,102.65,
12/29/1995,102.62,103.49,102.54,103.35,
1/2/1996,103.46,104.01,103.12,103.92,
1/3/1996,103.94,104.83,103.83,104.85,
1/4/1996,104.91,106.53,104.6,105.18,
1/5/1996,105.25,105.45,104.28,105.36,
1/8/1996,105.6,105.79,105.11,105.15,
1/9/1996,105.13,105.39,104.6,104.4,
1/10/1996,104.57,105.33,104.04,104.77,
1/11/1996,104.85,104.93,104.32,104.8,
1/12/1996,104.89,105.73,104.73,105.2,
1/15/1996,105.26,105.52,104.88,105.26,
1/16/1996,105.32,105.98,105.28,105.96,
1/17/1996,106.05,106.29,105.26,105.7,
1/18/1996,105.69,105.71,105.04,105.55,
1/19/1996,105.55,106.01,105.28,105.32,
1/22/1996,105.32,106.24,105.29,105.73,
1/23/1996,105.78,106,105.45,105.84,
1/24/1996,105.94,107.11,105.9,106.95,
1/25/1996,107,107.55,106.28,106.88,
1/26/1996,107.02,107.15,106.27,106.6,
1/29/1996,106.66,107.07,106.4,106.75,
1/30/1996,106.66,107.46,106.59,107.22,
1/31/1996,107.35,107.61,106.77,107.05,
2/1/1996,107.03,107.38,106.5,106.7,
2/2/1996,106.75,107.24,106.3,106.4,
2/5/1996,106.39,106.57,104.84,105.19,
2/6/1996,105.18,105.62,104.97,105.1,
2/7/1996,105.05,106.25,104.65,106.07,
2/8/1996,106.16,107.15,105.95,107.05,
2/9/1996,107.08,107.45,106.55,106.98,
2/12/1996,107.08,107.16,106.41,106.84,
2/13/1996,106.87,107.08,106.56,106.75,
2/14/1996,106.73,106.95,106.35,106.24,
2/15/1996,106.22,106.43,105.51,105.5,
2/16/1996,105.65,106,104.83,105.15,
2/19/1996,105.09,105.22,103.56,104.01,
2/20/1996,103.99,106.6,103.94,105.62,
2/21/1996,105.79,106.05,104.75,104.85,
2/22/1996,104.96,105.66,104.63,105,
2/23/1996,105.05,105.4,104.44,104.8,
2/26/1996,104.89,105.03,104.11,104.31,
2/27/1996,104.37,104.85,103.35,104.31,
2/28/1996,104.42,104.65,103.85,104.55,
2/29/1996,104.61,105.37,104.51,105.25,
3/1/1996,105.24,105.88,105.1,105.32,
3/4/1996,105.3,105.45,104.88,105.26,
3/5/1996,105.26,105.54,104.92,105.2,
3/6/1996,105.2,105.54,105.08,105.4,
3/7/1996,105.43,105.71,105.14,105.3,
3/8/1996,105.33,106.07,105.27,105.72,
3/11/1996,106.15,106.44,104.99,105.41,
3/12/1996,105.53,105.99,105.27,105.28,
3/13/1996,105.26,105.55,105.12,105.12,
3/14/1996,105.13,105.62,105.1,105.52,
3/15/1996,105.47,106,105.39,105.76,
3/18/1996,105.93,106.17,105.68,106.07,
3/19/1996,106.07,106.48,105.93,106.13,
3/20/1996,106.2,106.71,106.05,106.4,
3/21/1996,106.45,106.87,106.28,106.8,
3/22/1996,106.82,107.23,106.63,106.8,
3/25/1996,106.61,106.72,105.94,106.14,
3/26/1996,106.15,106.7,105.96,106.41,
3/27/1996,106.46,106.95,106.35,106.56,
3/28/1996,106.6,106.79,106.15,106.23,
3/29/1996,106.25,107.19,106.07,107.17,
4/1/1996,107.32,107.73,107.27,107.61,
4/2/1996,107.56,107.67,107.13,107.55,
4/3/1996,107.59,108.01,106.62,106.96,
4/4/1996,107,107.2,106.85,107.02,
4/5/1996,107.06,107.7,107.06,107.63,
4/8/1996,107.73,107.77,107.2,107.71,
4/9/1996,107.75,108.33,107.6,108.29,
4/10/1996,108.33,108.7,108.15,108.33,
4/11/1996,108.4,108.93,108.29,108.57,
4/12/1996,108.62,109.03,108.29,108.62,
4/15/1996,108.73,108.92,108.25,108.5,
4/16/1996,108.54,108.57,108.03,108.1,
4/17/1996,108.14,108.57,108.05,108.15,
4/18/1996,108.18,108.27,106.24,106.7,
4/19/1996,106.78,107.34,106.6,107.3,
4/22/1996,107.49,107.6,106.42,106.69,
4/23/1996,106.77,106.99,106.27,106.73,
4/24/1996,106.74,107.04,106.32,106.5,
4/25/1996,106.55,107.2,106.35,106.72,
4/26/1996,106.74,106.87,105.17,105.4,
4/29/1996,105.4,105.7,103.8,104.85,
4/30/1996,104.95,105.25,104.03,105,
5/1/1996,105.04,105.51,104.95,105.33,
5/2/1996,105.34,105.68,104.38,104.31,
5/3/1996,104.4,105.25,104.2,105,
5/6/1996,104.97,105.3,104.6,104.92,
5/7/1996,104.87,105.26,104.73,105.2,
5/8/1996,105.27,105.68,105.09,105.12,
5/9/1996,105.13,105.23,104.55,104.5,
5/10/1996,104.67,105.54,104.6,105.45,
5/13/1996,105.34,105.56,104.78,105,
5/14/1996,105.1,106.04,104.8,105.8,
5/15/1996,105.92,106.99,105.75,106.85,
5/16/1996,106.89,106.96,106.43,106.52,
5/17/1996,106.53,107.15,106.3,106.77,
5/20/1996,106.68,107.45,106.67,107.05,
5/21/1996,107.12,107.18,106.65,107.15,
5/22/1996,107.18,107.55,106.85,107.09,
5/23/1996,107.1,107.14,106.6,106.87,
5/24/1996,106.89,108.05,106.85,107.85,
5/27/1996,107.93,108,107.59,107.83,
5/28/1996,107.89,108.91,107.78,108.82,
5/29/1996,108.82,109.1,108.32,108.1,
5/30/1996,108.14,108.3,106.72,107.72,
5/31/1996,107.66,108.68,107.63,108.04,
6/3/1996,108.02,108.5,107.4,108.41,
6/4/1996,108.38,109.4,108.2,108.8,
6/5/1996,108.68,109.16,108.5,109.03,
6/6/1996,109.04,109.54,108.73,109.07,
6/7/1996,109.09,109.41,108.45,109.27,
6/10/1996,109.23,109.58,108.85,109.05,
6/11/1996,109.07,109.55,108.81,109.49,
6/12/1996,109.54,109.81,109,108.92,
6/13/1996,108.95,109.31,108.48,108.65,
6/14/1996,108.67,109.12,107.9,109.18,
6/17/1996,109.16,109.25,108.74,109,
6/18/1996,109.06,109.18,107.65,107.75,
6/19/1996,107.81,108.36,107.69,107.96,
6/20/1996,107.99,108.29,107.64,108.16,
6/21/1996,108.24,109.27,108.15,109.12,
6/24/1996,108.9,109.29,108.67,108.89,
6/25/1996,108.87,109.18,108.85,108.88,
6/26/1996,108.85,109.72,108.85,109.51,
6/27/1996,109.56,109.66,108.8,109.05,
6/28/1996,109.2,110.06,109.18,109.7,
7/1/1996,109.79,109.88,109.51,109.65,
7/2/1996,109.7,110.33,109.64,110.31,
7/3/1996,110.3,110.74,110.14,110.25,
7/4/1996,110.3,110.5,109.93,110.37,
7/5/1996,110.43,110.95,110.39,110.77,
7/8/1996,110.86,111.22,110.71,110.79,
7/9/1996,110.84,110.94,110.08,110.4,
7/10/1996,110.45,110.72,109.94,110.35,
7/11/1996,110.38,110.61,110.1,110.25,
7/12/1996,110.21,110.97,109.98,110.87,
7/15/1996,110.59,110.92,110.25,110.23,
7/16/1996,110.25,110.38,108.24,109.32,
7/17/1996,109.21,109.61,108.52,108.6,
7/18/1996,108.68,108.91,107.78,108.35,
7/19/1996,108.38,108.71,107.84,107.79,
7/22/1996,107.97,108.38,107.16,107.4,
7/23/1996,107.48,108.13,106.93,107.8,
7/24/1996,107.85,108.51,107.66,108.4,
7/25/1996,108.42,108.62,107.72,108.21,
7/26/1996,108.2,108.89,108.04,108.3,
7/29/1996,108.35,108.66,108.09,108.16,
7/30/1996,108.17,108.29,107.73,107.93,
7/31/1996,107.94,108.1,106.33,106.8,
8/1/1996,106.87,107.5,106.37,107.06,
8/2/1996,107.04,107.4,106.69,106.78,
8/5/1996,106.89,107.07,106.44,106.53,
8/6/1996,106.63,107.3,106.44,106.78,
8/7/1996,106.76,108.04,106.7,107.99,
8/8/1996,108.02,108.35,107.73,108.23,
8/9/1996,108.29,108.43,107.86,108.19,
8/12/1996,108.16,108.29,107.51,107.65,
8/13/1996,107.65,107.79,107.44,107.63,
8/14/1996,107.62,108.1,107.57,108.08,
8/15/1996,108.1,108.21,107.77,107.8,
8/16/1996,107.84,108.01,107.56,107.69,
8/19/1996,107.7,108.14,107.65,107.8,
8/20/1996,107.83,108.48,107.8,108.29,
8/21/1996,108.34,108.63,108.14,108.45,
8/22/1996,108.45,108.74,108.13,108.25,
8/23/1996,108.31,108.62,107.88,108.09,
8/26/1996,108.07,108.24,107.53,107.69,
8/27/1996,107.74,108.04,107.44,107.65,
8/28/1996,107.76,108.6,107.64,108.42,
8/29/1996,108.46,108.66,108.19,108.35,
8/30/1996,108.41,108.97,108.17,108.92,
9/2/1996,108.98,109.25,108.79,109.1,
9/3/1996,109.14,109.5,109.03,109.23,
9/4/1996,109.26,109.36,108.64,108.78,
9/5/1996,108.81,109.35,108.72,109.2,
9/6/1996,109.21,109.56,109.05,109.2,
9/9/1996,109.19,109.39,108.85,109.23,
9/10/1996,109.23,110.03,109.15,109.72,
9/11/1996,109.78,110.45,109.75,110.23,
9/12/1996,110.29,110.35,109.85,110.14,
9/13/1996,110.07,110.58,109.95,110.37,
9/16/1996,110.44,110.64,110.03,110.16,
9/17/1996,110.15,110.47,109.93,110.25,
9/18/1996,110.28,110.43,108.84,109.14,
9/19/1996,109.17,109.51,109.03,109.41,
9/20/1996,109.47,110.06,109.44,109.98,
9/23/1996,109.98,110.09,109.74,109.9,
9/24/1996,109.97,110.02,109.27,109.19,
9/25/1996,109.24,110.55,109.23,110.38,
9/26/1996,110.4,110.75,110.24,110.65,
9/27/1996,110.63,110.99,110.38,110.81,
9/30/1996,110.86,111.72,110.82,111.36,
10/1/1996,111.35,111.5,110.83,111.44,
10/2/1996,111.52,112.13,111.44,111.85,
10/3/1996,111.89,112.03,111.31,111.42,
10/4/1996,111.42,111.89,111.38,111.83,
10/7/1996,111.82,112,111.1,111.09,
10/8/1996,111.22,111.59,110.95,111.65,
10/9/1996,111.61,111.82,111.23,111.55,
10/10/1996,111.46,111.49,111.07,111.15,
10/11/1996,111.19,111.82,110.89,111.52,
10/14/1996,111.66,111.94,111.5,111.64,
10/15/1996,111.67,112.51,111.65,112.22,
10/16/1996,112.24,112.38,112,112.25,
10/17/1996,112.27,112.39,111.81,112.2,
10/18/1996,112.21,112.78,112.05,112.4,
10/21/1996,112.44,112.96,112.43,112.7,
10/22/1996,112.68,112.94,112.26,112.34,
10/23/1996,112.28,113.21,111.99,112.9,
10/24/1996,112.88,113.07,112.6,112.84,
10/25/1996,112.83,113.65,112.79,113.4,
10/28/1996,113.38,114.45,113.34,114.2,
10/29/1996,114.25,114.94,113.55,114.3,
10/30/1996,114.3700027,114.4800034,113.6100006,114.1800003,0
11/1/1996,113.5,113.5,113.5,113.5,0
11/4/1996,113.2799988,113.9800034,112.9499969,113.8799973,0
11/5/1996,113.7099991,114.3300018,113.4499969,114.25,0
11/6/1996,114.2300034,114.6800003,113.6500015,113.9499969,0
11/8/1996,111.9899979,112.3099976,111.3499985,111.7399979,0
11/11/1996,111.5100021,111.9599991,110.8600006,111.1200027,0
11/12/1996,111.0199966,111.5500031,110.8799973,111.3300018,0
11/13/1996,111.3499985,111.3499985,111.3499985,111.3499985,0
11/15/1996,111.4300003,111.5199966,110.5500031,111.0500031,0
11/18/1996,110.8799973,111.6699982,110.8000031,111.4000015,0
11/19/1996,111.3000031,111.8000031,111.1999969,111.5800018,0
11/20/1996,111.5899963,111.6999969,111.25,111.5199966,0
11/21/1996,111.4300003,111.8700027,111.1999969,111.25,0
11/22/1996,111.2399979,111.6999969,111.0299988,111.4199982,0
11/26/1996,112.6200027,112.7799988,112.2900009,112.4000015,0
11/28/1996,113.1200027,113.9300003,113.0500031,113.6699982,0
11/29/1996,113.75,113.9400024,113.3499985,113.8000031,0
12/2/1996,113.7399979,114.7900009,113.5,114.5199966,0
12/3/1996,114.4599991,114.5999985,112.8300018,113.3000031,0
12/4/1996,113.3499985,113.4499969,112.9000015,113.0500031,0
12/5/1996,112.8499985,113.3000031,112.0500031,112.25,0
12/6/1996,112.3000031,113,111.7300034,112.9499969,0
12/9/1996,113.1200027,113.4800034,112.8000031,113.4000015,0
12/10/1996,113.4599991,113.7200012,112.9599991,113.3499985,0
12/11/1996,113.0999985,113.3300018,112.5800018,112.8799973,0
12/12/1996,112.8499985,113.5699997,112.4300003,113.1299973,0
12/13/1996,113.0400009,114,112.6399994,113.8499985,0
12/16/1996,113.9800034,114.2900009,113.5999985,113.8199997,0
12/17/1996,113.6999969,114.1500015,113.4199982,113.8199997,0
12/18/1996,113.75,113.8099976,113.25,113.6299973,0
12/19/1996,113.4000015,114.1900024,113.3000031,114.0100021,0
12/20/1996,114,114.4100037,113.9899979,114.25,0
12/23/1996,114.1500015,114.3499985,113.8399963,114.0500031,0
12/24/1996,114.1500015,114.5,114.0999985,114.4000015,0
12/25/1996,114.4499969,114.6900024,114.4000015,114.6299973,0
12/26/1996,114.5999985,115.0800018,114.4000015,114.8799973,0
12/27/1996,114.75,116.1200027,114.6999969,115.25,0
12/30/1996,115.6900024,116.1999969,115.5,116.1999969,0
12/31/1996,116.0800018,116.4300003,115.5899963,115.9000015,0
1/1/1997,115.9499969,115.9499969,115.75,115.8499985,0
1/2/1997,116.0199966,116.1999969,115.2799988,115.6500015,0
1/3/1997,115.6699982,116.6999969,115.3000031,116.4100037,0
1/6/1997,116.6999969,116.9800034,115.3499985,115.7099991,0
1/7/1997,115.6900024,116.0199966,114.8000031,115.2200012,0
1/8/1997,115.3399963,116,114.9000015,115.8499985,0
1/9/1997,115.7699966,116.4499969,115.6999969,116.3099976,0
1/10/1997,116.3000031,116.6699982,115.1999969,116.1100006,0
1/13/1997,116.1299973,116.5400009,115.8799973,116.4800034,0
1/14/1997,116.5299988,117.0100021,116.1999969,116.9400024,0
1/15/1997,117.0699997,117.4800034,116.6999969,116.7699966,0
1/16/1997,116.7699966,117.3199997,116.2200012,116.5400009,0
1/17/1997,116.6399994,117.3700027,116.4800034,117.3199997,0
1/20/1997,117.3799973,118.2399979,117.25,117.9100037,0
1/21/1997,118.0500031,118.2699966,117.4499969,117.8799973,0
1/22/1997,117.9300003,117.9300003,117.9300003,117.9300003,0
1/23/1997,119.0100021,119.8000031,118.6900024,119.1999969,0
1/24/1997,118.7699966,120.1500015,118.3499985,118.8499985,0
1/27/1997,119,119.6500015,118.9000015,119.5299988,0
1/28/1997,119.5999985,121.75,119.5500031,121,0
1/30/1997,122.3499985,122.5,120.8499985,121.75,0
1/31/1997,122.1100006,122.3099976,120.9499969,121.25,0
2/3/1997,121.3000031,122.25,121.25,121.6500015,0
2/4/1997,121.8000031,122.5,121.6500015,122.4599991,0
2/5/1997,122.5999985,123.8399963,122.5,123.4899979,0
2/6/1997,123.5800018,124,122.6999969,123.8000031,0
2/7/1997,124.2300034,124.7200012,121.3499985,123.1500015,0
2/10/1997,122.3000031,123.6399994,122.2799988,122.7600021,0
2/11/1997,122.9100037,123.4000015,122.5500031,123.2799988,0
2/13/1997,124.2799988,124.6500015,123.7900009,124.2300034,0
2/14/1997,124.4000015,124.8199997,123.6999969,124.25,0
2/17/1997,124.5500031,124.6699982,123.9000015,124.5500031,0
2/18/1997,124.4000015,124.6299973,123.6800003,124,0
2/19/1997,124.1500015,124.5699997,123.9800034,124.5100021,0
2/21/1997,122.8000031,123.5,122.4100037,123.1999969,0
2/25/1997,122,122.3700027,121.4000015,121.4000015,0
2/26/1997,121.5999985,122.6200027,120.5299988,122.1500015,0
2/28/1997,120.6800003,121.0699997,119.9000015,120.3000031,0
3/3/1997,120.6800003,121.3300018,120.4199982,121.3099976,0
3/4/1997,121.2799988,122.25,121,122.0800018,0
3/5/1997,122.0599976,122.2799988,121.0999985,121.1999969,0
3/6/1997,121.1200027,121.8099976,120.8499985,121.0299988,0
3/7/1997,121.1200027,122.0999985,120.9300003,122,0
3/10/1997,121.7600021,121.8399963,121.5,121.6200027,0
3/11/1997,121.6600037,122.0299988,121.0999985,121.8499985,0
3/12/1997,121.9300003,122.8600006,121.8000031,122.2699966,0
3/13/1997,122.2200012,123.4400024,121.9000015,123.4300003,0
3/14/1997,123.3000031,124.1299973,122.9499969,123.4199982,0
3/17/1997,123.4499969,123.7699966,123.1200027,123.75,0
3/19/1997,122.6500015,123.3000031,122.4000015,122.75,0
3/20/1997,123.0299988,123.7699966,122.0999985,123.7200012,0
3/21/1997,123.6200027,123.6299973,122.2799988,122.6699982,0
3/24/1997,122.5500031,123.1699982,122.1500015,122.9499969,0
3/25/1997,122.9599991,124.1299973,122.75,123.7300034,0
3/27/1997,124.1999969,124.3499985,123.3000031,123.5100021,0
3/28/1997,123.6299973,123.6299973,123.6299973,123.6299973,0
3/31/1997,123.9700012,124.1699982,123.4300003,123.7799988,0
4/1/1997,123.9400024,123.9700012,121.3499985,121.9000015,0
4/2/1997,122.0800018,123.4599991,121.9499969,123.1200027,0
4/3/1997,123.0599976,123.1200027,122.4499969,122.5899963,0
4/4/1997,122.6999969,124.3399963,122.4000015,124.25,0
4/7/1997,124.3700027,125.8099976,123.9499969,125.6999969,0
4/8/1997,125.5500031,126.5199966,125.1999969,126.3000031,0
4/9/1997,126.1999969,126.9599991,126,126.8300018,0
4/10/1997,126.8499985,127.0999985,125.4499969,125.8099976,0
4/11/1997,125.6999969,126.2300034,125.6999969,126.0999985,0
4/14/1997,126.4199982,126.6100006,126.0100021,126.5699997,0
4/15/1997,126.5500031,126.5500031,125.9000015,126,0
4/16/1997,125.5899963,125.5899963,125.5899963,125.5899963,0
4/17/1997,125.7399979,126.7799988,125.4700012,126,0
4/18/1997,125.9300003,126.1800003,125.5999985,125.8000031,0
4/21/1997,125.2799988,125.7200012,125.0400009,125.3600006,0
4/22/1997,125.3099976,126.3099976,125.3000031,126.1500015,0
4/23/1997,126.0500031,126.1999969,125.9499969,126.0400009,0
4/24/1997,126.0199966,126.3799973,125.7099991,126.0699997,0
4/25/1997,126.2099991,126.3600006,125.4499969,126.25,0
4/28/1997,126.9100037,127.0800018,126.3799973,126.8199997,0
4/29/1997,126.8000031,126.9499969,126.4300003,126.8399963,0
4/30/1997,126.8499985,127.1299973,126.5599976,127.0599976,0
5/1/1997,127.0999985,127.4599991,126.0199966,126.4499969,0
5/2/1997,126.4899979,126.8499985,126.4100037,126.6500015,0
5/5/1997,126.6399994,126.8000031,126.3199997,126.6200027,0
5/6/1997,126.7200012,126.7399979,125.0999985,125.2699966,0
5/7/1997,125.2600021,125.75,124.5299988,125.1299973,0
5/8/1997,125.1600037,125.1800003,123.3899994,123.7200012,0
5/9/1997,123.4499969,123.4700012,118.9599991,120,0
5/12/1997,118.1999969,119.3000031,118.1999969,119.3000031,0
5/13/1997,118.9700012,119.6500015,118.4000015,118.4000015,0
5/14/1997,118.1800003,119.2399979,116.5500031,116.5999985,0
5/15/1997,117.1900024,117.3000031,114.6600037,115.8799973,0
5/16/1997,116,117,114.8000031,115.75,0
5/19/1997,115.6999969,116.4899979,115,115.6699982,0
5/20/1997,115.3000031,115.5500031,111.8799973,112.5999985,0
5/21/1997,112.7799988,114.4199982,112.7799988,114.0500031,0
5/22/1997,114.25,116.3300018,114.25,116.1500015,0
5/23/1997,116.0199966,116.0199966,115.2799988,115.5100021,0
5/27/1997,116.3000031,116.7799988,116.1900024,116.6500015,0
5/28/1997,116.6399994,116.6399994,115.0899963,115.5999985,0
5/29/1997,115.5999985,116.5999985,115.25,116.3000031,0
5/30/1997,116.3300018,116.8099976,115.7799988,116.1600037,0
6/2/1997,115.9000015,116.8099976,115.8799973,116.6500015,0
6/3/1997,116.7699966,116.8300018,115.5800018,116.0100021,0
6/4/1997,116.0299988,116.5999985,115.9400024,116.2300034,0
6/5/1997,116.2300034,116.2300034,115.3799973,115.5,0
6/6/1997,115.5400009,116.0100021,114.2099991,114.2099991,0
6/9/1997,114,114,111.8000031,113.0199966,0
6/10/1997,112.3499985,112.7900009,111.5999985,112,0
6/11/1997,111.9499969,112.3899994,110.5100021,111.1800003,0
6/12/1997,111.25,115.7300034,111.25,114.1500015,0
6/13/1997,114.4499969,114.9599991,113.9300003,114.8300018,0
6/16/1997,114.1500015,114.2099991,113.0999985,113.1800003,0
6/17/1997,113.1999969,113.7900009,112.8000031,113.1699982,0
6/18/1997,113.2300034,113.6600037,112.8000031,113.5299988,0
6/19/1997,113.5,114.3000031,113.0500031,114.0899963,0
6/20/1997,114.4000015,115,114.2200012,114.9599991,0
6/23/1997,115.0899963,115.6200027,114.5999985,114.6299973,0
6/24/1997,114.5299988,114.9499969,114,114.7699966,0
6/25/1997,114.7799988,114.7799988,113.1999969,113.8399963,0
6/26/1997,114.1999969,114.1999969,113,113.1299973,0
6/27/1997,113.0899963,114.7099991,113.0899963,114.5500031,0
6/30/1997,114.5599976,114.6500015,114.0999985,114.6100006,0
7/1/1997,114.7099991,115.2900009,114.4499969,114.8300018,0
7/2/1997,114.8600006,114.8600006,114.0500031,114.4499969,0
7/3/1997,114.3700027,114.4300003,113.2799988,113.4599991,0
7/4/1997,113.6399994,114.4499969,112.9300003,114.1999969,0
7/7/1997,113.7900009,113.7900009,112.1100006,112.4899979,0
7/8/1997,112.3000031,113.4100037,112.2799988,112.8700027,0
7/9/1997,113.0599976,113.1800003,112.3000031,112.6100006,0
7/10/1997,112.6200027,113.3000031,112.3300018,113.0400009,0
7/11/1997,113.0999985,114.1900024,113.0999985,114.0999985,0
7/14/1997,113.8300018,114.1800003,113.25,113.6600037,0
7/16/1997,115.3099976,116.4000015,115.25,115.3600006,0
7/17/1997,115.4000015,116.4800034,115.4000015,115.8000031,0
7/18/1997,115.9100037,116.1999969,115,115.4499969,0
7/21/1997,115.4000015,116.2200012,115.3300018,116.1200027,0
7/22/1997,116.2900009,116.5,114.7600021,115.2099991,0
7/23/1997,115.4000015,115.9599991,115.0199966,115.6999969,0
7/24/1997,115.7699966,116.1699982,115.5400009,116.0999985,0
7/25/1997,116.0299988,117.0800018,115.9300003,116.8899994,0
7/28/1997,116.8700027,117.7900009,116.8700027,117.5899963,0
7/29/1997,117.4300003,118.4599991,117.2399979,118.2600021,0
7/30/1997,118.25,118.9599991,118.0699997,118.1999969,0
7/31/1997,118.1299973,118.75,117.4000015,118.5500031,0
8/1/1997,118.4499969,119.1699982,117.75,118.4000015,0
8/4/1997,118.5999985,118.8000031,118,118,0
8/5/1997,118.0199966,119.3899994,118,119.3000031,0
8/6/1997,119.3099976,119.5800018,118.3000031,118.6200027,0
8/7/1997,118.5800018,118.8000031,117.7799988,118.4800034,0
8/8/1997,118.3499985,118.6299973,114.25,114.5500031,0
8/11/1997,114.9800034,116.3499985,114.8000031,116.1399994,0
8/12/1997,116.2200012,116.6200027,115.5,116.3799973,0
8/13/1997,116.4400024,116.6800003,115.3000031,115.5999985,0
8/14/1997,115.6399994,118.2799988,115.5500031,117.9499969,0
8/15/1997,117.7699966,118.6999969,116.7799988,117.3000031,0
8/18/1997,117.1500015,118.1999969,116.8499985,118.1200027,0
8/19/1997,118.1800003,118.4000015,117.7200012,118.1999969,0
8/20/1997,118.3099976,118.5400009,117.6800003,117.9100037,0
8/21/1997,117.8099976,118.0500031,117.5500031,117.8700027,0
8/22/1997,117.3499985,117.3600006,117.1699982,117.2099991,0
8/25/1997,118.0299988,118.1800003,118.0299988,118.1299973,0
8/26/1997,118.6100006,118.7200012,117.5999985,118.1200027,0
8/27/1997,118.1299973,119.2099991,118.0699997,118.8399963,0
8/28/1997,118.7900009,119.1299973,118.0999985,119.0299988,0
8/29/1997,119.0899963,119.4700012,118.8199997,119.4400024,0
9/1/1997,120.4800034,121.1999969,120.1999969,121.1800003,0
9/2/1997,121.1800003,121.7799988,121.0999985,121.75,0
9/3/1997,121.3199997,121.5500031,120.5,120.5999985,0
9/4/1997,120.5800018,121.4000015,120.1500015,121.0999985,0
9/5/1997,121.0999985,121.5999985,120.5999985,121.1399994,0
9/8/1997,121.1999969,121.2799988,120.6900024,121.0500031,0
9/9/1997,120.9000015,121,118.1500015,118.7300034,0
9/10/1997,118.8499985,119.5999985,118.6100006,119.0999985,0
9/11/1997,119.1299973,119.8399963,118.5100021,119.5999985,0
9/12/1997,119.6100006,121.6500015,119.4899979,121.0599976,0
9/15/1997,120.9400024,121,119.8499985,120,0
9/16/1997,120.0500031,121.3300018,119.9400024,121.2399979,0
9/17/1997,121.1800003,121.3099976,119.9000015,120.5500031,0
9/18/1997,120.5500031,122.3099976,120.4899979,121.8000031,0
9/19/1997,121.8000031,122.5299988,121.1299973,121.9100037,0
9/22/1997,121.9499969,123.0599976,121.5599976,121.7900009,0
9/23/1997,121.7600021,122.3000031,121.1800003,122.2699966,0
9/24/1997,122.2099991,122.4499969,119.1999969,120.3399963,0
9/25/1997,120.25,121.4599991,119.9300003,121.0999985,0
9/26/1997,121.0299988,121.2799988,120.3300018,121.1600037,0
9/29/1997,121.25,121.4499969,120.6999969,121.0100021,0
9/30/1997,120.9499969,121.5699997,120.1500015,120.4800034,0
10/1/1997,120.4499969,121.4000015,120.25,121.1500015,0
10/2/1997,121.1299973,121.9300003,120.6800003,121.6500015,0
10/3/1997,121.5699997,122.4800034,121.5699997,122.0999985,0
10/6/1997,121.8499985,122.0199966,121.6200027,121.7699966,0
10/7/1997,121.8499985,122.6600037,121.6299973,122.4000015,0
10/8/1997,122.4100037,122.5,120.75,121.1500015,0
10/9/1997,121.1900024,121.3899994,120.6500015,121.1299973,0
10/10/1997,121.1600037,121.25,119.5800018,120.0100021,0
10/13/1997,120.2699966,121.4100037,120.0699997,121.0500031,0
10/14/1997,120.9300003,121.7699966,120.6999969,121.4499969,0
10/15/1997,121.4499969,121.4700012,120.8000031,121.0899963,0
10/16/1997,121.1500015,121.1699982,119.3000031,119.9000015,0
10/17/1997,119.9499969,120.8499985,119.7200012,120.7099991,0
10/20/1997,120.5299988,121.4599991,120.4000015,121.1699982,0
10/21/1997,121.1500015,121.2900009,120.1699982,120.8199997,0
10/22/1997,120.8300018,121.1299973,120.4000015,120.8000031,0
10/23/1997,120.8000031,122.0299988,120.6800003,121.7699966,0
10/24/1997,121.8399963,122.3799973,120.8499985,122.0800018,0
10/27/1997,122.0500031,122.2900009,121.4800034,121.7699966,0
10/28/1997,121.7799988,121.9100037,118.6500015,120.5500031,0
10/29/1997,120.5400009,120.9700012,119.75,120.7600021,0
10/30/1997,120.7399979,120.8000031,119.8199997,119.9100037,0
10/31/1997,119.9000015,120.5,119.8000031,120.3199997,0
11/3/1997,120.1100006,121.5500031,119.9300003,121.3199997,0
11/4/1997,121.2699966,122.2399979,121.2399979,121.8000031,0
11/5/1997,121.8399963,123.4700012,121.6600037,123.0899963,0
11/6/1997,123.1100006,123.7699966,122.5500031,123.6500015,0
11/7/1997,123.5999985,124.4499969,123.0800018,124.3000031,0
11/10/1997,124.1500015,124.5,123.7799988,124.2900009,0
11/11/1997,124.2900009,125.3300018,124.1999969,124.7300034,0
11/12/1997,124.6800003,126.5500031,124.5500031,126.2799988,0
11/13/1997,126.1500015,126.5999985,124.8499985,125.8000031,0
11/14/1997,125.7399979,127.1500015,125.25,125.3499985,0
11/17/1997,126.0199966,126.5800018,124.1999969,125.5999985,0
11/18/1997,125.6600037,126.1500015,125.3300018,126.1299973,0
11/19/1997,126.0999985,127.4599991,125.9499969,127.0299988,0
11/20/1997,127.0800018,127.2699966,125.5999985,126.0500031,0
11/21/1997,126.0800018,126.5500031,124.8700027,126.0599976,0
11/24/1997,126.5100021,127.2300034,126.3499985,127.0400009,0
11/25/1997,127.0299988,128,126.3000031,127.2399979,0
11/26/1997,127.2300034,127.8399963,126.6600037,127.1299973,0
11/27/1997,127.1200027,127.3000031,126.6999969,126.7799988,0
11/28/1997,126.8300018,127.8600006,126.6500015,127.8000031,0
12/1/1997,127.7900009,129.3200073,127.5999985,128.7599945,0
12/2/1997,128.7599945,129.3099976,128.0200043,128.5299988,0
12/3/1997,128.5399933,128.9799957,128.2299957,128.6699982,0
12/4/1997,128.6799927,129.8000031,128.4299927,129.1999969,0
12/5/1997,129.2100067,130.5200043,128.8000031,130.1999969,0
12/8/1997,129.8399963,130.8200073,129.3999939,130.3000031,0
12/9/1997,130.25,130.6000061,129.6000061,129.7100067,0
12/10/1997,128.9499969,129.5500031,128.2799988,129.2700043,0
12/11/1997,129.2599945,130.1699982,128.5500031,129.5500031,0
12/12/1997,129.8000031,130.5700073,129.5,130.2799988,0
12/15/1997,130.3699951,131.5599976,130.3699951,130.8699951,0
12/16/1997,130.8600006,131.4600067,130.5800018,130.6999969,0
12/17/1997,130.7100067,131.5299988,125.6999969,127.0999985,0
12/18/1997,126.9000015,129.5099945,126.6500015,128.4299927,0
12/19/1997,128.4299927,129.8099976,128.0800018,129.2100067,0
12/22/1997,129.3399963,130.7400055,129.0500031,130.2299957,0
12/23/1997,130.2200012,130.6199951,129.1499939,129.8200073,0
12/24/1997,129.8000031,130.3500061,129.4299927,129.6999969,0
12/25/1997,129.75,130.2200012,129.75,129.9600067,0
12/26/1997,130.25,130.5500031,129.9900055,130.4600067,0
12/29/1997,129.8600006,130.2700043,129.2200012,129.6999969,0
12/30/1997,129.7100067,130.25,129.3800049,130.0700073,0
12/31/1997,130.0800018,130.6399994,129.6999969,130.5599976,0
1/1/1998,130.5700073,130.6000061,130.3500061,130.4799957,0
1/2/1998,130.4900055,132.6000061,130.3600006,132.2700043,0
1/5/1998,132.1000061,134.0500031,131.8300018,133.3999939,0
1/6/1998,133.1999969,134.3000031,132.75,134.1000061,0
1/7/1998,134.1100006,134.3999939,130.8000031,131.8200073,0
1/8/1998,132.0200043,133.4600067,131.1999969,132.4499969,0
1/9/1998,132.3500061,132.5500031,130.4900055,131.5200043,0
1/12/1998,131.4900055,133.1000061,131.4400024,132.7700043,0
1/13/1998,132.7799988,132.9499969,131.1999969,131.3399963,0
1/14/1998,131.3200073,131.6100006,130.2799988,130.8000031,0
1/15/1998,130.75,130.8800049,129.4799957,129.8200073,0
1/16/1998,129.8999939,130.2299957,128,129.3200073,0
1/19/1998,128.7200012,129.5,127.3600006,129.1100006,0
1/20/1998,129.1300049,129.7799988,128.25,128.3699951,0
1/21/1998,128.3200073,128.8999939,126.5999985,126.75,0
1/22/1998,127,127.6200027,126.4000015,127.2300034,0
1/23/1998,127.3499985,127.5999985,125.4000015,125.6999969,0
1/26/1998,125.4400024,126.8799973,124.25,126.6100006,0
1/27/1998,126.5999985,126.7699966,125,125,0
1/28/1998,125.1800003,126.5400009,124.6900024,124.8899994,0
1/29/1998,125,126,124.6999969,125.9000015,0
1/30/1998,125.9100037,127.75,125.8000031,127,0
2/2/1998,126.4499969,127,126.0999985,126.3499985,0
2/3/1998,126.3099976,126.5,125.5500031,125.7200012,0
2/4/1998,125.7300034,125.8199997,123.25,123.6800003,0
2/5/1998,123.6900024,124.1500015,122.75,123.5299988,0
2/6/1998,123.5400009,124.5,123.4700012,124.0500031,0
2/9/1998,124.1999969,125.0599976,123.8000031,124.3000031,0
2/10/1998,124.3099976,124.4100037,122.9899979,123.2300034,0
2/11/1998,123.2699966,124.4100037,123.0999985,123.5999985,0
2/12/1998,123.5999985,124.6999969,122.3499985,124.5,0
2/13/1998,124.5100021,125.5,124.0999985,125.1299973,0
2/16/1998,125.6800003,126.3499985,125.4800034,126.0699997,0
2/17/1998,126.0100021,126.9300003,125.4400024,126.5699997,0
2/18/1998,126.4300003,126.6600037,125.5800018,126.3700027,0
2/19/1998,126.3600006,126.6200027,125.5999985,126.0699997,0
2/20/1998,126.0599976,128.1499939,125.8499985,127.9300003,0
2/23/1998,127.9100037,129,127.4899979,127.9800034,0
2/24/1998,127.9700012,128.3099976,127.5500031,127.9100037,0
2/25/1998,127.9000015,128.9299927,126.7799988,128.3000031,0
2/26/1998,128.4400024,128.8999939,127,127.4599991,0
2/27/1998,127.3399963,127.3399963,125.8000031,126.0500031,0
3/2/1998,126.0400009,126.1299973,124.5899963,125.6699982,0
3/3/1998,125.6999969,126.3499985,125.2200012,126.1600037,0
3/4/1998,126.1500015,126.9000015,125.3300018,126.5,0
3/5/1998,126.5100021,127.9400024,126.4000015,127.6299973,0
3/6/1998,127.5999985,128.4499969,126.9300003,127.8300018,0
3/9/1998,127.6800003,128.3999939,127.6200027,127.7200012,0
3/10/1998,127.7699966,127.8399963,127.0999985,127.3000031,0
3/11/1998,127.3099976,129.5599976,127,129.2299957,0
3/12/1998,129.1600037,129.6699982,128.6499939,128.8500061,0
3/13/1998,128.8600006,129.0500031,127.7300034,127.7300034,0
3/16/1998,127.6800003,129.7700043,127.6500015,129.6000061,0
3/17/1998,129.1900024,129.7100067,128.6699982,128.7599945,0
3/18/1998,128.8000031,130.5800018,128.7299957,130,0
3/19/1998,130.0800018,130.9100037,129.4799957,130.75,0
3/20/1998,130.7100067,131.3000031,129.1499939,130.3200073,0
3/23/1998,130.3500061,130.8500061,130.0800018,130.3200073,0
3/24/1998,130.3099976,130.75,129.6499939,130.25,0
3/25/1998,130.2599945,130.4799957,128.4499969,129,0
3/26/1998,129.0500031,129.5899963,128.1999969,128.3300018,0
3/27/1998,128.25,130.4100037,127.8199997,130.3000031,0
3/30/1998,130.0899963,132.2100067,129.9499969,132.1399994,0
3/31/1998,131.9499969,133.6999969,131.4100037,133.0500031,0
4/1/1998,133.1300049,133.8800049,132.6000061,133.6199951,0
4/2/1998,133.6300049,134.0700073,133,133.5599976,0
4/3/1998,133.4199982,135.3999939,133.1199951,135.1799927,0
4/6/1998,135.0700073,135.1499939,134.3999939,134.6499939,0
4/7/1998,134.6000061,134.6499939,133.1699982,133.4600067,0
4/8/1998,133.5099945,133.6499939,130.6999969,131.7299957,0
4/9/1998,131.7299957,133.6000061,129.3500061,131.1999969,0
4/10/1998,130.6799927,131.5500031,127.3499985,128.6199951,0
4/13/1998,128.8000031,129.7799988,127.5500031,129.5700073,0
4/14/1998,129.6300049,130.3500061,128.7799988,129.2700043,0
4/15/1998,129.3200073,130.3300018,128.8800049,129.9299927,0
4/16/1998,129.8800049,132.0200043,129.7200012,131.4700012,0
4/17/1998,131.5,132.1799927,130.9299927,131.8099976,0
4/20/1998,131.9400024,132.4100037,131.7299957,131.8899994,0
4/21/1998,131.8800049,131.9799957,131.0399933,131.2299957,0
4/22/1998,131.1499939,131.7700043,130.1499939,130.3300018,0
4/23/1998,130.3200073,130.7700043,129.6000061,130.1799927,0
4/24/1998,130.25,131.3500061,129.3500061,131.1399994,0
4/27/1998,131.1000061,132.8699951,130.7200012,132.3699951,0
4/28/1998,132.3800049,132.6000061,131.3899994,132.0500031,0
4/29/1998,132,132.4499969,131.75,132.3800049,0
4/30/1998,132.3500061,132.9199982,131.6000061,132.7899933,0
5/1/1998,132.6999969,133.4600067,132.6699982,133.4100037,0
5/4/1998,133.3600006,133.5399933,132.8399963,132.9400024,0
5/5/1998,132.9299927,133.1999969,131.25,131.4499969,0
5/6/1998,131.5200043,133.25,131.5,132.9600067,0
5/7/1998,133.0500031,133.6000061,132.5,133.3300018,0
5/8/1998,133.4299927,133.4700012,132.2899933,132.8600006,0
5/11/1998,133.1499939,133.1999969,132.1999969,132.8800049,0
5/12/1998,132.75,134.1199951,132.3999939,133.8800049,0
5/13/1998,133.8500061,134.4499969,133.75,133.9100037,0
5/14/1998,133.9600067,134.5700073,133.3000031,133.6100006,0
5/15/1998,133.5700073,134.6600037,133.5700073,134.6100006,0
5/18/1998,134.7899933,136.3999939,134.75,135.6399994,0
5/19/1998,135.6699982,136.75,135.5,136.3600006,0
5/20/1998,136.4100037,136.5899963,135.6100006,135.7700043,0
5/21/1998,135.8000031,136,134.7400055,134.9499969,0
5/22/1998,134.9199982,136.0800018,134.8999939,135.6999969,0
5/25/1998,136.3500061,137.25,136.2400055,137.1900024,0
5/26/1998,137.2599945,138.1000061,136.9299927,137.8300018,0
5/27/1998,137.8200073,138.0099945,137.1000061,137.6199951,0
5/28/1998,137.6100006,138.9100037,136.75,138.7100067,0
5/29/1998,138.6999969,139.2200012,138.3000031,138.75,0
6/1/1998,138.3000031,139.75,138.3000031,139.6600037,0
6/2/1998,139.3399963,139.6499939,138.3999939,138.6199951,0
6/3/1998,138.6100006,138.8999939,137.3999939,138.4299927,0
6/4/1998,138.4100037,138.6600037,137.9100037,138.5299988,0
6/5/1998,138.5200043,139.9499969,138.3999939,139.75,0
6/8/1998,140.0700073,141.25,140.0200043,140.9499969,0
6/9/1998,140.9700012,141.0500031,139.7799988,140.6000061,0
6/10/1998,140.6100006,141.6999969,140,141.6499939,0
6/11/1998,141.6499939,144.3500061,140.8999939,143.9499969,0
6/12/1998,143.8999939,144.75,143.5,144.1499939,0
6/15/1998,144.2100067,146.6100006,144.2100067,146.1999969,0
6/16/1998,146.4499969,146.75,142.5,143.1499939,0
6/17/1998,143.2299957,144.0899963,136,136.8500061,0
6/18/1998,136.8000031,138.25,135.3999939,137.3800049,0
6/19/1998,137.2799988,137.6000061,133.6499939,137.0899963,0
6/22/1998,138.25,138.8999939,137.1000061,137.8800049,0
6/23/1998,137.8399963,139.4100037,137.3000031,139.1000061,0
6/24/1998,138.9199982,141.4499969,138.8999939,141.3999939,0
6/25/1998,141.4400024,142.3500061,140.5200043,142.3000031,0
6/26/1998,142.2599945,142.9799957,141.1000061,142.3999939,0
6/29/1998,142.7899933,143.3500061,141.3500061,142.1000061,0
6/30/1998,142.25,142.3999939,137.75,138.3500061,0
7/1/1998,138.2799988,139.1000061,137.4299927,137.9499969,0
7/2/1998,138.1100006,141.8999939,137.8699951,140.4400024,0
7/3/1998,140.25,141.0299988,138.6000061,139.4199982,0
7/6/1998,140.75,140.8500061,139.6499939,139.9199982,0
7/7/1998,139.6600037,140.0599976,138.2299957,138.5700073,0
7/8/1998,138.6199951,139.9199982,138.0800018,139.6499939,0
7/9/1998,139.6999969,141.4600067,139.3999939,140.9499969,0
7/10/1998,140.9499969,141.6999969,140.1499939,141.3500061,0
7/13/1998,143.9499969,144.2799988,140.3600006,140.9499969,0
7/14/1998,140.8500061,141.6199951,139.3500061,140.2200012,0
7/15/1998,140.0500031,141.3000031,139.9600067,140.6300049,0
7/16/1998,140.6100006,140.8399963,138.7799988,140.1600037,0
7/17/1998,139.9499969,140.1000061,138.5800018,139.4100037,0
7/20/1998,139.1000061,139.5299988,138.5299988,139.3200073,0
7/21/1998,139.3099976,140.5,138.8300018,140.2200012,0
7/22/1998,140.2799988,141.2299957,140.1000061,141.0800018,0
7/23/1998,141.1300049,142.0500031,140.5299988,140.9499969,0
7/24/1998,140.75,141.6900024,140.1799927,141.6600037,0
7/27/1998,141.7100067,142.4600067,141.4700012,142.3000031,0
7/28/1998,142.6100006,142.6199951,140.8500061,140.9499969,0
7/29/1998,141.1199951,142.9199982,140.6999969,142.1499939,0
7/30/1998,142.3600006,143.8600006,141.3999939,143.6900024,0
7/31/1998,143.5700073,144.7599945,143.4499969,144.75,0
8/3/1998,145,145.8600006,144.5500031,145.6999969,0
8/4/1998,145.7799988,145.7799988,144.25,144.7400055,0
8/5/1998,144.3300018,144.4400024,143.3500061,143.8200073,0
8/6/1998,143.6300049,145.0299988,143.6300049,144.6100006,0
8/7/1998,144.5800018,146.3000031,144.3200073,146.2100067,0
8/10/1998,146.3999939,146.7700043,146,146.2799988,0
8/11/1998,146.1799927,147.6300049,146,147.2200012,0
8/12/1998,147.3399963,147.3399963,144.8200073,146.0899963,0
8/13/1998,146.25,147.1000061,144.5299988,144.6199951,0
8/14/1998,144.8399963,146.4600067,144.3000031,146.4100037,0
8/17/1998,146.2599945,146.8600006,145.6000061,146.3899994,0
8/18/1998,146.3000031,146.3000031,144.3999939,144.8200073,0
8/19/1998,144.8000031,144.8500061,143.6000061,143.8600006,0
8/20/1998,143.8300018,144.1600037,141.3800049,143.0399933,0
8/21/1998,142.9100037,145.3500061,142.5500031,144.6100006,0
8/24/1998,144.8500061,145.2200012,143.5,143.6499939,0
8/25/1998,143.5299988,145.0200043,143.2700043,144.2400055,0
8/26/1998,144.2400055,144.8999939,143.8000031,144.1300049,0
8/27/1998,144.1699982,144.1699982,141.7200012,141.9499969,0
8/28/1998,141.8000031,144.1999969,140,141.7599945,0
8/31/1998,141.1000061,142.5,138.6900024,138.6900024,0
9/1/1998,139.3500061,139.8999939,134.9499969,137.1000061,0
9/2/1998,137.3999939,138.4700012,136.6499939,138.25,0
9/3/1998,138.2700043,138.4199982,133.7899933,133.9600067,0
9/4/1998,133.6300049,135.9600067,132.9299927,133.4600067,0
9/7/1998,133.8500061,134.0700073,130.4499969,131.5299988,0
9/8/1998,131.5599976,133.0599976,131.1000061,131.4400024,0
9/9/1998,131.4199982,138.2599945,130.4499969,135.8000031,0
9/10/1998,135.6999969,135.9499969,133.6999969,134.25,0
9/11/1998,134.1999969,134.3500061,129.1000061,130.9100037,0
9/14/1998,131.3500061,133.4499969,130.8999939,133.2299957,0
9/15/1998,133.1000061,134.25,132.3600006,134.2100067,0
9/16/1998,134.25,135.7700043,133.75,134.3999939,0
9/17/1998,134.2100067,134.7299957,131.6699982,131.7899933,0
9/18/1998,131.7700043,133.0700073,131,132.6499939,0
9/21/1998,133.25,134.6000061,132.3200073,134.1000061,0
9/22/1998,134.1300049,136,134.0500031,135.4499969,0
9/23/1998,135.3899994,136.8999939,135.1399994,135.5399933,0
9/24/1998,135.5,137.1900024,134.6000061,134.9299927,0
9/25/1998,134.9299927,136.4499969,133.2899933,136.1399994,0
9/28/1998,136.3999939,136.8600006,134.8999939,136.1999969,0
9/29/1998,136.1999969,136.5,133.3500061,134.1699982,0
9/30/1998,133.9299927,136.8200073,133.8999939,136.2899933,0
10/1/1998,136.3600006,136.8600006,135.0099945,135.5599976,0
10/2/1998,135.5800018,135.6999969,133.0099945,135.6000061,0
10/5/1998,134.9199982,135.8500061,133.8500061,133.8500061,0
10/6/1998,133.7899933,134.1999969,129.9100037,130.3399963,0
10/7/1998,130.1100006,130.6999969,118.8499985,121.6500015,0
10/8/1998,121.5999985,123.4499969,111.6299973,119.75,0
10/9/1998,119.0500031,119.3000031,115.1999969,116.6100006,0
10/12/1998,117,118.4700012,115,117.7200012,0
10/13/1998,117.6999969,120.3700027,117.5999985,118.7300034,0
10/14/1998,118.7799988,120.0899963,118.3300018,118.6399994,0
10/15/1998,118.8300018,119.0699997,115.4599991,115.5500031,0
10/16/1998,115.6999969,116.6999969,113.5,115.2300034,0
10/19/1998,114,114.9000015,113.8000031,114.5599976,0
10/20/1998,114.4700012,118.3799973,114.4499969,115.8600006,0
10/21/1998,115.8000031,117.5500031,115.3000031,117.1999969,0
10/22/1998,117.4400024,118.8399963,117.2399979,117.4300003,0
10/23/1998,117.4000015,119.5299988,117.3000031,118.0199966,0
10/26/1998,118.6800003,119.4499969,118.0899963,119.4100037,0
10/27/1998,119.4499969,119.75,117.6999969,118.2699966,0
10/28/1998,118.25,118.4499969,116.6600037,117.75,0
10/29/1998,117.8300018,117.9899979,115.8300018,116.9100037,0
10/30/1998,116.8499985,117.0999985,114.9899979,115.7699966,0
11/2/1998,115.2200012,116.0999985,114.4000015,114.9000015,0
11/3/1998,114.8899994,116.1399994,114.6999969,115.1500015,0
11/4/1998,115.1500015,117.3799973,115.0500031,116.9199982,0
11/5/1998,116.9000015,118.0999985,116.8499985,118.0999985,0
11/6/1998,118.3499985,119.0699997,117.6900024,118.9499969,0
11/9/1998,119.25,122.1999969,119.0999985,121.6500015,0
11/10/1998,121.5999985,123.3899994,121.4000015,122.0500031,0
11/11/1998,122.0400009,122.3899994,120.5999985,121.5699997,0
11/12/1998,121.6999969,124.0800018,121.5,121.8600006,0
11/13/1998,121.9000015,122.9499969,121,122.8499985,0
11/16/1998,122.2300034,122.6500015,119.5299988,120.4599991,0
11/17/1998,120.3799973,122.1500015,119.6999969,120.9100037,0
11/18/1998,121.3600006,122.1500015,120.6600037,122.1500015,0
11/19/1998,122.0999985,122.1500015,118.4800034,119.8499985,0
11/20/1998,120.1299973,120.8000031,118.7699966,120.3000031,0
11/23/1998,120.5800018,121.6999969,120.1500015,121.0999985,0
11/24/1998,121.1999969,122,120.2699966,121.3000031,0
11/25/1998,121.2900009,121.9800034,120.1999969,121.7699966,0
11/26/1998,121.7799988,122.6500015,121.3000031,122.4000015,0
11/27/1998,122.4400024,123.5,122.1999969,122.9899979,0
11/30/1998,123.2399979,124.0299988,122.4000015,122.9300003,0
12/1/1998,122.9000015,123.1500015,121.5800018,121.8199997,0
12/2/1998,121.8000031,122.0999985,119.75,120.0500031,0
12/3/1998,120.0500031,120.5,117.4800034,117.8000031,0
12/4/1998,117.7099991,119.4000015,117.3000031,118.6699982,0
12/7/1998,118.4499969,120.3000031,118.1699982,120,0
12/8/1998,120.0100021,120.4800034,118.8799973,119.0500031,0
12/9/1998,119.0599976,119.4499969,116.8600006,118.1500015,0
12/10/1998,118.0999985,118.3300018,116.5999985,117.3000031,0
12/11/1998,117.3499985,118.0199966,116.1999969,116.1999969,0
12/14/1998,116.3899994,116.7799988,114.8799973,115.6299973,0
12/15/1998,115.6500015,117.3799973,115.3899994,116.6999969,0
12/16/1998,116.75,117.1999969,115.3499985,116.5999985,0
12/17/1998,116.5500031,116.5500031,115.5800018,116.1999969,0
12/18/1998,116.25,116.5800018,114.4499969,115.6999969,0
12/21/1998,115.7099991,116.2300034,114.6500015,115.6999969,0
12/22/1998,115.7099991,117.4499969,115.5999985,116.5599976,0
12/23/1998,116.5500031,116.7300034,115.4800034,115.5999985,0
12/24/1998,115.5899963,116.4700012,115,116.2600021,0
12/25/1998,116.0999985,116.5500031,115.7300034,116.5,0
12/28/1998,116.1200027,117.0199966,115.5999985,115.6299973,0
12/29/1998,115.6399994,116.1800003,114.9499969,115.6699982,0
12/30/1998,115.6600037,115.8600006,114.4499969,114.8099976,0
12/31/1998,114.8000031,114.9000015,112.5100021,113.4499969,0
1/1/1999,113.1999969,113.4599991,113.1500015,113.4599991,0
1/4/1999,113.3000031,114.3399963,111.5500031,111.9100037,0
1/5/1999,111.9599991,112.3700027,110.4599991,111.9000015,0
1/6/1999,111.8499985,113.4700012,111.5500031,112.75,0
1/7/1999,112.75,112.9899979,109.75,111.3099976,0
1/8/1999,111.1299973,112.1500015,110.8000031,110.8000031,0
1/11/1999,110.2200012,110.9499969,108.1999969,109,0
1/12/1999,108.9499969,112.8000031,108.6200027,112.5999985,0
1/13/1999,112.5500031,114.0999985,111.0500031,113.5,0
1/14/1999,113.4300003,114.4000015,112.8000031,113.5,0
1/15/1999,113.4300003,114.1999969,112.2399979,114.0999985,0
1/18/1999,114.1500015,114.9899979,113.1699982,114.2300034,0
1/19/1999,113.5199966,113.9499969,113.3000031,113.5999985,0
1/20/1999,113.5899963,114.0400009,112.75,112.9000015,0
1/21/1999,113.1299973,114.4499969,112.3000031,113.9000015,0
1/22/1999,113.8499985,114.7200012,113.4499969,114.4199982,0
1/25/1999,114.3499985,114.6600037,113.5299988,113.6999969,0
1/26/1999,113.6999969,114.25,113.2099991,113.7799988,0
1/27/1999,113.7200012,116.1200027,113.4499969,115.5999985,0
1/28/1999,115.6500015,116.8099976,115.0500031,116.2699966,0
1/29/1999,116.2300034,116.4899979,115.7300034,116.2799988,0
2/1/1999,115.8199997,116,114.7799988,115.0500031,0
2/2/1999,115.0400009,115.2300034,111.8899994,111.9100037,0
2/3/1999,111.9000015,113.1399994,111.6999969,112.8899994,0
2/4/1999,112.9000015,114.0800018,111.5500031,112.0199966,0
2/5/1999,112.0500031,113.6999969,111.3000031,113.0800018,0
2/8/1999,112.9700012,114.9499969,112.5800018,114.5199966,0
2/9/1999,114.5299988,114.9499969,113.8499985,113.9499969,0
2/10/1999,113.8000031,115.4700012,113.6900024,114.3000031,0
2/11/1999,114.2699966,114.7799988,113.5400009,114.6399994,0
2/12/1999,114.6399994,115.7399979,113.8099976,113.9499969,0
2/15/1999,114.0299988,115.9499969,113.75,115.9000015,0
2/16/1999,115.9499969,118.8300018,115.5999985,118.6500015,0
2/17/1999,118.6600037,119.1600037,117.9700012,118.6999969,0
2/18/1999,118.6999969,120.1200027,118.3000031,119.6500015,0
2/19/1999,119.6500015,121.4000015,119.3899994,121.3000031,0
2/22/1999,121.3499985,122.5,120,121.1200027,0
2/23/1999,121.0100021,121.8499985,119.75,120.7799988,0
2/24/1999,120.7600021,122.0999985,120.5299988,121.3499985,0
2/25/1999,121.3300018,121.8000031,119.0800018,119.5999985,0
2/26/1999,119.5999985,121.0999985,118.4000015,119.1500015,0
3/1/1999,119.2699966,119.9000015,118.8399963,119.7200012,0
3/2/1999,119.6900024,120.8499985,119.6900024,119.9000015,0
3/3/1999,119.9499969,121.9000015,119.8799973,121.8300018,0
3/4/1999,121.8300018,123.7300034,121.6999969,123.4800034,0
3/5/1999,123.3799973,123.5199966,122.0299988,122.6999969,0
3/8/1999,122.8399963,123.1600037,121.0400009,121.6900024,0
3/9/1999,121.6900024,122.0500031,120.6200027,121.1100006,0
3/10/1999,121.0999985,121.3600006,119.5400009,119.7600021,0
3/11/1999,119.75,121,118.6200027,119.0899963,0
3/12/1999,119.0999985,120.4499969,118.6500015,118.6500015,0
3/15/1999,119.0299988,119.3700027,117.3499985,117.8799973,0
3/16/1999,117.8799973,118.4599991,117.3000031,117.4199982,0
3/17/1999,117.4199982,119.1600037,117.1800003,118.2699966,0
3/18/1999,118.2699966,118.8499985,117.3199997,117.5199966,0
3/19/1999,117.5400009,117.8399963,116.8399963,117.1999969,0
3/22/1999,116.9300003,118.4000015,116.8899994,118.3000031,0
3/23/1999,118.3300018,118.7600021,117.7799988,118.1600037,0
3/24/1999,118.2099991,118.5,117.0899963,118.1399994,0
3/25/1999,118.1200027,118.3399963,117.6600037,118.1500015,0
3/26/1999,118.1500015,120.5500031,117.9499969,120.3000031,0
3/29/1999,120.4499969,120.5,119.5699997,120.2799988,0
3/30/1999,120.2900009,120.6800003,119.7699966,120.4400024,0
3/31/1999,120.4199982,120.9800034,118.0999985,118.7699966,0
4/1/1999,118.7300034,120.8499985,118.3499985,120.6999969,0
4/2/1999,120.6500015,120.9800034,120.3000031,120.4499969,0
4/5/1999,120.6399994,121.9700012,120.4100037,121.6999969,0
4/6/1999,121.6999969,121.7900009,120.3799973,120.6699982,0
4/7/1999,120.6699982,121.5999985,120.4000015,121.5,0
4/8/1999,121.5,121.5699997,120.3399963,121.1800003,0
4/9/1999,121.1800003,121.6999969,120.6699982,120.8899994,0
4/12/1999,120.8000031,120.8499985,119.6399994,120.4000015,0
4/13/1999,120.4499969,120.8499985,119.6100006,119.8000031,0
4/14/1999,119.8300018,119.8300018,118.4800034,118.8399963,0
4/15/1999,118.8499985,119.4499969,118.2600021,119.0699997,0
4/16/1999,119.0800018,119.1500015,117.4000015,117.7200012,0
4/19/1999,117.7699966,118.5,117.4499969,117.5299988,0
4/20/1999,117.6500015,118.9599991,117.4800034,118.8399963,0
4/21/1999,118.8300018,119.8899994,118.4899979,119.7300034,0
4/22/1999,119.7200012,120.4000015,119.3499985,119.6999969,0
4/23/1999,119.3499985,119.5,119,119.3000031,0
4/26/1999,119.2300034,119.5599976,118.6500015,119.3399963,0
4/27/1999,119.4499969,120.5500031,119.0999985,120.1999969,0
4/28/1999,120.1500015,120.2300034,118.2900009,119.0899963,0
4/29/1999,119.1100006,119.5199966,118.7600021,119.1999969,0
4/30/1999,119.1999969,119.9400024,118.9100037,119.3700027,0
5/3/1999,119.5,120.3799973,119.4000015,120.2200012,0
5/4/1999,120.2200012,121.2799988,120,120.8099976,0
5/5/1999,120.8099976,121.4599991,120.0999985,120.4499969,0
5/6/1999,120.4499969,121.1200027,119.8000031,120.5,0
5/7/1999,120.5,120.9199982,120.2399979,120.6699982,0
5/10/1999,120.9700012,121.2699966,120.3499985,120.4700012,0
5/11/1999,120.4499969,121.1500015,120.2200012,120.9499969,0
5/12/1999,120.9499969,121.5899963,120.2900009,120.9300003,0
5/13/1999,120.9899979,121.9100037,120.9899979,121.75,0
5/14/1999,121.75,122.8300018,121.5,122.8300018,0
5/17/1999,122.8499985,123.75,122.8399963,123.4000015,0
5/18/1999,123.4000015,123.6500015,122.5899963,123.2799988,0
5/19/1999,123.2799988,124.6600037,123.2799988,124.25,0
5/20/1999,124.25,124.7900009,123.8000031,124.3899994,0
5/21/1999,124.3799973,124.5699997,123.4700012,123.8700027,0
5/24/1999,124.2699966,124.2699966,122.9000015,123.1299973,0
5/25/1999,123.1200027,123.1800003,122.1399994,122.3300018,0
5/26/1999,122.3300018,122.4599991,121.5500031,122.3000031,0
5/27/1999,122.3000031,122.6999969,119.6999969,120.5,0
5/28/1999,120.4300003,121.7399979,120.1500015,121.5800018,0
5/31/1999,121.7099991,121.8799973,121.1500015,121.5899963,0
6/1/1999,121.6200027,121.9199982,120.3399963,120.6999969,0
6/2/1999,120.6999969,121.7200012,120.3000031,121.6100006,0
6/3/1999,121.6200027,121.9700012,120.9400024,121.6399994,0
6/4/1999,121.6399994,122.4599991,121,122.3600006,0
6/7/1999,121.9899979,121.9899979,120.5299988,120.5299988,0
6/8/1999,120.5999985,121.4899979,118.6999969,119.4000015,0
6/9/1999,119.3899994,119.5999985,118.5500031,119.4000015,0
6/10/1999,119.4000015,119.9000015,117.5899963,118.8099976,0
6/11/1999,118.8099976,119.0599976,117.8099976,117.9599991,0
6/14/1999,118.0899963,120.8499985,117.8499985,120.4499969,0
6/15/1999,120.4499969,120.7200012,120.1100006,120.4199982,0
6/16/1999,120.4499969,120.6299973,119.8700027,120.3300018,0
6/17/1999,120.3600006,120.4000015,119.0800018,119.5800018,0
6/18/1999,119.5800018,120.9199982,118.9199982,120.4100037,0
6/21/1999,120.6399994,122.5500031,120.5599976,122.2799988,0
6/22/1999,122.2799988,122.5100021,121.4000015,121.8499985,0
6/23/1999,121.8499985,122.3099976,121.6999969,121.8499985,0
6/24/1999,121.8799973,122.3600006,121.5999985,121.9700012,0
6/25/1999,121.9800034,122.0500031,121.1200027,121.1699982,0
6/28/1999,121.4100037,121.8700027,120.9499969,121.3899994,0
6/29/1999,121.3899994,121.6500015,120.6900024,121.0500031,0
6/30/1999,121.0500031,121.2600021,120.5,120.9000015,0
7/1/1999,120.9000015,121.4700012,120.5500031,120.9000015,0
7/2/1999,120.8899994,121.2200012,120.6999969,120.9599991,0
7/5/1999,121.0199966,122.8499985,120.8700027,122.3499985,0
7/6/1999,122.3499985,122.4000015,121.7799988,122.0999985,0
7/7/1999,122.0999985,122.5599976,121.6999969,122.3700027,0
7/8/1999,122.3700027,122.75,122.1200027,122.5599976,0
7/9/1999,122.5599976,122.75,122.0299988,122.2699966,0
7/12/1999,122.3399963,122.5299988,121.9000015,122.1299973,0
7/13/1999,122.1299973,122.2300034,121.0999985,121.3499985,0
7/14/1999,121.3499985,121.4800034,120.3300018,120.7399979,0
7/15/1999,120.7200012,121.1699982,120.2300034,121.0100021,0
7/16/1999,121,121.1200027,120.0899963,120.8700027,0
7/19/1999,120.9700012,121.0100021,117.6200027,118.4000015,0
7/20/1999,118.3899994,119.6800003,117.8899994,119.2900009,0
7/21/1999,119.2900009,119.6699982,117.9800034,118.3700027,0
7/22/1999,118.3499985,118.8600006,116.1500015,116.9700012,0
7/23/1999,117.0100021,117.4300003,116.1299973,116.5299988,0
7/26/1999,116.7200012,117.0699997,115.4300003,116.9199982,0
7/27/1999,116.9000015,117.3600006,116.1500015,116.5800018,0
7/28/1999,116.4499969,116.5500031,115.3199997,116.0400009,0
7/29/1999,116.0400009,116.0500031,114.8799973,115.3600006,0
7/30/1999,115.3600006,115.8099976,114.0999985,114.6500015,0
8/2/1999,114.6800003,114.9700012,113.8000031,114.4499969,0
8/3/1999,114.4499969,115.6999969,114.3700027,115.2799988,0
8/4/1999,115.2799988,115.3300018,114.0599976,114.5100021,0
8/5/1999,114.5100021,114.5999985,113.5800018,114.4499969,0
8/6/1999,114.4800034,114.9800034,114.1699982,114.5,0
8/9/1999,115.2099991,115.5500031,114.9000015,115.1399994,0
8/10/1999,115.1399994,115.4199982,114.3099976,114.7399979,0
8/11/1999,114.7399979,115.7099991,114.4100037,115.6800003,0
8/12/1999,115.6800003,116.0400009,115.1699982,115.25,0
8/13/1999,115.25,116.3000031,114.5,115.5800018,0
8/16/1999,115.8300018,115.8799973,114.3099976,114.4899979,0
8/17/1999,114.5,114.9000015,113.8499985,113.9800034,0
8/18/1999,113.9599991,114.25,111.5899963,112.0999985,0
8/19/1999,112.1600037,112.3099976,110.6900024,111.5899963,0
8/20/1999,111.5100021,112.1299973,111.0299988,111.3799973,0
8/23/1999,111.25,112.0299988,110.5500031,111.6100006,0
8/24/1999,111.6100006,112.8000031,110.6299973,110.75,0
8/25/1999,110.7399979,112.1500015,110.3700027,111.1200027,0
8/26/1999,111.1200027,111.9000015,110.7099991,111.8799973,0
8/27/1999,111.8700027,111.9499969,111.1999969,111.5599976,0
8/30/1999,111.0100021,111.5800018,110.5400009,110.6399994,0
8/31/1999,110.6399994,111.0599976,108.9899979,109.7399979,0
9/1/1999,109.7399979,109.8899994,108.6200027,109.1200027,0
9/2/1999,109.1200027,109.6399994,108.6900024,109.3199997,0
9/3/1999,109.3000031,110.4499969,109.0999985,110.0100021,0
9/6/1999,109.6500015,109.9300003,109.3000031,109.5500031,0
9/7/1999,109.5199966,111.4000015,109.4000015,110.7200012,0
9/8/1999,110.7099991,111.25,110.3399963,110.8799973,0
9/9/1999,110.8799973,111.1299973,107.5,108,0
9/10/1999,108,109.9700012,107.5999985,108.6800003,0
9/13/1999,108.8399963,109.1399994,105.9599991,106.6200027,0
9/14/1999,106.6100006,107.25,105.1299973,105.8399963,0
9/15/1999,105.8399963,106.0100021,103.1500015,104.9400024,0
9/16/1999,104.9499969,105.5699997,103.5299988,104.9400024,0
9/17/1999,104.9400024,107.3000031,104.7600021,107.1299973,0
9/20/1999,107.5699997,108.1600037,105.8499985,106.2399979,0
9/21/1999,106.2799988,107.4000015,103.7099991,104.75,0
9/22/1999,104.7699966,105.5400009,103.5999985,104.1600037,0
9/23/1999,104.1699982,104.5999985,103.4199982,103.8700027,0
9/24/1999,103.8700027,105.1399994,103.8300018,104.1500015,0
9/27/1999,105.1600037,105.9700012,103.8300018,104.9000015,0
9/28/1999,106.1399994,106.6699982,105.4499969,106.1999969,0
9/29/1999,106.2200012,107.3199997,105.9899979,107.1200027,0
9/30/1999,107.1200027,107.2799988,105.1500015,106.1500015,0
10/1/1999,106.1299973,106.3600006,104.7799988,105.1200027,0
10/4/1999,105.0599976,106.4700012,104.5500031,106.1399994,0
10/5/1999,106.1500015,107.1399994,105.8499985,106.2799988,0
10/6/1999,106.2699966,107.75,105.9000015,107.3199997,0
10/7/1999,107.3199997,107.9499969,106.9700012,107.1999969,0
10/8/1999,107.1900024,107.9800034,107,107.5199966,0
10/11/1999,107.4100037,107.4599991,106.5100021,106.7600021,0
10/12/1999,106.7399979,106.9000015,105.9899979,106.3099976,0
10/13/1999,106.3300018,108,105.8799973,106.5500031,0
10/14/1999,107.1200027,107.5699997,106.6200027,107.5199966,0
10/15/1999,107.5199966,107.5999985,105.1800003,105.6600037,0
10/18/1999,105.4000015,105.9700012,104.7399979,105.5,0
10/19/1999,105.5,105.9000015,105.1500015,105.4000015,0
10/20/1999,105.4000015,106.6600037,105.1200027,106.2900009,0
10/21/1999,106.2600021,106.5100021,105.6900024,106.1299973,0
10/22/1999,106.0899963,106.25,105.1900024,105.8600006,0
10/25/1999,105.75,106.1999969,105.1800003,105.25,0
10/26/1999,105.2300034,105.4800034,104.4800034,104.7099991,0
10/27/1999,104.7099991,104.8000031,103.6200027,104.3099976,0
10/28/1999,104.3300018,105.2699966,103.8499985,105.2300034,0
10/29/1999,105.25,105.2799988,103.9199982,104,0
11/1/1999,104.1600037,104.5500031,103.6999969,104.0400009,0
11/2/1999,104,105.0500031,103.75,104.0199966,0
11/3/1999,104.0199966,105.2099991,103.3700027,104.8399963,0
11/4/1999,104.8600006,105.5500031,104.3000031,104.8000031,0
11/5/1999,104.8300018,106.5599976,104.5400009,105.9100037,0
11/8/1999,106.1200027,106.3799973,105.0599976,105.2200012,0
11/9/1999,105.2099991,105.5,104.6600037,104.9000015,0
11/10/1999,104.9100037,105.2099991,104.3399963,104.5299988,0
11/11/1999,104.5599976,105.3499985,104.4000015,104.8899994,0
11/12/1999,104.9000015,105.4300003,104.4499969,105.4000015,0
11/15/1999,105.2900009,105.3600006,104.4700012,104.8000031,0
11/16/1999,104.8499985,105.9700012,104.7600021,105.8199997,0
11/17/1999,105.8600006,106.2600021,104.9599991,105.5500031,0
11/18/1999,105.5999985,106,105.2399979,105.9000015,0
11/19/1999,105.9000015,106.5599976,105.6999969,106.3799973,0
11/22/1999,106.3000031,106.5599976,104.5199966,104.6800003,0
11/23/1999,104.6699982,104.75,103.9499969,104.2600021,0
11/24/1999,104.2600021,104.7600021,104.0199966,104.7099991,0
11/25/1999,104.7200012,104.9599991,104.0299988,104.3099976,0
11/26/1999,104.3099976,104.5299988,101.2200012,101.8000031,0
11/29/1999,103.0999985,103.1399994,101.5599976,102.6699982,0
11/30/1999,102.6699982,103.0800018,101.3000031,101.9700012,0
12/1/1999,102.0599976,102.75,101.8000031,102.6100006,0
12/2/1999,102.6100006,102.8000031,102.1399994,102.7399979,0
12/3/1999,102.7200012,102.7699966,102.0599976,102.6999969,0
12/6/1999,102.6200027,103.4599991,101.9899979,102.8700027,0
12/7/1999,102.8899994,103.1699982,102.1200027,102.3799973,0
12/8/1999,102.3799973,103.2200012,102.2600021,102.8799973,0
12/9/1999,102.8799973,103.3799973,102.1200027,102.4800034,0
12/10/1999,102.4700012,102.6999969,102.0999985,102.1699982,0
12/13/1999,102.4400024,103.3000031,102.1999969,103.0800018,0
12/14/1999,103.1200027,106.0199966,102.75,103.5,0
12/15/1999,103.4599991,103.8000031,103.1999969,103.6500015,0
12/16/1999,103.6200027,103.7600021,102.4899979,102.9599991,0
12/17/1999,102.9499969,103.5400009,102.5999985,103.1800003,0
12/20/1999,103.1200027,103.6999969,102.1399994,102.5599976,0
12/21/1999,102.5500031,102.5999985,101.7799988,102.1699982,0
12/22/1999,102.1699982,102.4300003,101.3499985,101.5699997,0
12/23/1999,101.5800018,102.2200012,101.2300034,102.0500031,0
12/24/1999,102.0299988,103.1500015,101.6299973,102.8199997,0
12/27/1999,102.75,102.9499969,101.9400024,102.2300034,0
12/28/1999,102.2399979,102.7099991,101.9899979,102.3199997,0
12/29/1999,102.3300018,102.5500031,101.7900009,102,0
12/30/1999,102.1100006,103.9899979,101.8499985,102.5,0
12/31/1999,102.5199966,103.8300018,102.0599976,102.1800003,0
1/3/2000,102.0699997,103.3300018,101.3099976,101.6900024,0
1/4/2000,101.6399994,103.3199997,101.4700012,103.1399994,0
1/5/2000,103.1299973,104.4800034,102.75,104.0899963,0
1/6/2000,104.0899963,105.5599976,103.9000015,105.2300034,0
1/7/2000,105.2600021,105.8799973,104.8300018,105.3300018,0
1/10/2000,105.0999985,105.8499985,104.2799988,105.1600037,0
1/11/2000,105.1500015,106.3099976,105.0500031,106.0199966,0
1/12/2000,106.0100021,107.3099976,105.4800034,105.7099991,0
1/13/2000,105.7200012,106.2300034,105.3899994,106.0199966,0
1/14/2000,106.0800018,106.5800018,105.4100037,105.8799973,0
1/17/2000,105.8399963,105.8600006,104.25,104.8899994,0
1/18/2000,104.9000015,107.4000015,104.7300034,105.6600037,0
1/19/2000,105.6299973,106.0899963,105.1100006,105.2600021,0
1/20/2000,105.2799988,105.7099991,105,105.3099976,0
1/21/2000,105.3499985,105.3799973,104.3799973,104.7200012,0
1/24/2000,105,105.8399963,104.7200012,105.6500015,0
1/25/2000,105.5599976,106.0599976,104.8499985,105.8700027,0
1/26/2000,105.9199982,106.3000031,105.25,105.5800018,0
1/27/2000,105.5899963,105.9000015,104.0999985,104.9899979,0
1/28/2000,104.9800034,107.25,104.5,107.0599976,0
1/31/2000,106.8000031,107.5100021,106.5400009,107.1999969,0
2/1/2000,107.1900024,107.9199982,107,107.7399979,0
2/2/2000,107.8000031,109.0400009,107.5299988,108.0999985,0
2/3/2000,108.0500031,108.7699966,107.1100006,107.4499969,0
2/4/2000,107.4000015,108.0299988,107,107.1800003,0
2/7/2000,107.2200012,108.9599991,107.0999985,108.9100037,0
2/8/2000,108.9400024,109.6800003,108.6900024,109.4000015,0
2/9/2000,109.4000015,109.6500015,108.5100021,108.7600021,0
2/10/2000,108.75,109.3000031,108.25,109.1100006,0
2/11/2000,109.1200027,109.75,108.5299988,108.8000031,0
2/14/2000,108.9300003,109.0500031,107.9700012,108.8300018,0
2/15/2000,108.8300018,109.3199997,107.9899979,109.0699997,0
2/16/2000,109.0500031,109.6500015,108.6900024,109.3499985,0
2/17/2000,109.3499985,110.6600037,109.0800018,110.4100037,0
2/18/2000,110.4400024,111.2300034,110.2799988,110.8499985,0
2/21/2000,110.6500015,111.4400024,110.3499985,111.25,0
2/22/2000,111.3499985,111.7300034,110.5,110.6800003,0
2/23/2000,110.6100006,111.3399963,110.0599976,111.25,0
2/24/2000,111.25,111.4800034,110,111.3000031,0
2/25/2000,111.3000031,111.3199997,110.0800018,110.1500015,0
2/28/2000,109.6699982,109.7300034,108.3700027,109.6999969,0
2/29/2000,109.7099991,110.4199982,109.0800018,110.1900024,0
3/1/2000,110.0699997,110.0699997,106.5400009,106.9400024,0
3/2/2000,107,107.9700012,106.5400009,107.8000031,0
3/3/2000,107.7399979,107.9599991,106.7799988,107.6800003,0
3/6/2000,107.6699982,107.7600021,106.6900024,107.4199982,0
3/7/2000,107.4599991,108.0999985,105.7600021,106.1800003,0
3/8/2000,106.1900024,107.4800034,106.0800018,107.1699982,0
3/9/2000,106.9199982,107.8499985,106.1500015,106.5100021,0
3/10/2000,106.5,106.6299973,106.0100021,106.2200012,0
3/13/2000,106.4499969,106.4499969,104.7600021,105.6900024,0
3/14/2000,105.7099991,105.8499985,104.5599976,105.1100006,0
3/15/2000,105.1200027,106.1999969,104.7300034,105.6200027,0
3/16/2000,105.6299973,105.8000031,105.0699997,105.6399994,0
3/17/2000,105.5999985,106.7900009,105.5500031,106.6600037,0
3/20/2000,106.8300018,107.0800018,106.1999969,106.3600006,0
3/21/2000,106.3799973,107.1900024,106.3000031,106.6999969,0
3/22/2000,106.6900024,107.1600037,106.4800034,107.0699997,0
3/23/2000,107.1200027,107.7900009,107.0999985,107.2799988,0
3/24/2000,107.25,107.6500015,106.6699982,106.9899979,0
3/27/2000,106.7399979,107.1500015,106.5699997,106.6999969,0
3/28/2000,106.6500015,106.7300034,105.6399994,105.8199997,0
3/29/2000,105.8300018,106.2900009,104.9700012,105.7099991,0
3/30/2000,105.6699982,105.8899994,104.8000031,105.6399994,0
3/31/2000,105.6399994,106.0699997,102.0100021,102.9599991,0
4/3/2000,103.2200012,105.5999985,102.7900009,104.9899979,0
4/4/2000,105,105.75,104.1100006,105.2099991,0
4/5/2000,105.1999969,105.5199966,104.7099991,104.8199997,0
4/6/2000,104.8399963,105.1100006,104.5299988,104.6900024,0
4/7/2000,104.6999969,105.5,104.6500015,105.4499969,0
4/10/2000,105.3199997,106.8399963,105.2799988,106.4599991,0
4/11/2000,106.5199966,107.1399994,106.2799988,106.8000031,0
4/12/2000,106.8000031,106.9499969,105.2099991,105.75,0
4/13/2000,105.7300034,106.0999985,105.5599976,105.7900009,0
4/14/2000,105.7799988,106.1500015,104.6999969,104.7600021,0
4/17/2000,104.4100037,105.25,103.1800003,104.5899963,0
4/18/2000,104.5199966,104.9300003,104,104.6600037,0
4/19/2000,104.6299973,105.0299988,104.1800003,104.8499985,0
4/20/2000,104.75,105.8000031,104.4700012,105.7099991,0
4/21/2000,105.7099991,105.8799973,105.4000015,105.8000031,0
4/24/2000,105.8199997,105.9800034,105.0299988,105.6900024,0
4/25/2000,105.6699982,106.3300018,105.1800003,106.1299973,0
4/26/2000,106.0599976,106.7699966,105.5,106.1399994,0
4/27/2000,106.1399994,106.5999985,104.6900024,106.3799973,0
4/28/2000,106.3700027,108.3099976,106.3199997,108.1500015,0
5/1/2000,108.1200027,109.0599976,107.7300034,108.6299973,0
5/2/2000,108.6800003,108.9700012,108.1999969,108.4499969,0
5/3/2000,108.3799973,109.4700012,108.2900009,108.9700012,0
5/4/2000,108.9700012,109.6200027,107.6200027,108,0
5/5/2000,108.0500031,108.7200012,107.2099991,108.5800018,0
5/8/2000,108.8000031,109.1500015,108.2699966,109.1500015,0
5/9/2000,109.1399994,109.6500015,108.5500031,109.1100006,0
5/10/2000,109.1699982,109.5800018,108.5800018,109.3499985,0
5/11/2000,109.4300003,110.0299988,108.0400009,108.3799973,0
5/12/2000,108.4199982,109.0500031,107.6600037,108.3199997,0
5/15/2000,108.5899963,109.5800018,108.5500031,109.1600037,0
5/16/2000,109.1900024,109.9000015,108.7399979,109.7300034,0
5/17/2000,109.5800018,110.0199966,108.7799988,108.9100037,0
5/18/2000,108.9000015,109.4499969,108.2900009,108.4499969,0
5/19/2000,108.4300003,108.8499985,106.3399963,106.9100037,0
5/22/2000,106.9800034,107.4199982,106.7099991,107.1800003,0
5/23/2000,107.1699982,107.2699966,106.3099976,106.4599991,0
5/24/2000,106.4499969,107.9400024,106.3499985,107.6600037,0
5/25/2000,107.6500015,107.9499969,107.2399979,107.3799973,0
5/26/2000,107.4000015,107.8199997,106.5299988,107.1100006,0
5/29/2000,106.9199982,107.3600006,106.6699982,106.9100037,0
5/30/2000,106.8899994,107.0100021,106.0100021,106.4800034,0
5/31/2000,106.5299988,107.9199982,106.1500015,107.6299973,0
6/1/2000,107.6200027,108.9700012,107.5599976,108.5,0
6/2/2000,108.5500031,109,107.6399994,107.9499969,0
6/5/2000,107.9000015,108.2699966,107.2300034,107.4100037,0
6/6/2000,107.4000015,107.5999985,105.1800003,105.8499985,0
6/7/2000,105.8199997,106.1800003,104.9899979,105.5800018,0
6/8/2000,105.5500031,106.25,105.4700012,105.9000015,0
6/9/2000,105.9199982,107.0699997,105.8300018,106.8499985,0
6/12/2000,106.8000031,107.1500015,106.3199997,106.9000015,0
6/13/2000,106.8899994,106.9800034,106.1600037,106.8000031,0
6/14/2000,106.8600006,107.0999985,106.25,106.5699997,0
6/15/2000,106.5,106.7300034,105.8300018,106.4100037,0
6/16/2000,106.4800034,106.5899963,105.9700012,106.3499985,0
6/19/2000,106.3199997,106.4899979,105.5599976,105.8499985,0
6/20/2000,105.7799988,105.8499985,105.1500015,105.4000015,0
6/21/2000,105.4199982,105.6399994,105.1299973,105.5699997,0
6/22/2000,105.5599976,105.6500015,104.0800018,104.5299988,0
6/23/2000,104.5199966,104.9000015,103.8899994,104.6100006,0
6/26/2000,104.6800003,105.7600021,104.2300034,105.5500031,0
6/27/2000,105.5599976,105.8000031,105.1900024,105.3700027,0
6/28/2000,105.3000031,105.7900009,105.2200012,105.3799973,0
6/29/2000,105.3499985,105.4100037,104.3300018,105.2099991,0
6/30/2000,105.1900024,106.3700027,104.7099991,106.0100021,0
7/3/2000,106.0500031,106.4499969,105.5199966,105.7799988,0
7/4/2000,105.6800003,106.5,105.25,106.0999985,0
7/5/2000,106.0999985,107.1800003,105.7799988,106.9300003,0
7/6/2000,106.9599991,107.4700012,106.7799988,107.3300018,0
7/7/2000,107.2900009,107.9400024,107.1600037,107.8799973,0
7/10/2000,107.8700027,107.8700027,106.5400009,106.9199982,0
7/11/2000,106.9499969,107.1600037,106.5699997,107.0699997,0
7/12/2000,107,108.4599991,107,108.1299973,0
7/13/2000,108.1200027,108.3700027,106.9199982,108.0500031,0
7/14/2000,108.0100021,108.4000015,107.5400009,107.8099976,0
7/17/2000,108.0899963,108.7799988,107.7699966,107.9599991,0
7/18/2000,107.9400024,108.4000015,107.5800018,108.2200012,0
7/19/2000,108.1999969,108.3600006,107.6900024,108.1500015,0
7/20/2000,108.0999985,108.2600021,107.2699966,107.5,0
7/21/2000,107.4700012,109.1800003,107.3799973,108.9700012,0
7/24/2000,108.9000015,109.1299973,108.4499969,108.5699997,0
7/25/2000,108.5599976,109.3000031,108.5199966,109.1200027,0
7/26/2000,109.1100006,109.3799973,108.8799973,109.1100006,0
7/27/2000,109.0500031,109.3300018,108.6800003,109.1999969,0
7/28/2000,109.2200012,109.7799988,108.5,109.6299973,0
7/31/2000,109.5699997,109.7900009,109.0999985,109.3300018,0
8/1/2000,109.2699966,109.7600021,108.8799973,109.2300034,0
8/2/2000,109.2900009,109.2900009,108.3499985,108.6800003,0
8/3/2000,108.6699982,109.1200027,107.8799973,108.3300018,0
8/4/2000,108.3399963,108.6399994,108.0500031,108.5800018,0
8/7/2000,108.5800018,109.1500015,108.5199966,109.0100021,0
8/8/2000,109.0199966,109.2300034,108.2900009,108.5699997,0
8/9/2000,108.5599976,108.6800003,107.7300034,107.9199982,0
8/10/2000,107.8799973,108.0800018,107.4499969,107.6999969,0
8/11/2000,108.6699982,108.9199982,108.2699966,108.4599991,0
8/14/2000,108.6200027,109.6500015,108.5400009,109.4300003,0
8/15/2000,109.4400024,109.6200027,108.8300018,109.0299988,0
8/16/2000,109.0599976,109.3199997,108.2699966,108.4000015,0
8/17/2000,108.6600037,108.6600037,108.1999969,108.5400009,0
8/18/2000,108.5999985,109.0599976,108.0699997,108.2699966,0
8/21/2000,108.1900024,108.75,107.7799988,108.6399994,0
8/22/2000,108.4800034,108.6399994,108.0800018,108.3000031,0
8/23/2000,108.2900009,108.3000031,106.7900009,106.9800034,0
8/24/2000,106.9499969,107.3700027,106.5999985,106.9899979,0
8/25/2000,106.8600006,107.2799988,106.6100006,106.8000031,0
8/28/2000,106.9199982,106.9199982,106.0299988,106.5899963,0
8/29/2000,106.5699997,106.6999969,105.9000015,106.1299973,0
8/30/2000,106.1200027,106.7099991,105.8300018,106.6100006,0
8/31/2000,106.5999985,106.8199997,106.2300034,106.6699982,0
9/1/2000,106.6600037,106.7200012,105.5299988,105.9499969,0
9/4/2000,105.75,106.3799973,105.5500031,106.2099991,0
9/5/2000,106.2099991,106.5,105.7200012,105.8600006,0
9/6/2000,105.8700027,106.1100006,105.5299988,105.9300003,0
9/7/2000,105.9300003,106.4499969,104.7699966,105.1399994,0
9/8/2000,105.1500015,106.2600021,105.0500031,106.1100006,0
9/11/2000,106,106.5,105.8700027,106.0899963,0
9/12/2000,106.2099991,107.0299988,106.0599976,106.9199982,0
9/13/2000,106.7799988,107.3300018,106.6500015,107.0599976,0
9/14/2000,107.0500031,107.7300034,106.8300018,107.4100037,0
9/15/2000,107.5400009,107.7300034,107.0500031,107.2600021,0
9/18/2000,107.1100006,107.2600021,106.6399994,106.8899994,0
9/19/2000,106.8899994,107.1299973,106.6600037,106.9499969,0
9/20/2000,107.0199966,107.3799973,106.3600006,106.5999985,0
9/21/2000,106.5500031,106.7699966,106.2600021,106.6399994,0
9/22/2000,106.4599991,108.1299973,106.3899994,108,0
9/25/2000,107.9300003,108.1200027,107.3000031,107.6500015,0
9/26/2000,107.7600021,107.7600021,107.1200027,107.4700012,0
9/27/2000,107.4899979,107.8799973,107.1200027,107.2300034,0
9/28/2000,107.2099991,107.7900009,107.1699982,107.6500015,0
9/29/2000,107.6399994,108.4700012,107.4700012,108.1299973,0
10/2/2000,108.1399994,108.9300003,108.0400009,108.7300034,0
10/3/2000,108.7200012,108.9800034,108.4300003,108.8899994,0
10/4/2000,108.7799988,109.4499969,108.5500031,109.1900024,0
10/5/2000,109.1999969,109.5800018,109,109.0800018,0
10/6/2000,109.0699997,109.1200027,108.6200027,108.7300034,0
10/9/2000,108.8099976,109.1100006,108.6600037,108.7600021,0
10/10/2000,108.7300034,108.8700027,107.5999985,107.7200012,0
10/11/2000,107.7900009,108.1399994,107.4300003,107.7399979,0
10/12/2000,107.6900024,108.1600037,107.3000031,107.75,0
10/13/2000,107.7600021,107.9499969,107.4300003,107.6999969,0
10/16/2000,107.6500015,108.3300018,107.4800034,108.0599976,0
10/17/2000,108.0599976,108.3000031,107.8199997,107.9100037,0
10/18/2000,107.9300003,108.3000031,107.4000015,107.6600037,0
10/19/2000,107.7200012,108.5699997,107.5299988,108.3300018,0
10/20/2000,108.3399963,109.1500015,108.1999969,108.8300018,0
10/23/2000,108.9700012,109.0400009,108.1299973,108.3099976,0
10/24/2000,108.3000031,108.4700012,107.5999985,107.9400024,0
10/25/2000,107.9100037,108.25,107.7399979,108.2099991,0
10/26/2000,108.2200012,108.6200027,107.8899994,108.2399979,0
10/27/2000,108.2200012,108.8199997,108.1500015,108.5299988,0
10/30/2000,108.7399979,109.0699997,108.3899994,108.9599991,0
10/31/2000,108.9599991,109.2699966,108.6299973,108.7900009,0
11/1/2000,108.7799988,109.0299988,108.0800018,108.25,0
11/2/2000,108.2699966,108.4300003,107.9300003,108.1500015,0
11/3/2000,108.1299973,108.3000031,106.7600021,106.9499969,0
11/6/2000,107.2200012,107.5999985,106.8399963,107.3600006,0
11/7/2000,107.3700027,107.4800034,106.8499985,107.0599976,0
11/8/2000,107.1200027,107.8199997,106.8899994,107.2300034,0
11/9/2000,107.2300034,107.7799988,107.0500031,107.5800018,0
11/10/2000,107.5599976,107.9800034,107.3199997,107.8300018,0
11/13/2000,107.9700012,108.0299988,107.3499985,107.5400009,0
11/14/2000,107.5299988,108.25,107.5100021,108.1600037,0
11/15/2000,108.1500015,108.9199982,107.9000015,108.7600021,0
11/16/2000,108.7699966,109.0899963,108.6100006,108.8399963,0
11/17/2000,108.8300018,108.9499969,108.5800018,108.7799988,0
11/20/2000,108.8799973,110.3099976,108.7699966,109.6900024,0
11/21/2000,109.6900024,110.4199982,109.6100006,109.9199982,0
11/22/2000,109.9400024,110.2799988,109.4199982,110.1600037,0
11/23/2000,110.1399994,110.3799973,109.9899979,110.3499985,0
11/24/2000,110.3700027,111.3899994,110.3300018,111.2300034,0
11/27/2000,111.4100037,111.5,110.2699966,110.5699997,0
11/28/2000,110.5899963,110.8000031,109.9899979,110.1699982,0
11/29/2000,110.1600037,111.3399963,109.7699966,111.3199997,0
11/30/2000,111.3099976,111.3300018,110.2600021,110.3700027,0
12/1/2000,110.3799973,112.0100021,110.2799988,111.1900024,0
12/4/2000,111.0899963,111.3399963,110.3700027,111.0599976,0
12/5/2000,111.0599976,111.1600037,110.3499985,110.7399979,0
12/6/2000,110.7200012,111.0299988,110.1100006,110.1600037,0
12/7/2000,110.2600021,110.8199997,110.1399994,110.5400009,0
12/8/2000,110.5599976,111.4300003,110.3799973,110.9000015,0
12/11/2000,111.2200012,111.2600021,110.5,110.7200012,0
12/12/2000,110.75,111.7099991,110.7200012,111.5699997,0
12/13/2000,111.6299973,112.7200012,111.4000015,112.3600006,0
12/14/2000,112.3700027,112.8099976,111.8199997,112.1299973,0
12/15/2000,112.1200027,112.6999969,112.0899963,112.4199982,0
12/18/2000,112.5299988,112.7300034,111.8600006,112.1200027,0
12/19/2000,112.1800003,112.6500015,111.7600021,112.6500015,0
12/20/2000,112.6699982,113.0100021,112.3600006,112.8899994,0
12/21/2000,112.8799973,113.1500015,111.8399963,112.1100006,0
12/22/2000,112.1399994,112.9899979,112.0199966,112.8000031,0
12/25/2000,112.9100037,113.0699997,112.6800003,113.0199966,0
12/26/2000,112.9800034,113.7399979,112.8000031,113.7300034,0
12/27/2000,113.7399979,114.4499969,113.6600037,114.2600021,0
12/28/2000,114.2200012,114.9199982,114.0800018,114.5899963,0
12/29/2000,114.5699997,115.0800018,114.1399994,114.3799973,0
1/1/2001,114.6100006,114.6299973,114.2699966,114.5699997,0
1/2/2001,114.6100006,115.0500031,114.2099991,114.4000015,0
1/3/2001,114.4000015,114.6699982,113.5,113.8399963,0
1/4/2001,113.8099976,116.1100006,113.5800018,116.0899963,0
1/5/2001,116.0699997,116.8700027,115.9400024,116.4499969,0
1/8/2001,116.5100021,116.5599976,115.6200027,116.0999985,0
1/9/2001,116.0199966,117.0699997,115.6100006,117.0699997,0
1/10/2001,117.0899963,117.1500015,115.7399979,116.4499969,0
1/11/2001,116.4899979,118.0199966,116.3899994,117.9100037,0
1/12/2001,117.9199982,118.5599976,117.3600006,118.4700012,0
1/15/2001,118.7300034,119.3600006,118.5100021,119.1100006,0
1/16/2001,119.1100006,119.1299973,117.0599976,117.7099991,0
1/17/2001,117.6800003,119.2600021,116.8799973,119.1699982,0
1/18/2001,119.1600037,119.8499985,117.6100006,117.9000015,0
1/19/2001,117.8199997,118.2799988,116.9400024,117.1299973,0
1/22/2001,116.6900024,117.0599976,116.1299973,116.4599991,0
1/23/2001,116.4400024,117.4000015,116.3899994,116.6100006,0
1/24/2001,116.6200027,118.4499969,116.5500031,117.9000015,0
1/25/2001,117.8899994,117.9800034,116.3300018,116.6200027,0
1/26/2001,116.6399994,117.5500031,116.3099976,117.3199997,0
1/29/2001,117.6699982,117.6699982,116.1100006,116.7399979,0
1/30/2001,116.6900024,116.9199982,115.5800018,115.6500015,0
1/31/2001,115.6800003,116.7300034,115.6699982,116.6800003,0
2/1/2001,116.5899963,116.6999969,115.1699982,115.4199982,0
2/2/2001,115.4000015,116.2200012,114.9000015,115.6299973,0
2/5/2001,115.8000031,116.0400009,114.5599976,114.7099991,0
2/6/2001,114.7200012,115.2600021,114.3000031,114.7399979,0
2/7/2001,114.7600021,116.3499985,114.6999969,116.1600037,0
2/8/2001,116.2900009,116.8000031,115.8099976,116.7099991,0
2/9/2001,116.7300034,117.75,116.2900009,117.5,0
2/12/2001,117.4400024,117.9300003,117.2900009,117.3099976,0
2/13/2001,117.3300018,117.5999985,116.5,116.5999985,0
2/14/2001,116.5999985,116.8700027,116.0299988,116.1900024,0
2/15/2001,116.1800003,116.4300003,115.3199997,115.6200027,0
2/16/2001,115.6100006,115.9000015,114.5,115.7200012,0
2/19/2001,116.1699982,116.1699982,115.5899963,116.0800018,0
2/20/2001,116.0899963,116.1999969,115.1699982,115.6399994,0
2/21/2001,115.6600037,116.8499985,115.2900009,116.3700027,0
2/22/2001,116.4499969,117.1800003,115.8000031,117.0100021,0
2/23/2001,117,117,115.5699997,115.75,0
2/26/2001,115.8799973,116.7699966,115.7699966,116.4800034,0
2/27/2001,116.4700012,116.5699997,115.9000015,116.3600006,0
2/28/2001,116.3700027,117.5199966,115.8199997,117.3899994,0
3/1/2001,117.2699966,117.5599976,116.9800034,117.5,0
3/2/2001,117.4899979,119.2900009,117.2600021,119.0500031,0
3/5/2001,119.2600021,119.75,118.5999985,118.9199982,0
3/6/2001,118.9499969,119.0100021,118.1999969,118.6999969,0
3/7/2001,118.7099991,120.2200012,118.5400009,119.5199966,0
3/8/2001,119.5,120.3799973,119.25,119.8199997,0
3/9/2001,119.8099976,119.8399963,119.0400009,119.5400009,0
3/12/2001,119.5999985,120.6999969,119.4400024,120.4700012,0
3/13/2001,120.4499969,120.5699997,119.5500031,119.6100006,0
3/14/2001,119.6500015,121.1999969,119.2699966,120.8199997,0
3/15/2001,120.8300018,122.5199966,120.4800034,121.9899979,0
3/16/2001,122.0100021,123.1600037,121.8199997,122.9199982,0
3/19/2001,123.1800003,123.6100006,121.9800034,122.8000031,0
3/20/2001,122.7799988,122.9800034,121.9499969,122.1999969,0
3/21/2001,122.1100006,123.9199982,122.0599976,123.0199966,0
3/22/2001,123.0299988,124.3000031,123,123.7600021,0
3/23/2001,123.75,123.75,122.4700012,122.8300018,0
3/26/2001,123.0199966,123.8000031,122.3899994,122.6600037,0
3/27/2001,122.6699982,123.3099976,121.6800003,122.1600037,0
3/28/2001,122.1299973,122.7300034,121.3700027,122.2699966,0
3/29/2001,122.2799988,123.7600021,122.1200027,123.6800003,0
3/30/2001,123.6900024,126.3199997,123.1900024,126.2300034,0
4/2/2001,126.1299973,126.8199997,125.6299973,126.6399994,0
4/3/2001,126.6100006,126.75,125.1900024,125.5299988,0
4/4/2001,125.5699997,126.2699966,124.7900009,125.4700012,0
4/5/2001,125.4599991,125.4800034,123.5,124.2600021,0
4/6/2001,124.2699966,125.5199966,123.6299973,123.7300034,0
4/9/2001,124.1900024,125.4700012,124.1399994,125.2799988,0
4/10/2001,125.2900009,125.3799973,124.1500015,124.4199982,0
4/11/2001,124.4000015,124.9899979,123.8399963,124.7399979,0
4/12/2001,124.75,124.9499969,122.9199982,123.5,0
4/13/2001,123.6699982,124.4400024,123.5,123.5,0
4/16/2001,124.2699966,124.9199982,124.1800003,124.5999985,0
4/17/2001,124.5899963,124.6999969,123.0500031,123.3799973,0
4/18/2001,123.3499985,123.6500015,121.9499969,122,0
4/19/2001,122.0199966,122.3700027,120.8499985,121.2399979,0
4/20/2001,121.2399979,122.6999969,121.1699982,122.3300018,0
4/23/2001,121.6500015,122.5299988,121.0500031,121.1800003,0
4/24/2001,121.1299973,122.3199997,121.0599976,122.3000031,0
4/25/2001,122.2900009,122.6600037,121.9199982,122.0899963,0
4/26/2001,122.0899963,123.5400009,121.7699966,123.1699982,0
4/27/2001,123.25,124.3199997,123.1200027,124.0199966,0
4/30/2001,124.1600037,124.1699982,123.1399994,123.3799973,0
5/1/2001,123.3899994,123.5199966,121.8099976,122.1100006,0
5/2/2001,122.1200027,122.5299988,121.2099991,121.5299988,0
5/3/2001,121.5199966,121.8099976,120.7300034,121.3300018,0
5/4/2001,121.3799973,121.4899979,120.4800034,121.2799988,0
5/7/2001,121.3899994,121.8099976,120.8499985,120.8700027,0
5/8/2001,120.9199982,122.1200027,120.7300034,121.2799988,0
5/9/2001,121.3199997,122.4100037,121.1699982,122.3099976,0
5/10/2001,122.3300018,122.7399979,121.9700012,122.5199966,0
5/11/2001,122.4899979,122.8199997,122.0199966,122.3700027,0
5/14/2001,122.6399994,123.3600006,122.3899994,123.1999969,0
5/15/2001,123.1900024,123.6500015,123.0100021,123.1999969,0
5/16/2001,123.2399979,124.0299988,123.0400009,123.2300034,0
5/17/2001,123.2799988,123.3799973,122.3899994,122.5999985,0
5/18/2001,122.6100006,123.8000031,122.5100021,123.5100021,0
5/21/2001,123.6200027,123.7200012,122.4700012,122.6699982,0
5/22/2001,122.6600037,123.3099976,122.4100037,122.7200012,0
5/23/2001,122.7300034,122.8099976,119.3499985,120.1999969,0
5/24/2001,120.2099991,120.4000015,118.8300018,119.9700012,0
5/25/2001,120.0800018,120.7699966,119.8399963,120.5899963,0
5/28/2001,120.5,121.2600021,120.4400024,121.2600021,0
5/29/2001,121.2300034,121.3600006,119.9199982,120.0599976,0
5/30/2001,120.1200027,120.5800018,119.9000015,120.4400024,0
5/31/2001,120.4499969,120.5100021,118.4400024,119.2300034,0
6/1/2001,119.2099991,119.2900009,118.2600021,119.2099991,0
6/4/2001,119.1399994,119.8499985,118.8499985,119.1999969,0
6/5/2001,119.2099991,120.4199982,118.7200012,120.1800003,0
6/6/2001,120.1999969,120.8199997,119.9700012,120,0
6/7/2001,120.0400009,120.3600006,119.5999985,120.3300018,0
6/8/2001,120.3099976,120.9800034,120.0299988,120.8499985,0
6/11/2001,120.8600006,122.0500031,120.8499985,121.8300018,0
6/12/2001,121.8199997,122.0599976,121.5100021,121.5800018,0
6/13/2001,121.5500031,122.4300003,121.5,122.0199966,0
6/14/2001,122.0400009,122.2600021,121.1699982,121.3000031,0
6/15/2001,121.3199997,123.2399979,120.8199997,122.8700027,0
6/18/2001,122.9700012,123.4700012,122.6800003,123.4199982,0
6/19/2001,123.1200027,123.7300034,122.6399994,122.8000031,0
6/20/2001,122.8799973,124.0100021,122.5100021,123.8700027,0
6/21/2001,123.8799973,124.6699982,123.6500015,124.5699997,0
6/22/2001,124.5599976,124.6999969,123.8099976,124.4599991,0
6/25/2001,124.3000031,124.4599991,123.6699982,123.9000015,0
6/26/2001,123.9100037,124.0100021,123.2300034,123.7799988,0
6/27/2001,123.7699966,124.4300003,123.6600037,124.2200012,0
6/28/2001,124.2300034,124.9700012,124.2099991,124.8499985,0
6/29/2001,124.8300018,124.8700027,123.75,124.5,0
7/2/2001,124.75,124.9800034,123.9499969,123.9700012,0
7/3/2001,124,124.5800018,123.5800018,124.3499985,0
7/4/2001,124.4199982,125.0299988,124.1900024,124.4300003,0
7/5/2001,124.4300003,125.7699966,124.3899994,125.5599976,0
7/6/2001,125.5500031,126.1299973,125.4400024,125.8199997,0
7/9/2001,125.8199997,125.9599991,125.1800003,125.2600021,0
7/10/2001,125.2699966,125.8700027,125.1600037,125.2699966,0
7/11/2001,125.2799988,125.75,123.8199997,124.2699966,0
7/12/2001,124.3099976,124.4899979,123.4499969,123.9300003,0
7/13/2001,123.9199982,125,123.8600006,124.8600006,0
7/16/2001,124.7399979,125.5299988,124.6999969,125.5,0
7/17/2001,125.4800034,125.6600037,124.6999969,124.8000031,0
7/18/2001,124.8099976,125.4400024,123.7300034,124.0800018,0
7/19/2001,123.9700012,124.1500015,123.1800003,123.3799973,0
7/20/2001,123.3899994,123.7699966,122.6600037,122.8600006,0
7/23/2001,123.1699982,124.4599991,123.1699982,124.3799973,0
7/24/2001,124.4000015,124.4700012,123.8000031,124.1999969,0
7/25/2001,124.2099991,124.4400024,123.3499985,123.5699997,0
7/26/2001,123.5699997,124.0699997,123.1200027,123.7200012,0
7/27/2001,123.7300034,124.1200027,123.1900024,123.4599991,0
7/30/2001,123.3000031,125.3600006,123.1999969,125.1699982,0
7/31/2001,125.1600037,125.25,124.5999985,125.0100021,0
8/1/2001,125,125.1999969,124.3099976,124.3899994,0
8/2/2001,124.3799973,124.6999969,123.5,123.7200012,0
8/3/2001,123.6999969,123.9899979,123.2699966,123.5999985,0
8/6/2001,123.7300034,124.25,123.6800003,123.8000031,0
8/7/2001,123.8499985,124.1500015,123.3600006,123.5599976,0
8/8/2001,123.5500031,123.7099991,122.7699966,123.5599976,0
8/9/2001,123.5500031,123.9499969,121.3399963,121.9599991,0
8/10/2001,121.9700012,122.5999985,121.6999969,121.9499969,0
8/13/2001,121.9100037,122.5299988,121.3700027,122.3799973,0
8/14/2001,122.4199982,123.1500015,121.1699982,121.8300018,0
8/15/2001,121.8300018,121.8899994,119.0599976,119.8899994,0
8/16/2001,119.8700027,120.4300003,119.2200012,120.25,0
8/17/2001,120.2300034,120.7699966,120.0199966,120.1900024,0
8/20/2001,120.3300018,120.8600006,120.0699997,120.7399979,0
8/21/2001,120.6900024,120.9400024,119.4599991,119.7699966,0
8/22/2001,119.6999969,120.5599976,119.3099976,120.4199982,0
8/23/2001,120.4100037,120.6699982,119.5800018,119.8899994,0
8/24/2001,119.9000015,120.3600006,119.5199966,119.9800034,0
8/27/2001,120.1699982,120.5,119.7699966,119.8899994,0
8/28/2001,119.8499985,120.8000031,119.6500015,120.0199966,0
8/29/2001,120.0299988,120.2900009,119.0400009,120.1600037,0
8/30/2001,120.1500015,120.2200012,119.1999969,119.4300003,0
8/31/2001,119.4700012,119.5199966,118.4300003,118.75,0
9/3/2001,118.8300018,119.0999985,118.5599976,118.7099991,0
9/4/2001,118.7200012,119.6399994,118.5699997,119.4000015,0
9/5/2001,119.4199982,120.8799973,119.2699966,120.7399979,0
9/6/2001,120.75,121.5199966,120.6200027,120.9400024,0
9/7/2001,120.9400024,121.4100037,119.7200012,120,0
9/10/2001,120.2399979,121.1399994,119.7300034,121.0999985,0
9/11/2001,121.0699997,122.0500031,118.3300018,119.5800018,0
9/12/2001,119.5699997,119.8000031,118.5500031,119.6100006,0
9/13/2001,119.5299988,119.7300034,118.5500031,118.8099976,0
9/14/2001,118.8000031,119.1900024,116.8600006,117.3199997,0
9/17/2001,117.6600037,118.3499985,116.6500015,117.8600006,0
9/18/2001,117.8700027,118.1999969,117.0500031,117.2600021,0
9/19/2001,117.1900024,118.0999985,117.0800018,117.5,0
9/20/2001,117.5100021,117.6500015,115.7600021,116.4300003,0
9/21/2001,116.4400024,117.4800034,115.9800034,116.5899963,0
9/24/2001,116.8300018,117.6200027,116.2699966,117.5500031,0
9/25/2001,117.5400009,117.7799988,116.9599991,117.5100021,0
9/26/2001,117.5199966,118.0800018,117.0500031,117.8799973,0
9/27/2001,117.8799973,120.0100021,117.6200027,119.6600037,0
9/28/2001,119.6699982,119.75,118.6500015,119.4800034,0
10/1/2001,119.5,120.4300003,119.4300003,120.3000031,0
10/2/2001,120.3099976,121.1100006,120.0599976,120.6100006,0
10/3/2001,120.5500031,121.4499969,120.4199982,120.5800018,0
10/4/2001,120.5999985,120.8300018,120.1699982,120.4700012,0
10/5/2001,120.5,120.6600037,119.9100037,120.4700012,0
10/8/2001,120.1100006,120.1999969,119.5800018,119.7200012,0
10/9/2001,119.75,120.3300018,119.6999969,120.1999969,0
10/10/2001,120.1999969,120.5800018,119.7300034,120.2600021,0
10/11/2001,120.2099991,121.6600037,120.0699997,121.4000015,0
10/12/2001,121.3700027,121.7600021,120.6900024,121.2200012,0
10/15/2001,120.9000015,121.1399994,120.4499969,120.8000031,0
10/16/2001,120.8199997,121.8899994,120.5800018,121.2699966,0
10/17/2001,121.2799988,121.7900009,120.7300034,121.2200012,0
10/18/2001,121.2200012,121.4599991,120.7300034,121.1399994,0
10/19/2001,121.0999985,121.3499985,120.7900009,121.1699982,0
10/22/2001,121.2799988,122.5699997,121.25,122.3799973,0
10/23/2001,122.3399963,123.0199966,122.1999969,122.5100021,0
10/24/2001,122.5400009,122.9599991,122.2799988,122.8099976,0
10/25/2001,122.8000031,123.3499985,122.4100037,122.8799973,0
10/26/2001,122.8600006,123.25,122.3799973,122.6500015,0
10/29/2001,122.7600021,122.7600021,121.8199997,121.8899994,0
10/30/2001,121.9100037,122.1900024,121.5400009,122.1200027,0
10/31/2001,122.1200027,122.6299973,121.6100006,122.4000015,0
11/1/2001,122.4000015,122.4100037,121.3199997,121.9700012,0
11/2/2001,121.9700012,122.0100021,121.3899994,121.6200027,0
11/5/2001,121.6699982,122.1200027,121.4899979,121.5599976,0
11/6/2001,121.5500031,121.6800003,120.9300003,121.1699982,0
11/7/2001,121.1600037,121.2300034,120.6800003,121.1600037,0
11/8/2001,121.1500015,121.3600006,119.75,120.1200027,0
11/9/2001,120.1299973,120.5100021,120.0199966,120.2200012,0
11/12/2001,120.3300018,120.8300018,119.6900024,120.5699997,0
11/13/2001,120.5800018,121.7699966,120.4800034,121.4199982,0
11/14/2001,121.3899994,122,121.3600006,121.5299988,0
11/15/2001,121.5299988,122.4800034,121.4800034,122.4499969,0
11/16/2001,122.4499969,122.9300003,121.9700012,122.8700027,0
11/19/2001,122.8899994,123.5,122.75,123.0800018,0
11/20/2001,123.1299973,123.2099991,122.4599991,122.5699997,0
11/21/2001,122.6299973,123.3899994,122.5,123.1500015,0
11/22/2001,123.1200027,124,122.9400024,123.9499969,0
11/23/2001,123.9599991,124.4599991,123.6299973,124.2799988,0
11/26/2001,124.3600006,124.3899994,123.7799988,124.0500031,0
11/27/2001,124.0599976,124.5699997,123.6600037,123.9700012,0
11/28/2001,123.8799973,123.9899979,122.9700012,123.1500015,0
11/29/2001,123.1200027,123.9400024,122.8099976,123.9400024,0
11/30/2001,123.9499969,124.1500015,122.7799988,123.4499969,0
12/3/2001,123.3099976,124.2799988,123.2300034,124.2799988,0
12/4/2001,124.2900009,124.3700027,123.5999985,124.1399994,0
12/5/2001,124.1399994,124.5100021,123.9400024,124.1600037,0
12/6/2001,124.1699982,124.9300003,123.7399979,124.5500031,0
12/7/2001,124.5699997,125.7399979,124.4599991,125.4899979,0
12/10/2001,125.6900024,126.3799973,125.5100021,125.9499969,0
12/11/2001,125.9599991,126.3000031,125.6399994,125.8300018,0
12/12/2001,125.8399963,126.5599976,125.4499969,125.9100037,0
12/13/2001,125.9100037,126.6399994,125.8499985,126.1200027,0
12/14/2001,126.1100006,127.9300003,126.0699997,127.3700027,0
12/17/2001,127.2600021,128,127.1100006,127.6399994,0
12/18/2001,127.6600037,128.4299927,127.5299988,128.2599945,0
12/19/2001,128.3000031,128.3899994,127.5599976,128.3699951,0
12/20/2001,128.3800049,129.3000031,127.8700027,129.1999969,0
12/21/2001,129.1900024,129.7200012,129.0700073,129.5,0
12/24/2001,129.6100006,130.0099945,129.3000031,129.8500061,0
12/25/2001,129.8500061,130.9499969,129.7299957,130.8500061,0
12/26/2001,130.8399963,131.3099976,130.3500061,131.2799988,0
12/27/2001,131.2700043,132.0500031,131,131.8099976,0
12/28/2001,131.8000031,131.8699951,130.7599945,131.0500031,0
12/31/2001,131.3300018,131.6799927,130.6000061,131.6699982,0
1/1/2002,131.6699982,132,131.2400055,131.9299927,0
1/2/2002,131.9400024,132.2700043,131.2400055,132.1399994,0
1/3/2002,132.1399994,132.1499939,131.3200073,131.6999969,0
1/4/2002,131.7100067,131.7200012,130.6399994,131.0200043,0
1/7/2002,130.6999969,131.6000061,130.3600006,131.25,0
1/8/2002,131.2700043,132.9700012,131.25,132.9199982,0
1/9/2002,132.9299927,133.3500061,132.1799927,132.9400024,0
1/10/2002,132.9499969,132.9700012,131.9799957,132.1300049,0
1/11/2002,132.1499939,132.5399933,131.5399933,132.1499939,0
1/14/2002,131.8500061,132.1199951,131.4299927,131.6300049,0
1/15/2002,131.6199951,131.8099976,130.8600006,131.2200012,0
1/16/2002,131.2200012,132.3200073,131.1900024,132.1900024,0
1/17/2002,132.2100067,132.6199951,131.7799988,132.4499969,0
1/18/2002,132.3999939,133.0099945,132.3699951,132.6199951,0
1/21/2002,132.4199982,132.9900055,131.9499969,132.9499969,0
1/22/2002,132.8399963,133.8099976,132.8399963,133.6600037,0
1/23/2002,133.6199951,134.6199951,133.5800018,134.5299988,0
1/24/2002,134.5399933,134.9299927,134.0599976,134.8500061,0
1/25/2002,134.8699951,134.9199982,134.0599976,134.5500031,0
1/28/2002,134.8000031,134.8300018,133.1499939,133.5599976,0
1/29/2002,133.5399933,133.7100067,132.9199982,133.4400024,0
1/30/2002,133.4499969,133.6399994,132.3000031,132.8699951,0
1/31/2002,132.8899994,135.1600037,132.5599976,134.8699951,0
2/1/2002,134.8899994,134.9199982,132.8800049,133.1000061,0
2/4/2002,132.8899994,133.4700012,131.9299927,132.0299988,0
2/5/2002,132.0299988,134.2599945,131.9600067,133.8000031,0
2/6/2002,133.7700043,134.3600006,133.3200073,133.6399994,0
2/7/2002,133.6300049,134.1300049,133.3399963,133.9499969,0
2/8/2002,133.9299927,135,133.4799957,134.6699982,0
2/11/2002,134.9499969,134.9799957,133.1399994,133.3699951,0
2/12/2002,133.3099976,133.7100067,132.4299927,132.7200012,0
2/13/2002,132.7200012,133.4199982,132.1300049,133,0
2/14/2002,132.9799957,132.9799957,131.9400024,132.0500031,0
2/15/2002,132.8000031,133.0500031,132.3500061,132.5899963,0
2/18/2002,132.6499939,132.8500061,132.4100037,132.6600037,0
2/19/2002,132.6600037,134,132.5800018,133.4199982,0
2/20/2002,133.4100037,133.9299927,132.9799957,133.7700043,0
2/21/2002,133.7700043,134.4700012,133.3500061,134.1999969,0
2/22/2002,134.1699982,134.5,133.4900055,134.1100006,0
2/25/2002,134.0200043,134.1000061,133.6000061,133.8399963,0
2/26/2002,133.8500061,134.6900024,133.5899963,134.5200043,0
2/27/2002,134.5500031,134.9900055,134.0599976,134.2200012,0
2/28/2002,134.2100067,134.3899994,133.1499939,133.4600067,0
3/1/2002,133.4299927,133.8600006,133.0299988,133.3200073,0
3/4/2002,133.4400024,133.4700012,131.8500061,131.9499969,0
3/5/2002,131.9700012,132.5800018,131.5399933,132.2200012,0
3/6/2002,132.25,132.4700012,130.5099945,130.7400055,0
3/7/2002,130.8099976,130.8800049,126.4700012,127.6200027,0
3/8/2002,127.6699982,128.75,127.2600021,128.6199951,0
3/11/2002,128.2200012,129.1799927,127.7399979,128.0200043,0
3/12/2002,128.0599976,129.2799988,128.0599976,129.0299988,0
3/13/2002,129.0299988,129.6199951,128.9600067,129.3600006,0
3/14/2002,129.3500061,129.4199982,128.1799927,129.25,0
3/15/2002,129.2700043,129.4400024,128.8200073,129.0099945,0
3/18/2002,129.8399963,131.5299988,129.6699982,131.1600037,0
3/19/2002,131.1499939,132.4499969,130.8399963,132.1999969,0
3/20/2002,132.2200012,132.3999939,131.2299957,131.3500061,0
3/21/2002,131.3600006,132.2299957,131.2299957,132.1100006,0
3/22/2002,132.1100006,132.9299927,131.9400024,132.8999939,0
3/25/2002,132.8099976,133.4499969,132.6399994,133.3000031,0
3/26/2002,133.3099976,133.4400024,132.2299957,133.0800018,0
3/27/2002,133.0599976,133.0700073,132.2799988,132.7299957,0
3/28/2002,132.6999969,132.8500061,132.1600037,132.75,0
3/29/2002,132.7700043,133.1999969,132.2299957,132.6999969,0
4/1/2002,132.9499969,133.8200073,132.8399963,133.3099976,0
4/2/2002,133.3200073,133.6000061,132.8200073,133.1300049,0
4/3/2002,133.1300049,133.2700043,132.3300018,132.7100067,0
4/4/2002,132.6900024,133.1100006,131.5599976,132.3300018,0
4/5/2002,132.3399963,132.4299927,131.2599945,131.5500031,0
4/8/2002,131.6499939,131.7599945,131.0899963,131.5200043,0
4/9/2002,131.5200043,131.8999939,130.5399933,130.6499939,0
4/10/2002,130.6499939,130.8500061,130.1600037,130.7400055,0
4/11/2002,130.7299957,131.8300018,130.6799927,131.5299988,0
4/12/2002,131.5200043,132.25,131.1999969,131.9199982,0
4/15/2002,132.0399933,132.3800049,131.3000031,132.0599976,0
4/16/2002,132.0500031,132.1300049,130.8500061,131.1699982,0
4/17/2002,131.1699982,131.2799988,130.4100037,130.6999969,0
4/18/2002,130.6999969,130.7599945,129.5700073,129.9700012,0
4/19/2002,129.9600067,130.6399994,129.8200073,130.3099976,0
4/22/2002,130.4600067,130.6000061,129.6000061,130.1100006,0
4/23/2002,130.0500031,130.3000031,129.6900024,130.2299957,0
4/24/2002,130.2400055,130.4400024,129.4400024,129.6199951,0
4/25/2002,129.6199951,129.6499939,128.1499939,128.6799927,0
4/26/2002,128.7200012,128.8999939,127.75,127.8199997,0
4/29/2002,127.7600021,128.2599945,127.6200027,128.1199951,0
4/30/2002,128.1300049,128.6399994,127.7399979,128.5299988,0
5/1/2002,128.5099945,128.6600037,127.1299973,127.2399979,0
5/2/2002,127.2200012,128.1399994,126.9199982,127.8099976,0
5/3/2002,127.8499985,128,126.8099976,126.9000015,0
5/6/2002,127,127.5199966,126.8899994,127.1500015,0
5/7/2002,127.1100006,128.3399963,126.7399979,128.1499939,0
5/8/2002,128.1600037,128.9799957,127.8000031,128.8200073,0
5/9/2002,128.8399963,129.0800018,128.1000061,128.4199982,0
5/10/2002,128.4499969,128.6900024,127.4899979,127.5699997,0
5/13/2002,127.6100006,127.9199982,127.1600037,127.7699966,0
5/14/2002,127.7600021,128.7799988,127.6800003,128.5099945,0
5/15/2002,128.5200043,128.6499939,127.5500031,127.6500015,0
5/16/2002,127.6500015,128.4100037,127.2799988,128.0299988,0
5/17/2002,128.0200043,128.1100006,125.5100021,125.9300003,0
5/20/2002,125.9000015,126.1999969,125.1699982,125.3899994,0
5/21/2002,125.3899994,126.0500031,123.6200027,124.3000031,0
5/22/2002,124.2900009,125.0599976,123.4599991,124.3499985,0
5/23/2002,124.3300018,125.3199997,123.8499985,125.0299988,0
5/24/2002,125.0299988,125.2600021,124.5899963,124.6999969,0
5/27/2002,124.7099991,125.0599976,124.6500015,124.75,0
5/28/2002,124.7900009,124.9000015,124.2900009,124.4899979,0
5/29/2002,124.4400024,124.6800003,124.1399994,124.3499985,0
5/30/2002,124.3499985,124.3499985,122.7799988,123.4199982,0
5/31/2002,123.4599991,124.5899963,122.9199982,124.0599976,0
6/3/2002,124.2399979,124.4599991,123.5199966,123.6200027,0
6/4/2002,123.6299973,124.3600006,123.2399979,124.1699982,0
6/5/2002,124.1900024,124.7200012,123.7300034,124.1299973,0
6/6/2002,124.1500015,125.0500031,124,124.1200027,0
6/7/2002,124.1299973,124.6600037,124.0100021,124.3099976,0
6/10/2002,124.4499969,124.9300003,124.3000031,124.7399979,0
6/11/2002,124.75,125.7699966,124.3899994,125.2799988,0
6/12/2002,125.2600021,125.8700027,125.1500015,125.5800018,0
6/13/2002,125.5699997,125.9599991,124.7699966,124.9899979,0
6/14/2002,124.9800034,125.0899963,123.8499985,124.1299973,0
6/17/2002,124.3000031,124.5199966,123.9899979,124.2600021,0
6/18/2002,124.2799988,124.8199997,124.1999969,124.2600021,0
6/19/2002,124.2600021,124.3600006,123.5999985,123.8600006,0
6/20/2002,123.8499985,124.1999969,123.2099991,123.4499969,0
6/21/2002,123.4800034,123.8700027,120.7900009,121.0899963,0
6/24/2002,121.3600006,121.8899994,121.0400009,121.5999985,0
6/25/2002,121.5999985,121.9899979,121.0899963,121.1500015,0
6/26/2002,121.1200027,121.5,118.9000015,119.9199982,0
6/27/2002,119.9499969,120.2900009,119.1299973,119.5400009,0
6/28/2002,119.5500031,120.3499985,118.3199997,119.5199966,0
7/1/2002,119.6100006,120.1999969,119.2200012,119.7699966,0
7/2/2002,119.7600021,120.8000031,119.6100006,120,0
7/3/2002,120,120.5599976,119.5800018,119.9000015,0
7/4/2002,119.8899994,120.4300003,119.8199997,120.1699982,0
7/5/2002,120.1500015,120.6299973,119.8099976,120.4000015,0
7/8/2002,120.1500015,120.1600037,118.2900009,118.5699997,0
7/9/2002,118.5599976,118.9400024,117.6999969,118.0599976,0
7/10/2002,118.0599976,118.3199997,117.3499985,117.7600021,0
7/11/2002,117.75,117.9199982,116.4599991,117.0299988,0
7/12/2002,117.0400009,117.2200012,116.4400024,116.8499985,0
7/15/2002,116.9199982,116.9300003,115.6100006,116.2200012,0
7/16/2002,116.2300034,116.4300003,115.4300003,115.9700012,0
7/17/2002,115.9199982,116.7300034,115.5699997,116.3300018,0
7/18/2002,116.3300018,117.3099976,116.2200012,116.5299988,0
7/19/2002,116.5299988,116.6200027,115.5199966,115.9000015,0
7/22/2002,116.1200027,116.6600037,115.7300034,116.3700027,0
7/23/2002,116.3600006,117.9000015,116.2399979,117.3700027,0
7/24/2002,117.3600006,117.5800018,115.8600006,116.6800003,0
7/25/2002,116.6600037,117.0299988,116.1600037,116.6299973,0
7/26/2002,116.6100006,119.0400009,116.4000015,118.7699966,0
7/29/2002,118.7799988,119.9899979,118.4800034,119.6500015,0
7/30/2002,119.6600037,120.2799988,119.2099991,120.2200012,0
7/31/2002,120.2399979,120.3899994,119.3600006,119.7799988,0
8/1/2002,119.7699966,120.3300018,119.0100021,119.2099991,0
8/2/2002,119.1900024,119.3600006,118.6999969,118.7699966,0
8/5/2002,118.8499985,119.7799988,118.6100006,119.6100006,0
8/6/2002,119.6100006,121.2099991,119.4499969,120.9599991,0
8/7/2002,120.9700012,121.0899963,120,120.2600021,0
8/8/2002,120.2699966,121.1500015,119.9400024,121.0999985,0
8/9/2002,121.1100006,121.3300018,120.25,120.4499969,0
8/12/2002,119.8300018,119.8499985,118.7399979,119.0100021,0
8/13/2002,119.0199966,119.2399979,118.0999985,118.2300034,0
8/14/2002,118.1999969,118.3499985,116.2600021,117.1900024,0
8/15/2002,117.1900024,117.8300018,116.8499985,117.3399963,0
8/16/2002,117.3499985,117.8700027,117.0800018,117.5599976,0
8/19/2002,117.5199966,118.7200012,117.4100037,118.4400024,0
8/20/2002,118.4499969,119.2399979,118.4199982,118.6299973,0
8/21/2002,118.6399994,118.7200012,117.6999969,118.4599991,0
8/22/2002,118.4599991,119.9599991,118.4599991,119.7900009,0
8/23/2002,119.8000031,120.2600021,119.4400024,119.5899963,0
8/26/2002,119.5599976,119.8799973,119.3099976,119.7099991,0
8/27/2002,119.7099991,119.8899994,117.9400024,118.1500015,0
8/28/2002,118.1600037,119.0599976,117.8499985,118.9499969,0
8/29/2002,118.9599991,119.0199966,117.3700027,118.1900024,0
8/30/2002,118.1999969,118.75,117.6900024,118.4300003,0
9/2/2002,118.5400009,118.8000031,117.8899994,117.9899979,0
9/3/2002,117.9899979,118.1200027,116.8099976,117.1500015,0
9/4/2002,117.1500015,118.3499985,116.9800034,117.8700027,0
9/5/2002,117.8700027,118.5,117.25,118.3600006,0
9/6/2002,118.3000031,118.8600006,117.9100037,118.4100037,0
9/9/2002,118.5199966,119.2900009,118.1600037,118.8700027,0
9/10/2002,118.8700027,119.1600037,118.3099976,119.0100021,0
9/11/2002,119.8300018,120.6900024,119.6900024,120.2699966,0
9/12/2002,120.2799988,120.6699982,119.7300034,120.0800018,0
9/13/2002,120.0500031,122.25,119.4000015,121.6299973,0
9/16/2002,121.7200012,122.4599991,121.6600037,122.3000031,0
9/17/2002,122.2900009,123.5100021,121.9000015,122.0800018,0
9/18/2002,122.0800018,123.0699997,121.3199997,121.4499969,0
9/19/2002,121.4400024,121.9199982,120.8600006,121.4599991,0
9/20/2002,121.4599991,123.7099991,121.4000015,123.3000031,0
9/23/2002,123.4100037,124.1999969,122.7900009,123.8899994,0
9/24/2002,123.9000015,124.0299988,122.9100037,123.3700027,0
9/25/2002,123.3799973,123.4000015,121.9899979,122.6999969,0
9/26/2002,122.7099991,123.0500031,121.8300018,122.1200027,0
9/27/2002,122.1299973,123.1900024,122,122.5299988,0
9/30/2002,122.7200012,122.7799988,121.0500031,121.8300018,0
10/1/2002,121.8300018,122.8000031,121.6399994,122.5999985,0
10/2/2002,122.5800018,123.3099976,122.5500031,122.7600021,0
10/3/2002,122.7600021,123.0899963,122.3600006,122.4000015,0
10/4/2002,122.4000015,123.3000031,122.2799988,123.1999969,0
10/7/2002,123.1699982,124.4400024,123.0100021,124.3000031,0
10/8/2002,124.3000031,124.5999985,123.9000015,124.0800018,0
10/9/2002,124.0699997,124.4000015,123.0100021,123.0100021,0
10/10/2002,122.9800034,123.7399979,122.9800034,123.5899963,0
10/11/2002,123.5899963,124.4800034,123.3499985,124.0199966,0
10/14/2002,123.9700012,124.3700027,123.7699966,124.3399963,0
10/15/2002,124.3399963,124.9700012,124.1600037,124.6299973,0
10/16/2002,124.6600037,125.0500031,123.8700027,124.5100021,0
10/17/2002,124.5100021,125.1699982,124,125.0999985,0
10/18/2002,125.1299973,125.5599976,124.9400024,125.4499969,0
10/21/2002,125.5299988,125.6399994,124.4300003,124.8600006,0
10/22/2002,124.8700027,125.5,124.7300034,125.1399994,0
10/23/2002,125.1399994,125.2300034,123.7900009,124.5199966,0
10/24/2002,124.5299988,124.8499985,123.8600006,124.6399994,0
10/25/2002,124.6399994,124.6500015,123.5800018,124.1699982,0
10/28/2002,124.1500015,124.9899979,123.1699982,123.4499969,0
10/29/2002,123.4400024,123.75,122.2799988,122.9300003,0
10/30/2002,122.9100037,123.2300034,122.4899979,122.8899994,0
10/31/2002,122.8600006,123.2099991,122.2799988,122.4499969,0
11/1/2002,122.4599991,122.8300018,121.5800018,122.1500015,0
11/4/2002,122.1900024,122.5800018,122.0999985,122.2099991,0
11/5/2002,122.2099991,122.2799988,121.3399963,122.1100006,0
11/6/2002,122.1100006,122.6399994,121.5,121.6500015,0
11/7/2002,121.6299973,121.9499969,121.0899963,121.1500015,0
11/8/2002,121.1500015,121.3399963,119.5,119.7799988,0
11/11/2002,119.9400024,120.0699997,119.0599976,119.6999969,0
11/12/2002,119.6800003,119.8600006,119.25,119.6399994,0
11/13/2002,119.6399994,120.3099976,119.5299988,120.0800018,0
11/14/2002,120.0800018,120.6699982,119.6200027,120.5899963,0
11/15/2002,120.5800018,120.9000015,120.2200012,120.4599991,0
11/18/2002,121.0599976,121.25,120.8899994,120.9400024,0
11/19/2002,120.9499969,122.4800034,120.7900009,122.1699982,0
11/20/2002,122.2300034,122.7699966,122.1200027,122.7300034,0
11/21/2002,122.75,122.9499969,121.8700027,122.6500015,0
11/22/2002,122.6600037,122.9899979,122.4100037,122.9499969,0
11/25/2002,123.0800018,123.1800003,121.7099991,122.0599976,0
11/26/2002,122.0100021,122.1699982,121.5,121.5199966,0
11/27/2002,121.5500031,122.4199982,121.3000031,122.3600006,0
11/28/2002,122.3700027,122.4000015,121.9199982,122.1800003,0
11/29/2002,122.1600037,122.75,122.1399994,122.4700012,0
12/2/2002,122.8099976,125,122.6900024,124.3700027,0
12/3/2002,124.3499985,124.8099976,124.1299973,124.1900024,0
12/4/2002,124.1800003,124.9899979,124.1800003,124.4499969,0
12/5/2002,124.4400024,125.7200012,124.3899994,124.7099991,0
12/6/2002,124.6800003,125.4899979,122.1500015,123.5199966,0
12/9/2002,123.3099976,123.5199966,122.3799973,123.3600006,0
12/10/2002,123.3499985,123.9499969,123.0400009,123.9199982,0
12/11/2002,123.9199982,124.0500031,123.0699997,123.7200012,0
12/12/2002,123.6999969,123.8600006,122.4400024,122.4800034,0
12/13/2002,122.5,122.8499985,120.3000031,120.4300003,0
12/16/2002,120.7300034,121.4499969,120.3799973,121.3300018,0
12/17/2002,121.3600006,121.6800003,120.1999969,121.6200027,0
12/18/2002,121.6500015,121.6900024,120.6600037,120.6900024,0
12/19/2002,120.6800003,121.25,120.3399963,120.5299988,0
12/20/2002,120.5599976,120.9700012,120.3000031,120.3600006,0
12/23/2002,120.4499969,120.7699966,119.7699966,120.3899994,0
12/24/2002,120.4000015,120.4899979,119.9499969,120.2600021,0
12/25/2002,120.25,120.4700012,120.1900024,120.3300018,0
12/26/2002,120.3499985,120.3499985,119.8799973,120.0299988,0
12/27/2002,120.0699997,120.1699982,119.7900009,119.8600006,0
12/30/2002,120,120,118.2699966,118.5,0
12/31/2002,118.4899979,118.8199997,118.3799973,118.6999969,0
1/1/2003,118.75,118.7900009,118.5999985,118.7099991,0
1/2/2003,118.7399979,120.25,118.5800018,120.2099991,0
1/3/2003,120.2099991,120.2699966,119.5199966,119.6699982,0
1/6/2003,119.7399979,119.8700027,118.5100021,119.3600006,0
1/7/2003,119.3300018,120.5699997,119.2200012,120.2200012,0
1/8/2003,120.2099991,120.4199982,118.6299973,119.1100006,0
1/9/2003,119.1100006,119.5800018,118.6900024,119.3799973,0
1/10/2003,119.4000015,120.0299988,119.0199966,119.3000031,0
1/13/2003,119.1200027,119.3300018,119.0199966,119.2399979,0
1/14/2003,118.9000015,119.1600037,117.5199966,118,0
1/15/2003,118.0100021,118.4400024,117.7300034,118.1100006,0
1/16/2003,118.1299973,118.3199997,117.6299973,117.8199997,0
1/17/2003,117.7900009,118.1699982,117.3799973,117.7799988,0
1/20/2003,117.9400024,118.3199997,117.8399963,118.0100021,0
1/21/2003,118.0199966,119.1399994,117.9800034,118.1600037,0
1/22/2003,118.1399994,118.5199966,117.9199982,118.3399963,0
1/23/2003,118.3300018,118.8199997,117.6200027,118.1200027,0
1/24/2003,118.1200027,118.1800003,117.5100021,117.8099976,0
1/27/2003,117.7900009,119.2600021,117.5,118.5500031,0
1/28/2003,118.5599976,118.9400024,118.3099976,118.6800003,0
1/29/2003,118.6699982,118.6800003,117.8300018,118.6299973,0
1/30/2003,118.6200027,119.4700012,118.4199982,119.0400009,0
1/31/2003,119.0100021,120.0599976,118.8300018,119.9100037,0
2/3/2003,119.8799973,120.8799973,119.7699966,120.3000031,0
2/4/2003,120.3099976,120.5,119.5800018,119.8399963,0
2/5/2003,119.8300018,120.3199997,119.0199966,120.1399994,0
2/6/2003,120.1299973,120.2600021,119.5400009,119.8899994,0
2/7/2003,119.9100037,120.4100037,119.5699997,120.2200012,0
2/10/2003,120.4400024,121.3799973,120.25,121.2099991,0
2/11/2003,121.1999969,121.7600021,120.9000015,120.9499969,0
2/12/2003,120.9499969,121.4599991,120.4199982,121.3199997,0
2/13/2003,121.3000031,121.3300018,120.1999969,120.3300018,0
2/14/2003,120.3099976,120.8199997,120.0899963,120.3000031,0
2/17/2003,120.5100021,120.7799988,119.9599991,120.2099991,0
2/18/2003,120.1699982,120.2399979,118.6500015,119.0400009,0
2/19/2003,119.0400009,119.1900024,118.5400009,118.6800003,0
2/20/2003,118.6699982,119.0699997,118.0699997,118.3000031,0
2/21/2003,118.3199997,118.8899994,118.1800003,118.6100006,0
2/24/2003,118.7600021,118.7799988,117.5599976,118.1500015,0
2/25/2003,118.1500015,118.2300034,116.9599991,117.4599991,0
2/26/2003,117.4700012,117.6200027,117.0199966,117.0899963,0
2/27/2003,117.0500031,117.7799988,116.7799988,117.7099991,0
2/28/2003,117.6999969,118.2699966,117.5500031,118.0899963,0
3/3/2003,118.25,118.2799988,117.0699997,117.6500015,0
3/4/2003,117.6600037,118.0699997,117.0899963,117.1399994,0
3/5/2003,117.1600037,117.5899963,117,117.2900009,0
3/6/2003,117.2799988,117.5800018,117.1200027,117.3000031,0
3/7/2003,117.3000031,117.4700012,116.3300018,117.0500031,0
3/10/2003,117.0400009,117.0800018,116.3799973,116.8499985,0
3/11/2003,116.8399963,117.2900009,116.6200027,117.1200027,0
3/12/2003,117.1299973,117.5500031,117.0299988,117.4899979,0
3/13/2003,117.4899979,118.7399979,117.4700012,118.6600037,0
3/14/2003,118.6399994,118.6900024,118,118.3000031,0
3/17/2003,117.6999969,118.9499969,117.5400009,118.8099976,0
3/18/2003,118.8099976,119.1800003,118.4300003,118.5999985,0
3/19/2003,118.5800018,120.6200027,118.5400009,120.0599976,0
3/20/2003,120.0699997,120.4800034,119.7099991,120.3000031,0
3/21/2003,120.3099976,121.8600006,120.2099991,121.4599991,0
3/24/2003,120.9499969,121.3000031,120.3199997,120.6800003,0
3/25/2003,120.7099991,120.7399979,119.4100037,119.9100037,0
3/26/2003,119.9100037,120.4700012,119.8099976,119.9800034,0
3/27/2003,119.9800034,120.0299988,119.5599976,119.9700012,0
3/28/2003,119.9899979,120.4100037,119.4300003,119.7200012,0
3/31/2003,119.7900009,120.1500015,117.8199997,118.0100021,0
4/1/2003,118,118.4800034,117.7699966,117.7900009,0
4/2/2003,117.7699966,119.2399979,117.5999985,119.1399994,0
4/3/2003,119.0400009,119.1299973,118.4800034,118.7300034,0
4/4/2003,119.3199997,120.1900024,119.1299973,119.9499969,0
4/7/2003,120.2900009,120.8899994,119.6299973,119.8899994,0
4/8/2003,119.8600006,120.1500015,119.4000015,119.7099991,0
4/9/2003,119.7200012,120.6600037,119.6100006,120.0800018,0
4/10/2003,120.0800018,120.2799988,119.1100006,119.5400009,0
4/11/2003,119.5400009,120.8499985,119.4899979,120.5199966,0
4/14/2003,120.6299973,120.8099976,119.9199982,120.2900009,0
4/15/2003,120.2900009,120.6900024,119.9700012,120.3099976,0
4/16/2003,120.3099976,120.5699997,119.2600021,119.5599976,0
4/17/2003,119.5500031,119.75,118.9000015,119.6500015,0
4/18/2003,119.6600037,119.8099976,119.5699997,119.8099976,0
4/21/2003,119.6500015,120.6600037,119.5500031,120.5299988,0
4/22/2003,120.5199966,120.7399979,119.3199997,119.8700027,0
4/23/2003,119.8799973,120.6200027,119.7600021,120.4700012,0
4/24/2003,120.4599991,120.6800003,119.4700012,119.7600021,0
4/25/2003,119.7699966,121.1100006,119.6699982,120.1600037,0
4/28/2003,120.2799988,120.4899979,119.8499985,120.4800034,0
4/29/2003,120.4899979,120.6800003,119.5999985,119.8600006,0
4/30/2003,119.8899994,119.9499969,118.5699997,118.8199997,0
5/1/2003,118.8300018,118.9700012,118.1200027,118.4499969,0
5/2/2003,118.4700012,119.2600021,118.3700027,119.0299988,0
5/5/2003,119.0400009,119.0599976,118.4400024,118.4499969,0
5/6/2003,118.4700012,118.7300034,117.2699966,117.5899963,0
5/7/2003,117.5999985,117.8099976,116.0400009,116.4199982,0
5/8/2003,116.4499969,117.1900024,115.9700012,117.0800018,0
5/9/2003,117.0899963,117.6100006,117.0500031,117.3499985,0
5/12/2003,117.0800018,117.1100006,116.2799988,117,0
5/13/2003,117.0100021,117.5199966,116.3300018,116.7699966,0
5/14/2003,116.7699966,116.8499985,115.5500031,116.2099991,0
5/15/2003,116.1299973,116.6200027,115.2600021,116.4300003,0
5/16/2003,116.4400024,116.5999985,115.8300018,116.0100021,0
5/19/2003,115.6299973,117.4800034,115.0299988,117.0800018,0
5/20/2003,117.0599976,117.3899994,116.5699997,116.6399994,0
5/21/2003,116.6299973,117.7600021,116.5,117.5999985,0
5/22/2003,117.5899963,117.7799988,116.8799973,117.25,0
5/23/2003,117.2699966,117.4100037,116.7099991,116.9499969,0
5/26/2003,116.9599991,117.3899994,116.6399994,116.8600006,0
5/27/2003,116.8499985,117.3099976,116.1800003,117.2699966,0
5/28/2003,117.2699966,118.9100037,116.9300003,118.5500031,0
5/29/2003,118.5299988,119.1399994,117.9100037,118.1699982,0
5/30/2003,118.1500015,119.6299973,118.0899963,119.3000031,0
6/2/2003,119.5,119.5199966,118.2900009,118.6500015,0
6/3/2003,118.6399994,119.3300018,118.2699966,119.1399994,0
6/4/2003,119.1500015,119.3600006,118.3099976,118.8300018,0
6/5/2003,118.8499985,118.9100037,117.3099976,117.7200012,0
6/6/2003,117.7200012,118.9100037,117.5800018,118.6299973,0
6/9/2003,118.4199982,118.5400009,117.6999969,118.1800003,0
6/10/2003,118.1699982,118.3700027,117.5100021,117.6699982,0
6/11/2003,117.6999969,118.1299973,117.4100037,117.6900024,0
6/12/2003,117.7900009,117.9800034,117.4599991,117.6200027,0
6/13/2003,117.6200027,117.8799973,117.1399994,117.3899994,0
6/16/2003,117.3000031,117.7900009,117.1100006,117.6399994,0
6/17/2003,117.6299973,118.4100037,117.4000015,118.0899963,0
6/18/2003,118.1200027,118.7099991,117.6999969,117.9400024,0
6/19/2003,117.9199982,119.0999985,117.9199982,118.4499969,0
6/20/2003,118.4599991,118.6200027,117.9599991,118.3300018,0
6/23/2003,118.4899979,118.5999985,117.4400024,117.7099991,0
6/24/2003,117.6800003,118.0899963,117.5299988,117.9199982,0
6/25/2003,117.9300003,118.1399994,117.2900009,117.9300003,0
6/26/2003,117.9199982,119.3499985,117.8899994,119.2600021,0
6/27/2003,119.7600021,119.9499969,119.2600021,119.5299988,0
6/30/2003,119.7200012,120.2300034,119.5899963,119.6699982,0
7/1/2003,119.6600037,119.9499969,118.9700012,119.2399979,0
7/2/2003,119.2399979,119.4700012,117.8899994,118.1500015,0
7/3/2003,118.1600037,118.5999985,117.8399963,118.1699982,0
7/4/2003,118.1699982,118.4599991,118.0999985,118.3300018,0
7/7/2003,118.0999985,118.3199997,117.8099976,118.0899963,0
7/8/2003,118.1100006,118.6900024,117.5899963,118.25,0
7/9/2003,118.2900009,118.4400024,117.5999985,117.8099976,0
7/10/2003,117.7900009,118.0199966,117.3399963,117.6699982,0
7/11/2003,117.6500015,118,117.5199966,117.9100037,0
7/14/2003,117.6500015,117.8199997,117.3000031,117.7200012,0
7/15/2003,117.6999969,118.0199966,116.6200027,117.8600006,0
7/16/2003,117.8499985,118.6900024,117.8000031,118.0199966,0
7/17/2003,118.0100021,118.9199982,117.8199997,118.8199997,0
7/18/2003,118.8000031,119.2600021,118.1999969,118.4199982,0
7/21/2003,118.7099991,118.7799988,118.2099991,118.5500031,0
7/22/2003,119.2099991,119.3799973,118.8799973,119.0199966,0
7/23/2003,119,119.1100006,118.5800018,118.7200012,0
7/24/2003,118.7399979,119.2900009,118.5500031,118.9499969,0
7/25/2003,119.0500031,119.2799988,118.5400009,118.7600021,0
7/28/2003,118.9000015,119.5800018,118.8899994,119.4100037,0
7/29/2003,119.4199982,119.9300003,119.0999985,119.8199997,0
7/30/2003,119.8499985,120.7200012,119.5899963,120.2799988,0
7/31/2003,120.2600021,120.5999985,119.7200012,120.5599976,0
8/1/2003,120.5400009,120.6600037,119.7900009,120.1299973,0
8/4/2003,120.1100006,120.5899963,119.6900024,120.3099976,0
8/5/2003,120.3199997,120.6299973,119.6999969,119.9000015,0
8/6/2003,119.8700027,120.4300003,119.6999969,120.1999969,0
8/7/2003,120.1999969,120.1999969,118.7900009,119.1100006,0
8/8/2003,119.1200027,119.2300034,118.8099976,119.0299988,0
8/11/2003,119.0899963,119.1399994,118.1699982,118.5,0
8/12/2003,118.4899979,118.8099976,118.3000031,118.5999985,0
8/13/2003,118.5800018,119.4300003,118.4899979,119.1999969,0
8/14/2003,119.1500015,119.6600037,118.8000031,118.9700012,0
8/15/2003,118.9800034,119.2900009,118.75,119.1299973,0
8/18/2003,119.1200027,119.7399979,119.0299988,119.4000015,0
8/19/2003,119.3799973,119.7900009,118.2300034,118.5699997,0
8/20/2003,118.5800018,118.7399979,117.7799988,118.0599976,0
8/21/2003,118.0599976,118.1999969,117.5199966,117.8300018,0
8/22/2003,117.8300018,118.0699997,117.3000031,117.4899979,0
8/25/2003,117.4800034,117.6699982,117.1399994,117.2300034,0
8/26/2003,117.25,117.7699966,117.1999969,117.3000031,0
8/27/2003,117.3099976,117.9800034,117.2099991,117.4800034,0
8/28/2003,117.4899979,117.5999985,117.1999969,117.3199997,0
8/29/2003,117.3399963,117.3499985,116.1299973,116.8899994,0
9/1/2003,116.6600037,116.7799988,116.3300018,116.5,0
9/2/2003,116.5100021,117.2200012,115.8099976,116.4400024,0
9/3/2003,116.4499969,116.5599976,115.8300018,115.9100037,0
9/4/2003,115.8899994,117.0699997,115.7300034,116.8499985,0
9/5/2003,116.8300018,117.1500015,116.4300003,116.7900009,0
9/8/2003,117.5500031,117.6900024,116.3300018,116.6100006,0
9/9/2003,116.6200027,116.9599991,116.0999985,116.8099976,0
9/10/2003,116.8099976,117.2300034,116.6200027,117.0699997,0
9/11/2003,117.0899963,117.3000031,116.6600037,117.0800018,0
9/12/2003,117.0899963,117.4899979,116.7300034,117.2699966,0
9/15/2003,117.2300034,117.6500015,117.2200012,117.4100037,0
9/16/2003,117.4199982,117.4300003,116,116.1900024,0
9/17/2003,116.1999969,116.4800034,115.8499985,116.1100006,0
9/18/2003,116.1100006,116.1600037,114.75,115.2300034,0
9/19/2003,115.2200012,115.4899979,113.5699997,113.9100037,0
9/22/2003,111.6800003,112.7300034,111.3899994,112.0699997,0
9/23/2003,112.1200027,112.3600006,110.9000015,112.2699966,0
9/24/2003,112.2699966,112.3199997,111.25,111.8899994,0
9/25/2003,111.8799973,112.3199997,111.4499969,112.0999985,0
9/26/2003,112.0999985,112.2600021,111.5699997,111.6900024,0
9/29/2003,111.5100021,111.7300034,110.6100006,110.8199997,0
9/30/2003,110.7799988,112.0599976,110.1200027,111.2900009,0
10/1/2003,111.2799988,111.4100037,110.5,111.2300034,0
10/2/2003,111.2699966,111.2699966,110.5299988,110.8700027,0
10/3/2003,110.9100037,111.0100021,110.2399979,110.8099976,0
10/6/2003,110.9400024,111.3300018,110.7799988,110.9300003,0
10/7/2003,110.9300003,111.1500015,109.3399963,109.9100037,0
10/8/2003,109.9100037,109.9300003,109.3600006,109.5199966,0
10/9/2003,109.5100021,109.5899963,108.9199982,109.0999985,0
10/10/2003,109.1100006,109.2900009,108.1999969,108.5599976,0
10/13/2003,108.4400024,109.0199966,108.2699966,108.9800034,0
10/14/2003,108.9499969,110.1800003,108.6100006,108.7900009,0
10/15/2003,108.7799988,109.7600021,108.7600021,109.5100021,0
10/16/2003,109.5199966,110.2699966,109.2099991,109.7699966,0
10/17/2003,109.7399979,109.9899979,109.2399979,109.3000031,0
10/20/2003,108.8700027,110.5599976,108.8000031,110.1800003,0
10/21/2003,110.1999969,110.3099976,109.4000015,109.5599976,0
10/22/2003,109.5599976,109.6800003,108.7900009,108.9599991,0
10/23/2003,108.9599991,109.8000031,108.8300018,109.4199982,0
10/24/2003,109.4499969,109.8799973,109.0100021,109.2300034,0
10/27/2003,108.6299973,108.75,108.2900009,108.4300003,0
10/28/2003,108.4599991,108.6200027,108.0999985,108.1500015,0
10/29/2003,108.1500015,108.3499985,107.8300018,108.2200012,0
10/30/2003,108.2099991,108.8300018,107.9599991,108.5999985,0
10/31/2003,108.6299973,110.1900024,108.6100006,110,0
11/3/2003,109.7399979,111.4700012,109.7300034,110.8000031,0
11/4/2003,110.7799988,110.8000031,109.4100037,109.5500031,0
11/5/2003,109.5699997,110.0400009,109.4199982,109.8600006,0
11/6/2003,109.8799973,110.3000031,109.8099976,110.1699982,0
11/7/2003,110.1100006,110.3899994,109.0400009,109.3300018,0
11/10/2003,109.5400009,109.6299973,107.8399963,108.7300034,0
11/11/2003,108.75,109.1399994,108.4899979,108.7699966,0
11/12/2003,108.75,109.1200027,108.4400024,108.6800003,0
11/13/2003,108.6800003,108.6800003,107.9899979,108.0299988,0
11/14/2003,108.0500031,108.5299988,107.9000015,108.3000031,0
11/17/2003,108.2399979,109.6900024,108.2399979,109.0100021,0
11/18/2003,109,109.1100006,107.9199982,108.0599976,0
11/19/2003,108.1299973,109.4300003,107.6200027,109.1100006,0
11/20/2003,109.0800018,109.1600037,108.6500015,109,0
11/21/2003,109.0400009,109.3799973,108.5500031,108.75,0
11/24/2003,108.8399963,109.4700012,108.7799988,109.3799973,0
11/25/2003,109.3700027,110.0199966,109.2799988,109.4000015,0
11/26/2003,109.3799973,109.7600021,108.8899994,109.0500031,0
11/27/2003,109.0699997,109.3000031,108.8700027,109.2799988,0
11/28/2003,109.2600021,109.6399994,109.1299973,109.6200027,0
12/1/2003,109.8300018,109.9899979,109.0500031,109.1699982,0
12/2/2003,109.1800003,109.7799988,108.4800034,108.7300034,0
12/3/2003,108.7300034,108.7900009,108.0400009,108.3000031,0
12/4/2003,108.3000031,108.4599991,107.9000015,108.2699966,0
12/5/2003,108.25,108.4199982,107.4899979,107.6200027,0
12/8/2003,107.5400009,107.7600021,107.0899963,107.4100037,0
12/9/2003,107.4199982,107.4800034,106.8099976,107.0899963,0
12/10/2003,107.0899963,108.6600037,107.0500031,108.3799973,0
12/11/2003,108.3799973,108.4199982,107.9300003,107.9800034,0
12/12/2003,107.9800034,108.0299988,107.6100006,107.6800003,0
12/15/2003,108.0899963,108.1600037,107.4000015,107.7399979,0
12/16/2003,107.7300034,107.8199997,107.3799973,107.5100021,0
12/17/2003,107.5299988,107.7900009,107.1699982,107.3799973,0
12/18/2003,107.3700027,108.0599976,107.25,107.6500015,0
12/19/2003,107.6399994,107.9899979,107.4800034,107.7099991,0
12/22/2003,107.8899994,107.9199982,107.2799988,107.4899979,0
12/23/2003,107.4599991,107.5500031,107.2300034,107.4300003,0
12/24/2003,107.4100037,107.5299988,107.1100006,107.2600021,0
12/25/2003,107.2699966,107.3499985,107.0899963,107.2399979,0
12/26/2003,107.2200012,107.5100021,106.9100037,107.4499969,0
12/29/2003,107.3199997,107.3499985,106.8300018,107.0500031,0
12/30/2003,107.0699997,107.1600037,106.8600006,106.9599991,0
12/31/2003,106.9599991,107.6800003,106.7600021,107.4000015,0
1/1/2004,106.9499969,107.4700012,106.9499969,107.3000031,0
1/2/2004,107.3199997,107.4899979,106.7300034,106.9100037,0
1/5/2004,106.9300003,107.3199997,106.0100021,106.2399979,0
1/6/2004,106.2399979,106.3899994,105.9800034,106.2300034,0
1/7/2004,106.2200012,106.4100037,105.9599991,106.1800003,0
1/8/2004,106.1900024,106.25,106.0400009,106.1699982,0
1/9/2004,106.1800003,108.2099991,106.1100006,106.5800018,0
1/12/2004,106.6100006,106.7399979,106.2900009,106.5999985,0
1/13/2004,106.5999985,106.5999985,106.1299973,106.2399979,0
1/14/2004,106.2399979,106.3199997,105.9499969,106.2399979,0
1/15/2004,106.1999969,106.4499969,105.9800034,106.2699966,0
1/16/2004,106.3199997,106.9700012,105.7399979,106.75,0
1/19/2004,106.6399994,107.4400024,106.4400024,107.2300034,0
1/20/2004,107.2399979,107.8899994,106.8099976,107,0
1/21/2004,107.0400009,107.25,106.6299973,106.8099976,0
1/22/2004,106.8399963,106.9899979,105.9400024,106.1299973,0
1/23/2004,106.1699982,106.8199997,105.7300034,106.75,0
1/26/2004,106.6299973,106.6399994,105.8000031,106.3499985,0
1/27/2004,106.3700027,106.3799973,105.4499969,105.6299973,0
1/28/2004,105.6299973,106.5100021,105.4599991,106.1299973,0
1/29/2004,106.1299973,106.2099991,105.6399994,105.9100037,0
1/30/2004,105.9400024,106.0899963,105.6100006,105.7200012,0
2/2/2004,105.6399994,105.7399979,105.3700027,105.5199966,0
2/3/2004,105.5500031,105.8199997,105.2099991,105.4700012,0
2/4/2004,105.4899979,105.6299973,105.2699966,105.4499969,0
2/5/2004,105.4800034,106.0100021,105.3499985,105.6399994,0
2/6/2004,105.5899963,106.7699966,105.3199997,105.4499969,0
2/9/2004,105.6399994,105.8700027,105.4899979,105.8199997,0
2/10/2004,105.8099976,105.8700027,105.25,105.5800018,0
2/11/2004,105.6100006,105.6900024,105.1800003,105.3399963,0
2/12/2004,105.3399963,105.5199966,105.2300034,105.3000031,0
2/13/2004,105.3099976,105.5899963,105.1900024,105.1999969,0
2/16/2004,105.4400024,105.5599976,105.2900009,105.4499969,0
2/17/2004,105.4499969,105.9700012,105.4199982,105.6100006,0
2/18/2004,105.5800018,107.1100006,105.5,106.3399963,0
2/19/2004,106.3499985,107.4100037,106.3300018,106.9100037,0
2/20/2004,106.9400024,109.25,106.9000015,108.9499969,0
2/23/2004,108.7699966,109.3600006,108.0599976,108.3000031,0
2/24/2004,108.2799988,108.7300034,107.9800034,108.1999969,0
2/25/2004,108.1999969,109.0999985,108.0299988,108.9700012,0
2/26/2004,108.9599991,109.8000031,108.7600021,109.4800034,0
2/27/2004,109.5400009,109.6699982,108.9000015,109.25,0
3/1/2004,109.0899963,109.4000015,108.8600006,108.9100037,0
3/2/2004,108.9199982,110.3899994,108.8700027,110.1500015,0
3/3/2004,110.1399994,110.4899979,109.9700012,110.1100006,0
3/4/2004,110.1200027,111.2699966,110.0299988,111.25,0
3/5/2004,111.2399979,112.2399979,110.9100037,112,0
3/8/2004,112.0699997,112.2600021,111.0999985,111.2900009,0
3/9/2004,111.3300018,111.5899963,110.3099976,111.4599991,0
3/10/2004,111.4499969,111.4700012,110.6900024,110.8899994,0
3/11/2004,110.9100037,111.0699997,110.4300003,110.8300018,0
3/12/2004,110.8199997,111.3700027,110.5999985,110.6500015,0
3/15/2004,110.7799988,111.0400009,109.3600006,110.3099976,0
3/16/2004,110.3399963,110.3399963,108.5999985,108.7099991,0
3/17/2004,108.6699982,108.9499969,107.9599991,108.2600021,0
3/18/2004,108.2699966,108.3399963,106.4300003,106.7900009,0
3/19/2004,106.7900009,107.2900009,106.5699997,106.6600037,0
3/22/2004,106.9100037,107.6399994,106.6999969,106.7600021,0
3/23/2004,106.7399979,106.9400024,106.4700012,106.7600021,0
3/24/2004,106.7200012,106.9100037,106.0299988,106.4000015,0
3/25/2004,106.4199982,106.4199982,105.7600021,106.1299973,0
3/26/2004,106.1299973,106.1900024,105.5400009,106.1800003,0
3/29/2004,105.2699966,105.9100037,105.2699966,105.4599991,0
3/30/2004,105.4599991,106.1600037,105.4199982,105.8399963,0
3/31/2004,105.8300018,105.8899994,103.5400009,104.2099991,0
4/1/2004,104.1999969,104.4499969,103.3000031,103.7399979,0
4/2/2004,103.7200012,104.6699982,103.6800003,104.6100006,0
4/5/2004,104.1399994,105.4199982,104.1399994,105.0899963,0
4/6/2004,105.0699997,106.9700012,104.9499969,105.7600021,0
4/7/2004,105.7399979,106.1200027,104.9800034,105.2200012,0
4/8/2004,105.2300034,106.4300003,105.1399994,106.4199982,0
4/9/2004,106.4199982,106.7399979,105.9899979,106.4000015,0
4/12/2004,106.2699966,106.4199982,105.1699982,105.3499985,0
4/13/2004,105.3499985,106.9700012,105.0500031,106.8199997,0
4/14/2004,106.8199997,108.9599991,106.7200012,108.6699982,0
4/15/2004,108.6500015,109.1200027,108.0500031,108.2099991,0
4/16/2004,108.1900024,108.8499985,107.5699997,107.8000031,0
4/19/2004,107.7699966,108.6500015,107.6299973,108.3899994,0
4/20/2004,108.1900024,109.0699997,107.7099991,108.9599991,0
4/21/2004,108.9300003,109.75,108.5800018,109.3499985,0
4/22/2004,109.3399963,109.8600006,109.1399994,109.3799973,0
4/23/2004,109.4199982,109.7699966,108.6299973,109.1600037,0
4/26/2004,109.1600037,109.3199997,108.3000031,108.6299973,0
4/27/2004,108.5999985,109.8000031,108.3600006,109.5199966,0
4/28/2004,109.5500031,110.1699982,108.7600021,110.0199966,0
4/29/2004,110.0400009,110.8600006,109.6399994,109.9300003,0
4/30/2004,109.9400024,110.5999985,109.8399963,110.3700027,0
5/3/2004,110.3899994,110.6699982,109.8000031,110.1600037,0
5/4/2004,110.1800003,110.5599976,109.2399979,109.5500031,0
5/5/2004,109.5100021,109.5599976,108.3099976,108.8199997,0
5/6/2004,108.8399963,109.8600006,108.6399994,109.7399979,0
5/7/2004,109.7600021,112.4400024,109.6999969,112.3099976,0
5/10/2004,112.2399979,114.0899963,112.2399979,113.7300034,0
5/11/2004,113.7300034,113.8300018,112.8700027,112.9400024,0
5/12/2004,112.9300003,113.4400024,112.4300003,112.9700012,0
5/13/2004,113,114.6500015,112.8499985,114.5899963,0
5/14/2004,114.5899963,114.8399963,114.0199966,114.1100006,0
5/17/2004,114.3700027,114.5800018,113.0599976,114.4300003,0
5/18/2004,114.4300003,114.6699982,113.3899994,114.0899963,0
5/19/2004,114.0800018,114.0999985,112.4300003,112.8499985,0
5/20/2004,112.8600006,113.8499985,112.5899963,112.7300034,0
5/21/2004,112.7099991,113.0199966,111.75,112.3399963,0
5/24/2004,112.3600006,113.2300034,112.0899963,113.1200027,0
5/25/2004,113.1100006,113.2900009,111.6699982,111.8099976,0
5/26/2004,111.8000031,111.9700012,111.2399979,111.8600006,0
5/27/2004,111.8799973,112.0699997,110.6900024,111.0699997,0
5/28/2004,111.0500031,111.0500031,109.9700012,109.9700012,0
5/31/2004,110.2900009,110.4000015,109.0500031,109.5199966,0
6/1/2004,109.5,110.7099991,109.2300034,110.4199982,0
6/2/2004,110.4000015,110.8799973,109.7900009,109.8499985,0
6/3/2004,109.8300018,111.4400024,109.8000031,111.1600037,0
6/4/2004,111.1299973,111.5100021,110.5699997,111.2600021,0
6/7/2004,110.9499969,110.9800034,109.4800034,109.6200027,0
6/8/2004,109.6399994,110.0899963,109.4599991,109.5299988,0
6/9/2004,109.5299988,110.5400009,108.6399994,110.3899994,0
6/10/2004,110.3899994,110.5100021,109.1399994,109.2699966,0
6/11/2004,109.2600021,110.4400024,109.2600021,110.1299973,0
6/14/2004,110.2600021,111.4300003,110.0699997,110.9899979,0
6/15/2004,110.9899979,111.3499985,109.3099976,109.4100037,0
6/16/2004,109.4100037,110.2200012,109.2300034,110.0899963,0
6/17/2004,110.0999985,110.1800003,108.9400024,109.5800018,0
6/18/2004,109.6100006,109.6999969,108.5299988,108.7200012,0
6/21/2004,108.6800003,108.9499969,108.2399979,108.6800003,0
6/22/2004,108.6600037,109.3700027,108.3799973,109.1900024,0
6/23/2004,109.1800003,109.1800003,108.1500015,108.2099991,0
6/24/2004,108.25,108.4199982,107,107.1900024,0
6/25/2004,107.1900024,107.9700012,107.1100006,107.5999985,0
6/28/2004,107.5,108.2900009,107.4400024,107.9899979,0
6/29/2004,108,108.7200012,107.8199997,108.1900024,0
6/30/2004,108.1900024,109.5199966,108.1900024,108.8700027,0
7/1/2004,108.8499985,108.8700027,107.8700027,108.4700012,0
7/2/2004,108.4599991,109.2900009,108.0699997,108.2600021,0
7/5/2004,108.25,109.1900024,108.25,109.0100021,0
7/6/2004,109.0199966,109.6800003,108.9000015,109.4100037,0
7/7/2004,109.4199982,109.4700012,108.1900024,108.5199966,0
7/8/2004,108.5100021,109.1100006,108.3799973,108.8499985,0
7/9/2004,108.8700027,108.9300003,107.9300003,108.1800003,0
7/12/2004,107.6800003,108.3899994,107.5699997,108.3099976,0
7/13/2004,108.3300018,109.3600006,108.1800003,108.4199982,0
7/14/2004,108.4000015,109.4000015,108.4000015,109.1500015,0
7/15/2004,109.1600037,109.9499969,109,109.7600021,0
7/16/2004,109.7600021,109.9700012,108.5599976,108.7300034,0
7/19/2004,108.7799988,108.8000031,108.0800018,108.2699966,0
7/20/2004,108.2600021,108.7699966,108.0999985,108.4899979,0
7/21/2004,108.5,110.2600021,108.3499985,109.8700027,0
7/22/2004,109.8600006,109.9100037,109.2699966,109.7600021,0
7/23/2004,109.75,110.2300034,109.6200027,110.1500015,0
7/26/2004,110.1200027,110.1299973,109.4400024,109.8700027,0
7/27/2004,109.8600006,111.1600037,109.5999985,110.8799973,0
7/28/2004,110.9000015,111.8799973,110.8000031,111.75,0
7/29/2004,111.75,112.4700012,111.4899979,112.1100006,0
7/30/2004,112.0999985,112.1600037,111.1100006,111.3600006,0
8/2/2004,111.1999969,111.3899994,110.6100006,110.8499985,0
8/3/2004,110.8300018,111.1299973,110.4400024,110.6500015,0
8/4/2004,110.6500015,111.6900024,110.5199966,111,0
8/5/2004,110.9400024,111.8199997,110.8199997,111.75,0
8/6/2004,111.75,111.8700027,109.8600006,110.5100021,0
8/9/2004,110.5400009,110.9000015,110.1200027,110.6500015,0
8/10/2004,110.6500015,111.4300003,110.4100037,111.2200012,0
8/11/2004,111.2200012,111.4199982,110.6299973,110.7600021,0
8/12/2004,110.7699966,111.2200012,110.4499969,110.8799973,0
8/13/2004,110.8799973,111.9700012,110.5,110.6999969,0
8/16/2004,110.5,110.9599991,110.3499985,110.3899994,0
8/17/2004,110.4000015,110.5899963,109.8000031,109.9499969,0
8/18/2004,109.9700012,110.1399994,109.2799988,109.4300003,0
8/19/2004,109.4300003,109.5899963,109.0599976,109.3600006,0
8/20/2004,109.3700027,109.6900024,108.9800034,109.1100006,0
8/23/2004,109.2799988,109.8899994,109.1200027,109.7399979,0
8/24/2004,109.7399979,110.0199966,109.4199982,109.6900024,0
8/25/2004,109.6900024,110.4400024,109.4300003,110.0999985,0
8/26/2004,110.0699997,110.25,109.3499985,109.6200027,0
8/27/2004,109.6399994,109.7399979,109.0800018,109.6600037,0
8/30/2004,109.7300034,110.3700027,109.5400009,109.9199982,0
8/31/2004,109.9400024,110.1900024,108.7600021,109.1699982,0
9/1/2004,109.1600037,109.6600037,108.9499969,109.3600006,0
9/2/2004,109.3700027,109.5999985,109.2300034,109.5,0
9/3/2004,109.5,110.6900024,109.1200027,110.4100037,0
9/6/2004,110.5500031,110.5500031,109.9400024,110.1500015,0
9/7/2004,110.1800003,110.1800003,109.2399979,109.3700027,0
9/8/2004,109.3799973,109.7699966,109.0800018,109.2099991,0
9/9/2004,109.1900024,110,109.1399994,109.3899994,0
9/10/2004,109.4000015,110.2799988,109.1999969,109.5800018,0
9/13/2004,109.3499985,110.3099976,109.3000031,110.0500031,0
9/14/2004,110.0299988,110.0999985,109.3600006,109.5400009,0
9/15/2004,109.5299988,110.3799973,109.3000031,110.0199966,0
9/16/2004,110.0500031,110.0599976,109.4800034,109.6100006,0
9/17/2004,109.5800018,110.2200012,109.3600006,109.6999969,0
9/20/2004,109.9800034,110.1399994,109.6900024,109.9100037,0
9/21/2004,109.9100037,110.1600037,109.5899963,109.7799988,0
9/22/2004,109.7600021,110.7099991,109.5999985,110.5999985,0
9/23/2004,110.5899963,110.8700027,110.2600021,110.7399979,0
9/24/2004,110.7099991,110.8499985,110.3300018,110.5400009,0
9/27/2004,110.6299973,111.3499985,110.4800034,111.1699982,0
9/28/2004,111.1800003,111.6800003,111.1399994,111.3099976,0
9/29/2004,111.3099976,111.3799973,110.6699982,111.0199966,0
9/30/2004,111.0299988,111.2300034,109.8199997,110.0800018,0
10/1/2004,110.0699997,110.5599976,109.8399963,110.4800034,0
10/4/2004,110.6600037,111.1900024,110.5,110.8499985,0
10/5/2004,110.8700027,111.3300018,110.6800003,111.0599976,0
10/6/2004,111.0500031,111.4400024,110.9899979,111.3399963,0
10/7/2004,111.3199997,111.4100037,110.9700012,111.1100006,0
10/8/2004,111.1299973,111.25,109.3099976,109.5,0
10/11/2004,109.4899979,109.5699997,109.1299973,109.3700027,0
10/12/2004,109.4000015,110.0400009,109.3399963,109.6699982,0
10/13/2004,109.6500015,110.1600037,109.4100037,109.6699982,0
10/14/2004,109.6900024,109.8199997,109.1800003,109.6500015,0
10/15/2004,109.6299973,109.6500015,108.8000031,109.3700027,0
10/18/2004,109.2200012,109.5599976,109.1399994,109.3499985,0
10/19/2004,109.3499985,109.4300003,108.2399979,108.3499985,0
10/20/2004,108.3399963,108.6600037,108.1100006,108.3000031,0
10/21/2004,108.2600021,108.3799973,107.3300018,107.4100037,0
10/22/2004,107.4300003,107.7300034,107.1500015,107.5199966,0
10/25/2004,107.2099991,107.2300034,106.2099991,106.5999985,0
10/26/2004,106.5999985,106.9700012,106.4300003,106.6800003,0
10/27/2004,106.6800003,107.1100006,106.25,106.6500015,0
10/29/2004,106.6200027,106.8399963,105.6999969,105.7200012,0
11/1/2004,105.8000031,106.5999985,105.7799988,106.4499969,0
11/2/2004,106.4400024,106.7099991,105.9800034,106.0699997,0
11/3/2004,106.0699997,106.8799973,105.9700012,106.1200027,0
11/4/2004,106.1299973,106.4700012,105.7399979,106.0800018,0
11/5/2004,106.1399994,106.5,105.4899979,105.4899979,0
11/8/2004,105.5400009,105.7600021,105.2900009,105.6200027,0
11/9/2004,105.6299973,105.8799973,105.5,105.75,0
11/10/2004,105.75,107.2799988,105.6999969,106.9700012,0
11/11/2004,106.9499969,107.0400009,106.4100037,106.6800003,0
11/12/2004,106.7099991,106.7399979,105.3099976,105.6500015,0
11/15/2004,105.4300003,105.5800018,105.1399994,105.4100037,0
11/16/2004,105.3899994,105.6100006,105.1900024,105.4199982,0
11/17/2004,105.4199982,105.4700012,103.8000031,104.0500031,0
11/18/2004,104.0599976,104.4100037,103.6299973,104.3000031,0
11/19/2004,104.3199997,104.3499985,102.7200012,103.0800018,0
11/22/2004,103.1600037,103.3700027,102.9800034,103.1600037,0
11/23/2004,103.1399994,103.6500015,102.9100037,103.3300018,0
11/24/2004,103.3099976,103.6699982,102.5599976,102.8399963,0
11/25/2004,102.8300018,102.9899979,102.3600006,102.5199966,0
11/26/2004,102.5100021,103.2900009,102.1699982,102.5299988,0
11/29/2004,102.75,103.0999985,102.5,103.0299988,0
11/30/2004,103.0299988,103.3399963,102.4700012,102.9000015,0
12/1/2004,102.8899994,102.9899979,102.4899979,102.5100021,0
12/2/2004,102.5,103.3000031,101.9000015,103.0999985,0
12/3/2004,103.0899963,103.5800018,102.0199966,102.0899963,0
12/6/2004,102.0400009,103.3499985,102.0400009,103.1299973,0
12/7/2004,103.1299973,103.1500015,102.4100037,102.8600006,0
12/8/2004,102.8499985,104.7799988,102.8499985,104.0299988,0
12/9/2004,104.0100021,104.9599991,103.8700027,104.6800003,0
12/10/2004,104.6900024,106.1600037,104.6800003,105.0199966,0
12/13/2004,105.4199982,105.4199982,104.5199966,104.6900024,0
12/14/2004,104.6399994,105.75,104.6299973,105.1999969,0
12/15/2004,105.1900024,105.6800003,103.9899979,104.25,0
12/16/2004,104.2600021,104.9599991,103.4599991,104.5800018,0
12/17/2004,104.5899963,104.6999969,104.0699997,104.1500015,0
12/20/2004,104.1800003,104.4700012,103.8700027,104.1500015,0
12/21/2004,104.1299973,104.6299973,103.7300034,104.3000031,0
12/22/2004,104.3099976,104.4400024,103.9000015,104.1600037,0
12/23/2004,104.1399994,104.1500015,103.5299988,103.5500031,0
12/24/2004,103.5400009,103.7799988,103.4400024,103.6500015,0
12/27/2004,103.7200012,104.0599976,102.7099991,102.8899994,0
12/28/2004,102.8899994,103.3099976,102.8899994,103.1900024,0
12/29/2004,103.1699982,104.2300034,103.1399994,103.9400024,0
12/30/2004,103.9199982,104.1999969,102.8600006,102.9100037,0
12/31/2004,102.9000015,102.9499969,102.3099976,102.5100021,0
1/3/2005,102.5199966,103.4300003,102.3499985,102.7399979,0
1/4/2005,102.7300034,104.7399979,102.4599991,104.3399963,0
1/5/2005,104.3300018,104.9700012,103.7699966,103.9300003,0
1/6/2005,103.9599991,105.1299973,103.9599991,104.8899994,0
1/7/2005,104.8700027,105.1100006,103.8899994,104.8899994,0
1/10/2005,104.6800003,104.8000031,104.0699997,104.1699982,0
1/11/2005,104.1800003,104.2600021,103.1200027,103.4199982,0
1/12/2005,103.4199982,103.5299988,102.1800003,102.4400024,0
1/13/2005,102.4499969,102.75,102.2300034,102.4599991,0
1/14/2005,102.4599991,103.1100006,101.8000031,101.9800034,0
1/17/2005,102.0199966,102.3000031,101.6600037,102.2600021,0
1/18/2005,102.2600021,102.9700012,102.1500015,102.2600021,0
1/19/2005,102.2399979,102.9599991,102.0100021,102.9100037,0
1/20/2005,102.8799973,103.5400009,102.4800034,103.3700027,0
1/21/2005,103.3499985,103.9100037,102.5899963,102.6100006,0
1/24/2005,102.8099976,102.9800034,102.4899979,102.5800018,0
1/25/2005,102.5599976,104.2900009,102.5599976,104.0199966,0
1/26/2005,104.0100021,104.0199966,102.7600021,103.0699997,0
1/27/2005,103.0800018,103.4899979,102.3799973,102.8499985,0
1/28/2005,102.8600006,103.6100006,102.7300034,102.7300034,0
1/31/2005,103.5899963,103.7799988,103.3499985,103.5999985,0
2/1/2005,103.6100006,104.0699997,103.4899979,103.6399994,0
2/2/2005,103.6399994,104.0599976,103.3499985,103.6600037,0
2/3/2005,103.6500015,104.6900024,103.6399994,104.4599991,0
2/4/2005,104.4700012,104.5899963,103.5100021,104.0400009,0
2/7/2005,104.3099976,105,104.0599976,104.8199997,0
2/8/2005,104.8199997,105.9300003,104.7900009,105.7099991,0
2/9/2005,105.6800003,105.9499969,105.3300018,105.5899963,0
2/10/2005,105.6100006,106.6900024,105.3799973,105.8199997,0
2/11/2005,105.8199997,105.8600006,105.4899979,105.75,0
2/14/2005,105.4499969,105.4499969,104.6399994,105.0999985,0
2/15/2005,105.0999985,105.3600006,104.2900009,104.5500031,0
2/16/2005,104.5500031,105.6699982,104.5500031,105.4800034,0
2/17/2005,105.5,105.7699966,105.1800003,105.4800034,0
2/18/2005,105.4899979,105.8600006,105.1999969,105.6299973,0
2/21/2005,105.6100006,105.7799988,105.4000015,105.4400024,0
2/22/2005,105.4400024,105.5899963,103.8199997,104.2300034,0
2/23/2005,104.2200012,105.0800018,104.1600037,105.0500031,0
2/24/2005,105.0400009,105.5599976,104.5999985,105.5,0
2/25/2005,105.4300003,105.4800034,105.0299988,105.2399979,0
2/28/2005,104.8300018,104.8499985,104.0899963,104.5299988,0
3/1/2005,104.5500031,104.7399979,104.1800003,104.4499969,0
3/2/2005,104.4700012,105.0800018,104.4199982,104.7699966,0
3/3/2005,104.7600021,105.3600006,104.7300034,105.2900009,0
3/4/2005,105.3099976,105.5100021,104.3300018,104.7900009,0
3/7/2005,104.5899963,105.3499985,104.5199966,105.0899963,0
3/8/2005,105.0800018,105.1600037,104.3300018,104.5699997,0
3/9/2005,104.5500031,104.7300034,103.6500015,104.0100021,0
3/10/2005,104.0100021,104.2699966,103.7099991,103.9300003,0
3/11/2005,103.9300003,104.2799988,103.7200012,104.0800018,0
3/14/2005,103.8099976,105.1699982,103.8000031,104.9300003,0
3/15/2005,104.9199982,104.9700012,104.1399994,104.5400009,0
3/16/2005,104.5400009,104.6699982,103.9000015,104.1900024,0
3/17/2005,104.1999969,104.8399963,104.1200027,104.5299988,0
3/18/2005,104.5400009,105,104.5400009,104.7099991,0
3/21/2005,104.6600037,105.4800034,104.6399994,105.2099991,0
3/22/2005,105.1999969,105.6600037,104.8499985,105.5999985,0
3/23/2005,105.5999985,106.1500015,105.25,105.9100037,0
3/24/2005,105.9199982,106.5400009,105.9000015,106.4199982,0
3/25/2005,106.4199982,106.4899979,106.2600021,106.3600006,0
3/28/2005,106.3499985,107.3199997,106.3499985,107.2399979,0
3/29/2005,107.2300034,107.5899963,106.9700012,107.3300018,0
3/30/2005,107.3399963,107.6299973,107.1100006,107.5299988,0
3/31/2005,107.5199966,107.5500031,106.6299973,107.1399994,0
4/1/2005,107.1500015,107.75,106.7699966,107.6600037,0
4/4/2005,107.6500015,108.3799973,107.5800018,108.2799988,0
4/5/2005,108.2900009,108.8300018,108.0599976,108.2699966,0
4/6/2005,108.25,108.7600021,107.8399963,108.6800003,0
4/7/2005,108.6699982,108.7699966,108.0899963,108.5899963,0
4/8/2005,108.6100006,108.8600006,108.1399994,108.1600037,0
4/11/2005,108.3499985,108.5,107.6200027,107.7300034,0
4/12/2005,107.7300034,108.4499969,107.5100021,107.8000031,0
4/13/2005,107.7900009,107.8199997,107.1299973,107.3199997,0
4/14/2005,107.3199997,108.4000015,107.2600021,108.3000031,0
4/15/2005,108.2900009,108.4800034,107.4300003,107.7099991,0
4/18/2005,107.6699982,108.0199966,107.2600021,107.4300003,0
4/19/2005,107.4199982,107.5,106.6999969,106.8600006,0
4/20/2005,106.8799973,107.4800034,106.5999985,106.8499985,0
4/21/2005,106.8600006,107.4000015,106.6800003,106.7699966,0
4/22/2005,106.7699966,106.9400024,105.7399979,105.9499969,0
4/25/2005,105.5699997,106.0400009,105.5299988,105.7099991,0
4/26/2005,105.6999969,106.1399994,105.5699997,106.1200027,0
4/27/2005,106.0899963,106.3499985,105.6800003,105.9300003,0
4/28/2005,105.9300003,106.2600021,105.6500015,106.0400009,0
4/29/2005,106.0400009,106.0999985,104.5999985,104.6500015,0
5/2/2005,105.1200027,105.4100037,104.9000015,105.0999985,0
5/3/2005,105.0899963,105.3199997,104.8399963,104.8700027,0
5/4/2005,104.8499985,104.9899979,104.1999969,104.5199966,0
5/5/2005,104.5100021,104.6699982,104.25,104.5100021,0
5/6/2005,104.5100021,105.0699997,104.5,105.0699997,0
5/9/2005,105.2300034,105.7200012,105.1600037,105.7099991,0
5/10/2005,105.7399979,105.9499969,105.3600006,105.4599991,0
5/11/2005,105.4700012,105.9100037,105.0100021,105.75,0
5/12/2005,105.7600021,106.9000015,105.6800003,106.8199997,0
5/13/2005,106.8099976,107.4100037,106.6600037,107.3099976,0
5/16/2005,107.3899994,107.7600021,106.6999969,106.8499985,0
5/17/2005,106.8399963,107.5400009,106.5500031,107.4300003,0
5/18/2005,107.4300003,107.7600021,106.75,107.0100021,0
5/19/2005,107.0299988,107.6699982,106.9400024,107.5999985,0
5/20/2005,107.5800018,108.2799988,107.3399963,108.1500015,0
5/23/2005,108.1200027,108.2699966,107.5299988,107.7600021,0
5/24/2005,107.75,107.7799988,107.2200012,107.5899963,0
5/25/2005,107.5999985,107.8600006,107.2600021,107.6800003,0
5/26/2005,107.6900024,108.25,107.6299973,108.0299988,0
5/27/2005,108.0199966,108.0699997,107.7300034,107.9800034,0
5/30/2005,108.0699997,108.1399994,107.7300034,107.9599991,0
5/31/2005,107.9499969,108.5599976,107.6999969,108.4000015,0
6/1/2005,108.4100037,108.8300018,108.1299973,108.6600037,0
6/2/2005,108.6500015,108.6800003,108.0999985,108.2099991,0
6/3/2005,108.2099991,108.2699966,107.4899979,107.6399994,0
6/6/2005,107.75,107.8199997,106.6999969,106.8700027,0
6/7/2005,106.8700027,107.0199966,106.4899979,106.6299973,0
6/8/2005,106.6399994,107.3700027,106.5299988,107.2200012,0
6/9/2005,107.2200012,107.7099991,107.0699997,107.4800034,0
6/10/2005,107.4400024,108.6900024,107.3099976,108.6500015,0
6/13/2005,108.5899963,109.6600037,108.4300003,109.4499969,0
6/14/2005,109.4499969,109.5800018,109.0699997,109.4000015,0
6/15/2005,109.4199982,109.6900024,109.1200027,109.1699982,0
6/16/2005,109.1699982,109.3799973,108.7200012,108.9599991,0
6/17/2005,108.9599991,109.0500031,108.5,108.5299988,0
6/20/2005,108.8499985,109.5599976,108.6100006,109.3499985,0
6/21/2005,109.3600006,109.4700012,108.1399994,108.4100037,0
6/22/2005,108.4000015,109.1100006,108.3600006,108.7600021,0
6/23/2005,108.7699966,108.9800034,108.4000015,108.9199982,0
6/24/2005,108.9400024,109.3600006,108.8700027,108.9700012,0
6/27/2005,109.1800003,109.4199982,109.1299973,109.2799988,0
6/28/2005,109.6100006,110.0500031,109.5400009,109.7699966,0
6/29/2005,110.0899963,110.5999985,109.9499969,110.4400024,0
6/30/2005,110.2200012,110.9700012,110.0699997,110.8600006,0
7/1/2005,110.8799973,111.7799988,110.6399994,111.7399979,0
7/4/2005,111.6200027,111.6699982,111.3300018,111.5599976,0
7/5/2005,111.5500031,112.0999985,111.4499969,111.5500031,0
7/6/2005,111.5500031,112.2600021,111.4499969,112.25,0
7/7/2005,112.2300034,112.3099976,111.5299988,112,0
7/8/2005,112,112.5100021,111.8199997,112.2600021,0
7/11/2005,112.1500015,112.2200012,111.6399994,111.6999969,0
7/12/2005,111.6999969,111.7799988,110.7600021,110.9599991,0
7/13/2005,110.9499969,112.2099991,110.9199982,112.0100021,0
7/14/2005,112.0100021,112.3600006,111.6299973,112.2799988,0
7/15/2005,112.25,112.3600006,111.7300034,112.2099991,0
7/18/2005,112.2399979,112.3499985,111.4800034,111.8899994,0
7/19/2005,111.9100037,112.9700012,111.8399963,112.9000015,0
7/20/2005,112.8899994,113.6399994,112.5599976,112.7300034,0
7/21/2005,112.7399979,112.8199997,109.9100037,110.4300003,0
7/22/2005,110.4199982,111.4199982,110.3799973,111.3000031,0
7/25/2005,111.6200027,111.9499969,111.3000031,111.6399994,0
7/26/2005,111.6299973,112.5999985,111.5199966,112.5100021,0
7/27/2005,112.5100021,112.7799988,112.1299973,112.4499969,0
7/28/2005,112.4599991,112.8399963,111.9800034,112.2699966,0
7/29/2005,112.2900009,112.5299988,111.9700012,112.4400024,0
8/1/2005,112.6999969,112.7600021,111.7200012,112.2200012,0
8/2/2005,112.1999969,112.25,111.1299973,111.3899994,0
8/3/2005,111.4100037,111.9000015,110.9800034,111.0999985,0
8/4/2005,111.0999985,111.5599976,110.7699966,111.2300034,0
8/5/2005,111.2099991,112.1800003,111.1800003,111.8000031,0
8/8/2005,112.2799988,112.5199966,111.5299988,112.0800018,0
8/9/2005,112.0500031,112.1999969,111.6600037,111.7799988,0
8/10/2005,111.8000031,111.8199997,110.4100037,110.6500015,0
8/11/2005,110.6500015,110.6600037,109.5599976,109.6999969,0
8/12/2005,109.7099991,109.9100037,109.3099976,109.3399963,0
8/15/2005,109.3399963,109.7600021,109.1900024,109.3300018,0
8/16/2005,109.3199997,109.6699982,109.0299988,109.5999985,0
8/17/2005,109.6200027,110.0599976,109.3899994,109.8499985,0
8/18/2005,109.8399963,110.6500015,109.8300018,110.4599991,0
8/19/2005,110.4599991,110.7900009,110.3099976,110.4400024,0
8/22/2005,110.5,110.5199966,109.4000015,109.6900024,0
8/23/2005,109.6999969,110.1600037,109.5999985,109.8600006,0
8/24/2005,109.8600006,110.7099991,109.8600006,110.2300034,0
8/25/2005,110.2399979,110.4199982,109.75,110.0699997,0
8/26/2005,110.0999985,110.3600006,109.4000015,110.1600037,0
8/29/2005,109.9300003,110.7799988,109.8300018,110.6699982,0
8/30/2005,110.6699982,111.5800018,110.4700012,111.3499985,0
8/31/2005,111.3700027,111.7300034,110.4199982,110.6500015,0
9/1/2005,110.6299973,110.8899994,109.6500015,109.8899994,0
9/2/2005,109.9000015,110.0400009,109.2300034,109.8000031,0
9/5/2005,109.7300034,109.7699966,108.7900009,109.3199997,0
9/6/2005,109.3399963,109.7799988,109.1299973,109.6100006,0
9/7/2005,109.6299973,110.2600021,109.4100037,110.0299988,0
9/8/2005,110.0299988,110.5999985,109.9899979,110.5100021,0
9/9/2005,110.4899979,110.7399979,109.4899979,109.6200027,0
9/12/2005,109.2900009,110.3700027,109.1600037,110.25,0
9/13/2005,110.25,110.9700012,110.1200027,110.7099991,0
9/14/2005,110.6999969,110.8000031,109.8700027,110.4700012,0
9/15/2005,110.4700012,110.6999969,110.1600037,110.5999985,0
9/16/2005,110.6100006,111.4499969,110.4599991,111.3199997,0
9/19/2005,111.4000015,111.6500015,111.1500015,111.4700012,0
9/20/2005,111.4599991,112.0100021,111.1299973,111.9599991,0
9/22/2005,111.8399963,111.8600006,110.9899979,111.6299973,0
9/23/2005,111.6200027,112.6200027,111.1999969,112.4800034,0
9/26/2005,112.4199982,112.5699997,112.0800018,112.3199997,0
9/27/2005,112.3000031,113.4800034,112.2799988,113.25,0
9/28/2005,113.25,113.4400024,112.8799973,112.9100037,0
9/29/2005,112.9499969,113.2600021,112.6399994,113.1999969,0
9/30/2005,113.2099991,113.6800003,112.9100037,113.4599991,0
10/3/2005,113.6399994,114.3399963,113.5,114.25,0
10/4/2005,114.2600021,114.3799973,114.0100021,114.3499985,0
10/5/2005,114.3300018,114.3799973,113.5599976,114.0999985,0
10/6/2005,114.0899963,114.1399994,113.0299988,113.3399963,0
10/7/2005,113.3399963,113.9899979,113.2399979,113.7799988,0
10/10/2005,113.7399979,114.2799988,113.5299988,114.2200012,0
10/11/2005,114.2399979,114.6100006,113.8099976,114.5500031,0
10/12/2005,114.5599976,114.7200012,114.1999969,114.3700027,0
10/13/2005,114.3600006,115.0599976,114.2799988,114.4800034,0
10/14/2005,114.4800034,114.8700027,113.8399963,114.0500031,0
10/17/2005,114.25,115.1299973,113.7699966,115.0999985,0
10/18/2005,115.0899963,115.9199982,115.0699997,115.7900009,0
10/19/2005,115.7699966,115.9700012,115.2399979,115.5199966,0
10/20/2005,115.5199966,115.7399979,115.25,115.3099976,0
10/21/2005,115.3099976,115.9599991,114.9899979,115.9000015,0
10/24/2005,115.8399963,115.9300003,115.0400009,115.4700012,0
10/25/2005,115.4499969,115.7099991,114.5999985,115.1100006,0
10/26/2005,115.1200027,115.9199982,114.8899994,115.9100037,0
10/27/2005,115.9100037,116.1800003,114.8499985,115.3600006,0
10/28/2005,115.3199997,115.6999969,115.0899963,115.5699997,0
10/31/2005,115.7300034,116.6500015,115.5299988,116.4400024,0
11/1/2005,116.4400024,116.8199997,116.4000015,116.7600021,0
11/2/2005,116.7699966,116.9700012,116.5500031,116.8000031,0
11/3/2005,116.8000031,117.3799973,116.7900009,117.2200012,0
11/4/2005,117.2600021,118.3600006,117.2399979,118.3099976,0
11/7/2005,118.2300034,118.2399979,117.4599991,117.6200027,0
11/8/2005,117.6200027,117.9499969,117.0800018,117.4000015,0
11/9/2005,117.3700027,117.7600021,116.8399963,117.7399979,0
11/10/2005,117.7600021,118.25,117.4700012,117.9599991,0
11/11/2005,117.9899979,118.1800003,117.5999985,118.0400009,0
11/14/2005,117.9199982,118.8899994,117.8399963,118.7900009,0
11/15/2005,118.8000031,119.3899994,118.7200012,118.8499985,0
11/16/2005,118.8600006,119.5400009,118.8300018,119.0999985,0
11/17/2005,119.0999985,119.1399994,118.4700012,118.8099976,0
11/18/2005,118.8099976,119.3600006,118.7300034,119.0899963,0
11/21/2005,119.1800003,119.4100037,118.5299988,119.0800018,0
11/22/2005,119.0800018,119.4700012,118.6399994,118.8600006,0
11/23/2005,118.8799973,118.9800034,118.2300034,118.7600021,0
11/24/2005,118.75,119.1399994,118.5599976,119.1100006,0
11/25/2005,119.1399994,119.6800003,119.1200027,119.6399994,0
11/28/2005,119.7200012,119.9199982,118.3899994,118.9000015,0
11/29/2005,118.8899994,119.7699966,118.7799988,119.75,0
11/30/2005,119.7600021,119.8300018,119.2399979,119.7200012,0
12/1/2005,119.6999969,120.6900024,119.6699982,120.4100037,0
12/2/2005,120.4199982,121.1600037,120.1600037,120.4499969,0
12/5/2005,121.0299988,121.3700027,120.6999969,120.8399963,0
12/6/2005,120.8499985,121.2399979,120.5800018,120.6800003,0
12/7/2005,120.6699982,121.1399994,120.6699982,121.0299988,0
12/8/2005,121.0299988,121.0299988,119.9800034,120.3899994,0
12/9/2005,120.4000015,120.7099991,120.3099976,120.6399994,0
12/12/2005,120.8199997,121.0100021,119.5199966,119.9000015,0
12/13/2005,119.9300003,120.4199982,119.6800003,120.0400009,0
12/14/2005,120.0400009,120.0699997,116.7099991,117.5500031,0
12/15/2005,117.5299988,117.6500015,115.8399963,116.3199997,0
12/16/2005,116.3099976,116.4800034,115.5699997,115.6399994,0
12/19/2005,115.5699997,116.5299988,115.5100021,116.0500031,0
12/20/2005,116.0599976,117.3099976,115.9599991,117.2399979,0
12/21/2005,117.25,117.4800034,116.7799988,117.4800034,0
12/22/2005,117.4800034,117.6299973,116.4199982,116.6699982,0
12/23/2005,116.6800003,116.8499985,116.1299973,116.3600006,0
12/26/2005,116.25,116.5999985,116.0500031,116.5999985,0
12/27/2005,116.6200027,117.4599991,116.6200027,117.3199997,0
12/28/2005,117.3399963,117.9300003,116.9899979,117.7200012,0
12/29/2005,117.7200012,117.9700012,117.6900024,117.8099976,0
12/30/2005,117.8199997,118.1600037,117.0999985,117.9800034,0
1/2/2006,117.8700027,118.0100021,117.5400009,117.8000031,0
1/3/2006,117.8000031,117.8600006,115.8399963,115.9800034,0
1/4/2006,116.0100021,116.4300003,115.6100006,116.2200012,0
1/5/2006,116.1999969,116.4400024,115.7600021,116,0
1/6/2006,116,116.2699966,114.2300034,114.3899994,0
1/9/2006,114.4899979,114.7200012,113.7600021,114.5400009,0
1/10/2006,114.5299988,114.7600021,114.1100006,114.4499969,0
1/11/2006,114.4499969,114.8600006,113.9199982,114.2799988,0
1/12/2006,114.2600021,114.6699982,113.4899979,114.6299973,0
1/13/2006,114.6500015,114.75,114.1399994,114.2200012,0
1/16/2006,113.9000015,115.1900024,113.8399963,115.1200027,0
1/17/2006,115.1200027,115.9000015,114.6100006,115.5849991,0
1/18/2006,115.6050034,115.8799973,114.8199997,115.2600021,0
1/19/2006,115.2399979,115.5599976,114.9199982,115.5,0
1/20/2006,115.5,115.6500015,114.9700012,115.2699966,0
1/23/2006,115.1699982,115.2600021,114.1500015,114.4700012,0
1/24/2006,114.4400024,115.1200027,114.3700027,115.0400009,0
1/25/2006,115.0500031,115.8799973,114.6299973,115.7699966,0
1/26/2006,115.7600021,116.5500031,115.4899979,116.2900009,0
1/27/2006,116.3150024,117.4000015,116.1100006,117.4000015,0
1/30/2006,117.0299988,117.8000031,117.0199966,117.6200027,0
1/31/2006,117.6500015,117.7699966,116.6900024,117.3099976,0
2/1/2006,117.3199997,118.1449966,117.0699997,117.9700012,0
2/2/2006,117.9550018,118.6299973,117.8499985,118.5149994,0
2/3/2006,118.4800034,119.3499985,118.3099976,118.8899994,0
2/6/2006,118.8300018,119.1200027,118.4899979,119.0699997,0
2/7/2006,119.0849991,119.1549988,117.5400009,117.7300034,0
2/8/2006,117.7399979,118.7600021,117.6299973,118.4899979,0
2/9/2006,118.4800034,118.9000015,118.3199997,118.7099991,0
2/10/2006,118.7099991,118.8850021,116.9100037,117.8300018,0
2/13/2006,117.6800003,118.2399979,117.4100037,117.5299988,0
2/14/2006,117.5100021,117.6800003,117.1200027,117.5999985,0
2/15/2006,117.5599976,118.0599976,116.8000031,117.9400024,0
2/16/2006,117.9400024,118.2300034,117.3600006,117.4599991,0
2/17/2006,117.4800034,118.8499985,117.4649963,118.1399994,0
2/20/2006,118.0599976,118.3600006,117.9199982,118.3600006,0
2/21/2006,118.3499985,118.9700012,118.3499985,118.7850037,0
2/22/2006,118.8099976,118.8799973,118.2799988,118.4100037,0
2/23/2006,118.4199982,118.4700012,116.8300018,117.0699997,0
2/24/2006,117.0800018,117.0800018,116.4800034,116.8399963,0
2/27/2006,117.0299988,117.0400009,115.8099976,116.2099991,0
2/28/2006,116.2099991,116.4499969,115.4800034,115.7900009,0
3/1/2006,115.7799988,116.3099976,115.6100006,116.0599976,0
3/2/2006,116.0500031,116.3799973,115.6200027,115.8399963,0
3/3/2006,115.8399963,116.6999969,115.8099976,116.4100037,0
3/6/2006,116.0950012,117.6650009,116.0800018,117.5899963,0
3/7/2006,117.5599976,117.9700012,117.3499985,117.7699966,0
3/8/2006,117.7699966,118,117.3199997,117.8199997,0
3/9/2006,117.8000031,118.3300018,117.0999985,118.1999969,0
3/10/2006,118.1999969,119.1200027,118.0199966,119,0
3/13/2006,118.9800034,119.1800003,118.5699997,118.6600037,0
3/14/2006,118.6699982,118.7399979,117.2399979,117.6800003,0
3/15/2006,117.6699982,117.7699966,117.1600037,117.5199966,0
3/16/2006,117.5299988,117.8850021,116.7699966,116.8799973,0
3/17/2006,116.8799973,116.8799973,115.7399979,115.9100037,0
3/20/2006,116.0899963,116.4700012,115.5199966,116.3700027,0
3/21/2006,116.3600006,117.3199997,116.25,117.2200012,0
3/22/2006,117.25,117.3799973,116.5800018,116.8700027,0
3/23/2006,116.8799973,117.9400024,116.75,117.8300018,0
3/24/2006,117.8300018,118.4700012,117.3899994,117.4499969,0
3/27/2006,117.5800018,117.6100006,116.3899994,116.7300034,0
3/28/2006,116.7399979,118.0299988,116.2799988,117.7600021,0
3/29/2006,117.7900009,118.1900024,117.5,117.7699966,0
3/30/2006,117.7600021,117.9199982,117.1600037,117.3099976,0
3/31/2006,117.3099976,118.1200027,117.2399979,117.7600021,0
4/3/2006,117.6800003,118.7600021,117.6200027,117.8000031,0
4/4/2006,117.7900009,117.9300003,117.2300034,117.4400024,0
4/5/2006,117.4199982,117.7399979,116.6900024,117.4400024,0
4/6/2006,117.4599991,117.9400024,117.2799988,117.7799988,0
4/7/2006,117.8000031,118.3899994,117.4700012,118.2399979,0
4/10/2006,118.1200027,118.6849976,117.9049988,118.4100037,0
4/11/2006,118.4199982,118.8700027,118.1600037,118.2099991,0
4/12/2006,118.2200012,118.5800018,117.8099976,118.4100037,0
4/13/2006,118.4199982,118.8099976,118.3099976,118.5400009,0
4/14/2006,118.5500031,118.7200012,118.5299988,118.6800003,0
4/17/2006,118.4899979,118.5,117.5400009,117.8099976,0
4/18/2006,117.8199997,118.1699982,116.8399963,116.8799973,0
4/19/2006,116.8700027,117.9100037,116.7399979,117.3600006,0
4/20/2006,117.3399963,117.7750015,117.3000031,117.4100037,0
4/21/2006,117.4300003,117.7300034,116.5100021,116.5800018,0
4/24/2006,115.7200012,115.9199982,114.2300034,114.5999985,0
4/25/2006,114.5999985,114.9800034,114.3099976,114.9100037,0
4/26/2006,114.9000015,115.3099976,114.6200027,114.7600021,0
4/27/2006,114.7600021,115.0199966,113.8099976,114.1800003,0
4/28/2006,114.1900024,114.4300003,113.6399994,113.8199997,0
5/1/2006,113.6999969,113.8050003,112.4100037,113.5500031,0
5/2/2006,113.5650024,113.9700012,113.0999985,113.3600006,0
5/3/2006,113.3600006,113.8000031,112.8799973,113.7900009,0
5/4/2006,113.7900009,114.1549988,113.25,113.5849991,0
5/5/2006,113.5599976,113.9850006,112.2699966,112.5599976,0
5/8/2006,112.0699997,112.1800003,110.9899979,111.6800003,0
5/9/2006,111.6849976,111.9000015,110.9199982,111.0100021,0
5/10/2006,111.0100021,111.2200012,110.0899963,110.8300018,0
5/11/2006,110.8399963,111.4700012,110.1100006,110.4199982,0
5/12/2006,110.4199982,110.5500031,109.3300018,109.9700012,0
5/15/2006,109.4899979,110.7200012,109.3399963,110.6999969,0
5/16/2006,110.6800003,110.8399963,109.6100006,109.7600021,0
5/17/2006,109.7699966,111.2399979,109,110.9100037,0
5/18/2006,110.9199982,111.2200012,110.3600006,110.9000015,0
5/19/2006,110.9100037,112.1600037,110.4400024,111.6600037,0
5/22/2006,111.5999985,112.9199982,111.2900009,111.4599991,0
5/23/2006,111.4599991,112.3799973,110.9800034,112.1399994,0
5/24/2006,112.1299973,112.9400024,111.6399994,112.7399979,0
5/25/2006,112.7399979,112.8399963,111.6299973,111.7600021,0
5/26/2006,111.75,112.75,111.4800034,112.6500015,0
5/29/2006,112.4100037,112.6699982,112.1299973,112.5599976,0
5/30/2006,112.5500031,112.7600021,111.6299973,112.1500015,0
5/31/2006,112.1449966,112.6600037,111.5500031,112.5299988,0
6/1/2006,112.5500031,113.3300018,112.3700027,112.4800034,0
6/2/2006,112.4700012,112.9100037,111.3399963,111.7300034,0
6/5/2006,111.6299973,112.3399963,111.5,112.3399963,0
6/6/2006,112.3499985,113.5100021,112.0699997,113.2149963,0
6/7/2006,113.2099991,113.6750031,112.9100037,113.4300003,0
6/8/2006,113.4100037,114.6399994,113.3600006,113.9349976,0
6/9/2006,113.9400024,114.2799988,113.5999985,113.9599991,0
6/12/2006,114.1999969,114.4899979,113.9499969,114.3799973,0
6/13/2006,114.3899994,115.4100037,114.2600021,115.2399979,0
6/14/2006,115.2399979,115.3600006,114.4800034,114.8600006,0
6/15/2006,114.8649979,115.1299973,114.6500015,114.7149963,0
6/16/2006,114.7099991,115.1800003,114.5500031,115.1399994,0
6/19/2006,115.3499985,115.7399979,115.1500015,115.3799973,0
6/20/2006,115.3899994,115.5999985,114.5999985,114.9000015,0
6/21/2006,114.9100037,115.1900024,114.4199982,114.8349991,0
6/22/2006,114.8499985,116.2699966,114.6699982,116.0800018,0
6/23/2006,116.0500031,116.5800018,115.75,116.5400009,0
6/26/2006,116.4300003,116.5400009,116.0899963,116.2200012,0
6/27/2006,116.2200012,116.6849976,115.8700027,116.3199997,0
6/28/2006,116.3099976,116.4800034,116.0599976,116.4000015,0
6/29/2006,116.4100037,116.6100006,114.8199997,115.1500015,0
6/30/2006,115.1500015,115.1900024,114.1800003,114.4899979,0
7/3/2006,114.3000031,114.9300003,114.0999985,114.75,0
7/4/2006,114.7399979,115.1600037,114.3899994,115.0950012,0
7/5/2006,115.0800018,115.7699966,114.5999985,115.5699997,0
7/6/2006,115.5699997,115.6650009,114.9000015,115.2600021,0
7/7/2006,115.25,115.2799988,113.8199997,113.9599991,0
7/10/2006,114,114.3099976,113.4499969,114.3000031,0
7/11/2006,114.3199997,114.5899963,113.9199982,114.3000031,0
7/12/2006,114.2699966,115.7099991,114.1699982,115.3099976,0
7/13/2006,115.3000031,115.4899979,115,115.3399963,0
7/14/2006,115.3399963,116.3799973,115.3300018,116.0800018,0
7/17/2006,116.25,117.2649994,116.1399994,117.0800018,0
7/18/2006,117.0800018,117.5599976,116.7099991,117.3300018,0
7/19/2006,117.3199997,117.8499985,116.6399994,116.8300018,0
7/20/2006,116.8199997,117.1100006,116.5650024,116.9599991,0
7/21/2006,116.9599991,117,115.8000031,116.1200027,0
7/24/2006,116.1999969,116.9000015,116.1900024,116.75,0
7/25/2006,116.7399979,117.3799973,116.5400009,117.1500015,0
7/26/2006,117.1399994,117.1699982,116.1900024,116.3499985,0
7/27/2006,116.3600006,116.3799973,115.2900009,115.75,0
7/28/2006,115.7600021,115.9700012,114.5899963,114.7399979,0
7/31/2006,114.8000031,114.8300018,114.1500015,114.5100021,0
8/1/2006,114.5100021,115.3499985,114.4800034,114.5599976,0
8/2/2006,114.5699997,114.8399963,114.2099991,114.5599976,0
8/3/2006,114.5699997,115.2900009,114.5400009,115.0400009,0
8/4/2006,115.0500031,115.5199966,114.0049973,114.4800034,0
8/7/2006,114.2900009,115.2099991,114.1600037,115.1100006,0
8/8/2006,115.1100006,115.7099991,114.5999985,115.6900024,0
8/9/2006,115.6999969,115.7200012,114.8199997,115.3600006,0
8/10/2006,115.3649979,115.5999985,114.6800003,115.1600037,0
8/11/2006,115.1600037,116.4100037,115.1600037,116.2799988,0
8/14/2006,116.1999969,116.7300034,116.1600037,116.5999985,0
8/15/2006,116.5800018,116.6949997,115.8399963,115.9400024,0
8/16/2006,115.9700012,116.3499985,115.6399994,115.875,0
8/17/2006,115.8799973,116.1399994,115.1800003,115.9000015,0
8/18/2006,115.9199982,116.0699997,115.4499969,115.7699966,0
8/21/2006,115.6999969,116.0599976,115.4100037,115.9700012,0
8/22/2006,115.9700012,116.8300018,115.9000015,116.4700012,0
8/23/2006,116.4800034,116.6200027,116.0899963,116.3899994,0
8/24/2006,116.3499985,116.5800018,116.2200012,116.4599991,0
8/25/2006,116.4449997,117.3899994,116.4300003,117.2600021,0
8/28/2006,117.2699966,117.3199997,116.8600006,117.1699982,0
8/29/2006,117.1699982,117.1999969,116.5199966,116.7050018,0
8/30/2006,116.6999969,117.2699966,116.6500015,117.0199966,0
8/31/2006,117.0100021,117.4700012,116.9499969,117.3600006,0
9/1/2006,117.3600006,117.4700012,116.9300003,117.0599976,0
9/4/2006,116.9199982,116.9700012,115.8600006,116.1699982,0
9/5/2006,116.1600037,116.1900024,115.5800018,116.1699982,0
9/6/2006,116.1800003,116.8700027,115.9700012,116.5599976,0
9/7/2006,116.5400009,117.0100021,115.9800034,116.4400024,0
9/8/2006,116.4400024,116.9899979,116.0999985,116.9499969,0
9/11/2006,116.9599991,117.7600021,116.5999985,117.5500031,0
9/12/2006,117.5500031,118.0999985,117.4300003,117.8199997,0
9/13/2006,117.8399963,118,117.3700027,117.4499969,0
9/14/2006,117.4899979,117.7600021,117.3199997,117.5699997,0
9/15/2006,117.5699997,118.0899963,117.3700027,117.4700012,0
9/18/2006,117.7300034,118.2699966,117.6800003,117.8899994,0
9/19/2006,117.8799973,118.0699997,116.9899979,117.5999985,0
9/20/2006,117.5999985,117.6399994,116.9700012,117.4599991,0
9/21/2006,117.4400024,117.4599991,116.2300034,116.3600006,0
9/22/2006,116.3600006,116.6999969,116.0800018,116.6999969,0
9/25/2006,116.5199966,116.7249985,116.1100006,116.4749985,0
9/26/2006,116.4649963,117.2200012,116.2699966,117.1399994,0
9/27/2006,117.1399994,117.6299973,116.8899994,117.4400024,0
9/28/2006,117.4400024,117.9199982,117.3199997,117.7300034,0
9/29/2006,117.7399979,118.1800003,117.5500031,117.9599991,0
10/2/2006,118.0800018,118.3700027,117.5199966,117.6600037,0
10/3/2006,117.6699982,118.1500015,117.3799973,118.0500031,0
10/4/2006,118.0500031,118.25,117.7600021,117.8199997,0
10/5/2006,117.8099976,117.8600006,117.4199982,117.8499985,0
10/6/2006,117.8550034,119.0699997,117.7600021,119.0100021,0
10/9/2006,118.9599991,119.2799988,118.8099976,118.9899979,0
10/10/2006,118.9899979,119.7549973,118.8899994,119.6699982,0
10/11/2006,119.6699982,119.8000031,119.3300018,119.7399979,0
10/12/2006,119.7300034,119.7699966,119.2600021,119.3799973,0
10/13/2006,119.3700027,119.8600006,119.0899963,119.5999985,0
10/16/2006,119.7399979,119.7799988,118.9599991,118.9599991,0
10/17/2006,118.9599991,119.1200027,118.3600006,118.5899963,0
10/18/2006,118.6100006,119.1600037,118.3099976,118.9199982,0
10/19/2006,118.9400024,119,118.0400009,118.2799988,0
10/20/2006,118.2799988,118.7799988,118.1600037,118.7200012,0
10/23/2006,118.6200027,119.3799973,118.5699997,119.3000031,0
10/24/2006,119.3199997,119.6299973,119.1149979,119.3399963,0
10/25/2006,119.4000015,119.4000015,118.9100037,118.9400024,0
10/26/2006,118.9700012,118.9899979,118.2699966,118.3799973,0
10/27/2006,118.3700027,118.6999969,117.2549973,117.5800018,0
10/30/2006,117.5199966,117.6299973,117.2050018,117.6100006,0
10/31/2006,117.6100006,118.0299988,116.6299973,116.7900009,0
11/1/2006,116.8000031,117.2600021,116.6100006,117.2200012,0
11/2/2006,117.2099991,117.3499985,116.6900024,117.0999985,0
11/3/2006,117.1200027,118.1800003,116.9899979,117.9800034,0
11/6/2006,117.8949966,118.4499969,117.8499985,118.1699982,0
11/7/2006,118.1800003,118.2399979,117.2699966,117.5899963,0
11/8/2006,117.5800018,117.9800034,117.3799973,117.8300018,0
11/9/2006,117.8099976,118.5899963,117.7099991,117.7900009,0
11/10/2006,117.7949982,117.8600006,117.25,117.5199966,0
11/13/2006,117.5400009,118.2600021,117.1399994,117.6299973,0
11/14/2006,117.6299973,117.9199982,117.2600021,117.6299973,0
11/15/2006,117.6399994,118.1699982,117.5500031,117.8799973,0
11/16/2006,117.9000015,118.2600021,117.7399979,118.2200012,0
11/17/2006,118.2399979,118.4400024,117.5199966,117.5400009,0
11/20/2006,117.875,118.1800003,117.7600021,118.0400009,0
11/21/2006,118.0699997,118.2200012,117.7300034,117.8600006,0
11/22/2006,117.8399963,117.8700027,116.3399963,116.7600021,0
11/23/2006,117.8399963,117.8700027,116.0400009,116.2799988,0
11/24/2006,116.2699966,116.4700012,115.5899963,115.8899994,0
11/27/2006,115.4899979,116.3399963,115.4800034,116.1100006,0
11/28/2006,116.0699997,116.3799973,115.9000015,116.0500031,0
11/29/2006,116.0299988,116.4300003,115.5899963,116.4300003,0
11/30/2006,116.4000015,116.5,115.5100021,115.6800003,0
12/1/2006,115.6500015,116.3649979,114.9800034,115.2300034,0
12/4/2006,115.2300034,115.7600021,115.1900024,115.3700027,0
12/5/2006,115.3600006,115.4199982,114.4599991,114.9499969,0
12/6/2006,114.9449997,115.3499985,114.5100021,115.3199997,0
12/7/2006,115.3199997,115.3399963,114.7699966,115.1399994,0
12/8/2006,115.1750031,116.4700012,114.9199982,116.2900009,0
12/11/2006,116.2799988,117.2200012,116.2600021,116.7600021,0
12/12/2006,116.7799988,117.1800003,116.6600037,116.6999969,0
12/13/2006,116.6999969,117.6399994,116.6999969,117.4000015,0
12/14/2006,117.4100037,117.8600006,117.2699966,117.7600021,0
12/15/2006,117.8150024,118.2949982,117.4899979,118.1500015,0
12/18/2006,118.0350037,118.2600021,117.6900024,118.0500031,0
12/19/2006,118.0599976,118.2699966,117.8199997,118.0100021,0
12/20/2006,118.0100021,118.4899979,117.9400024,118.3399963,0
12/21/2006,118.3249969,118.4800034,117.9499969,118.2900009,0
12/22/2006,118.2799988,118.9899979,118.2099991,118.9899979,0
12/25/2006,118.75,118.9499969,118.6800003,118.8399963,0
12/26/2006,118.8399963,119.1999969,118.8099976,119.1200027,0
12/27/2006,119.1100006,119.1299973,118.2900009,118.7699966,0
12/28/2006,118.7799988,119.0100021,118.5100021,118.8949966,0
12/29/2006,118.9000015,119.1399994,118.7399979,118.9800034,0
1/1/2007,119.0400009,119.0800018,118.8499985,118.8799973,0
1/2/2007,118.9100037,118.9199982,118.4899979,118.8300018,0
1/3/2007,118.8399963,119.6600037,118.6600037,119.3399963,0
1/4/2007,119.3399963,119.4899979,118.7399979,118.8300018,0
1/5/2007,118.8099976,119,117.9950027,118.6900024,0
1/8/2007,118.5800018,118.8199997,118.1299973,118.6900024,0
1/9/2007,118.6999969,119.5199966,118.6949997,119.3000031,0
1/10/2007,119.3000031,119.7699966,119.1399994,119.5100021,0
1/11/2007,119.5299988,120.6200027,119.4899979,120.3000031,0
1/12/2007,120.3249969,120.6900024,120.1900024,120.3000031,0
1/15/2007,120.2600021,120.5899963,120.0599976,120.4199982,0
1/16/2007,120.4400024,120.8300018,120.2200012,120.7900009,0
1/17/2007,120.7900009,120.8600006,120.3499985,120.6200027,0
1/18/2007,120.6149979,121.5599976,120.4700012,121.2600021,0
1/19/2007,121.2699966,121.4649963,121.0699997,121.2099991,0
1/22/2007,121.3199997,121.7799988,121.2699966,121.6200027,0
1/23/2007,121.6200027,121.7350006,121.0999985,121.6800003,0
1/24/2007,121.6600037,121.7699966,120.6600037,120.8799973,0
1/25/2007,120.8799973,121.6200027,120.2750015,121.6200027,0
1/26/2007,121.5899963,121.6299973,121.25,121.4100037,0
1/29/2007,121.4899979,122.0899963,121.4899979,121.7300034,0
1/30/2007,121.6999969,121.9800034,121.4599991,121.6800003,0
1/31/2007,121.6699982,121.7149963,120.6299973,120.7399979,0
2/1/2007,120.7600021,120.8799973,120.1500015,120.8000031,0
2/2/2007,120.8099976,121.3099976,120.6500015,121.1299973,0
2/5/2007,120.9950027,121.0400009,120.0999985,120.1900024,0
2/6/2007,120.1800003,120.5199966,119.9899979,120.0500031,0
2/7/2007,120,120.8000031,120,120.5849991,0
2/8/2007,120.5899963,121.4199982,120.5699997,121.1299973,0
2/9/2007,121.1500015,122.5500031,121.0500031,121.7099991,0
2/12/2007,121.8399963,122.0400009,121.5800018,121.7699966,0
2/13/2007,121.7750015,121.7750015,121.0599976,121.2699966,0
2/14/2007,121.2699966,121.3499985,120.25,120.3099976,0
2/15/2007,120.3199997,120.3600006,119.1500015,119.3899994,0
2/16/2007,119.3700027,119.5400009,118.9899979,119.4100037,0
2/19/2007,119.3499985,119.7099991,119.3199997,119.6900024,0
2/20/2007,119.6900024,120.3349991,119.5800018,120.0149994,0
2/21/2007,120.0199966,121.1600037,119.75,120.9400024,0
2/22/2007,120.9499969,121.6200027,120.9199982,121.4899979,0
2/23/2007,121.4700012,121.6200027,120.9199982,121.0899963,0
2/26/2007,120.9599991,120.9899979,120.3499985,120.6399994,0
2/27/2007,120.6200027,120.6350021,117.6200027,118.0899963,0
2/28/2007,118.0999985,118.7900009,117.9800034,118.7300034,0
3/1/2007,118.75,118.8499985,117.0400009,117.7200012,0
3/2/2007,117.6999969,117.8050003,116.4199982,117.1900024,0
3/5/2007,116.0599976,116.2300034,115.1500015,115.5899963,0
3/6/2007,115.5950012,116.8799973,115.5950012,116.7799988,0
3/7/2007,116.7750015,116.8099976,115.5500031,115.6900024,0
3/8/2007,115.6800003,117.4499969,115.6200027,117.1500015,0
3/9/2007,117.1600037,118.3300018,117.1600037,118.3199997,0
3/12/2007,118.1949997,118.4800034,117.2099991,117.5699997,0
3/13/2007,117.5699997,117.7399979,115.8899994,116.0199966,0
3/14/2007,116.0149994,117.4100037,115.7600021,117.2600021,0
3/15/2007,117.2549973,117.7600021,117.0299988,117.1500015,0
3/16/2007,117.1200027,117.2200012,115.4800034,116.7399979,0
3/19/2007,116.3899994,117.7399979,116.3899994,117.6100006,0
3/20/2007,117.6100006,117.9649963,116.9800034,117.25,0
3/21/2007,117.2350006,117.9400024,117.1800003,117.4100037,0
3/22/2007,117.3899994,118.2900009,117.2600021,118.0899963,0
3/23/2007,118.0899963,118.2300034,117.4000015,118.0500031,0
3/26/2007,118.0559998,118.4110031,117.6500015,118.1200027,0
3/27/2007,118.1100006,118.3700027,117.6800003,117.75,0
3/28/2007,117.7399979,117.9800034,116.3799973,116.8700027,0
3/29/2007,116.8300018,118.0899963,116.7300034,117.9800034,0
3/30/2007,117.9800034,118.3799973,117.2699966,117.8099976,0
4/2/2007,117.7300034,118.0199966,117.5100021,117.7600021,0
4/3/2007,117.7600021,118.9700012,117.7200012,118.8700027,0
4/4/2007,118.8610001,119.0699997,118.5599976,118.7699966,0
4/5/2007,118.7699966,118.9599991,118.4800034,118.6920013,0
4/6/2007,118.6800003,119.3799973,118.6600037,119.0699997,0
4/9/2007,119.3290024,119.3799973,119.1800003,119.2200012,0
4/10/2007,119.2200012,119.3000031,118.7850037,119.1200027,0
4/11/2007,119.137001,119.4899979,118.8799973,119.2900009,0
4/12/2007,119.3000031,119.4700012,118.8180008,119,0
4/13/2007,119.0100021,119.4430008,118.2099991,119.2300034,0
4/16/2007,119.5,119.8600006,119.0100021,119.7600021,0
4/17/2007,119.7900009,119.8099976,118.8099976,118.9499969,0
4/18/2007,118.9800034,119,118.1299973,118.4499969,0
4/19/2007,118.4499969,118.5400009,117.6600037,118.25,0
4/20/2007,118.2600021,118.9440002,118.25,118.6600037,0
4/23/2007,118.7600021,118.9800034,118.2399979,118.5699997,0
4/24/2007,118.5699997,118.9110031,118.2399979,118.4800034,0
4/25/2007,118.4800034,118.8270035,118.2900009,118.6800003,0
4/26/2007,118.6600037,119.6299973,118.5199966,119.5299988,0
4/27/2007,119.5400009,119.7399979,118.9690018,119.4800034,0
4/30/2007,119.3499985,119.7300034,119.2900009,119.3600006,0
5/1/2007,119.3600006,119.875,119.1029968,119.8000031,0
5/2/2007,119.7799988,120.2399979,119.6600037,120.1600037,0
5/3/2007,120.1699982,120.4400024,119.9700012,120.3600006,0
5/4/2007,120.3700027,120.4300003,119.9300003,120.2699966,0
5/7/2007,120.0250015,120.125,119.7799988,120.0500031,0
5/8/2007,120.0500031,120.1299973,119.5299988,119.9899979,0
5/9/2007,119.9800034,120.1210022,119.6399994,120.1100006,0
5/10/2007,120.1299973,120.5100021,119.7099991,119.8399963,0
5/11/2007,119.8499985,120.2600021,119.5299988,120.1900024,0
5/14/2007,120.1600037,120.4400024,120.0400009,120.3199997,0
5/15/2007,120.3399963,120.5599976,120.1200027,120.2200012,0
5/16/2007,120.2350006,120.8300018,120.1600037,120.7200012,0
5/17/2007,120.7399979,121.3399963,120.6699982,121.2910004,0
5/18/2007,121.2900009,121.3700027,120.7399979,121.0599976,0
5/21/2007,121.1100006,121.6139984,121.0899963,121.4700012,0
5/22/2007,121.4800034,121.6399994,121.2200012,121.6399994,0
5/23/2007,121.6299973,121.8499985,121.3450012,121.5199966,0
5/24/2007,121.5299988,121.6650009,121.2600021,121.3580017,0
5/25/2007,121.3550034,121.8499985,120.8799973,121.7600021,0
5/28/2007,121.7600021,121.8050003,121.6100006,121.6999969,0
5/29/2007,121.7099991,121.8000031,121.1800003,121.5899963,0
5/30/2007,121.5999985,121.7600021,121.3300018,121.5899963,0
5/31/2007,121.5999985,121.9599991,121.4499969,121.75,0
6/1/2007,121.7549973,122.1500015,121.6699982,122.1299973,0
6/4/2007,122.0500031,122.0899963,121.5500031,121.7200012,0
6/5/2007,121.7300034,121.9100037,121.1200027,121.3399963,0
6/6/2007,121.3470001,121.4800034,120.8899994,121.0100021,0
6/7/2007,121.0100021,121.5199966,120.7799988,120.8799973,0
6/8/2007,120.8700027,121.8199997,120.7799988,121.7099991,0
6/11/2007,121.6699982,121.8300018,121.5100021,121.7600021,0
6/12/2007,121.7399979,121.8399963,121.5899963,121.6200027,0
6/13/2007,121.6200027,122.75,121.4899979,122.5699997,0
6/14/2007,122.5800018,123.0999985,122.5299988,122.9550018,0
6/15/2007,122.9520035,123.6549988,122.9100037,123.4000015,0
6/18/2007,123.5100021,123.7300034,123.3099976,123.6800003,0
6/19/2007,123.6800003,123.7180023,123.3199997,123.4199982,0
6/20/2007,123.4100037,123.6699982,123.0999985,123.4700012,0
6/21/2007,123.4599991,123.7399979,123.4400024,123.7399979,0
6/22/2007,123.7399979,124.1200027,123.6900024,123.6900024,0
6/25/2007,123.8799973,123.9300003,123.3099976,123.5800018,0
6/26/2007,123.5699997,123.5999985,122.7900009,123.0400009,0
6/27/2007,123.0500031,123.1999969,122.2300034,123.1500015,0
6/28/2007,123.1800003,123.3219986,122.8099976,123.1600037,0
6/29/2007,123.1600037,123.5139999,122.9499969,123.1600037,0
7/2/2007,123.0999985,123.2699966,122.0999985,122.2300034,0
7/3/2007,122.2300034,122.6600037,122.1399994,122.4700012,0
7/4/2007,122.4700012,122.7300034,122.2330017,122.6600037,0
7/5/2007,122.6500015,123,122.3399963,122.9499969,0
7/6/2007,122.9499969,123.5199966,122.8499985,123.3600006,0
7/9/2007,123.4400024,123.6600037,123.2249985,123.3700027,0
7/10/2007,123.3799973,123.4400024,120.9899979,121.2900009,0
7/11/2007,121.3099976,122.5,121.0859985,122.2699966,0
7/12/2007,122.2799988,122.5400009,121.8300018,122.4000015,0
7/13/2007,122.3899994,122.5800018,121.9000015,121.9000015,0
7/16/2007,122.0970001,122.1800003,121.5500031,121.8000031,0
7/17/2007,121.8000031,122.4000015,121.7099991,122,0
7/18/2007,122.0100021,122.2600021,121.5999985,121.9000015,0
7/19/2007,121.9100037,122.1500015,121.7799988,122.1090012,0
7/20/2007,122.1200027,122.4100037,121.0039978,121.2699966,0
7/23/2007,121.3399963,121.4199982,120.8099976,121.0500031,0
7/24/2007,121.0699997,121.0699997,119.9899979,120.1100006,0
7/25/2007,120.2200012,120.6299973,119.8399963,120.4599991,0
7/26/2007,120.4400024,120.6900024,118.0800018,118.4599991,0
7/27/2007,118.4800034,119.25,118.4100037,118.9599991,0
7/30/2007,118.3300018,119.2399979,118.0899963,119.1500015,0
7/31/2007,119.1500015,119.4800034,118.3399963,118.4199982,0
8/1/2007,118.4400024,119.1100006,117.6399994,118.9800034,0
8/2/2007,119.0100021,119.3300018,118.3399963,119.1399994,0
8/3/2007,119.1399994,119.3000031,117.8399963,118.0400009,0
8/6/2007,117.5699997,119.0800018,117.4000015,118.8199997,0
8/7/2007,118.8050003,118.9300003,118.0199966,118.8000031,0
8/8/2007,118.7900009,119.8099976,118.7300034,119.6900024,0
8/9/2007,119.6800003,119.7600021,118.1100006,118.2900009,0
8/10/2007,118.276001,118.5899963,117.0400009,118.5100021,0
8/13/2007,118.3600006,118.4899979,117.7699966,118.2099991,0
8/14/2007,118.1900024,118.4899979,117.3799973,117.4199982,0
8/15/2007,117.4300003,117.6100006,116.2300034,116.3199997,0
8/16/2007,116.3300018,116.6500015,112,114.0599976,0
8/17/2007,114.0400009,114.8600006,111.8000031,114.25,0
8/20/2007,113.8199997,115.4400024,113.6600037,114.8399963,0
8/21/2007,114.8499985,115.1900024,113.9800034,114.1500015,0
8/22/2007,114.1299973,115.6299973,114.1200027,115.6200027,0
8/23/2007,115.6200027,117.0699997,115.5999985,116.0199966,0
8/24/2007,116.0149994,116.4499969,115.5299988,116.3799973,0
8/27/2007,116.6900024,116.7300034,115.3899994,115.5500031,0
8/28/2007,115.5699997,115.7350006,114.1200027,114.3399963,0
8/29/2007,114.3199997,116.2099991,113.9000015,115.8399963,0
8/30/2007,115.8300018,116.0100021,115.2300034,115.9400024,0
8/31/2007,115.9400024,116.5599976,115.5299988,115.7699966,0
9/3/2007,115.8799973,116.0899963,115.6500015,115.7799988,0
9/4/2007,115.8000031,116.3799973,115.3300018,116.2399979,0
9/5/2007,116.2300034,116.4499969,115.0199966,115.1200027,0
9/6/2007,115.1299973,115.5199966,114.8099976,115.3899994,0
9/7/2007,115.4100037,115.5599976,113.1500015,113.3899994,0
9/11/2007,113.5299988,114.3600006,113.4000015,114.2600021,0
9/12/2007,114.2200012,114.3700027,113.7799988,114.1200027,0
9/13/2007,114.1200027,115.4599991,114.1200027,114.5899963,0
9/14/2007,114.6100006,115.3700027,114.4000015,115.2600021,0
9/17/2007,115.1800003,115.3600006,114.6500015,115.0299988,0
9/18/2007,115.0199966,116.3000031,114.7799988,115.9100037,0
9/19/2007,115.9000015,116.2799988,115.6999969,116.0100021,0
9/20/2007,116,116.0100021,114.0800018,114.6399994,0
9/21/2007,114.6600037,115.8270035,114.6399994,115.4800034,0
9/24/2007,115.3190002,115.3300018,114.6699982,114.8600006,0
9/25/2007,114.8799973,114.9499969,114.0400009,114.6600037,0
9/26/2007,114.6959991,115.7060013,114.5400009,115.4400024,0
9/27/2007,115.4300003,115.8399963,115.1200027,115.5500031,0
9/28/2007,115.5400009,115.5950012,114.6900024,114.7399979,0
10/1/2007,114.8199997,115.9810028,114.7600021,115.8000031,0
10/2/2007,115.8000031,115.9700012,115.2900009,115.7099991,0
10/3/2007,115.6999969,116.7699966,115.5599976,116.5599976,0
10/4/2007,116.5599976,116.75,116.2699966,116.4100037,0
10/5/2007,116.4100037,117.1149979,116.3600006,116.8799973,0
10/8/2007,116.9499969,117.5699997,116.9400024,117.3199997,0
10/9/2007,117.3099976,117.4400024,116.7699966,117.1900024,0
10/10/2007,117.1699982,117.5199966,116.9860001,117.1480026,0
10/11/2007,117.1500015,117.7600021,117,117.3700027,0
10/12/2007,117.3399963,117.6699982,117.1399994,117.5899963,0
10/15/2007,117.5699997,117.9199982,117.1100006,117.3199997,0
10/16/2007,117.3199997,117.4499969,116.4800034,116.9400024,0
10/17/2007,116.9550018,117.1500015,116.1999969,116.4899979,0
10/18/2007,116.4899979,116.6210022,115.3300018,115.4599991,0
10/19/2007,115.4599991,115.6790009,114.4599991,114.5599976,0
10/22/2007,113.7099991,114.6299973,113.2649994,114.4420013,0
10/23/2007,114.4300003,114.9899979,114.2300034,114.8600006,0
10/24/2007,114.8600006,114.9300003,113.8099976,114.1800003,0
10/25/2007,114.1600037,114.5500031,113.7799988,113.9629974,0
10/26/2007,114.0100021,114.5169983,113.9400024,114.2099991,0
10/29/2007,114.1999969,114.8700027,114.0500031,114.6999969,0
10/30/2007,114.6989975,114.9100037,114.3799973,114.7799988,0
10/31/2007,114.75,115.4700012,114.5500031,115.3899994,0
11/1/2007,115.4000015,115.9100037,114.3600006,114.4599991,0
11/2/2007,114.4800034,115.3300018,114.4300003,114.7200012,0
11/5/2007,114.5699997,114.7900009,114.0400009,114.3000031,0
11/6/2007,114.3099976,114.7600021,114.2799988,114.7099991,0
11/7/2007,114.6999969,114.7600021,112.2300034,112.6100006,0
11/8/2007,112.6600037,113.3399963,112.2200012,112.7099991,0
11/9/2007,112.7099991,112.8600006,110.5199966,110.6600037,0
11/12/2007,110.6200027,110.7639999,109.1600037,109.6200027,0
11/13/2007,109.6500015,111.2099991,109.5899963,111.1399994,0
11/14/2007,111.0999985,111.723999,110.8499985,111.2699966,0
11/15/2007,111.2699966,111.6200027,110.1999969,110.4800034,0
11/16/2007,110.4599991,111.2699966,109.8499985,110.9800034,0
11/19/2007,110.8399963,111.0500031,109.5999985,109.7699966,0
11/20/2007,109.7300034,110.5199966,109.5500031,109.7200012,0
11/21/2007,109.7200012,109.7890015,108.2699966,108.3499985,0
11/22/2007,108.3199997,109.1200027,108.3199997,108.4899979,0
11/23/2007,108.4800034,108.5899963,107.5299988,108.1200027,0
11/27/2007,107.4199982,109.1200027,107.3099976,108.8000031,0
11/28/2007,108.8150024,110.4199982,108.2900009,109.9599991,0
11/29/2007,109.9599991,110.2789993,109.4899979,109.7600021,0
11/30/2007,109.7600021,111.7600021,109.7399979,111.7600021,0
12/3/2007,110.9199982,111.0100021,110.1399994,110.4400024,0
12/4/2007,110.4800034,110.4899979,109.5599976,109.8600006,0
12/5/2007,109.8539963,110.9599991,109.7600021,110.9100037,0
12/6/2007,110.8600006,111.4380035,110.6600037,111.3600006,0
12/7/2007,111.3600006,111.7900009,111.1600037,111.6600037,0
12/10/2007,111.5899963,111.8899994,111.4700012,111.7900009,0
12/11/2007,111.7900009,112.1200027,110.5199966,110.8799973,0
12/12/2007,110.8600006,112.4100037,110.7900009,111.9899979,0
12/13/2007,112.0039978,112.4400024,111.4400024,112.3099976,0
12/14/2007,112.3000031,113.5699997,112.2799988,113.2600021,0
12/17/2007,113.3499985,113.4700012,112.75,112.8499985,0
12/19/2007,113.3000031,113.4499969,112.7399979,113.2900009,0
12/20/2007,113.2799988,113.3499985,112.8099976,113.1600037,0
12/21/2007,113.1699982,114.1900024,112.9599991,114.0500031,0
12/24/2007,114.1100006,114.4700012,114,114.1600037,0
12/25/2007,114.1900024,114.3600006,113.9499969,114.1999969,0
12/26/2007,114.1900024,114.3399963,113.9499969,114.2200012,0
12/27/2007,114.2200012,114.6200027,113.5699997,113.8399963,0
12/28/2007,113.8399963,113.9899979,112.2600021,112.3700027,0
12/31/2007,112.2799988,112.2900009,111.3199997,111.6500015,0
1/1/2008,111.1999969,111.9680023,111.1999969,111.8199997,0
1/2/2008,111.8199997,111.8799973,109.2300034,109.2630005,0
1/3/2008,109.2639999,109.7259979,108.25,109.5100021,0
1/4/2008,109.5,109.5299988,107.9899979,108.6299973,0
1/7/2008,108.5800018,109.6999969,108.5800018,109.2300034,0
1/8/2008,107.8180008,107.9000015,107.2699966,107.6600037,0
1/9/2008,108.9899979,110.0899963,108.8399963,109.8799973,0
1/10/2008,109.8769989,110.0540009,109.1299973,109.6200027,0
1/11/2008,109.6399994,109.685997,108.6800003,108.9599991,0
1/14/2008,108.8850021,108.9199982,107.3700027,108.25,0
1/15/2008,108.2409973,108.2409973,106.5999985,106.7699966,0
1/16/2008,106.7450027,107.9000015,105.9300003,107.3450012,0
1/17/2008,107.3300018,107.8000031,106.3899994,106.4000015,0
1/18/2008,106.4000015,107.5199966,106.4000015,106.8300018,0
1/21/2008,106.8919983,106.9300003,105.6200027,105.6200027,0
1/22/2008,105.6399994,107.1699982,105.6399994,107.0599976,0
1/23/2008,107.0599976,107.3300018,105.0400009,106.75,0
1/24/2008,106.7340012,107.2099991,105.9499969,107.1500015,0
1/25/2008,107.1299973,107.8700027,106.6100006,106.8000031,0
1/28/2008,106.75,107.1100006,105.9899979,106.9700012,0
1/29/2008,106.9899979,107.1399994,106.4199982,107.0400009,0
1/30/2008,107.052002,107.4300003,106.0299988,106.2300034,0
1/31/2008,106.2300034,106.8560028,105.7300034,106.2509995,0
2/1/2008,106.3000031,106.6900024,105.7900009,106.5100021,0
2/4/2008,106.5599976,107.0699997,106.5500031,106.6900024,0
2/5/2008,106.7099991,107.7160034,106.4199982,106.5309982,0
2/6/2008,106.5199966,106.7699966,106.1900024,106.3799973,0
2/7/2008,106.3799973,107.8000031,105.9400024,107.3099976,0
2/8/2008,107.7399979,107.7399979,107.7399979,107.7399979,0
2/11/2008,107.4599991,107.4599991,106.3700027,106.8300018,0
2/12/2008,106.8600006,107.5,106.7900009,107.3399963,0
2/13/2008,107.3399963,108.3499985,106.9800034,108.2819977,0
2/14/2008,108.2600021,108.5599976,107.7099991,107.7900009,0
2/15/2008,107.7900009,108.2949982,107.3000031,107.8000031,0
2/18/2008,107.8000031,108.2799988,107.7600021,108.1600037,0
2/19/2008,108.1600037,108.2799988,107.2399979,107.9199982,0
2/20/2008,107.9300003,108.3300018,107.4800034,108.0500031,0
2/21/2008,108.0500031,108.3000031,107.1399994,107.4100037,0
2/22/2008,107.4000015,107.5299988,106.7600021,107.1900024,0
2/25/2008,107.3099976,108.1900024,107.2200012,108.0299988,0
2/26/2008,108.0429993,108.0999985,107.1399994,107.3499985,0
2/27/2008,107.3600006,107.3700027,106.0500031,106.3700027,0
2/28/2008,106.3899994,106.5999985,104.7600021,104.9499969,0
2/29/2008,104.9700012,104.9899979,103.6200027,103.7699966,0
3/3/2008,103.0400009,103.6320038,102.6200027,103.5199966,0
3/4/2008,103.5279999,103.5419998,102.6399994,103.3700027,0
3/5/2008,103.4000015,104.1600037,103.3099976,103.9100037,0
3/6/2008,103.9100037,103.9800034,102.4800034,102.5800018,0
3/7/2008,102.5899963,103.2099991,101.5699997,102.6999969,0
3/10/2008,102.2900009,102.4300003,101.4199982,101.4199982,0
3/11/2008,101.4300003,103.5500031,101.4199982,103.2699966,0
3/12/2008,103.2699966,103.3099976,101.125,101.4800034,0
3/13/2008,101.5,101.6699982,99.91000366,100.6800003,0
3/14/2008,100.6999969,101.0899963,98.88999939,99.02999878,0
3/17/2008,98.13999939,98.16000366,95.83999634,97.09999847,0
3/18/2008,97.06999969,100.4300003,96.90000153,99.81999969,0
3/19/2008,99.76000214,100.0500031,97.80000305,98.62000275,0
3/20/2008,98.65000153,100.1650009,98.48999786,99.37999725,0
3/21/2008,99.37999725,99.72499847,99.29000092,99.56999969,0
3/24/2008,99.61000061,100.8799973,99.58999634,100.7399979,0
3/25/2008,100.7200012,100.9950027,99.64700317,100.0800018,0
3/26/2008,100.0619965,100.2900009,98.80000305,99.16000366,0
3/27/2008,99.13999939,100.0999985,98.58000183,99.52999878,0
3/28/2008,99.55000305,100.3199997,99.08999634,99.12000275,0
3/31/2008,98.94000244,100.0999985,98.94000244,99.84999847,0
4/2/2008,101.6600037,102.8000031,101.5599976,102.2900009,0
4/3/2008,102.3000031,102.9300003,102.0999985,102.2900009,0
4/4/2008,102.2839966,102.6500015,101.4300003,101.5199966,0
4/7/2008,101.6100006,102.8000031,101.5599976,102.4400024,0
4/8/2008,107.5100021,108.2799988,107.4400024,108.1800003,0
4/9/2008,102.7799988,102.8000031,101.4899979,101.8219986,0
4/10/2008,101.8199997,102.0999985,100.0800018,102.0599976,0
4/11/2008,102.0999985,102.211998,100.6600037,100.9499969,0
4/14/2008,101.25,101.4400024,100.3300018,101.1600037,0
4/15/2008,101.1500015,101.9100037,100.8000031,101.8199997,0
4/16/2008,101.8199997,101.8700027,100.8300018,101.8000031,0
4/17/2008,101.8249969,102.6999969,101.7099991,102.4800034,0
4/18/2008,102.4499969,104.6100006,102.2799988,103.75,0
4/21/2008,104,104.0400009,103.0299988,103.3030014,0
4/22/2008,103.3199997,103.4800034,102.6790009,102.8700027,0
4/23/2008,102.8799973,103.7399979,102.8000031,103.4520035,0
4/24/2008,103.4599991,104.5019989,103.3099976,104.2470016,0
4/25/2008,104.2399979,104.8099976,103.9199982,104.4000015,0
4/28/2008,104.4400024,104.7799988,104.0599976,104.2099991,0
4/29/2008,104.1999969,104.3479996,103.2300034,104,0
4/30/2008,104.0019989,104.7600021,103.7099991,103.9430008,0
5/2/2008,104.4000015,105.6299973,104.3300018,105.3000031,0
5/5/2008,105.3000031,105.5800018,104.7399979,104.9100037,0
5/6/2008,104.9199982,105.0759964,104.0299988,104.6839981,0
5/7/2008,104.7220001,105.5500031,104.5999985,104.7789993,0
5/8/2008,108.1699982,108.4100037,107.6500015,108.2699966,0
5/9/2008,103.8899994,103.9199982,102.6179962,102.8000031,0
5/12/2008,102.8899994,104.0100021,102.5800018,103.7699966,0
5/13/2008,103.7699966,104.9000015,103.4309998,104.6200027,0
5/14/2008,104.6429977,105.4300003,104.5699997,105.0500031,0
5/15/2008,105.0599976,105.2900009,104.4599991,104.8000031,0
5/16/2008,104.7900009,105.0699997,103.5899963,104.0199966,0
5/19/2008,104.1220016,104.6699982,103.6500015,104.3909988,0
5/20/2008,104.3799973,104.4649963,103.4800034,103.5699997,0
5/21/2008,103.5709991,103.663002,102.9599991,103.0400009,0
5/22/2008,103.0619965,104.3700027,102.7300034,104.0400009,0
5/23/2008,104,104.2099991,103.0699997,103.3000031,0
5/26/2008,103.3499985,103.4800034,103.1299973,103.3399963,0
5/27/2008,103.3499985,104.3199997,103.25,104.1910019,0
5/28/2008,104.1800003,105.2600021,103.9000015,104.6500015,0
5/29/2008,104.6600037,105.8499985,104.5999985,105.4899979,0
5/30/2008,105.4899979,105.7229996,105.25,105.5,0
6/2/2008,105.4000015,105.5100021,104.1100006,104.4800034,0
6/3/2008,104.4599991,105.5130005,103.9100037,105.1299973,0
6/4/2008,105.1200027,105.3199997,104.5490036,105.2399979,0
6/5/2008,105.2070007,106.3610001,105.1800003,105.9199982,0
6/6/2008,105.9300003,106.2699966,104.8499985,104.9000015,0
6/9/2008,104.6100006,106.3499985,104.6100006,106.3199997,0
6/10/2008,106.3300018,107.4400024,106.2099991,107.3399963,0
6/11/2008,107.3399963,107.7310028,106.5800018,106.9599991,0
6/12/2008,106.9599991,108.0599976,106.7900009,107.8000031,0
6/13/2008,107.8209991,108.3600006,107.6500015,108.1500015,0
6/16/2008,108.2200012,108.5699997,107.9100037,108.1399994,0
6/17/2008,108.1500015,108.3519974,107.6200027,107.9700012,0
6/18/2008,107.9469986,108.3809967,107.7099991,107.8199997,0
6/19/2008,107.8199997,108.0500031,107.4499969,107.9199982,0
6/20/2008,107.9100037,108.0400009,107.1399994,107.3099976,0
6/23/2008,107.4329987,108.0199966,107.1600037,107.8300018,0
6/24/2008,107.8300018,108.1699982,107.3700027,107.7799988,0
6/25/2008,107.7699966,108.3199997,107.6299973,107.8000031,0
6/26/2008,107.8010025,108.1650009,106.6200027,106.9469986,0
6/27/2008,106.9469986,107.1600037,105.8619995,106.1200027,0
6/30/2008,106.2600021,106.4300003,105.0299988,106.1200027,0
7/2/2008,106.0210037,106.7490005,105.7900009,105.9400024,0
7/3/2008,105.9400024,106.8929977,105.8199997,106.7399979,0
7/4/2008,106.7300034,106.8499985,106.5899963,106.8099976,0
7/7/2008,106.75,107.7259979,106.6500015,107.1600037,0
7/8/2008,109.6100006,109.6900024,109.0999985,109.4100037,0
7/9/2008,107.427002,107.6200027,106.6900024,106.8710022,0
7/10/2008,106.8399963,107.3399963,106.7050018,107.0660019,0
7/11/2008,107.0709991,107.2799988,105.7180023,106.2099991,0
7/14/2008,106.4199982,106.7900009,106.0469971,106.2200012,0
7/15/2008,106.2300034,106.2300034,104.1740036,104.8099976,0
7/16/2008,104.8199997,105.2699966,103.8000031,105.1800003,0
7/17/2008,105.1600037,106.9700012,104.7689972,106.2279968,0
7/18/2008,106.2200012,106.9899979,105.9779968,106.9499969,0
7/21/2008,106.9300003,107.1100006,106.3700027,106.4960022,0
7/22/2008,106.5,107.3700027,106.0739975,107.2300034,0
7/23/2008,107.2200012,107.9700012,107.1500015,107.8899994,0
7/24/2008,107.9000015,107.9410019,107.1699982,107.3799973,0
7/25/2008,107.4000015,107.9300003,106.5889969,107.8499985,0
7/28/2008,107.8239975,108.0100021,107.3460007,107.4599991,0
7/29/2008,107.4599991,108.2399979,107.2900009,108.0800018,0
7/30/2008,108.0899963,108.3099976,107.7200012,108.1500015,0
7/31/2008,108.1399994,108.3600006,107.5999985,107.8099976,0
8/8/2008,109.4199982,110.3619995,109.2799988,110.1699982,0
8/26/2008,109.8799973,109.9100037,109.2099991,109.6100006,0
8/27/2008,109.612999,109.8799973,108.6900024,109.5400009,0
8/28/2008,109.5400009,109.6999969,108.7900009,109.4199982,0
8/29/2008,109.4300003,109.5400009,108.4499969,108.7900009,0
9/1/2008,108.4400024,108.6399994,107.6279984,108.0559998,0
9/2/2008,108.0599976,109.1600037,107.9000015,108.6500015,0
9/3/2008,108.6299973,109.0800018,108.0999985,108.3499985,0
9/4/2008,108.3399963,108.5130005,105.6999969,106.7300034,0
9/5/2008,106.7689972,107.8300018,105.8000031,107.6800003,0
9/8/2008,108.4800034,109.0400009,107.7600021,108.1100006,0
9/9/2008,108.0999985,108.1500015,106.6600037,107.2799988,0
9/10/2008,107.3099976,107.9100037,106.6900024,107.7200012,0
9/11/2008,107.7699966,107.7699966,106.1100006,106.9800034,0
9/12/2008,107.0100021,107.9599991,106.8099976,107.9400024,0
9/15/2008,106.3199997,106.8130035,104.2300034,104.2509995,0
9/16/2008,104.2600021,106.3040009,103.5800018,105.5199966,0
9/17/2008,105.6299973,106.6200027,104.1200027,104.3190002,0
9/18/2008,104.310997,105.7429962,104.1520004,105.5,0
9/19/2008,105.4899979,107.9599991,105.413002,107.4199982,0
9/22/2008,106.8399963,106.9020004,105.1500015,105.5599976,0
9/23/2008,105.5999985,105.9860001,105.1800003,105.7190018,0
9/24/2008,105.6999969,106.3000031,105.3700027,106.0800018,0
9/25/2008,106.0800018,106.9700012,105.4700012,106.3199997,0
9/26/2008,106.3209991,106.4499969,105.0599976,106.0500031,0
9/29/2008,106.2699966,106.9240036,103.6399994,103.8430023,0
9/30/2008,103.8399963,106.4599991,103.6699982,106.0699997,0
10/1/2008,106.0599976,106.5100021,105.3600006,105.9400024,0
10/2/2008,105.9300003,106.2600021,105.0800018,105.2099991,0
10/3/2008,105.1999969,106.1100006,104.7399979,105.3000031,0
10/6/2008,105.0400009,105.0599976,100.3199997,101.8799973,0
10/7/2008,101.9199982,103.1940002,101.1600037,101.4599991,0
10/8/2008,110.1900024,110.3899994,110.0599976,110.0899963,0
10/9/2008,99.44799805,101.4459991,99.42299652,99.51000214,0
10/10/2008,99.47000122,101.1699982,98.15000153,101.0999985,0
10/13/2008,100.6839981,102.3379974,99.63600159,102.2799988,0
10/14/2008,102.3170013,102.9909973,101.5230026,101.9599991,0
10/15/2008,101.9800034,102.0100021,99.41600037,99.72000122,0
10/16/2008,99.73000336,101.7200012,99.30000305,101.2399979,0
10/17/2008,101.2699966,101.7789993,100.6100006,101.6500015,0
10/20/2008,101.4400024,102.3700027,101.4020004,101.9700012,0
10/21/2008,101.961998,102.1299973,100.0899963,100.3270035,0
10/22/2008,100.3300018,100.5199966,97.23000336,97.86000061,0
10/23/2008,97.88999939,98.25,95.94000244,97.47799683,0
10/24/2008,97.5,97.80000305,91.01699829,94.26999664,0
10/27/2008,93.68000031,94.33999634,92.18900299,93.19400024,0
10/28/2008,93.27999878,99.55999756,92.72000122,98.19999695,0
10/29/2008,98.23999786,98.23999786,96.13999939,97.51999664,0
10/30/2008,97.52700043,99,97.5,98.79000092,0
10/31/2008,98.81600189,99.07099915,96.48999786,98.44000244,0
11/3/2008,98.54000092,99.62000275,98.33999634,99,0
11/4/2008,98.97000122,100.5100021,98.47000122,99.73300171,0
11/5/2008,99.72000122,99.83300018,97.78099823,98.22000122,0
11/6/2008,98.20999908,98.59999847,97.26999664,97.27600098,0
11/7/2008,97.29000092,98.51999664,96.80999756,98.08999634,0
11/10/2008,98.94999695,99.45700073,97.59999847,97.97000122,0
11/11/2008,97.98000336,98.27999878,97.16000366,97.29100037,0
11/12/2008,97.27999878,98.05000305,94.55000305,94.80000305,0
11/13/2008,94.97000122,98.04799652,94.97000122,97.56999969,0
11/14/2008,97.60399628,97.65000153,96.20999908,97.01999664,0
11/17/2008,96.23000336,97.52999878,96.16999817,96.41000366,0
11/18/2008,96.41000366,97.37000275,96.05999756,96.7460022,0
11/19/2008,96.70899963,97.05200195,95.56999969,96.00299835,0
11/20/2008,96.02600098,96.15000153,93.55999756,94.05000305,0
11/21/2008,93.97899628,95.94000244,93.86000061,95.91000366,0
11/24/2008,95.87999725,97.34999847,94.97000122,96.87000275,0
11/25/2008,96.88999939,96.91000366,94.97000122,95.4469986,0
11/26/2008,95.47000122,95.86000061,94.69999695,95.60700226,0
11/27/2008,95.62000275,95.68000031,94.97000122,95.42900085,0
11/28/2008,95.40000153,95.69999695,95.13999939,95.5,0
12/1/2008,95.31999969,95.38999939,92.8769989,93.13999939,0
12/2/2008,93.19000244,93.76000214,92.73999786,93.15100098,0
12/3/2008,93.16000366,93.5,92.55999756,93.13999939,0
12/4/2008,93.13700104,93.38200378,92.08200073,92.44999695,0
12/5/2008,92.44000244,93.31800079,91.65000153,92.81999969,0
12/8/2008,110.0899963,110.3499985,109.1100006,109.2399979,0
12/9/2008,92.98300171,93.01999664,91.93000031,92.3030014,0
12/10/2008,92.31300354,92.98999786,92.29699707,92.83999634,0
12/11/2008,92.83100128,92.83100128,91.15000153,91.52999878,0
12/12/2008,91.51999664,91.79199982,88.86000061,91.06999969,0
12/15/2008,90.72000122,91.30000305,90.25,90.5,0
12/16/2008,90.48000336,90.58999634,88.68000031,88.68000031,0
12/17/2008,88.66999817,89.16000366,87.18000031,87.31999969,0
12/18/2008,87.31999969,89.98999786,87.26000214,89.50499725,0
12/19/2008,89.48000336,89.80000305,88.5,89.26999664,0
12/22/2008,89.51999664,90.36399841,89.51999664,90.16000366,0
12/23/2008,90.13999939,90.97000122,89.93900299,90.83999634,0
12/24/2008,90.86000061,90.88400269,90.22000122,90.5,0
12/25/2008,90.48000336,90.56999969,90.20999908,90.51399994,0
12/26/2008,90.52999878,90.81999969,90.33999634,90.76999664,0
12/29/2008,90.62999725,90.75,89.81999969,90.65200043,0
12/30/2008,90.65000153,90.80000305,90.01999664,90.29000092,0
12/31/2008,90.30999756,90.93000031,90.1269989,90.65000153,0
1/1/2009,90.65000153,91.25,87.55999756,90.66699982,0
1/2/2009,90.66000366,92.37000275,90.66000366,91.79000092,0
1/5/2009,92.05000305,93.52999878,91.75,93.21700287,0
1/6/2009,93.22000122,94.56600189,92.87000275,93.37999725,0
1/7/2009,93.36599731,94.05999756,92.41999817,92.68000031,0
1/8/2009,92.72100067,92.88600159,90.84999847,91.36000061,0
1/9/2009,91.37000275,91.55000305,90.15000153,90.37000275,0
1/12/2009,90.1269989,90.22399902,88.89099884,89.43000031,0
1/13/2009,89.41999817,89.84200287,88.81999969,89.34100342,0
1/14/2009,89.36000061,89.94999695,88.62000275,89.16000366,0
1/15/2009,89.16799927,90,88.52999878,89.94000244,0
1/16/2009,89.94999695,90.90000153,89.84999847,90.90000153,0
1/19/2009,91.19599915,91.23000336,90.16899872,90.62000275,0
1/20/2009,90.62000275,90.94300079,89.68000031,89.80999756,0
1/21/2009,89.80999756,90.06600189,87.27999878,89.05000305,0
1/22/2009,89.0719986,89.47100067,88.09400177,89.12599945,0
1/23/2009,89.13400269,89.43599701,88.05999756,88.76000214,0
1/26/2009,88.51300049,89.60600281,88.44000244,89.23999786,0
1/27/2009,89.23000336,90.04100037,88.48999786,89.33000183,0
1/28/2009,89.33100128,90.58000183,88.94000244,90.46199799,0
1/29/2009,90.45500183,90.58000183,89.54000092,89.91000366,0
1/30/2009,89.91100311,90.02999878,89.19999695,89.90000153,0
2/2/2009,89.67900085,89.97000122,88.8239975,89.36000061,0
2/3/2009,89.36000061,89.91999817,88.58999634,89.37000275,0
2/4/2009,89.38999939,89.76000214,88.86000061,89.41999817,0
2/5/2009,89.41999817,91.9469986,89.23000336,91.15000153,0
2/6/2009,91.15100098,92.18000031,90.76999664,91.91999817,0
2/9/2009,92.02999878,92.08999634,90.91000366,91.30999756,0
2/10/2009,91.32299805,91.6190033,90.13800049,90.44400024,0
2/11/2009,90.41999817,90.69999695,89.74199677,90.29000092,0
2/12/2009,90.2460022,91.05400085,89.76000214,90.66999817,0
2/13/2009,90.66400146,92.13999939,90.54000092,91.86000061,0
2/16/2009,91.45500183,92.04000092,91.44000244,91.70999908,0
2/17/2009,91.72000122,92.72000122,91.62000275,92.27600098,0
2/18/2009,92.27999878,93.91000366,92.10199738,93.62999725,0
2/19/2009,93.6309967,94.43000031,93.30999756,94.01100159,0
2/20/2009,94.04000092,94.35299683,92.63999939,93.33999634,0
2/23/2009,93.4509964,94.91500092,92.76000214,94.40000153,0
2/24/2009,94.38899994,96.93000031,94.25,96.55000305,0
2/25/2009,96.55999756,97.76799774,96.39499664,97.38999939,0
2/26/2009,97.41000366,98.70300293,97.33999634,98.33399963,0
2/27/2009,98.29799652,98.30999756,96.94400024,97.62000275,0
3/2/2009,97.20999908,97.84999847,96.91999817,97.05400085,0
3/3/2009,97.06999969,98.57099915,97.05999756,98.53500366,0
3/4/2009,98.45300293,99.45999908,98.21299744,98.99199677,0
3/5/2009,99.01999664,99.66000366,97.80000305,98.12999725,0
3/6/2009,98.12000275,98.46399689,96.57800293,98.33999634,0
3/9/2009,97.95500183,99.16000366,97.94999695,98.91999817,0
3/10/2009,98.94000244,99.06400299,97.93000031,98.77999878,0
3/11/2009,98.8030014,98.8030014,97.13999939,97.25,0
3/12/2009,97.25700378,98.38999939,95.66999817,97.31999969,0
3/13/2009,97.33899689,98.57299805,97.16999817,97.94000244,0
3/16/2009,98.08000183,98.60600281,98,98.19999695,0
3/17/2009,98.23000336,98.94999695,98.16999817,98.78099823,0
3/18/2009,98.76999664,98.77600098,95.6760025,96.40100098,0
3/19/2009,96.40000153,96.58000183,93.61299896,94.44999695,0
3/20/2009,94.44799805,96.23000336,94.18299866,95.93000031,0
3/23/2009,95.96399689,97.30000305,95.68000031,97.09200287,0
3/24/2009,97.10500336,98.48000336,97.02999878,98.33999634,0
3/25/2009,98.30699921,98.30899811,97.00700378,97.73000336,0
3/26/2009,97.75,98.84700012,97.60500336,98.69999695,0
3/27/2009,98.69000244,98.73000336,97.23300171,97.84999847,0
3/30/2009,98.18000031,98.30000305,96.05400085,97.43199921,0
3/31/2009,97.41000366,99.33000183,97.30999756,98.97000122,0
4/1/2009,98.98000336,99.41000366,98.37999725,98.66000366,0
4/2/2009,98.65000153,99.87599945,98.41899872,99.55999756,0
4/3/2009,99.55999756,100.3499985,99.34999847,100.3000031,0
4/6/2009,100.4400024,101.4260025,100.3799973,100.7600021,0
4/7/2009,100.7969971,100.8450012,99.91100311,100.6900024,0
4/8/2009,100.6900024,100.7220001,99.39499664,99.73999786,0
4/9/2009,99.73999786,100.5500031,99.68000031,100.4400024,0
4/10/2009,100.4800034,100.6869965,100.1699982,100.2600021,0
4/13/2009,100.3399963,100.6999969,99.89600372,100.0199966,0
4/14/2009,100.0199966,100.4000015,98.75,98.97000122,0
4/15/2009,98.98000336,99.59999847,98.16000366,99.23000336,0
4/16/2009,99.26000214,99.48699951,98.54399872,99.33000183,0
4/17/2009,99.34500122,99.68800354,98.75,99.08000183,0
4/20/2009,99.26599884,99.37999725,97.66000366,98.06600189,0
4/21/2009,98.05999756,98.87000275,97.70999908,98.63999939,0
4/22/2009,98.63999939,98.69999695,97.62999725,98.12999725,0
4/23/2009,98.15799713,98.41500092,97.62000275,97.91999817,0
4/24/2009,97.92299652,97.92900085,96.64099884,97.20999908,0
4/27/2009,96.69999695,97.08999634,96.41999817,96.52999878,0
4/28/2009,96.51300049,96.63999939,95.63999939,96.52999878,0
4/29/2009,96.54000092,97.87999725,96.51100159,97.47000122,0
4/30/2009,97.47000122,98.94200134,97.16000366,98.69000244,0
5/1/2009,98.69000244,99.52300262,98.68000031,99.19000244,0
5/4/2009,99.43000031,99.54000092,98.72000122,98.83000183,0
5/5/2009,98.82099915,99.18000031,98.61000061,98.91999817,0
5/6/2009,98.93000031,99.01000214,97.94999695,98.41000366,0
5/7/2009,98.41000366,99.66000366,98.40000153,99.12799835,0
5/8/2009,99.12000275,99.54000092,98.33000183,98.44999695,0
5/11/2009,98.63999939,98.80500031,97.25,97.5,0
5/12/2009,97.51100159,97.81999969,96.09999847,96.45999908,0
5/13/2009,96.44999695,96.66799927,95.13999939,95.37000275,0
5/14/2009,95.40000153,96.15100098,95.12799835,96,0
5/15/2009,96.02999878,96.09999847,94.7539978,95.11000061,0
5/18/2009,95.12599945,96.45400238,94.55000305,96.3730011,0
5/19/2009,96.37999725,96.67099762,95.91000366,96.11699677,0
5/20/2009,96.11000061,96.20700073,94.68299866,94.91100311,0
5/21/2009,94.91100311,95.20999908,93.96299744,94.12999725,0
5/22/2009,94.12999725,94.89700317,93.86000061,94.73999786,0
5/25/2009,94.68000031,95.16999817,94.41999817,94.81999969,0
5/26/2009,94.82099915,95.12000275,94.51999664,95.05000305,0
5/27/2009,95.05599976,95.48000336,94.69499969,95.37999725,0
5/28/2009,95.38400269,97.22100067,95.38400269,96.79799652,0
5/29/2009,96.80000305,96.87200165,95.01999664,95.43000031,0
6/1/2009,95.31700134,96.78299713,94.45999908,96.52200317,0
6/2/2009,96.52999878,96.5759964,95.31999969,95.60099792,0
6/3/2009,95.59300232,96.41000366,95.37999725,96.06999969,0
6/4/2009,96.06199646,96.94999695,95.94000244,96.64299774,0
6/5/2009,96.62999725,98.87000275,96.55999756,98.80999756,0
6/8/2009,98.76999664,98.84999847,98.2009964,98.45700073,0
6/9/2009,98.45999908,98.55000305,97.25,97.47699738,0
6/10/2009,97.45999908,98.43699646,97.09999847,98.14900208,0
6/11/2009,98.13999939,98.51000214,97.30599976,97.62999725,0
6/12/2009,97.65399933,98.41100311,97.47200012,98.37000275,0
6/15/2009,98.41000366,98.56099701,97.56999969,97.81900024,0
6/16/2009,97.81999969,97.81999969,96.08999634,96.5,0
6/17/2009,96.48000336,96.75,95.51000214,95.73999786,0
6/18/2009,95.76000214,96.69999695,95.63999939,96.56999969,0
6/19/2009,96.58200073,97.16000366,95.98000336,96.76000214,0
6/22/2009,96.12000275,96.25,95.70999908,95.84999847,0
6/23/2009,95.87000275,95.87000275,94.88800049,95.1190033,0
6/24/2009,95.13800049,95.88999939,95.05999756,95.84799957,0
6/25/2009,95.83000183,96.55000305,95.61799622,95.94300079,0
6/26/2009,95.93299866,96.03900146,95.02999878,95.20999908,0
6/29/2009,95.35299683,96.14299774,95.16000366,96.09200287,0
6/30/2009,96.09100342,96.47299957,95.22000122,96.33100128,0
7/1/2009,96.3219986,96.95300293,96.17700195,96.62000275,0
7/2/2009,96.6269989,96.87000275,95.73100281,95.95200348,0
7/3/2009,95.9509964,96.13999939,95.69999695,96.13999939,0
7/6/2009,95.95200348,95.95200348,94.63999939,95.16999817,0
7/7/2009,95.1760025,95.41000366,94.70999908,94.76899719,0
7/8/2009,94.76899719,94.76899719,91.87999725,92.77200317,0
7/9/2009,92.79000092,93.58599854,92.39800262,93.04000092,0
7/10/2009,93.04000092,93.16999817,91.86100006,92.52999878,0
7/13/2009,92.40000153,93.13999939,91.77999878,93.02200317,0
7/14/2009,92.98000336,93.73999786,92.73400116,93.42099762,0
7/15/2009,93.38999939,94.44000244,93.2559967,94.17700195,0
7/16/2009,94.16999817,94.41000366,93.31700134,93.77600098,0
7/17/2009,93.77999878,94.36499786,93.47000122,94.20999908,0
7/20/2009,94.19999695,94.19999695,94.06600189,94.13999939,0
7/21/2009,93.69000244,93.73100281,93.52999878,93.53299713,0
7/22/2009,93.5759964,93.58799744,93.52999878,93.56900024,0
7/23/2009,95.09899902,95.12999725,94.93000031,94.93000031,0
7/24/2009,95.09899902,95.12999725,94.58699799,94.87000275,0
7/27/2009,95.14700317,95.26200104,95.14700317,95.16000366,0
7/28/2009,94.36000061,94.46099854,94.34400177,94.37999725,0
7/29/2009,94.98000336,95.13999939,94.98000336,95.09999847,0
7/30/2009,95.51899719,95.61299896,95.41999817,95.55999756,0
7/31/2009,95.51899719,95.80999756,94.51200104,94.63999939,0
8/3/2009,95.19999695,95.27999878,95.16100311,95.16699982,0
8/4/2009,95.23999786,95.37999725,95.23999786,95.29000092,0
8/5/2009,94.94000244,94.94999695,94.79000092,94.79599762,0
8/6/2009,95.44999695,95.53099823,95.41999817,95.48400116,0
8/7/2009,95.44999695,97.77700043,95.06800079,97.43000031,0
8/10/2009,97,97.01000214,96.86599731,97.01000214,0
8/11/2009,96.02999878,96.0719986,95.91999817,95.91999817,0
8/12/2009,96.16000366,96.19999695,96.07800293,96.15699768,0
8/13/2009,95.3710022,95.39299774,95.25,95.26999664,0
8/14/2009,95.3710022,95.4489975,94.43699646,94.86000061,0
8/17/2009,94.37000275,94.44000244,94.33999634,94.43000031,0
8/18/2009,94.80999756,94.94000244,94.80000305,94.83999634,0
8/19/2009,94.05999756,94.12000275,93.95999908,94.11000061,0
8/20/2009,94.16000366,94.26999664,94.13999939,94.25700378,0
8/21/2009,94.16000366,94.6780014,93.40000153,94.37000275,0
8/24/2009,94.41999817,94.45600128,94.33999634,94.38999939,0
8/25/2009,94.16400146,94.20999908,93.87999725,93.90000153,0
8/26/2009,94.22000122,94.22000122,94.05000305,94.08000183,0
8/27/2009,93.52999878,93.6989975,93.5,93.62999725,0
8/28/2009,93.55999756,93.55999756,93.55999756,93.55999756,0
8/31/2009,92.94999695,93.04000092,92.87000275,92.87000275,0
9/1/2009,92.77500153,92.80000305,92.55000305,92.70700073,0
9/2/2009,92.11799622,92.25299835,92.11000061,92.20899963,0
9/3/2009,92.70200348,92.72299957,92.65000153,92.68699646,0
9/4/2009,92.70200348,93.23000336,92.31999969,92.97000122,0
9/7/2009,92.98999786,93.01300049,92.91999817,92.91999817,0
9/8/2009,92.28199768,92.33000183,92.23600006,92.30999756,0
9/9/2009,92.08000183,92.13999939,92.05999756,92.12999725,0
9/10/2009,91.73999786,91.73999786,91.61000061,91.68699646,0
9/11/2009,91.73999786,91.73999786,90.21600342,90.66000366,0
9/14/2009,90.84700012,90.88999939,90.76999664,90.87000275,0
9/15/2009,90.98000336,90.98999786,90.84999847,90.89800262,0
9/16/2009,90.83999634,91.02999878,90.83000183,91.01999664,0
9/17/2009,91.19999695,91.22000122,91.12000275,91.20600128,0
9/18/2009,91.19999695,91.51000214,91.01999664,91.26999664,0
9/21/2009,92.01000214,92.0530014,91.94999695,92.02600098,0
9/22/2009,91.12000275,91.13500214,90.51999664,90.70999908,0
9/23/2009,91.48999786,91.54499817,91.30000305,91.32700348,0
9/24/2009,91.26999664,91.33000183,90.76000214,90.82299805,0
9/25/2009,91.26999664,91.33000183,89.50299835,89.80999756,0
9/28/2009,89.66600037,89.88800049,89.61199951,89.86199951,0
9/29/2009,90.08999634,90.22100067,90.04000092,90.22100067,0
9/30/2009,89.83999634,89.93900299,89.83999634,89.87000275,0
10/1/2009,89.48999786,89.56999969,89.45800018,89.54699707,0
10/2/2009,89.61000061,89.61000061,89.61000061,89.61000061,0
10/5/2009,89.51000214,89.64299774,89.48000336,89.62000275,0
10/6/2009,88.70999908,88.80000305,88.63999939,88.80000305,0
10/7/2009,88.68000031,88.68000031,88.48000336,88.53800201,0
10/8/2009,88.48000336,88.76899719,88.48000336,88.76899719,0
10/9/2009,88.48000336,89.85700226,88.48000336,89.73999786,0
10/12/2009,89.70999908,89.73000336,89.61000061,89.70999908,0
10/13/2009,89.7440033,89.87000275,89.73000336,89.81999969,0
10/14/2009,89.41000366,89.45999908,89.38999939,89.41000366,0
10/15/2009,90.63999939,90.95999908,90.59600067,90.82700348,0
10/16/2009,90.63999939,91.30000305,90.57900238,90.91000366,0
10/19/2009,90.66000366,90.77300262,90.62999725,90.77300262,0
10/20/2009,90.69999695,90.87799835,90.69000244,90.79799652,0
10/21/2009,90.91000366,90.93699646,90.77999878,90.87999725,0
10/22/2009,91.34999847,91.43199921,91.33000183,91.39600372,0
10/23/2009,91.34999847,92.10399628,91.33000183,92.05000305,0
10/26/2009,92.08999634,92.27999878,91.55999756,92.19999695,0
10/27/2009,92.21700287,92.31999969,91.58999634,91.62400055,0
10/28/2009,91.65000153,91.70999908,90.54799652,90.56999969,0
10/29/2009,90.65000153,91.59999847,90.24199677,91.48999786,0
10/30/2009,91.48999786,91.48999786,89.91999817,90.08999634,0
11/2/2009,89.72200012,90.66999817,89.72200012,90.38999939,0
11/3/2009,90.40000153,90.56700134,89.86000061,90.38999939,0
11/4/2009,90.41999817,91.22899628,90.05999756,90.69799805,0
11/5/2009,90.66100311,90.83999634,90.01000214,90.76999664,0
11/6/2009,90.77999878,90.77999878,89.62999725,89.87999725,0
11/9/2009,89.86000061,90.25700378,89.73600006,89.82900238,0
11/10/2009,89.84999847,90.15299988,89.68000031,89.70999908,0
11/11/2009,89.51999664,90.00299835,89.29199982,89.91000366,0
11/12/2009,89.88999939,90.55500031,89.64900208,90.27999878,0
11/13/2009,90.27999878,90.40000153,89.45999908,89.66000366,0
11/16/2009,89.59999847,89.70200348,88.77300262,89.01000214,0
11/17/2009,89.01999664,89.51699829,88.75,89.23000336,0
11/18/2009,89.2519989,89.46299744,89,89.39800262,0
11/19/2009,89.39099884,89.41999817,88.64700317,88.90000153,0
11/20/2009,88.91000366,89.10700226,88.6760025,88.83000183,0
11/23/2009,88.88999939,89.16400146,88.56999969,88.90000153,0
11/24/2009,88.87000275,88.92099762,88.34999847,88.59300232,0
11/25/2009,88.58000183,88.62599945,87.20999908,87.36000061,0
11/26/2009,87.34500122,87.44499969,84.88999939,85.13999939,0
11/27/2009,85.1230011,86.98000336,85.1230011,86.48000336,0
11/30/2009,86.61000061,86.83000183,85.87000275,86.25,0
12/1/2009,86.29000092,87.51499939,86.29000092,86.65000153,0
12/2/2009,86.65000153,87.65000153,86.58999634,87.55999756,0
12/3/2009,87.62000275,88.4469986,87.57700348,88.25900269,0
12/4/2009,88.26999664,90.73100281,87.99700165,90.51999664,0
12/7/2009,90.05999756,90.17299652,89.14700317,89.29000092,0
12/8/2009,89.33999634,89.41999817,88.19000244,88.37999725,0
12/9/2009,88.37000275,88.68000031,87.37000275,88.08999634,0
12/10/2009,88.06099701,88.43000031,87.73999786,88.23000336,0
12/11/2009,88.27400208,89.79499817,88.27400208,89.08999634,0
12/14/2009,89.27899933,89.27899933,88.33000183,88.69000244,0
12/15/2009,88.68000031,89.93599701,88.60299683,89.51100159,0
12/16/2009,89.48999786,89.96099854,89.40000153,89.84999847,0
12/17/2009,89.86100006,90.34999847,89.55999756,89.63999939,0
12/18/2009,89.66999817,90.84799957,89.05000305,90.44000244,0
12/21/2009,90.37999725,91.23400116,90.25,91.05699921,0
12/22/2009,91.08000183,91.86000061,91.0019989,91.80500031,0
12/23/2009,91.80000305,91.85399628,91.30000305,91.63999939,0
12/24/2009,91.59999847,91.75700378,91.12799835,91.44400024,0
12/25/2009,91.40000153,91.61399841,91.09999847,91.11000061,0
12/28/2009,91.45400238,91.73699951,91.41999817,91.69000244,0
12/29/2009,91.70999908,92.05999756,91.52999878,91.97000122,0
12/30/2009,91.98999786,92.7539978,91.97000122,92.41999817,0
12/31/2009,92.43000031,93.13999939,91.94999695,92.91000366,0
1/1/2010,92.94000244,93.08999634,92.91999817,92.91999817,0
1/4/2010,92.76000214,93.2009964,92.1969986,92.49500275,0
1/5/2010,92.47000122,92.48600006,91.28299713,91.58499908,0
1/6/2010,91.55000305,92.70999908,91.52200317,92.35600281,0
1/7/2010,92.33599854,93.73500061,92.11000061,93.38999939,0
1/8/2010,93.43900299,93.66000366,92.32099915,92.66000366,0
1/11/2010,92.3789978,92.62999725,91.79000092,92.09200287,0
1/12/2010,92.09999847,92.39199829,90.73000336,91.08000183,0
1/13/2010,91.08999634,91.53500366,90.90799713,91.43299866,0
1/14/2010,91.37000275,92.02700043,90.83999634,91.26699829,0
1/15/2010,91.26000214,91.30500031,90.60199738,90.75,0
1/18/2010,90.82900238,91.05200195,90.58000183,90.70500183,0
1/19/2010,90.70999908,91.25499725,90.29000092,91.1989975,0
1/20/2010,91.16999817,91.45500183,90.80699921,91.19200134,0
1/21/2010,91.20999908,91.85800171,89.97799683,90.39299774,0
1/22/2010,90.43099976,90.53099823,89.78600311,89.80999756,0
1/25/2010,89.98000336,90.45500183,89.81999969,90.41500092,0
1/26/2010,90.39900208,90.54000092,89.33999634,89.62999725,0
1/27/2010,89.61000061,90.0510025,89.13300323,89.94999695,0
1/28/2010,89.95999908,90.52999878,89.65599823,89.77799988,0
1/29/2010,89.79000092,90.8789978,89.61000061,90.26999664,0
2/1/2010,90.26000214,90.91000366,89.9940033,90.76000214,0
2/2/2010,90.73999786,90.90000153,90.25800323,90.4280014,0
2/3/2010,90.44000244,91.25,90.09100342,90.83999634,0
2/4/2010,90.83999634,91.05000305,88.64499664,89.41000366,0
2/5/2010,89.36699677,89.8010025,88.81999969,89.22000122,0
2/8/2010,89.26000214,89.54799652,89.13999939,89.22000122,0
2/9/2010,89.20999908,89.92700195,89.19999695,89.76799774,0
2/10/2010,89.79000092,90.04000092,89.26999664,89.93000031,0
2/11/2010,89.91799927,90.13500214,89.56900024,89.80999756,0
2/12/2010,89.81300354,90.3789978,89.56999969,89.94999695,0
2/15/2010,90.06800079,90.20999908,89.91000366,90.05000305,0
2/16/2010,90.04000092,90.47200012,89.70999908,90.2440033,0
2/17/2010,90.25800323,91.37599945,90.15200043,91.05000305,0
2/18/2010,91.06999969,92.06999969,90.58000183,91.97699738,0
2/19/2010,91.91400146,92.12000275,91.48000336,91.54000092,0
2/22/2010,91.6289978,91.86000061,91.01000214,91.23500061,0
2/23/2010,91.26000214,91.26699829,89.91000366,90.16000366,0
2/24/2010,90.15000153,90.35199738,89.79299927,90.27899933,0
2/25/2010,90.27899933,90.28199768,88.80000305,89.26999664,0
2/26/2010,89.26200104,89.44999695,88.77400208,88.92099762,0
3/1/2010,88.84400177,89.46800232,88.81999969,89.15000153,0
3/2/2010,89.20999908,89.36000061,88.56999969,88.73999786,0
3/3/2010,88.73000336,88.95800018,88.31999969,88.56999969,0
3/4/2010,88.59799957,89.23999786,88.12999725,89.16000366,0
3/5/2010,89.15899658,90.55999756,89.15000153,90.22000122,0
3/8/2010,90.61000061,90.61199951,90.13999939,90.28600311,0
3/9/2010,90.29000092,90.29000092,89.62999725,89.98899841,0
3/10/2010,90.01999664,90.79000092,89.92900085,90.47000122,0
3/11/2010,90.48999786,90.72899628,90.19999695,90.64800262,0
3/12/2010,90.66000366,91.0490036,90.16699982,90.54000092,0
3/15/2010,90.70300293,90.79100037,90.31999969,90.31999969,0
3/16/2010,90.34100342,90.71600342,89.98000336,90.29000092,0
3/17/2010,90.30000305,90.69000244,90.05999756,90.40299988,0
3/18/2010,90.38999939,90.75099945,89.76100159,90.48000336,0
3/19/2010,90.48799896,90.69300079,90.33000183,90.51999664,0
3/22/2010,90.43900299,90.75299835,89.86799622,90.33999634,0
3/23/2010,90.30999756,90.4509964,90.12000275,90.36599731,0
3/24/2010,90.38300323,92.36599731,90.37599945,92.01399994,0
3/25/2010,91.98999786,92.93599701,91.75,92.51300049,0
3/26/2010,92.51599884,92.88300323,92.29000092,92.50700378,0
3/29/2010,92.43000031,92.77700043,92.36000061,92.48999786,0
3/30/2010,92.48999786,92.99099731,92.11699677,92.81999969,0
3/31/2010,92.80500031,93.61000061,92.79000092,93.51999664,0
4/1/2010,93.58999634,93.99500275,93.27600098,93.84999847,0
4/2/2010,93.83000183,94.68000031,93.66999817,94.52999878,0
4/5/2010,94.55000305,94.58899689,94.06999969,94.33000183,0
4/6/2010,94.34700012,94.37000275,93.66000366,93.79399872,0
4/7/2010,93.79000092,94.25299835,93.13999939,93.30899811,0
4/8/2010,93.26999664,93.47299957,92.83000183,93.41999817,0
4/9/2010,93.41999817,93.76000214,93.11000061,93.16000366,0
4/12/2010,93.12000275,93.58000183,93.01999664,93.18299866,0
4/13/2010,93.17299652,93.39299774,92.59600067,93.18000031,0
4/14/2010,93.18299866,93.69000244,92.83000183,93.31800079,0
4/15/2010,93.30500031,93.51000214,92.90000153,93.04000092,0
4/16/2010,93.04599762,93.12799835,91.91000366,92.15000153,0
4/19/2010,91.93000031,92.5019989,91.58999634,92.45999908,0
4/20/2010,92.44000244,93.37999725,92.37999725,93.17099762,0
4/21/2010,93.15399933,93.37999725,92.93299866,93.05400085,0
4/22/2010,93.05699921,93.58000183,92.73000336,93.39800262,0
4/23/2010,93.40100098,94.28800201,93.30200195,93.94999695,0
4/26/2010,94.08000183,94.34300232,93.88400269,93.90000153,0
4/27/2010,93.88999939,94.00800323,92.83200073,93.14399719,0
4/28/2010,93.16999817,94.29100037,93,93.95999908,0
4/29/2010,94.01000214,94.2480011,93.83000183,94.01300049,0
4/30/2010,94.01000214,94.57099915,93.81999969,93.83000183,0
5/3/2010,94.00800323,94.76999664,93.83799744,94.69200134,0
5/4/2010,94.69000244,94.96399689,94.31999969,94.70999908,0
5/5/2010,94.69000244,94.95999908,93.55999756,93.78099823,0
5/6/2010,93.76899719,93.95999908,88.26000214,90.83000183,0
5/7/2010,90.83799744,93.05999756,90.59400177,91.58000183,0
5/10/2010,92.09999847,93.48600006,91.85900116,93.18000031,0
5/11/2010,93.19000244,93.2480011,92.21499634,92.48999786,0
5/12/2010,92.54199982,93.26999664,92.4509964,93.16899872,0
5/13/2010,93.17099762,93.58599854,92.59999847,92.77700043,0
5/14/2010,92.79000092,93.02999878,91.8010025,92.45999908,0
5/17/2010,92.33200073,92.67199707,91.75299835,92.55000305,0
5/18/2010,92.52999878,92.93000031,91.90100098,91.90100098,0
5/19/2010,91.91999817,92.13300323,90.98699951,91.54000092,0
5/20/2010,91.54199982,91.86599731,89.03900146,89.37000275,0
5/21/2010,89.40000153,90.45700073,89.22000122,89.98600006,0
5/24/2010,90.12000275,90.61000061,89.75,90.19000244,0
5/25/2010,90.19200134,90.44300079,89.2480011,90.33200073,0
5/26/2010,90.33000183,90.64399719,89.80999756,89.97000122,0
5/27/2010,89.95800018,91.06999969,89.90599823,90.8789978,0
5/28/2010,90.87999725,91.39600372,90.58999634,91.05200195,0
5/31/2010,90.94000244,91.58999634,90.94000244,91.19000244,0
6/1/2010,91.18000031,91.44000244,90.52999878,91.09999847,0
6/2/2010,91.08999634,92.34700012,91.01000214,92.19000244,0
6/3/2010,92.19000244,92.77100372,92.04000092,92.6230011,0
6/4/2010,92.59300232,92.86799622,91.42700195,91.87999725,0
6/7/2010,91.56999969,92.06400299,90.98999786,91.51599884,0
6/8/2010,91.48999786,91.90699768,90.88500214,91.41000366,0
6/9/2010,91.41000366,91.65499878,91.04000092,91.36499786,0
6/10/2010,91.32099915,91.44100189,90.85500336,91.30899811,0
6/11/2010,91.33100128,91.7559967,91.26200104,91.62000275,0
6/14/2010,91.70999908,92.0759964,91.41000366,91.62000275,0
6/15/2010,91.62999725,91.68000031,91.09999847,91.47399902,0
6/16/2010,91.48999786,91.76100159,91.15000153,91.39600372,0
6/17/2010,91.40000153,91.41999817,90.51000214,90.83999634,0
6/18/2010,90.86000061,90.9240036,90.45400238,90.69999695,0
6/21/2010,90.40000153,91.45200348,90.31999969,90.99500275,0
6/22/2010,91.01000214,91.08000183,90.33300018,90.54000092,0
6/23/2010,90.5490036,90.56199646,89.7480011,89.91000366,0
6/24/2010,89.91999817,89.95999908,89.22000122,89.62999725,0
6/25/2010,89.59999847,89.75,89.15000153,89.15000153,0
6/28/2010,89.37000275,89.44499969,89.05000305,89.31300354,0
6/29/2010,89.31999969,89.40000153,88.2990036,88.64900208,0
6/30/2010,88.66000366,88.7559967,88.34999847,88.43000031,0
7/1/2010,88.4260025,88.54000092,86.98000336,87.59999847,0
7/2/2010,87.62999725,88.18900299,87.33999634,87.79000092,0
7/5/2010,87.75099945,87.99900055,87.625,87.625,0
7/6/2010,87.63899994,87.97100067,87.33999634,87.48000336,0
7/7/2010,87.51000214,87.79699707,87.02549744,87.68000031,0
7/8/2010,87.66000366,88.60500336,87.66000366,88.41000366,0
7/9/2010,88.41000366,88.68099976,88.36000061,88.56999969,0
7/12/2010,88.64900208,89.13700104,88.3789978,88.63899994,0
7/13/2010,88.65000153,88.85600281,88.04000092,88.79299927,0
7/14/2010,88.8219986,89.09300232,88.07499695,88.26999664,0
7/15/2010,88.28399658,88.38899994,87.24099731,87.33999634,0
7/16/2010,87.3730011,87.48200226,86.27999878,86.55999756,0
7/19/2010,86.52400208,87.18099976,86.48000336,86.76000214,0
7/20/2010,86.73999786,87.55899811,86.68000031,87.24199677,0
7/21/2010,87.26999664,87.43099976,86.79199982,86.86100006,0
7/22/2010,86.87999725,87.18099976,86.33999634,87.12400055,0
7/23/2010,87.15000153,87.51999664,86.73600006,87.51999664,0
7/26/2010,87.51000214,87.69999695,86.81999969,86.9980011,0
7/27/2010,87.00800323,87.96399689,86.83000183,87.81600189,0
7/28/2010,87.00800323,88.09100342,87.00800323,87.45200348,0
7/29/2010,87.45600128,87.48400116,86.58000183,86.68299866,0
7/30/2010,86.66999817,86.79000092,85.9980011,86.44000244,0
8/2/2010,86.37999725,86.86100006,86.31999969,86.59799957,0
8/3/2010,86.58000183,86.60600281,85.67700195,85.77999878,0
8/4/2010,85.79000092,86.36000061,85.30999756,85.77999878,0
8/5/2010,86.27999878,86.43000031,85.78199768,86.30000305,0
8/6/2010,85.81999969,86.1740036,85.03600311,85.83300018,0
8/9/2010,85.34400177,85.87999725,85.33000183,85.34400177,0
8/10/2010,85.88800049,86.19599915,85.63200378,85.89700317,0
8/11/2010,85.35700226,85.44499969,84.7480011,85.36000061,0
8/12/2010,85.19999695,85.95999908,84.92700195,85.17199707,0
8/13/2010,86.06500244,86.33399963,85.57900238,86.0739975,0
8/16/2010,86.14099884,86.15000153,85.23000336,86.13999939,0
8/17/2010,85.30699921,85.66799927,85.1210022,85.30699921,0
8/18/2010,85.58000183,85.67500305,85.19000244,85.59500122,0
8/19/2010,85.4469986,85.90000153,84.87999725,85.44000244,0
8/20/2010,85.31999969,85.80999756,85.19000244,85.34400177,0
8/23/2010,85.55000305,85.63300323,85.08699799,85.55999756,0
8/24/2010,85.15100098,85.17900085,83.6190033,85.14099884,0
8/25/2010,84.18000031,84.67299652,84.06999969,84.1780014,0
8/26/2010,84.66000366,84.87400055,84.40000153,84.68399811,0
8/27/2010,84.34999847,85.12000275,84.26000214,84.34600067,0
8/30/2010,85.4980011,85.89199829,84.54799652,85.50099945,0
8/31/2010,84.55799866,84.65200043,83.9940033,84.53199768,0
9/1/2010,84.13999939,84.65899658,83.73200226,84.13999939,0
9/2/2010,84.37000275,84.55000305,84.02200317,84.40699768,0
9/3/2010,84.26999664,85.19200134,84.16999817,84.25,0
9/6/2010,84.41999817,84.48200226,84.02999878,84.43000031,0
9/7/2010,84.12999725,84.2519989,83.51999664,84.12000275,0
9/8/2010,83.73000336,84.0019989,83.35099792,83.73200226,0
9/9/2010,83.97000122,84.01999664,83.5039978,83.94999695,0
9/10/2010,83.93000031,84.3789978,83.7539978,83.93000031,0
9/13/2010,84.33399963,84.33999634,83.50499725,84.30699921,0
9/14/2010,83.69599915,83.70999908,82.91999817,83.68099976,0
9/15/2010,83.05699921,85.74099731,82.87000275,83.04799652,0
9/16/2010,85.69000244,85.81199646,85.21700287,85.69999695,0
9/17/2010,85.84100342,85.91000366,85.58999634,85.84799957,0
9/20/2010,85.69000244,85.78700256,85.5,85.69000244,0
9/21/2010,85.72000122,85.76000214,85.27400208,85.70200348,0
9/22/2010,85.11799622,85.13999939,84.27999878,85.11299896,0
9/23/2010,84.48999786,84.65599823,84.26000214,84.48000336,0
9/24/2010,84.52999878,85.31999969,84.12200165,84.51000214,0
9/27/2010,84.31199646,84.37999725,84.12000275,84.31600189,0
9/28/2010,84.26000214,84.32800293,83.80000305,84.27500153,0
9/29/2010,83.88300323,84.06600189,83.50700378,83.89199829,0
9/30/2010,83.76000214,83.79000092,83.18099976,83.76599884,0
10/1/2010,83.55000305,83.56999969,83.12999725,83.56999969,0
10/4/2010,83.34999847,83.84600067,83.16999817,83.33300018,0
10/5/2010,83.5019989,83.94200134,83.01300049,83.50299835,0
10/6/2010,83.20999908,83.26999664,82.76999664,83.19000244,0
10/7/2010,82.97000122,83.00700378,82.18000031,82.96700287,0
10/8/2010,82.3789978,82.5510025,81.75099945,82.37999725,0
10/11/2010,81.80200195,82.12200165,81.77500153,81.81999969,0
10/12/2010,82.08699799,82.3259964,81.68099976,82.08899689,0
10/13/2010,81.79799652,81.9960022,81.70999908,81.77999878,0
10/14/2010,81.80599976,81.83499908,80.86000061,81.79799652,0
10/15/2010,81.48699951,81.61000061,80.93699646,81.47000122,0
10/18/2010,81.37000275,81.38999939,81.12000275,81.37799835,0
10/19/2010,81.20999908,81.90599823,81.13999939,81.19799805,0
10/20/2010,81.54000092,81.58399963,80.88300323,81.54199982,0
10/21/2010,81.05999756,81.77100372,80.93000031,81.05500031,0
10/22/2010,81.30799866,81.49299622,81.0059967,81.30000305,0
10/25/2010,81.31999969,81.33999634,80.45600128,81.30899811,0
10/26/2010,80.80799866,81.40899658,80.59999847,80.82499695,0
10/27/2010,81.31999969,81.97200012,81.30999756,81.33699799,0
10/28/2010,81.67500305,81.73000336,80.83999634,81.67900085,0
10/29/2010,81.67500305,81.73000336,80.44999695,81.67900085,0
11/1/2010,80.57299805,81.11100006,80.31999969,80.40599823,0
11/2/2010,80.51000214,80.93699646,80.48000336,80.55899811,0
11/3/2010,80.65599823,81.46700287,80.58999634,80.66799927,0
11/4/2010,81.05799866,81.19999695,80.58799744,81.05000305,0
11/5/2010,80.76999664,81.43000031,80.6190033,80.77600098,0
11/8/2010,81.16899872,81.38999939,81.0019989,81.13999939,0
11/9/2010,81.1210022,81.21099854,80.51999664,81.08999634,0
11/10/2010,81.5530014,82.77200317,81.5530014,81.58300018,0
11/11/2010,82.19999695,82.5,82.02999878,82.20400238,0
11/12/2010,82.41500092,82.43900299,81.6780014,82.41000366,0
11/15/2010,82.48000336,83.19799805,82.38999939,82.47000122,0
11/16/2010,83.15699768,83.33000183,82.84700012,83.16200256,0
11/17/2010,83.36699677,83.52700043,83.01999664,83.37999725,0
11/18/2010,83.15100098,83.66999817,83.09799957,83.09999847,0
11/19/2010,83.53800201,83.62599945,83.13999939,83.54000092,0
11/22/2010,83.46399689,83.5530014,83.33000183,83.48500061,0
11/23/2010,83.31700134,83.83499908,82.79000092,83.29000092,0
11/24/2010,83.25,83.46600342,82.94000244,83.26899719,0
11/25/2010,83.52999878,83.68299866,83.40000153,83.51999664,0
11/26/2010,83.63800049,84.17199707,83.62999725,83.62999725,0
11/29/2010,84.17299652,84.38999939,83.84899902,84.15699768,0
11/30/2010,84.23100281,84.26000214,83.44599915,84.2539978,0
12/1/2010,83.66600037,84.37799835,83.38300323,83.6780014,0
12/2/2010,84.11000061,84.34999847,83.90200043,84.1230011,0
12/3/2010,83.73999786,83.83300018,82.53299713,83.74900055,0
12/6/2010,82.76999664,82.97599792,82.62000275,82.77999878,0
12/7/2010,82.66999817,83.17500305,82.31999969,82.66999817,0
12/8/2010,83.48000336,84.28700256,83.47100067,83.47899628,0
12/9/2010,84.09300232,84.10399628,83.66400146,84.09999847,0
12/10/2010,83.83999634,83.98000336,83.45999908,83.81600189,0
12/13/2010,83.96800232,84.33999634,83.54000092,83.97299957,0
12/14/2010,83.44000244,83.62999725,82.83000183,83.44000244,0
12/15/2010,83.79000092,84.06400299,83.64499664,83.79000092,0
12/16/2010,84.27999878,84.39700317,83.95999908,84.26899719,0
12/17/2010,84.03600311,84.14800262,83.69000244,84.05000305,0
12/20/2010,84.01599884,84.10299683,83.62000275,84.01000214,0
12/21/2010,83.77100372,83.78299713,83.49700165,83.77100372,0
12/22/2010,83.77999878,83.84300232,83.41000366,83.79000092,0
12/23/2010,83.55999756,83.55999756,82.86000061,83.55999756,0
12/24/2010,83,83.14299774,82.86000061,83.01999664,0
12/27/2010,82.90899658,82.96399689,82.64800262,82.91899872,0
12/28/2010,82.73999786,82.7460022,81.8219986,82.72000122,0
12/29/2010,82.35399628,82.36499786,81.90000153,82.35600281,0
12/30/2010,81.61000061,81.84300232,81.28399658,81.61799622,0
12/31/2010,81.4940033,81.52999878,80.95999908,81.48000336,0
1/3/2011,81.13999939,81.70899963,81.12000275,81.1230011,0
1/4/2011,81.67199707,82.26799774,81.59999847,81.66999817,0
1/5/2011,82.01000214,83.31999969,81.88300323,82.03800201,0
1/6/2011,83.16000366,83.3769989,82.87999725,83.18900299,0
1/7/2011,83.26999664,83.65799713,82.94799805,83.30000305,0
1/10/2011,83.06900024,83.27300262,82.72899628,83.02999878,0
1/11/2011,82.73000336,83.48300171,82.70999908,82.70999908,0
1/12/2011,83.35500336,83.4489975,82.98000336,83.33999634,0
1/13/2011,83.08999634,83.13999939,82.56600189,83.06999969,0
1/14/2011,82.75,82.97000122,82.40899658,82.76200104,0
1/17/2011,82.88899994,82.9940033,82.34899902,82.88700104,0
1/18/2011,82.63999939,82.79100037,82.32299805,82.66999817,0
1/19/2011,82.61699677,82.6780014,82.00900269,82.61199951,0
1/20/2011,82.13999939,83.04000092,82.04000092,82.15499878,0
1/21/2011,82.93399811,83.07900238,82.51999664,82.91999817,0
1/24/2011,82.58000183,82.91000366,82.41999817,82.58599854,0
1/25/2011,82.53500366,82.64299774,82.27200317,82.54199982,0
1/26/2011,82.25900269,82.31400299,81.98899841,82.26000214,0
1/27/2011,82.16000366,83.15899658,82.02500153,82.16300201,0
1/28/2011,82.88700104,82.88999939,82.12999725,82.88500214,0
1/31/2011,82.09700012,82.23100281,81.93000031,82.08899689,0
2/1/2011,82.08699799,82.13300323,81.47000122,82.06999969,0
2/2/2011,81.38999939,81.61399841,81.34999847,81.39099884,0
2/3/2011,81.4940033,82.04399872,81.49299622,81.49299622,0
2/4/2011,81.65699768,81.97499847,81.48999786,81.65000153,0
2/7/2011,82.22000122,82.45800018,82.15000153,82.22000122,0
2/8/2011,82.29799652,82.35800171,81.76799774,82.28900146,0
2/9/2011,82.26999664,82.64900208,82.24900055,82.3030014,0
2/10/2011,82.40000153,83.26899719,82.36000061,82.41899872,0
2/11/2011,83.33999634,83.66200256,83.23000336,83.33999634,0
2/14/2011,83.41999817,83.48699951,83.09899902,83.44400024,0
2/15/2011,83.40000153,83.90799713,83.19300079,83.41300201,0
2/16/2011,83.72000122,83.95500183,83.58000183,83.71600342,0
2/17/2011,83.61299896,83.66600037,83.15599823,83.61000061,0
2/18/2011,83.28700256,83.4940033,83.20700073,83.29000092,0
2/21/2011,83.10600281,83.25800323,83.04000092,83.08000183,0
2/22/2011,83.06900024,83.40100098,82.78600311,83.06600189,0
2/23/2011,82.77300262,82.87000275,82.51000214,82.76000214,0
2/24/2011,82.44999695,82.44999695,81.64900208,82.43800354,0
2/25/2011,82.01999664,82.04699707,81.65000153,82.04699707,0
2/28/2011,81.62000275,81.91999817,81.59999847,81.62200165,0
3/1/2011,81.87400055,82.22000122,81.83000183,81.8730011,0
3/2/2011,81.89800262,82.09999847,81.59999847,81.89800262,0
3/3/2011,81.80999756,82.36199951,81.71800232,81.82800293,0
3/4/2011,82.36000061,82.91000366,82.23600006,82.36699677,0
3/7/2011,82.34999847,82.38200378,81.93000031,82.34300232,0
3/8/2011,82.29799652,82.84300232,82.2009964,82.29199982,0
3/9/2011,82.80999756,82.92299652,82.61000061,82.80000305,0
3/10/2011,82.83100128,83.16000366,82.69100189,82.83300018,0
3/11/2011,82.88899994,83.27999878,81.78099823,82.91799927,0
3/14/2011,81.30000305,82.37000275,81.28399658,81.28399658,0
3/15/2011,81.83999634,81.91000366,80.73999786,81.81999969,0
3/16/2011,81.01000214,81.15399933,80.22000122,81.05599976,0
3/17/2011,79.08899689,79.70999908,78.25,79.12799835,0
3/18/2011,79.23000336,81.95999908,79.23000336,79.5,0
3/21/2011,80.95999908,81.30200195,80.81199646,81.01499939,0
3/22/2011,81.18000031,81.20999908,80.84999847,81.20899963,0
3/23/2011,81.03199768,81.05599976,80.69999695,81.03900146,0
3/24/2011,80.86000061,81.05000305,80.77999878,80.86699677,0
3/25/2011,81.01799774,81.36599731,80.91000366,81.01399994,0
3/28/2011,81.4509964,81.83699799,81.43599701,81.4489975,0
3/29/2011,81.7460022,82.44999695,81.53700256,81.76000214,0
3/30/2011,82.40799713,83.17199707,82.37999725,82.41100311,0
3/31/2011,83.14600372,83.20500183,82.54000092,83.15000153,0
4/1/2011,83.36000061,84.69000244,83.27999878,83.36000061,0
4/4/2011,84.21900177,84.28099823,83.84999847,84.22000122,0
4/5/2011,84.12799835,84.69000244,84.09999847,84.12999725,0
4/6/2011,85.15000153,85.48000336,84.83000183,85.16000366,0
4/7/2011,85.30999756,85.48999786,84.61100006,85.31999969,0
4/8/2011,84.95999908,85.37999725,84.86000061,84.95999908,0
4/11/2011,85.04100037,85.14900208,84.52999878,85.04000092,0
4/12/2011,84.62999725,84.62999725,83.5,84.62999725,0
4/13/2011,83.58000183,84.23699951,83.48000336,83.59999847,0
4/14/2011,83.78299713,83.80599976,82.95999908,83.78299713,0
4/18/2011,83.15000153,83.24900055,82.19799805,83.14700317,0
4/19/2011,82.33999634,82.72000122,82.33399963,82.33399963,0
4/20/2011,82.5739975,83.08999634,82.30000305,82.58000183,0
4/21/2011,82.43699646,82.51999664,81.59999847,82.44000244,0
4/22/2011,81.89099884,82.08899689,81.65799713,81.89700317,0
4/25/2011,81.88999939,82.40899658,81.87000275,81.87000275,0
4/26/2011,81.85199738,81.95700073,81.56999969,81.83999634,0
4/27/2011,81.47000122,82.71800232,81.30999756,81.51100159,0
4/28/2011,82.18900299,82.26399994,81.39399719,82.20400238,0
4/29/2011,81.55000305,81.62999725,81.11699677,81.52999878,0
5/2/2011,81.23000336,81.68099976,80.98999786,81.22699738,0
5/3/2011,81.19100189,81.25,80.69400024,81.18000031,0
5/4/2011,80.97000122,81.1760025,80.51999664,80.96900177,0
5/5/2011,80.63999939,80.65100098,79.59799957,80.63999939,0
5/6/2011,80.40000153,80.88800049,80.19999695,80.41699982,0
5/9/2011,80.69999695,80.82299805,80.50700378,80.73400116,0
5/10/2011,80.26000214,80.83499908,80.16999817,80.24199677,0
5/11/2011,81.0039978,81.29100037,80.62000275,81.01100159,0
5/12/2011,81.02600098,81.31099701,80.69000244,81.01000214,0
5/13/2011,81.06999969,81.06999969,80.37999725,81.04000092,0
5/16/2011,80.80999756,81.04100037,80.66000366,80.81700134,0
5/17/2011,80.76999664,81.76300049,80.76000214,80.78199768,0
5/18/2011,81.44799805,81.53600311,80.93800354,81.42099762,0
5/19/2011,81.66999817,82.21299744,81.48999786,81.66100311,0
5/20/2011,81.70400238,81.83999634,81.47599792,81.71399689,0
5/23/2011,81.73000336,82.01399994,81.30000305,81.73999786,0
5/24/2011,81.97100067,82.18000031,81.59999847,81.95700073,0
5/25/2011,82.05999756,82.15299988,81.79000092,82.04799652,0
5/26/2011,82.01999664,82.03299713,81.1760025,82.02200317,0
5/27/2011,81.27700043,81.28600311,80.70999908,81.26999664,0
5/30/2011,80.83300018,80.96299744,80.73999786,80.83100128,0
5/31/2011,80.86599731,81.7480011,80.71199799,80.87999725,0
6/1/2011,81.41999817,81.47599792,80.68000031,81.45300293,0
6/2/2011,80.91000366,81.30000305,80.59999847,80.89399719,0
6/3/2011,80.95300293,80.97000122,80.05999756,80.97000122,0
6/6/2011,80.23999786,80.37000275,79.99700165,80.22000122,0
6/7/2011,80.12999725,80.31999969,80.08300018,80.12000275,0
6/8/2011,80.16999817,80.24500275,79.70999908,80.16999817,0
6/9/2011,79.90699768,80.28900146,79.83000183,79.88999939,0
6/10/2011,80.27799988,80.38700104,79.97000122,80.29000092,0
6/13/2011,80.33200073,80.66999817,80.13999939,80.33999634,0
6/14/2011,80.16999817,80.59899902,80.08000183,80.1760025,0
6/15/2011,80.54100037,81.03600311,80.37599945,80.54000092,0
6/16/2011,80.88999939,81.01300049,80.4940033,80.87999725,0
6/17/2011,80.60399628,80.66999817,80.02100372,80.57700348,0
6/20/2011,80.05500031,80.35199738,80.02700043,80.0759964,0
6/21/2011,80.23999786,80.25,80.05000305,80.23400116,0
6/22/2011,80.22699738,80.31199646,80.00800323,80.22100067,0
6/23/2011,80.37999725,80.76999664,80.34999847,80.38300323,0
6/24/2011,80.4489975,80.59899902,80.1309967,80.44000244,0
6/27/2011,80.46399689,80.96499634,80.41999817,80.45999908,0
6/28/2011,80.84999847,80.89600372,80.66400146,80.84999847,0
6/29/2011,81.07099915,81.1760025,80.55599976,81.08000183,0
6/30/2011,80.73000336,80.80899811,80.26000214,80.70999908,0
7/1/2011,80.6190033,81.12000275,80.54000092,80.59999847,0
7/4/2011,80.84799957,80.87999725,80.54000092,80.87999725,0
7/5/2011,80.73999786,81.18099976,80.73300171,80.73300171,0
7/6/2011,81.08000183,81.11000061,80.78600311,81.06999969,0
7/7/2011,80.94000244,81.39600372,80.79000092,80.93800354,0
7/8/2011,81.23000336,81.45899963,80.5,81.23000336,0
7/11/2011,80.65000153,80.81099701,80.30999756,80.65000153,0
7/12/2011,80.30699921,80.36499786,79.2519989,80.29000092,0
7/13/2011,79.30000305,79.5510025,78.88600159,79.31800079,0
7/14/2011,78.91000366,79.58399963,78.50299835,78.91999817,0
7/15/2011,79.16999817,79.26000214,78.90000153,79.18000031,0
7/18/2011,79.11799622,79.14099884,78.94000244,79.11299896,0
7/19/2011,79.05000305,79.12000275,78.80000305,79.05000305,0
7/20/2011,79.1269989,79.2990036,78.70899963,79.12599945,0
7/21/2011,78.76100159,78.99700165,78.36000061,78.7539978,0
7/22/2011,78.56500244,78.69300079,78.26999664,78.58399963,0
7/25/2011,78.37999725,78.50499725,78.04000092,78.37999725,0
7/26/2011,78.30400085,78.3789978,77.93000031,78.30000305,0
7/27/2011,77.91400146,78.02400208,77.55999756,77.91400146,0
7/28/2011,77.93800354,78.00499725,77.59999847,77.93000031,0
7/29/2011,77.73000336,77.83999634,77.01000214,77.73000336,0
8/1/2011,77.20999908,77.98500061,76.3690033,77.21299744,0
8/2/2011,77.40000153,77.62999725,77.07900238,77.45999908,0
8/3/2011,77.33000183,77.38999939,76.7990036,77.33499908,0
8/4/2011,77.10900116,80.22599792,77.01200104,77.11199951,0
8/5/2011,79.28600311,79.32299805,78.33999634,79.29000092,0
8/8/2011,78.24500275,78.38999939,77.51999664,78.2539978,0
8/9/2011,77.57800293,77.82099915,76.97200012,77.58499908,0
8/10/2011,77.05000305,77.1309967,76.34799957,77.05000305,0
8/11/2011,76.75700378,77.1989975,76.30999756,76.75900269,0
8/12/2011,76.86000061,77.0019989,76.5,76.86000061,0
8/15/2011,76.81900024,77.06999969,76.58000183,76.81999969,0
8/16/2011,76.83999634,76.91899872,76.65000153,76.83999634,0
8/17/2011,76.76000214,76.79000092,76.41000366,76.7539978,0
8/18/2011,76.53900146,76.68499756,76.44000244,76.54699707,0
8/19/2011,76.63300323,76.88400269,76.01999664,76.63700104,0
8/22/2011,76.77999878,77.16300201,76.52999878,76.78600311,0
8/23/2011,76.83699799,76.9260025,76.45999908,76.83200073,0
8/24/2011,76.65000153,76.86199951,76.45999908,76.66000366,0
8/25/2011,77.03700256,77.44999695,76.84100342,77.0530014,0
8/26/2011,77.41000366,77.45999908,76.5,77.43499756,0
8/29/2011,76.69799805,76.9980011,76.56800079,76.68199921,0
8/30/2011,76.9469986,76.98000336,76.64700317,76.93299866,0
8/31/2011,76.69000244,76.82499695,76.42199707,76.7009964,0
9/1/2011,76.7460022,77.19100189,76.69599915,76.73000336,0
9/2/2011,76.85900116,76.95200348,76.55999756,76.86000061,0
9/5/2011,76.89199829,76.96199799,76.68000031,76.90200043,0
9/6/2011,76.90000153,77.56300354,76.70999908,76.90200043,0
9/7/2011,77.62000275,77.6230011,77.07099915,77.61799622,0
9/8/2011,77.31900024,77.44000244,77.12999725,77.3010025,0
9/9/2011,77.5019989,77.84500122,77.09700012,77.50800323,0
9/12/2011,77.47000122,77.58000183,76.73999786,77.46299744,0
9/13/2011,77.18599701,77.23799896,76.77999878,77.18000031,0
9/14/2011,76.93000031,77.01799774,76.65000153,76.93199921,0
9/15/2011,76.66999817,77.0759964,76.55000305,76.67700195,0
9/16/2011,76.72200012,76.96099854,76.66000366,76.73400116,0
9/19/2011,76.91000366,76.96900177,76.34600067,76.91000366,0
9/20/2011,76.56999969,76.75299835,76.40299988,76.59600067,0
9/21/2011,76.44999695,76.60099792,76.13400269,76.46299744,0
9/22/2011,76.53600311,76.93000031,76.13999939,76.53800201,0
9/23/2011,76.30699921,76.34600067,76.12999725,76.30599976,0
9/26/2011,76.51000214,76.7519989,76.23000336,76.54000092,0
9/27/2011,76.31999969,76.69000244,76.26000214,76.33599854,0
9/28/2011,76.82099915,76.85399628,76.30999756,76.80799866,0
9/29/2011,76.5490036,76.94799805,76.41100311,76.54000092,0
9/30/2011,76.75,77.12999725,76.5019989,76.76499939,0
10/3/2011,77.20999908,77.23100281,76.51999664,77.19000244,0
10/4/2011,76.59999847,76.91000366,76.51000214,76.59200287,0
10/5/2011,76.77999878,77.03600311,76.61000061,76.76000214,0
10/6/2011,76.78199768,76.83000183,76.56999969,76.78199768,0
10/7/2011,76.65799713,76.90499878,76.58000183,76.65799713,0
10/10/2011,76.76999664,76.83999634,76.56300354,76.76999664,0
10/11/2011,76.66799927,76.74500275,76.58000183,76.66000366,0
10/12/2011,76.66999817,77.47299957,76.35600281,76.66699982,0
10/13/2011,77.19100189,77.22000122,76.67299652,77.18000031,0
10/14/2011,76.89800262,77.41799927,76.84999847,76.87999725,0
10/17/2011,77.22000122,77.43199921,76.63999939,77.22000122,0
10/18/2011,76.83200073,76.8710022,76.61000061,76.83100128,0
10/19/2011,76.76999664,76.84999847,76.63999939,76.77700043,0
10/20/2011,76.80200195,77.0739975,76.66000366,76.80000305,0
10/21/2011,76.85900116,76.90000153,75.95999908,76.86000061,0
10/24/2011,76.23999786,76.43499756,76.00900269,76.20999908,0
10/25/2011,76.13700104,76.26000214,75.76200104,76.13200378,0
10/26/2011,76.10700226,76.15000153,75.72000122,76.10900116,0
10/27/2011,76.18800354,76.26000214,75.65000153,76.18399811,0
10/28/2011,75.91999817,75.97399902,75.68000031,75.93000031,0
10/31/2011,75.75,79.51999664,75.56999969,75.73999786,0
11/1/2011,78.3239975,78.9489975,78.02700043,78.30799866,0
11/2/2011,78.27999878,78.31300354,77.96399689,78.30599976,0
11/3/2011,78.12400055,78.15799713,77.90000153,78.13899994,0
11/4/2011,78.02999878,78.2539978,77.97000122,78.0530014,0
11/7/2011,78.16000366,78.17500305,77.98000336,78.12999725,0
11/8/2011,78.07299805,78.08000183,77.6269989,78.07700348,0
11/9/2011,77.71700287,77.76000214,77.52999878,77.70800018,0
11/10/2011,77.77300262,77.86199951,77.51999664,77.75800323,0
11/11/2011,77.64900208,77.66100311,77.05400085,77.65200043,0
11/14/2011,77.14299774,77.23699951,76.8030014,77.15599823,0
11/15/2011,77.08999634,77.3239975,76.90899658,77.07900238,0
11/16/2011,77.06300354,77.12999725,76.86000061,77.05999756,0
11/17/2011,77.08000183,77.08000183,76.87999725,77.06099701,0
11/18/2011,76.97399902,77.02200317,76.56099701,76.95800018,0
11/21/2011,76.84999847,76.97000122,76.73999786,76.83899689,0
11/22/2011,76.93000031,77.27999878,76.81999969,76.90000153,0
11/23/2011,76.97599792,77.42299652,76.91999817,76.97000122,0
11/24/2011,77.25299835,77.27200317,76.98999786,77.27200317,0
11/25/2011,77.17099762,77.72799683,77.16000366,77.16600037,0
11/28/2011,77.66799927,78.22399902,77.56999969,77.66699982,0
11/29/2011,78.07800293,78.27799988,77.62000275,78.08100128,0
11/30/2011,77.96900177,78.15000153,77.3239975,77.95999908,0
12/1/2011,77.56300354,77.80000305,77.48000336,77.58300018,0
12/2/2011,77.7559967,78.00800323,77.72000122,77.75,0
12/5/2011,78.08999634,78.08999634,77.78299713,78.08000183,0
12/6/2011,77.80000305,77.84500122,77.63999939,77.81199646,0
12/7/2011,77.73999786,77.77799988,77.62000275,77.75,0
12/8/2011,77.65000153,77.69000244,77.16300201,77.67299652,0
12/9/2011,77.67900085,77.76999664,77.54000092,77.68000031,0
12/12/2011,77.61000061,77.98799896,77.58300018,77.61199951,0
12/13/2011,77.9260025,77.9509964,77.63999939,77.93900299,0
12/14/2011,77.97000122,78.13999939,77.90000153,77.96099854,0
12/15/2011,78.09999847,78.12000275,77.70999908,78.10800171,0
12/16/2011,77.81500244,77.95500183,77.73000336,77.83999634,0
12/19/2011,77.80999756,78.14900208,77.78700256,77.80999756,0
12/20/2011,78.0039978,78.05500031,77.71700287,78.01000214,0
12/21/2011,77.83999634,77.93499756,77.68199921,77.83999634,0
12/22/2011,78.06999969,78.19000244,77.9940033,78.06999969,0
12/23/2011,78.16000366,78.22000122,77.98999786,78.16000366,0
12/26/2011,78.08000183,78.09999847,77.87000275,78.08000183,0
12/27/2011,77.98799896,78.02999878,77.77999878,78.02999878,0
12/28/2011,77.86599731,77.90000153,77.55899811,77.87000275,0
12/29/2011,77.93000031,77.94599915,77.66999817,77.94599915,0
12/30/2011,77.65899658,77.73000336,76.95300293,77.65899658,0
1/2/2012,77.05000305,77.08999634,76.87000275,77.01999664,0
1/3/2012,76.93399811,76.95400238,76.65299988,76.93000031,0
1/4/2012,76.73200226,76.81400299,76.59999847,76.72200012,0
1/5/2012,76.71099854,77.12999725,76.66999817,76.70999908,0
1/6/2012,77.15899658,77.30899811,77.01599884,77.15100098,0
1/9/2012,76.93299866,77,76.75900269,76.91000366,0
1/10/2012,76.87000275,76.90100098,76.76000214,76.86000061,0
1/11/2012,76.84899902,77.03199768,76.84700012,76.84999847,0
1/12/2012,76.8710022,76.97299957,76.67099762,76.85800171,0
1/13/2012,76.77999878,76.9960022,76.65000153,76.77899933,0
1/16/2012,76.91999817,76.91999817,76.66999817,76.91000366,0
1/17/2012,76.80999756,76.87000275,76.56900024,76.81999969,0
1/18/2012,76.80999756,76.86199951,76.63999939,76.81999969,0
1/19/2012,76.77999878,77.06999969,76.69000244,76.76699829,0
1/20/2012,77.0759964,77.29000092,77.05699921,77.08000183,0
1/23/2012,76.97000122,77.0759964,76.85900116,76.95999908,0
1/24/2012,76.98899841,77.83000183,76.94000244,77,0
1/25/2012,77.66999817,78.27999878,77.66999817,77.68699646,0
1/26/2012,77.78199768,77.80200195,77.29299927,77.76999664,0
1/27/2012,77.46299744,77.46299744,76.70700073,77.45999908,0
1/30/2012,76.73000336,76.77300262,76.30000305,76.73200226,0
1/31/2012,76.37999725,76.41000366,76.15000153,76.36000061,0
2/1/2012,76.37999725,76.41000366,76.15000153,76.26999664,0
2/2/2012,76.19999695,76.19999695,76.05000305,76.18900299,0
2/3/2012,76.18000031,76.73000336,76.12999725,76.18000031,0
2/6/2012,76.55000305,76.79000092,76.48899841,76.5510025,0
2/7/2012,76.55000305,76.94200134,76.51899719,76.55000305,0
2/8/2012,76.76699829,77.16999817,76.73999786,76.79000092,0
2/9/2012,77.05699921,77.40899658,77.03299713,77.05999756,0
2/10/2012,77.65200043,77.80999756,77.53600311,77.63200378,0
2/13/2012,77.69300079,77.77500153,77.38999939,77.69999695,0
2/14/2012,77.5019989,78.44000244,77.5019989,77.51000214,0
2/15/2012,78.39199829,78.62999725,78.1969986,78.36000061,0
2/16/2012,78.48999786,78.9260025,78.35199738,78.48000336,0
2/17/2012,78.83499908,79.37999725,78.82099915,78.8239975,0
2/20/2012,79.79000092,79.79000092,79.36699677,79.78800201,0
2/21/2012,79.59999847,79.83999634,79.55000305,79.58599854,0
2/22/2012,79.83999634,80.36799622,79.76000214,79.83000183,0
2/23/2012,80.25800323,80.33499908,80.04000092,80.27999878,0
2/24/2012,79.94300079,80.77100372,79.93000031,79.93000031,0
2/27/2012,81.47000122,81.47100067,80.14600372,81.47100067,0
2/28/2012,80.47000122,80.77799988,80.03199768,80.46399689,0
2/29/2012,80.48000336,80.86199951,80.23999786,80.48000336,0
3/1/2012,81.27999878,81.31999969,80.85900116,81.27600098,0
3/2/2012,81.08000183,81.69000244,81.08000183,81.12000275,0
3/5/2012,81.58599854,81.77600098,81.16000366,81.6269989,0
3/6/2012,81.53099823,81.56999969,80.72000122,81.51799774,0
3/7/2012,80.62000275,80.95500183,80.58599854,80.66000366,0
3/8/2012,81.31999969,81.72000122,81.18000031,81.33799744,0
3/9/2012,81.58300018,82.47899628,81.47799683,81.58000183,0
3/12/2012,82.36000061,82.41999817,82.09999847,82.3730011,0
3/13/2012,82.37400055,82.84999847,81.98600006,82.36299896,0
3/14/2012,82.96299744,83.76000214,82.95700073,82.95999908,0
3/15/2012,83.81199646,84.15200043,83.1969986,83.83999634,0
3/16/2012,83.49500275,83.93800354,83.24299622,83.49199677,0
3/19/2012,83.44000244,83.55000305,83.01999664,83.44999695,0
3/20/2012,83.37799835,83.81500244,83.33000183,83.37000275,0
3/21/2012,83.66999817,84.08100128,83.53700256,83.65000153,0
3/22/2012,83.19200134,83.4509964,82.55000305,83.20300293,0
3/23/2012,82.52200317,82.93399811,82.01999664,82.51000214,0
3/26/2012,82.58100128,82.98200226,82.55000305,82.58899689,0
3/27/2012,83.01499939,83.375,82.65299988,82.98699951,0
3/28/2012,83.05799866,83.17299652,82.62999725,83.04799652,0
3/29/2012,82.82700348,82.86499786,81.97799683,82.83200073,0
3/30/2012,82.29199982,82.42199707,81.84999847,82.27300262,0
4/2/2012,82.86499786,83.28099823,81.91200256,82.87000275,0
4/3/2012,81.66600037,82.39199829,81.54000092,81.54000092,0
4/4/2012,82.84200287,82.93000031,82.10299683,82.83000183,0
4/5/2012,82.41600037,82.44000244,81.83000183,82.44000244,0
4/6/2012,82.19999695,82.54000092,81.35600281,82.26999664,0
4/9/2012,81.28199768,81.53600311,81.22000122,81.33000183,0
4/10/2012,81.63600159,81.83999634,80.84999847,81.64299774,0
4/11/2012,80.66999817,81.10700226,80.58399963,80.69400024,0
4/12/2012,80.9980011,81.11399841,80.80400085,81.00800323,0
4/13/2012,80.91999817,81.16799927,80.83999634,80.93000031,0
4/16/2012,80.91000366,80.98000336,80.33000183,80.90200043,0
4/17/2012,80.38999939,80.79100037,80.36599731,80.3809967,0
4/18/2012,81.05999756,81.54599762,81.0059967,81.05999756,0
4/19/2012,81.30999756,81.71700287,81.27999878,81.30000305,0
4/20/2012,81.62599945,81.77200317,81.48999786,81.60900116,0
4/23/2012,81.59999847,81.59999847,80.97000122,81.59999847,0
4/24/2012,81.08000183,81.25299835,80.84700012,81.08000183,0
4/25/2012,81.38600159,81.55400085,81.09899902,81.38999939,0
4/26/2012,81.32099915,81.40799713,80.66999817,81.30000305,0
4/27/2012,81.06700134,81.41699982,80.41000366,81.05799866,0
4/30/2012,80.34999847,80.37000275,79.72399902,80.34999847,0
5/1/2012,79.93000031,80.28800201,79.62999725,79.92099762,0
5/2/2012,80.22000122,80.58100128,80.0490036,80.20999908,0
5/3/2012,80.12000275,80.52899933,80.09899902,80.1210022,0
5/4/2012,80.21199799,80.36799622,79.80999756,80.20999908,0
5/7/2012,79.81900024,79.97399902,79.72000122,79.81800079,0
5/8/2012,79.91200256,80.0719986,79.7009964,79.91999817,0
5/9/2012,79.8710022,79.93000031,79.43699646,79.86000061,0
5/10/2012,79.6989975,79.96600342,79.59400177,79.70999908,0
5/11/2012,79.89299774,79.98500061,79.73699951,79.8690033,0
5/14/2012,80.01999664,80.16999817,79.6780014,80.02999878,0
5/15/2012,79.86599731,80.13400269,79.80000305,79.84999847,0
5/16/2012,80.30999756,80.54000092,80.26999664,80.32499695,0
5/17/2012,80.36799622,80.37200165,79.19999695,80.34999847,0
5/18/2012,79.40399933,79.45999908,79.03900146,79.40799713,0
5/21/2012,79.16100311,79.43900299,79.11399841,79.16999817,0
5/22/2012,79.41000366,79.98000336,79.2990036,79.41000366,0
5/23/2012,80.0019989,80.04599762,79.23000336,80.0039978,0
5/24/2012,79.45700073,79.55000305,79.33599854,79.41999817,0
5/25/2012,79.66200256,79.81500244,79.48600006,79.66000366,0
5/28/2012,79.59200287,79.61799622,79.3259964,79.58999634,0
5/29/2012,79.58000183,79.62999725,79.38300323,79.56099701,0
5/30/2012,79.51699829,79.55999756,78.85900116,79.5,0
5/31/2012,78.96600342,78.98200226,78.21399689,78.98200226,0
6/1/2012,78.53700256,78.62200165,77.66000366,78.52799988,0
6/4/2012,78.06300354,78.35500336,77.97000122,78.09999847,0
6/5/2012,78.34799957,78.89700317,78.14600372,78.36100006,0
6/6/2012,78.73000336,79.25800323,78.61299896,78.73000336,0
6/7/2012,79.27100372,79.76300049,79.20899963,79.26999664,0
6/8/2012,79.6989975,79.70999908,79.12799835,79.69000244,0
6/11/2012,79.55999756,79.72000122,79.35099792,79.55999756,0
6/12/2012,79.31199646,79.68000031,79.15899658,79.30699921,0
6/13/2012,79.53099823,79.73500061,79.31999969,79.52700043,0
6/14/2012,79.3769989,79.45999908,79.16300201,79.37200165,0
6/15/2012,79.41000366,79.49199677,78.60600281,79.42199707,0
6/18/2012,79.06600189,79.28800201,78.86599731,79.05200195,0
6/19/2012,79.01899719,79.04499817,78.85099792,79,0
6/20/2012,79.05999756,79.56500244,78.78099823,79.03399658,0
6/21/2012,79.4240036,80.3010025,79.37999725,79.42099762,0
6/22/2012,80.05999756,80.55699921,80.01999664,80.01999664,0
6/25/2012,80.56700134,80.56700134,79.43099976,80.55999756,0
6/26/2012,79.63999939,79.78199768,79.24500275,79.65000153,0
6/27/2012,79.45200348,79.84999847,79.35700226,79.45999908,0
6/28/2012,79.68000031,79.68499756,79.22000122,79.68499756,0
6/29/2012,79.30500031,79.9509964,79.16999817,79.31300354,0
7/2/2012,79.84899902,79.85199738,79.30500031,79.83899689,0
7/3/2012,79.44300079,79.91799927,79.42900085,79.44000244,0
7/4/2012,79.84999847,79.87000275,79.59600067,79.83999634,0
7/5/2012,79.93399811,80.09300232,79.56400299,79.94000244,0
7/6/2012,79.85700226,80.01000214,79.5019989,79.86000061,0
7/9/2012,79.49199677,79.73600006,79.46800232,79.47799683,0
7/10/2012,79.56700134,79.56700134,79.20800018,79.55799866,0
7/11/2012,79.33999634,79.74199677,79.12999725,79.34999847,0
7/12/2012,79.59300232,79.83999634,79.18000031,79.61000061,0
7/13/2012,79.30699921,79.38999939,79.11599731,79.30999756,0
7/16/2012,79.18000031,79.19999695,78.7009964,79.16999817,0
7/17/2012,78.83000183,79.16100311,78.80699921,78.81999969,0
7/18/2012,79.08499908,79.11100006,78.77999878,79.09600067,0
7/19/2012,78.79399872,78.7990036,78.46800232,78.7990036,0
7/20/2012,78.72799683,78.80000305,78.46600342,78.73999786,0
7/23/2012,78.47000122,78.47000122,77.97000122,78.44999695,0
7/24/2012,78.26899719,78.33399963,78.09999847,78.31099701,0
7/25/2012,78.12200165,78.27500153,78.05999756,78.10700226,0
7/26/2012,78.11299896,78.26999664,78.03600311,78.10299683,0
7/27/2012,78.30799866,78.62999725,78.05999756,78.3239975,0
7/30/2012,78.48999786,78.51999664,78.11199951,78.5,0
7/31/2012,78.1210022,78.30000305,78.02999878,78.10099792,0
8/1/2012,78.11699677,78.25,77.91999817,78.12000275,0
8/2/2012,78.3690033,78.52700043,78.13999939,78.37999725,0
8/3/2012,78.22000122,78.76000214,78.05999756,78.22000122,0
8/6/2012,78.59999847,78.61000061,78.15000153,78.61000061,0
8/7/2012,78.19999695,78.72100067,78.14700317,78.19999695,0
8/8/2012,78.61000061,78.6269989,78.23000336,78.61000061,0
8/9/2012,78.40699768,78.77999878,78.28299713,78.40000153,0
8/10/2012,78.58000183,78.63300323,78.15699768,78.61000061,0
8/13/2012,78.25,78.35900116,78.15299988,78.25,0
8/14/2012,78.31999969,78.91200256,78.31600189,78.33000183,0
8/15/2012,78.83000183,79.04699707,78.61599731,78.81500244,0
8/16/2012,78.9940033,79.38200378,78.98999786,78.98999786,0
8/17/2012,79.26000214,79.55999756,79.22399902,79.25,0
8/20/2012,79.51999664,79.64700317,79.31800079,79.51000214,0
8/21/2012,79.33999634,79.51999664,79.23999786,79.33000183,0
8/22/2012,79.25299835,79.35299683,79.14700317,79.24199677,0
8/23/2012,78.51999664,78.68099976,78.35800171,78.53900146,0
8/24/2012,78.58999634,78.69999695,78.44000244,78.59999847,0
8/27/2012,78.69400024,78.83899689,78.63999939,78.73000336,0
8/28/2012,78.75,78.76200104,78.44799805,78.75,0
8/29/2012,78.55699921,78.77999878,78.46900177,78.56999969,0
8/30/2012,78.73000336,78.73000336,78.48600006,78.72000122,0
8/31/2012,78.52899933,78.59999847,78.22200012,78.52999878,0
9/3/2012,78.30000305,78.39199829,78.19799805,78.29000092,0
9/4/2012,78.32800293,78.45999908,78.28800201,78.33899689,0
9/5/2012,78.46800232,78.52500153,78.29100037,78.47000122,0
9/6/2012,78.41000366,79.01100159,78.36000061,78.41999817,0
9/7/2012,78.88999939,79.0039978,78.02400208,78.88999939,0
9/10/2012,78.24299622,78.31999969,78.18099976,78.21900177,0
9/11/2012,78.23000336,78.23999786,77.72799683,78.22599792,0
9/12/2012,77.76300049,77.95899963,77.7440033,77.75,0
9/13/2012,77.80799866,77.83000183,77.37000275,77.83000183,0
9/14/2012,77.63999939,78.33000183,77.51200104,77.64800262,0
9/17/2012,78.32800293,78.91200256,78.15699768,78.33300018,0
9/18/2012,78.66400146,78.75900269,78.51999664,78.67299652,0
9/19/2012,78.76599884,79.19999695,78.25299835,78.76999664,0
9/20/2012,78.38999939,78.44000244,78.01000214,78.39700317,0
9/21/2012,78.20300293,78.35800171,78.12000275,78.19999695,0
9/24/2012,78.11299896,78.15000153,77.81999969,78.08000183,0
9/25/2012,77.86000061,77.91999817,77.65000153,77.86399841,0
9/26/2012,77.72699738,77.86499786,77.58000183,77.72799683,0
9/27/2012,77.68499756,77.73600006,77.59400177,77.69799805,0
9/28/2012,77.61000061,77.96299744,77.43099976,77.61000061,0
10/1/2012,77.95999908,78.12999725,77.76599884,77.95899963,0
10/2/2012,78.04799652,78.19000244,77.96600342,78.04100037,0
10/3/2012,78.2009964,78.58300018,78.1210022,78.21499634,0
10/4/2012,78.44000244,78.71199799,78.37000275,78.41500092,0
10/5/2012,78.51399994,78.85700226,78.27999878,78.48400116,0
10/8/2012,78.69100189,78.70200348,78.08000183,78.70200348,0
10/9/2012,78.28900146,78.43000031,78.13899994,78.28600311,0
10/10/2012,78.21299744,78.36799622,78.15899658,78.21900177,0
10/11/2012,78.06999969,78.5739975,77.92900085,78.07499695,0
10/12/2012,78.41000366,78.51999664,78.26699829,78.40200043,0
10/15/2012,78.47599792,78.83699799,78.30999756,78.46800232,0
10/16/2012,78.77400208,78.95300293,78.71800232,78.78900146,0
10/17/2012,78.85900116,78.85900116,78.58999634,78.82499695,0
10/18/2012,79.05000305,79.44300079,78.9940033,79.05999756,0
10/19/2012,79.31600189,79.40599823,79.10099792,79.30799866,0
10/22/2012,79.25,79.86699677,79.20999908,79.25700378,0
10/23/2012,79.97699738,79.98999786,79.70500183,79.98999786,0
10/24/2012,79.83200073,79.91400146,79.7009964,79.81999969,0
10/25/2012,79.81999969,80.3259964,79.80999756,79.83799744,0
10/26/2012,80.20899963,80.26000214,79.48699951,80.23500061,0
10/29/2012,79.61100006,79.78099823,79.53099823,79.65000153,0
10/30/2012,79.76399994,79.9940033,79.28399658,79.76399994,0
10/31/2012,79.66999817,79.94999695,79.50900269,79.68399811,0
11/1/2012,79.86000061,80.16400146,79.83999634,79.86000061,0
11/2/2012,80.21600342,80.66400146,80.18599701,80.22000122,0
11/5/2012,80.4960022,80.56199646,80.19000244,80.5,0
11/6/2012,80.15000153,80.31099701,79.97000122,80.16000366,0
11/7/2012,80.28099823,80.39600372,79.80000305,80.29000092,0
11/8/2012,79.97000122,79.99900055,79.76999664,79.97000122,0
11/9/2012,79.46299744,79.60700226,79.07499695,79.47899628,0
11/12/2012,79.46399689,79.55000305,79.34700012,79.45999908,0
11/13/2012,79.60399628,79.63500214,79.19799805,79.59799957,0
11/14/2012,79.4509964,80.30999756,79.38999939,79.45999908,0
11/15/2012,80.19000244,81.4240036,80.12999725,80.19999695,0
11/16/2012,81.11100006,81.29000092,80.90699768,81.12000275,0
11/19/2012,81.55500031,81.56800079,81.07800293,81.52600098,0
11/20/2012,81.35900116,81.72000122,81.12999725,81.34999847,0
11/21/2012,81.73500061,82.51699829,81.72899628,81.75499725,0
11/22/2012,82.57499695,82.83000183,82.26999664,82.5739975,0
11/23/2012,82.3690033,82.48000336,82.0739975,82.35900116,0
11/26/2012,82.55999756,82.61000061,81.92700195,82.54599762,0
11/27/2012,81.88800049,82.30400085,81.8730011,81.8730011,0
11/28/2012,82.09300232,82.20999908,81.70700073,82.08000183,0
11/29/2012,82.16300201,82.20700073,81.91799927,82.15000153,0
11/30/2012,82.14199829,82.72899628,82.05000305,82.15100098,0
12/3/2012,82.45400238,82.45800018,82.00099945,82.45600128,0
12/4/2012,82.15000153,82.17500305,81.80000305,82.13300323,0
12/5/2012,81.81700134,82.32299805,81.80699921,81.81600189,0
12/6/2012,82.43000031,82.59999847,82.31099701,82.43599701,0
12/7/2012,82.44999695,82.80500031,82.21800232,82.43000031,0
12/10/2012,82.56999969,82.58399963,82.11799622,82.55999756,0
12/11/2012,82.37000275,82.54100037,82.29799652,82.34999847,0
12/12/2012,82.52700043,82.93299866,82.49299622,82.51999664,0
12/13/2012,83.21700287,83.66000366,83.18699646,83.20999908,0
12/14/2012,83.67299652,83.95500183,83.34700012,83.66699982,0
12/17/2012,84.1230011,84.15799713,83.59999847,84.15799713,0
12/18/2012,83.9260025,84.06099701,83.80999756,83.90299988,0
12/19/2012,84.35199738,84.60900116,84.20800018,84.36100006,0
12/20/2012,84.20400238,84.42299652,83.87000275,84.22599792,0
12/21/2012,84.41999817,84.43499756,83.86199951,84.41999817,0
12/24/2012,84.40899658,84.76100159,84.31400299,84.41000366,0
12/25/2012,84.77999878,84.87999725,84.6760025,84.83999634,0
12/26/2012,85.01999664,85.62000275,84.75800323,85,0
12/27/2012,85.67700195,86.12400055,85.60199738,85.66799927,0
12/28/2012,86.49900055,86.53700256,85.94000244,86.50700378,0
12/31/2012,85.96099854,86.46399689,85.86000061,85.95999908,0
1/1/2013,86.64199829,86.75,86.63999939,86.72000122,0
1/2/2013,86.61000061,87.30000305,86.53199768,86.59999847,0
1/3/2013,87.25099945,87.30200195,86.77300262,87.27500153,0
1/4/2013,87.70400238,88.3809967,87.55699921,87.73999786,0
1/7/2013,88.20800018,88.21399689,87.61399841,88.19799805,0
1/8/2013,87.27799988,87.73999786,87.03900146,87.25299835,0
1/9/2013,86.90699768,87.86000061,86.86799622,86.86799622,0
1/10/2013,88.11599731,88.31400299,87.98999786,88.13300323,0
1/11/2013,89.29000092,89.40899658,88.75,89.2460022,0
1/14/2013,89.49199677,89.62999725,89.0719986,89.52300262,0
1/15/2013,89.44999695,89.61699677,88.30500031,89.45999908,0
1/16/2013,88.7460022,88.76000214,87.7990036,88.75,0
1/17/2013,88.66699982,89.54299927,88.13999939,88.62999725,0
1/18/2013,89.80999756,90.16100311,89.63700104,89.82099915,0
1/21/2013,90.1740036,90.18099976,89.35700226,90.18099976,0
1/22/2013,89.62599945,90.02700043,88.375,89.59999847,0
1/23/2013,88.52799988,88.76100159,88.05000305,88.52899933,0
1/24/2013,88.56999969,89.98300171,88.40699768,88.58000183,0
1/25/2013,90.54000092,91.18000031,90.28900146,90.55799866,0
1/28/2013,91.18099976,91.18099976,90.55400085,91.17900085,0
1/29/2013,90.43000031,90.98999786,90.33300018,90.45999908,0
1/30/2013,90.76999664,91.39800262,90.74900055,90.79000092,0
1/31/2013,91,91.22100067,90.73899841,91.02100372,0
2/1/2013,91.69999695,92.5530014,91.61399841,91.70700073,0
2/4/2013,92.77200317,93.16999817,92.51799774,92.76999664,0
2/5/2013,92.15000153,93.5019989,92.1190033,92.15299988,0
2/6/2013,93.56999969,94.02500153,93.30799866,93.56999969,0
2/7/2013,93.43000031,93.90000153,93.09300232,93.43499756,0
2/8/2013,93.60800171,93.71199799,92.2009964,93.63300323,0
2/11/2013,92.54000092,93.4940033,92.44999695,92.53500366,0
2/12/2013,94.18000031,94.38800049,92.97899628,94.19100189,0
2/13/2013,93.30000305,93.75,92.82800293,93.30500031,0
2/14/2013,93.22200012,93.6989975,92.95999908,93.2559967,0
2/15/2013,92.94999695,93.79699707,92.22000122,92.95700073,0
2/18/2013,93.75,94.18199921,93.70200348,93.72200012,0
2/19/2013,93.61000061,93.90399933,93.35800171,93.65000153,0
2/20/2013,93.70800018,93.7519989,93.13999939,93.70800018,0
2/21/2013,93.65000153,93.84799957,92.80999756,93.66000366,0
2/22/2013,93.15000153,93.48500061,92.91999817,93.15000153,0
2/25/2013,94.23100281,94.30200195,93.69499969,94.22000122,0
2/26/2013,92.36000061,92.73300171,91.4240036,92.39700317,0
2/27/2013,92.09999847,92.23799896,91.18599701,92.11000061,0
2/28/2013,92.30999756,92.65100098,92.00299835,92.3030014,0
3/1/2013,92.56999969,93.47200012,92.45200348,92.58200073,0
3/4/2013,93.5530014,93.71800232,93.28099823,93.56400299,0
3/5/2013,93.39700317,93.50499725,92.93000031,93.40100098,0
3/6/2013,93.26999664,93.65699768,93.01999664,93.28900146,0
3/7/2013,93.91999817,94.73999786,93.80999756,93.92700195,0
3/8/2013,94.89800262,96.48699951,94.84300232,94.9280014,0
3/11/2013,96.18499756,96.23300171,95.98000336,96.16999817,0
3/12/2013,96.62999725,96.67700195,95.64600372,96.6190033,0
3/13/2013,95.83000183,96.23899841,95.48000336,95.81999969,0
3/14/2013,96.01999664,96.56400299,95.70400238,96.01999664,0
3/15/2013,95.94999695,96.25700378,95.16000366,95.96199799,0
3/18/2013,94.91100311,95.18000031,94.31999969,94.88899994,0
3/19/2013,95.34400177,95.71800232,94.76999664,95.34300232,0
3/20/2013,95.05999756,95.63999939,94.83200073,95.05000305,0
3/21/2013,95.93000031,96.02400208,95.07299805,95.95500183,0
3/22/2013,94.91000366,95.05500031,94.22100067,94.91000366,0
3/25/2013,94.84899902,94.94999695,94.36399841,94.82800293,0
3/26/2013,93.94200134,94.44000244,93.87000275,93.96299744,0
3/27/2013,94.62000275,94.8809967,94.0719986,94.63500214,0
3/28/2013,94.30999756,94.4240036,93.87000275,94.31600189,0
3/29/2013,94.18299866,94.25499725,93.99199677,94.19000244,0
4/1/2013,94.26200104,94.34600067,93.18000031,94.28199768,0
4/2/2013,93.16000366,93.52899933,92.61499786,93.18000031,0
4/3/2013,93.33000183,93.67199707,92.80000305,93.36199951,0
4/4/2013,92.85900116,96.40000153,92.73799896,92.88899994,0
4/5/2013,96.42900085,97.19999695,95.81700134,96.43699646,0
4/8/2013,98.78500366,99.01599884,98.30000305,98.75099945,0
4/9/2013,99.31999969,99.48600006,98.63899994,99.27999878,0
4/10/2013,98.98200226,99.69400024,98.92299652,98.94999695,0
4/11/2013,99.66300201,99.76000214,99.14299774,99.66600037,0
4/12/2013,99.63800049,99.72000122,98.72699738,99.6210022,0
4/15/2013,98.44100189,98.68399811,97.6230011,98.40599823,0
4/16/2013,96.8010025,98.15100098,96.58899689,96.80000305,0
4/17/2013,97.60700226,98.41999817,97.52400208,97.61000061,0
4/18/2013,98.05999756,98.5019989,97.63999939,98.02899933,0
4/19/2013,98.22200012,99.32900238,98.11499786,98.20300293,0
4/22/2013,99.81400299,99.87999725,99.06600189,99.79699707,0
4/23/2013,99.18699646,99.51599884,98.49700165,99.16000366,0
4/24/2013,99.63600159,99.73100281,99.20999908,99.67700195,0
4/25/2013,99.41799927,99.5530014,99,99.41999817,0
4/26/2013,99.32800293,99.34999847,97.56099701,99.34200287,0
4/29/2013,97.86399841,98.15200043,97.36299896,97.84200287,0
4/30/2013,97.88200378,98.11299896,97.07800293,97.86399841,0
5/1/2013,97.26000214,97.66100311,97.02600098,97.26899719,0
5/2/2013,97.12000275,98.34700012,97.09899902,97.13200378,0
5/3/2013,97.94000244,99.21700287,97.93900299,97.94599915,0
5/6/2013,99.10600281,99.43900299,99.04000092,99.09999847,0
5/7/2013,99.36399841,99.37200165,98.86000061,99.34400177,0
5/8/2013,98.77999878,99.1269989,98.61000061,98.77600098,0
5/9/2013,98.8710022,99.3789978,98.63899994,98.87799835,0
5/10/2013,100.8379974,101.9489975,100.7419968,100.7649994,0
5/13/2013,101.9400024,102.0289993,101.5159988,101.9229965,0
5/14/2013,101.6699982,102.2610016,101.2900009,101.6669998,0
5/15/2013,102.1829987,102.7600021,101.901001,102.2099991,0
5/16/2013,102.2129974,102.6760025,101.8499985,102.2580032,0
5/17/2013,102.1179962,103.0879974,102.112999,102.1350021,0
5/20/2013,102.7320023,102.8799973,102.3330002,102.7009964,0
5/21/2013,102.1569977,102.8720016,102.1569977,102.1660004,0
5/22/2013,102.4349976,103.5479965,102.3600006,102.4420013,0
5/23/2013,103.177002,103.5500031,100.8769989,103.1760025,0
5/24/2013,102.4140015,102.5569992,100.8759995,102.4100037,0
5/27/2013,101.1009979,101.1940002,100.7549973,101.060997,0
5/28/2013,101.1169968,102.4840012,101.1050034,101.1050034,0
5/29/2013,102.5049973,102.5049973,100.7470016,102.4459991,0
5/30/2013,100.9530029,101.7819977,100.5,100.9160004,0
5/31/2013,101.0950012,101.2610016,100.2770004,101.0999985,0
6/3/2013,100.473999,100.7070007,98.86299896,100.4759979,0
6/4/2013,99.72599792,100.3980026,99.35299683,99.73799896,0
6/5/2013,100.2580032,100.4140015,99.0719986,100.25,0
6/6/2013,99.01999664,99.4509964,97.39900208,98.95200348,0
6/7/2013,97.35600281,97.77300262,95.20600128,97.32700348,0
6/10/2013,98.27600098,99.26999664,97.73000336,98.23799896,0
6/11/2013,98.84400177,98.96299744,96.57900238,98.84899902,0
6/12/2013,96.10600281,97.01100159,95.19599915,96.10199738,0
6/13/2013,95.93000031,95.93000031,93.82499695,95.92900085,0
6/14/2013,95.51399994,95.65699768,94.16300201,95.4940033,0
6/17/2013,94.25900269,95.10600281,94.18099976,94.24199677,0
6/18/2013,94.68000031,95.75299835,94.44100189,94.68000031,0
6/19/2013,95.51000214,95.63999939,94.83000183,95.51699829,0
6/20/2013,96.61699677,98.23899841,96.21099854,96.58999634,0
6/21/2013,97.14700317,98.11399841,96.85700226,97.14099884,0
6/24/2013,98.41999817,98.69400024,97.23699951,98.42299652,0
6/25/2013,97.5059967,98.04000092,97.03900146,97.53099823,0
6/26/2013,98.18000031,98.22000122,97.25900269,98.14700317,0
6/27/2013,97.80000305,98.56600189,97.58999634,97.76999664,0
6/28/2013,98.46800232,99.39700317,98.45899963,98.47599792,0
7/1/2013,99.41100311,99.83999634,99.18699646,99.37999725,0
7/2/2013,99.65399933,100.4380035,99.5,99.65699768,0
7/3/2013,100.7590027,100.8359985,99.25800323,100.7330017,0
7/4/2013,99.96199799,100.1320038,99.4940033,99.95600128,0
7/5/2013,100.25,101.0960007,99.90499878,100.2200012,0
7/8/2013,101.3720016,101.5240021,100.9309998,101.3860016,0
7/9/2013,100.8420029,101.2900009,100.8359985,100.8499985,0
7/10/2013,101.151001,101.1989975,99.76999664,101.1529999,0
7/11/2013,98.55200195,99.58999634,98.29799652,98.5510025,0
7/12/2013,99.04399872,99.6780014,98.70800018,99.04000092,0
7/15/2013,99.20300293,100.4540024,99.07299805,99.1969986,0
7/16/2013,99.94100189,100.0540009,99.25,99.94599915,0
7/17/2013,99.16000366,99.9240036,99.08100128,99.16000366,0
7/18/2013,99.67199707,100.6500015,99.47899628,99.66000366,0
7/19/2013,100.5,100.8529968,99.87000275,100.5220032,0
7/22/2013,100.348999,100.3889999,99.33100128,100.3889999,0
7/23/2013,99.31300354,100.1699982,99.21399689,99.3239975,0
7/24/2013,99.50099945,100.3960037,99.43199921,99.49700165,0
7/25/2013,100.4160004,100.4520035,99.45600128,100.4520035,0
7/26/2013,99.24700165,99.35299683,97.98400116,99.27500153,0
7/29/2013,97.98100281,98.19100189,97.63999939,97.95999908,0
7/30/2013,98.06199646,98.4489975,97.76399994,98.04299927,0
7/31/2013,97.99199677,98.46199799,97.59100342,98.01599884,0
8/1/2013,97.84300232,99.3710022,97.64800262,97.83300018,0
8/2/2013,99.43599701,99.93000031,98.67199707,99.41999817,0
8/5/2013,98.89199829,99.14399719,98.28299713,98.93499756,0
8/6/2013,98.26399994,98.57099915,97.54599762,98.23200226,0
8/7/2013,97.29699707,97.5039978,96.4240036,97.30799866,0
8/8/2013,96.55999756,96.9260025,95.80699921,96.56999969,0
8/9/2013,96.76300049,96.94000244,96.18000031,96.73999786,0
8/12/2013,96.02300262,96.90200043,96.01300049,96.04399872,0
8/13/2013,97.17199707,98.23999786,97.14600372,97.19999695,0
8/14/2013,98.1190033,98.41999817,97.86799622,98.15299988,0
8/15/2013,97.81300354,98.60099792,97.58999634,97.85299683,0
8/16/2013,97.09500122,97.73600006,97.05500031,97.05500031,0
8/19/2013,97.66400146,98.10800171,97.36000061,97.66699982,0
8/20/2013,97.61699677,97.85099792,96.90000153,97.57900238,0
8/21/2013,97.3030014,97.74099731,97.12200165,97.30999756,0
8/22/2013,97.79399872,98.77700043,97.76799774,97.80999756,0
8/23/2013,98.8710022,99.125,98.41000366,98.8789978,0
8/26/2013,98.70800018,98.82800293,98.27200317,98.70500183,0
8/27/2013,98.26699829,98.38300323,97.15599823,98.25800323,0
8/28/2013,96.91000366,97.80200195,96.89199829,96.89199829,0
8/29/2013,97.73600006,98.5059967,97.45700073,97.72799683,0
8/30/2013,98.28600311,98.45200348,97.90599823,98.29199982,0
9/2/2013,98.35399628,99.40000153,98.35399628,98.38500214,0
9/3/2013,99.5719986,99.85900116,99.18199921,99.56999969,0
9/4/2013,99.58000183,99.79299927,99.33200073,99.55400085,0
9/5/2013,99.73200226,100.1480026,99.59600067,99.72799683,0
9/6/2013,100.0999985,100.1159973,98.58399963,100.1159973,0
9/9/2013,100.0189972,100.0449982,99.33999634,99.97699738,0
9/10/2013,99.72299957,100.4430008,99.47000122,99.71900177,0
9/11/2013,100.3040009,100.5800018,99.89600372,100.2850037,0
9/12/2013,99.80599976,99.8809967,99.08999634,99.83000183,0
9/13/2013,99.55200195,99.97100067,99.26000214,99.57800293,0
9/16/2013,99.01699829,99.09999847,98.64800262,99.01499939,0
9/17/2013,99.09100342,99.37599945,99.05000305,99.06999969,0
9/18/2013,99.125,99.32800293,98.80999756,99.12799835,0
9/19/2013,98.22899628,99.55000305,98,98.20999908,0
9/20/2013,99.39399719,99.65000153,99.17199707,99.38999939,0
9/23/2013,99.27999878,99.29399872,98.66000366,99.27700043,0
9/24/2013,98.76999664,99.16000366,98.5,98.73999786,0
9/25/2013,98.73000336,98.79399872,98.39299774,98.74500275,0
9/26/2013,98.44200134,99.11699677,98.27500153,98.43499756,0
9/27/2013,98.89900208,98.97699738,98.19300079,98.90499878,0
9/30/2013,97.7990036,98.3010025,97.50900269,97.82700348,0
10/1/2013,98.38600159,98.69300079,97.66799927,98.40000153,0
10/2/2013,97.93399811,98.06999969,97.15000153,97.9260025,0
10/3/2013,97.34600067,97.86100006,97.03600311,97.30000305,0
10/4/2013,97.2539978,97.3730011,96.96800232,97.25900269,0
10/7/2013,97.2559967,97.29000092,96.82099915,97.29000092,0
10/9/2013,96.91600037,97.45999908,96.90100098,96.90100098,0
10/10/2013,97.47499847,98.19999695,97.46099854,97.47899628,0
10/11/2013,98.23999786,98.54499817,98.18499756,98.18499756,0
10/14/2013,98.33499908,98.33499908,98.08999634,98.31400299,0
10/15/2013,98.63899994,98.69000244,98.36000061,98.65000153,0
10/16/2013,98.56300354,98.93599701,98.24900055,98.54399872,0
10/17/2013,98.96600342,98.97899628,97.73300171,98.94000244,0
10/18/2013,97.97699738,98.15000153,97.55000305,97.98999786,0
10/21/2013,97.96299744,98.23699951,97.91600037,97.92700195,0
10/22/2013,98.19300079,98.48000336,97.91400146,98.19400024,0
10/23/2013,98.12000275,98.18399811,97.16999817,98.13300323,0
10/24/2013,97.40000153,97.59899902,97.17700195,97.41999817,0
10/25/2013,97.38600159,97.47499847,96.95800018,97.38500214,0
10/28/2013,97.61299896,97.77600098,97.45600128,97.56999969,0
10/29/2013,97.6269989,98.07299805,97.45999908,97.62000275,0
10/30/2013,98.18499756,98.30999756,98.10099792,98.19400024,0
10/31/2013,98.47599792,98.50700378,98.1210022,98.50700378,0
11/1/2013,98.33200073,98.83200073,97.83000183,98.32099915,0
11/4/2013,98.70400238,98.8259964,98.58000183,98.69200134,0
11/5/2013,98.62999725,98.63400269,98.16999817,98.6269989,0
11/6/2013,98.45800018,98.73999786,98.40599823,98.45600128,0
11/7/2013,98.65299988,99.39099884,98.55500031,98.65000153,0
11/8/2013,98.16500092,99.20200348,97.99199677,98.17099762,0
11/11/2013,99.19799805,99.29699707,98.9240036,99.1989975,0
11/12/2013,99.15299988,99.79100037,99.13800049,99.13800049,0
11/13/2013,99.57700348,99.65200043,99.30000305,99.61699677,0
11/14/2013,99.21800232,100.1230011,99.12000275,99.21800232,0
11/15/2013,100.2080002,100.4250031,99.96800232,100.2399979,0
11/18/2013,100.3330002,100.3539963,99.80000305,100.3539963,0
11/19/2013,99.84300232,100.2229996,99.55999756,99.86299896,0
11/20/2013,100.1439972,100.2050018,99.8010025,100.1809998,0
11/21/2013,100.237999,101.0599976,100.1620026,100.2070007,0
11/22/2013,101.2779999,101.3479996,100.9550018,101.3190002,0
11/25/2013,101.2689972,101.8970032,101.1389999,101.2900009,0
11/26/2013,101.3880005,101.6419983,101.3359985,101.3499985,0
11/27/2013,101.2300034,102.1610031,101.2300034,101.2340012,0
11/28/2013,102.2009964,102.362999,101.9430008,102.2099991,0
11/29/2013,102.276001,102.5820007,102.1200027,102.2919998,0
12/2/2013,102.4840012,103.0100021,102.2300034,102.4710007,0
12/3/2013,102.947998,103.3690033,102.3639984,102.9329987,0
12/4/2013,102.3420029,102.814003,102.2369995,102.3509979,0
12/5/2013,102.3610001,102.4300003,101.8499985,102.4039993,0
12/6/2013,101.7269974,102.8880005,101.7200012,101.7419968,0
12/9/2013,103.1070023,103.1640015,102.8880005,103.1309967,0
12/10/2013,103.2570038,103.3799973,102.6139984,103.2659988,0
12/11/2013,102.7919998,102.9300003,102.3499985,102.7979965,0
12/12/2013,102.5059967,103.0770035,102.4580002,102.5080032,0
12/13/2013,103.5230026,103.9079971,102.987999,103.5400009,0
12/16/2013,103.25,103.2699966,102.6699982,103.2699966,0
12/17/2013,103.0080032,103.0930023,102.7300034,103.0270004,0
12/18/2013,102.6409988,103.2610016,102.6240005,102.6240005,0
12/19/2013,104.2220001,104.3280029,103.822998,104.2129974,0
12/20/2013,104.2939987,104.6320038,104.0199966,104.276001,0
12/23/2013,104.0199966,104.0940018,103.7750015,104.0299988,0
12/24/2013,104.1549988,104.4039993,104.137001,104.1760025,0
12/25/2013,104.262001,104.4800034,104.1999969,104.3000031,0
12/26/2013,104.5110016,104.8300018,104.5110016,104.5240021,0
12/27/2013,104.913002,104.9980011,104.6500015,104.8789978,0
12/30/2013,105.2979965,105.4029999,105.0270004,105.3199997,0
12/31/2013,104.9179993,105.1230011,104.8499985,104.9339981,0
1/1/2014,105.3000031,105.3000031,105.2600021,105.3000031,0
1/2/2014,105.3170013,105.4300003,104.7149963,105.3239975,0
1/3/2014,104.8239975,104.8580017,104.0719986,104.8330002,0
1/6/2014,104.9000015,104.9250031,104.1600037,104.9120026,0
1/7/2014,104.2210007,104.711998,104.2020035,104.2099991,0
1/8/2014,104.697998,105.1090012,104.6529999,104.711998,0
1/9/2014,104.8379974,105.0410004,104.7600021,104.8440018,0
1/10/2014,104.8199997,105.0579987,103.8659973,104.8300018,0
1/13/2014,103.9189987,104.0210037,103.0230026,103.9489975,0
1/14/2014,103.1100006,103.7460022,103.0220032,103.1159973,0
1/15/2014,104.1589966,104.5780029,104.0830002,104.1790009,0
1/16/2014,104.5920029,104.9179993,104.1500015,104.5709991,0
1/17/2014,104.3170013,104.4629974,104.1999969,104.2949982,0
1/20/2014,104.2450027,104.2529984,103.8659973,104.237999,0
1/21/2014,104.2470016,104.7409973,104.189003,104.2249985,0
1/22/2014,104.2210007,104.5390015,103.9889984,104.2229996,0
1/23/2014,104.6500015,104.8130035,103.4909973,104.6350021,0
1/24/2014,103.3450012,103.5749969,102.0090027,103.3700027,0
1/27/2014,102.072998,102.9110031,102.0500031,102.0500031,0
1/28/2014,102.6650009,103.2450027,102.5319977,102.6610031,0
1/29/2014,103.2320023,103.3590012,102.0299988,103.2310028,0
1/30/2014,102.2399979,102.7799988,102.0879974,102.3000031,0
1/31/2014,102.7279968,102.9079971,102.0149994,102.7580032,0
2/3/2014,102.237999,102.3939972,101.2559967,102.1920013,0
2/4/2014,101.1569977,101.5670013,100.7839966,101.1419983,0
2/5/2014,101.6699982,101.689003,100.8209991,101.689003,0
2/6/2014,101.461998,101.9800034,101.2480011,101.4660034,0
2/7/2014,102.0299988,102.5279999,101.5449982,102.0390015,0
2/10/2014,102.4810028,102.5240021,101.9940033,102.5240021,0
2/11/2014,102.1350021,102.6269989,102.0719986,102.1330032,0
2/12/2014,102.5189972,102.6360016,102.2330017,102.5199966,0
2/13/2014,102.4629974,102.5179977,101.7099991,102.4690018,0
2/14/2014,102.1689987,102.3860016,101.586998,102.1880035,0
2/17/2014,101.5630035,101.9649963,101.3990021,101.564003,0
2/18/2014,102.0569992,102.737999,101.7590027,102.0619965,0
2/19/2014,102.302002,102.3320007,101.8479996,102.3320007,0
2/20/2014,102.2959976,102.3939972,101.6880035,102.310997,0
2/21/2014,102.3249969,102.7990036,102.3119965,102.3119965,0
2/24/2014,102.5299988,102.6650009,102.1740036,102.5130005,0
2/25/2014,102.5019989,102.6179962,102.0220032,102.4820023,0
2/26/2014,102.1399994,102.3949966,102.1070023,102.1500015,0
2/27/2014,102.2929993,102.3830032,101.7330017,102.2990036,0
2/28/2014,102.1159973,102.2559967,101.5680008,102.1100006,0
3/3/2014,101.3290024,101.5339966,101.1999969,101.3050003,0
3/4/2014,101.4219971,102.1200027,101.4120026,101.4120026,0
3/5/2014,102.1920013,102.5339966,102.1100006,102.1780014,0
3/6/2014,102.3610001,103.151001,102.3239975,102.3669968,0
3/7/2014,103.0469971,103.7300034,102.8399963,103.0319977,0
3/10/2014,103.1829987,103.3899994,102.935997,103.1900024,0
3/11/2014,103.2519989,103.4029999,103.1679993,103.2360001,0
3/12/2014,102.8529968,103.086998,102.5650024,102.8399963,0
3/13/2014,102.8199997,102.8519974,102.1470032,102.7829971,0
3/14/2014,101.7600021,101.8410034,101.2099991,101.7799988,0
3/17/2014,101.3580017,101.8619995,101.3300018,101.3300018,0
3/18/2014,101.8899994,101.9300003,101.3310013,101.8590012,0
3/19/2014,101.4749985,101.6819992,101.2949982,101.4400024,0
3/20/2014,102.4319992,102.5309982,102.2030029,102.4680023,0
3/21/2014,102.4020004,102.4069977,102.0250015,102.4069977,0
3/24/2014,102.2610016,102.6299973,102.1600037,102.2409973,0
3/25/2014,102.2300034,102.4589996,102.0999985,102.2070007,0
3/26/2014,102.3000031,102.4560013,102.2399979,102.2850037,0
3/27/2014,101.9150009,102.4100037,101.7399979,101.9029999,0
3/28/2014,102.1549988,102.9339981,102.0319977,102.1470032,0
3/31/2014,102.8550034,103.4250031,102.7939987,102.8889999,0
4/1/2014,103.2200012,103.5920029,103.0879974,103.2139969,0
4/2/2014,103.6269989,103.9290009,103.5889969,103.6330032,0
4/3/2014,103.8270035,104.0899963,103.8099976,103.8669968,0
4/4/2014,103.8929977,104.112999,103.3030014,103.8960037,0
4/7/2014,103.3239975,103.3320007,103,103.3199997,0
4/8/2014,103.0579987,103.0690002,102.064003,103.0690002,0
4/9/2014,101.9430008,102.1399994,101.7580032,101.9550018,0
4/10/2014,102.1169968,102.1299973,101.348999,102.1070023,0
4/11/2014,101.3600006,101.8560028,101.3349991,101.3799973,0
4/14/2014,101.487999,101.9889984,101.4150009,101.4420013,0
4/15/2014,101.9020004,101.9759979,101.5589981,101.9039993,0
4/16/2014,101.8700027,102.3619995,101.8700027,101.8769989,0
4/17/2014,102.189003,102.2699966,101.8769989,102.2009964,0
4/18/2014,102.4400024,102.5599976,102.3600006,102.4430008,0
4/21/2014,102.5550003,102.6900024,102.4950027,102.5599976,0
4/22/2014,102.6869965,102.7229996,102.4169998,102.6699982,0
4/23/2014,102.6190033,102.6829987,102.1900024,102.6210022,0
4/24/2014,102.4779968,102.6380005,102.0999985,102.4800034,0
4/25/2014,102.3099976,102.4810028,101.9700012,102.302002,0
4/28/2014,102.0960007,102.5999985,102.0530014,102.1050034,0
4/29/2014,102.5070038,102.7699966,102.4660034,102.5159988,0
4/30/2014,102.5569992,102.6050034,102.0510025,102.564003,0
5/1/2014,102.2419968,102.3420029,102.1299973,102.2200012,0
5/2/2014,102.2809982,102.9940033,102.1600037,102.2659988,0
5/5/2014,102.1989975,102.2170029,101.8600006,102.1999969,0
5/6/2014,102.1419983,102.1500015,101.5,102.1399994,0
5/7/2014,101.7220001,101.9670029,101.4280014,101.6930008,0
5/8/2014,101.8659973,101.9499969,101.5889969,101.8720016,0
5/9/2014,101.598999,101.8399963,101.5500031,101.5930023,0
5/12/2014,101.8700027,102.1600037,101.848999,101.9000015,0
5/13/2014,102.1780014,102.3539963,102.0479965,102.1849976,0
5/14/2014,102.2149963,102.2320023,101.7200012,102.2320023,0
5/15/2014,101.7649994,102.1119995,101.3550034,101.8150024,0
5/16/2014,101.4869995,101.6269989,101.3600006,101.4990005,0
5/19/2014,101.538002,101.5899963,101.0999985,101.5419998,0
5/20/2014,101.4700012,101.5899963,101.2200012,101.5,0
5/21/2014,101.2600021,101.538002,100.8300018,101.262001,0
5/22/2014,101.4199982,101.7900009,101.3499985,101.4199982,0
5/23/2014,101.7799988,101.9580002,101.6100006,101.7649994,0
5/26/2014,101.9779968,102.0350037,101.8379974,101.961998,0
5/27/2014,101.8799973,102.1230011,101.7200012,101.8939972,0
5/28/2014,101.9690018,102.0179977,101.6589966,101.9769974,0
5/29/2014,101.723999,101.7699966,101.439003,101.7300034,0
5/30/2014,101.7099991,101.8330002,101.5,101.7200012,0
6/2/2014,101.8700027,102.3330002,101.8610001,101.8759995,0
6/3/2014,102.4199982,102.4899979,102.2699966,102.4199982,0
6/4/2014,102.5599976,102.7900009,102.4430008,102.5400009,0
6/5/2014,102.677002,102.7089996,102.3560028,102.6809998,0
6/6/2014,102.4140015,102.6039963,102.1299973,102.4229965,0
6/9/2014,102.512001,102.5899963,102.3600006,102.4800034,0
6/10/2014,102.4779968,102.4990005,102.1999969,102.4800034,0
6/11/2014,102.3000031,102.387001,101.8679962,102.314003,0
6/12/2014,102.0009995,102.1350021,101.8089981,102,0
6/13/2014,101.7200012,102.137001,101.6999969,101.6999969,0
6/16/2014,101.9580002,101.9670029,101.7200012,101.9670029,0
6/17/2014,101.8759995,102.2300034,101.8600006,101.8700027,0
6/18/2014,102.1660004,102.302002,102.0500031,102.1740036,0
6/19/2014,101.9120026,101.9899979,101.7300034,101.8899994,0
6/20/2014,101.913002,102.1819992,101.8000031,101.9300003,0
6/23/2014,102.0999985,102.1269989,101.8099976,102.0660019,0
6/24/2014,101.8710022,102.1660004,101.8099976,101.8700027,0
6/25/2014,101.913002,101.9489975,101.6200027,101.9100037,0
6/26/2014,101.8119965,101.8199997,101.5049973,101.8000031,0
6/27/2014,101.6399994,101.6399994,101.3099976,101.637001,0
6/30/2014,101.435997,101.4560013,101.2399979,101.4430008,0
7/1/2014,101.2799988,101.5859985,101.2799988,101.2900009,0
7/2/2014,101.5500031,101.7799988,101.3899994,101.5400009,0
7/3/2014,101.8290024,102.2580032,101.7699966,101.8300018,0
7/4/2014,102.1969986,102.2129974,101.9700012,102.1800003,0
7/7/2014,102.1070023,102.1920013,101.8190002,102.1100006,0
7/8/2014,101.8099976,101.8499985,101.4800034,101.8000031,0
7/9/2014,101.4599991,101.7320023,101.4499969,101.4599991,0
7/10/2014,101.5429993,101.5630035,101.0709991,101.5350037,0
7/11/2014,101.3000031,101.3799973,101.2089996,101.2829971,0
7/14/2014,101.3499985,101.6210022,101.3359985,101.3700027,0
7/15/2014,101.5370026,101.7360001,101.4759979,101.5199966,0
7/16/2014,101.6800003,101.7839966,101.6299973,101.6600037,0
7/17/2014,101.6309967,101.6549988,101.2809982,101.6299973,0
7/18/2014,101.2109985,101.4400024,101.1849976,101.2300034,0
7/21/2014,101.3430023,101.3740005,101.1900024,101.3399963,0
7/22/2014,101.4189987,101.5859985,101.3410034,101.4000015,0
7/23/2014,101.4700012,101.5339966,101.3190002,101.4700012,0
7/24/2014,101.5199966,101.8270035,101.4059982,101.5199966,0
7/25/2014,101.7600021,101.9319992,101.6999969,101.7600021,0
7/28/2014,101.7490005,101.8960037,101.7460022,101.7490005,0
7/29/2014,101.8099976,102.1240005,101.8099976,101.8099976,0
7/30/2014,102.0690002,102.9089966,102.0299988,102.0759964,0
7/31/2014,102.8399963,102.9899979,102.7180023,102.8399963,0
8/1/2014,102.7659988,102.9960022,102.3679962,102.7730026,0
8/4/2014,102.5699997,102.7190018,102.4059982,102.5630035,0
8/5/2014,102.5400009,102.9160004,102.4599991,102.5419998,0
8/6/2014,102.5899963,102.612999,102.2559967,102.5889969,0
8/7/2014,102.1350021,102.4440002,102.0309982,102.112999,0
8/8/2014,102.1139984,102.1399994,101.5100021,102.1289978,0
8/11/2014,102.151001,102.1819992,102.0169983,102.1549988,0
8/12/2014,102.2129974,102.3560028,102.0979996,102.2050018,0
8/13/2014,102.2699966,102.5289993,102.2220001,102.2819977,0
8/14/2014,102.4219971,102.6399994,102.3000031,102.4079971,0
8/15/2014,102.4990005,102.6959991,102.1589966,102.4960022,0
8/18/2014,102.4000015,102.5899963,102.2399979,102.4100037,0
8/19/2014,102.6100006,102.8679962,102.5339966,102.6100006,0
8/20/2014,102.9380035,103.401001,102.8899994,102.9100037,0
8/21/2014,103.7009964,103.9499969,103.6159973,103.7009964,0
8/22/2014,103.8450012,104.1839981,103.5039978,103.848999,0
8/25/2014,104.1900024,104.2470016,103.8649979,104.2009964,0
8/26/2014,104.0699997,104.1500015,103.7549973,104.0699997,0
8/27/2014,104.0849991,104.1500015,103.7740021,104.0899963,0
8/28/2014,103.8669968,103.8779984,103.5599976,103.8779984,0
8/29/2014,103.7080002,104.0199966,103.6809998,103.6959991,0
9/1/2014,104.1689987,104.2949982,104.0899963,104.1679993,0
9/2/2014,104.3389969,105.1949997,104.3259964,104.3399963,0
9/3/2014,105.2080002,105.2959976,104.8470001,105.2369995,0
9/4/2014,104.8740005,105.2399979,104.7730026,104.8710022,0
9/5/2014,105.5699997,105.5820007,104.6949997,105.5820007,0
9/8/2014,105.1490021,105.6699982,104.9970016,105.1800003,0
9/9/2014,106.0940018,106.3799973,105.9580002,106.1600037,0
9/10/2014,106.1269989,106.8199997,106.038002,106.1230011,0
9/11/2014,106.8310013,107.1930008,106.6600037,106.8259964,0
9/12/2014,107.0979996,107.3929977,107.0550003,107.1050034,0
9/15/2014,107.3300018,107.3600006,107.0199966,107.3300018,0
9/16/2014,107.1380005,107.3249969,106.8759995,107.1380005,0
9/17/2014,107.1429977,107.6460037,107.1299973,107.1500015,0
9/18/2014,108.4899979,108.9400024,108.3919983,108.5159988,0
9/19/2014,108.8010025,109.4469986,108.6080017,108.8000031,0
9/22/2014,108.9319992,109.1790009,108.6699982,108.9400024,0
9/23/2014,108.7399979,108.9250031,108.2770004,108.75,0
9/24/2014,108.5400009,108.9810028,108.4940033,108.5419998,0
9/25/2014,109.3209991,109.3440018,108.5270004,109.3160019,0
9/26/2014,108.6200027,109.3119965,108.4950027,108.6100006,0
9/29/2014,109.4029999,109.737999,109.1360016,109.4110031,0
9/30/2014,109.4120026,109.836998,109.2020035,109.3899994,0
10/1/2014,109.6220016,110.0579987,109.25,109.6600037,0
10/2/2014,108.9810028,109.0660019,108.0999985,109.0199966,0
10/3/2014,108.5279999,109.8799973,108.5230026,108.5230026,0
10/6/2014,109.7779999,109.802002,109.0339966,109.802002,0
10/7/2014,108.8980026,109.2099991,108.1060028,108.8679962,0
10/8/2014,108.0530014,108.5319977,107.8399963,108.0719986,0
10/9/2014,108.1470032,108.3050003,107.5299988,108.1269989,0
10/10/2014,107.8550034,108.1429977,107.6279984,107.8300018,0
10/13/2014,107.3399963,107.5589981,107.0619965,107.3379974,0
10/14/2014,107.0699997,107.2919998,106.6989975,107.0630035,0
10/15/2014,107.2600021,107.4749985,105.6409988,107.314003,0
10/16/2014,106.0199966,106.3290024,105.5,105.9800034,0
10/17/2014,106.3799973,106.7649994,106.1380005,106.4049988,0
10/20/2014,107.1259995,107.375,106.7910004,107.1439972,0
10/21/2014,106.9100037,106.9100037,106.2699966,106.9100037,0
10/22/2014,107.0110016,107.3590012,106.8079987,107.0210037,0
10/23/2014,107.1179962,108.1869965,107.1100006,107.1480026,0
10/24/2014,108.1149979,108.2659988,107.7890015,108.1610031,0
10/27/2014,108.151001,108.2020035,107.6559982,108.2020035,0
10/28/2014,107.8509979,108.1620026,107.7200012,107.8430023,0
10/29/2014,108.1200027,108.2330017,107.947998,108.1119995,0
10/30/2014,108.8359985,109.2979965,108.8069992,108.8460007,0
10/31/2014,109.2229996,112.4629974,109.1969986,109.2129974,0
11/3/2014,112.8219986,114.1849976,112.5899963,112.8410034,0
11/4/2014,113.6869965,113.7679977,113.1969986,113.6480026,0
11/5/2014,113.512001,114.8130035,113.4680023,113.4800034,0
11/6/2014,114.6500015,115.4660034,114.1110001,114.6549988,0
11/7/2014,115.1920013,115.4609985,114.5019989,115.1760025,0
11/10/2014,114.5250015,114.7490005,113.8759995,114.5329971,0
11/11/2014,114.7809982,116.0719986,114.6330032,114.7529984,0
11/12/2014,115.7020035,115.8570023,114.9520035,115.7210007,0
11/13/2014,115.6259995,115.8570023,115.3580017,115.5699997,0
11/14/2014,115.8300018,116.8089981,115.75,115.8239975,0
11/17/2014,116.8249969,116.8960037,115.4800034,116.8960037,0
11/18/2014,116.6259995,116.9990005,116.387001,116.6460037,0
11/19/2014,116.8570023,117.7559967,116.8570023,116.8690033,0
11/20/2014,118.1389999,118.9690018,117.776001,118.1480026,0
11/21/2014,118.2399979,118.2399979,117.3809967,118.2360001,0
11/24/2014,117.7300034,118.4720001,117.5970001,117.7440033,0
11/25/2014,118.4079971,118.4540024,117.6940002,118.4540024,0
11/26/2014,117.8199997,117.8820038,117.4440002,117.8010025,0
11/27/2014,117.6159973,117.8219986,117.2600021,117.6299973,0
11/28/2014,117.8720016,118.6839981,117.8399963,117.8399963,0
12/1/2014,118.8740005,119.0849991,117.8899994,118.8639984,0
12/2/2014,118.3420029,119.2860031,118.2200012,118.3079987,0
12/3/2014,119.1600037,119.7440033,119.1299973,119.1940002,0
12/4/2014,119.8789978,120.197998,119.6930008,119.8610001,0
12/5/2014,119.7809982,121.6709976,119.6959991,119.8119965,0
12/8/2014,121.5950012,121.6689987,120.6800003,121.560997,0
12/9/2014,120.6600037,120.9950027,118.0009995,120.6500015,0
12/10/2014,119.4229965,119.9079971,118.3190002,119.3420029,0
12/11/2014,117.6569977,119.4309998,117.4700012,117.7089996,0
12/12/2014,119.0019989,119.1780014,118.0899963,119.0070038,0
12/15/2014,118.1110001,119.0110016,117.9830017,118.1650009,0
12/16/2014,117.7519989,117.9459991,115.5800018,117.7409973,0
12/17/2014,116.5469971,117.4970016,116.4639969,116.612999,0
12/18/2014,118.7440033,119.288002,118.2630005,118.7959976,0
12/19/2014,118.9029999,119.4889984,118.8300018,118.9380035,0
12/22/2014,119.4950027,119.9919968,119.3180008,119.4970016,0
12/23/2014,120.1419983,120.788002,120.0439987,120.1500015,0
12/24/2014,120.6760025,120.6989975,120.2770004,120.6900024,0
12/25/2014,120.3990021,120.4589996,119.9990005,120.4589996,0
12/26/2014,120.4120026,120.4560013,120.1600037,120.3700027,0
12/29/2014,120.4059982,120.6790009,120.1800003,120.4240036,0
12/30/2014,120.6200027,120.6640015,118.8970032,120.6320038,0
12/31/2014,119.4749985,119.8600006,119.2490005,119.4580002,0
1/1/2015,119.6729965,119.6729965,119.6729965,119.6729965,0
1/2/2015,119.8899994,120.7360001,119.8359985,119.8700027,0
1/5/2015,120.3889999,120.6080017,119.4110031,120.4339981,0
1/6/2015,119.4160004,119.4970016,118.6800003,119.4250031,0
1/7/2015,118.6740036,119.6389999,118.6729965,118.6729965,0
1/8/2015,119.3160019,119.9410019,119.1900024,119.2890015,0
1/9/2015,119.7639999,119.8430023,118.7789993,119.7919998,0
1/12/2015,118.2229996,119.2910004,118.1090012,118.211998,0
1/13/2015,118.2850037,118.8379974,117.7409973,118.3280029,0
1/14/2015,117.7799988,117.913002,116.0960007,117.7949982,0
1/15/2015,117.439003,117.9339981,116.2990036,117.3899994,0
1/16/2015,116.1119995,117.7300034,115.8649979,116.1299973,0
1/19/2015,117.5279999,117.6640015,116.9349976,117.5599976,0
1/20/2015,117.7399979,118.7539978,117.7009964,117.711998,0
1/21/2015,118.6279984,118.7470016,117.1940002,118.6490021,0
1/22/2015,117.8399963,118.3300018,117.2770004,117.8600006,0
1/23/2015,118.7099991,118.7509995,117.5500031,118.7509995,0
1/26/2015,117.3799973,118.4789963,117.3610001,117.3610001,0
1/27/2015,118.5080032,118.651001,117.3399963,118.5199966,0
1/28/2015,117.8180008,118.2429962,117.5660019,117.7750015,0
1/29/2015,117.6279984,118.1549988,117.5680008,117.5920029,0
1/30/2015,118.2480011,118.2730026,117.4039993,118.2480011,0
2/2/2015,117.1849976,117.8590012,117.1679993,117.1839981,0
2/3/2015,117.6019974,117.7200012,116.8960037,117.5749969,0
2/4/2015,117.6760025,117.9830017,117.2600021,117.6460037,0
2/5/2015,117.314003,117.5419998,117.0329971,117.288002,0
2/6/2015,117.5199966,119.1320038,117.1800003,117.5350037,0
2/9/2015,118.9570007,119.0329971,118.4459991,118.9700012,0
2/10/2015,118.6139984,119.5879974,118.3980026,118.5630035,0
2/11/2015,119.3479996,120.4020004,119.2860031,119.3580017,0
2/12/2015,120.1930008,120.3690033,118.8949966,120.1699982,0
2/13/2015,118.8809967,119.1839981,118.4380035,118.9160004,0
2/16/2015,118.625,118.7639999,118.3830032,118.5699997,0
2/17/2015,118.5059967,119.1029968,118.2440033,118.4919968,0
2/18/2015,119.1829987,119.3929977,118.9150009,119.2080002,0
2/19/2015,118.723999,119.1549988,118.4820023,118.689003,0
2/20/2015,119.0029984,119.0749969,118.3069992,118.987999,0
2/23/2015,119.0739975,119.3399963,118.8170013,119.0759964,0
2/24/2015,118.9000015,119.8330002,118.8700027,118.9029999,0
2/25/2015,118.8450012,119.0400009,118.6200027,118.8919983,0
2/26/2015,118.8280029,119.3820038,118.6760025,118.8219986,0
2/27/2015,119.4039993,119.5410004,119.1269989,119.3769989,0
3/2/2015,119.8450012,120.1330032,119.6709976,119.8259964,0
3/3/2015,120.197998,120.2040024,119.4160004,120.2040024,0
3/4/2015,119.6050034,119.8099976,119.4779968,119.637001,0
3/5/2015,119.6380005,120.3769989,119.6200027,119.651001,0
3/6/2015,120.0660019,121.2669983,119.8980026,120.0449982,0
3/9/2015,120.7099991,121.2490005,120.6060028,120.7389984,0
3/10/2015,121.427002,121.9960022,120.9599991,121.4079971,0
3/11/2015,121.0599976,121.6100006,121.026001,121.038002,0
3/12/2015,121.4449997,121.6529999,120.7229996,121.4110031,0
3/13/2015,121.302002,121.5550003,121.1669998,121.3180008,0
3/16/2015,121.3300018,121.4100037,121.0800018,121.3430023,0
3/17/2015,121.3730011,121.5070038,121.1449966,121.3669968,0
3/18/2015,121.2890015,121.3980026,120.7799988,121.2799988,0
3/19/2015,120.0790024,120.9720001,119.697998,120.064003,0
3/20/2015,120.7399979,121.1790009,120.2580032,120.762001,0
3/23/2015,120.0130005,120.1490021,119.598999,120.0270004,0
3/24/2015,119.7409973,119.9810028,119.25,119.75,0
3/25/2015,119.7699966,119.8119965,119.2480011,119.7910004,0
3/26/2015,119.5059967,119.5179977,118.3300018,119.5179977,0
3/27/2015,119.2139969,119.4820023,118.9380035,119.1829987,0
3/30/2015,119.2399979,120.1320038,119.1220016,119.25,0
3/31/2015,120.0289993,120.3300018,119.7969971,120.0130005,0
4/1/2015,119.9520035,120.3000031,119.4169998,120.0220032,0
4/2/2015,119.5759964,119.8580017,119.447998,119.5739975,0
4/3/2015,119.6959991,119.7529984,118.7229996,119.6969986,0
4/6/2015,118.8539963,119.163002,118.822998,118.822998,0
4/7/2015,119.487999,120.4430008,119.4489975,119.4769974,0
4/8/2015,120.2799988,120.3059998,119.6600037,120.2900009,0
4/9/2015,120.0899963,120.3960037,119.8550034,120.0940018,0
4/10/2015,120.5500031,120.6159973,120.0660019,120.5500031,0
4/13/2015,120.1910019,120.8330002,119.8320007,120.2089996,0
4/14/2015,120.0579987,120.060997,119.0680008,120.0589981,0
4/15/2015,119.4599991,119.7320023,119.1449966,119.4570007,0
4/16/2015,119.1409988,119.4589996,118.7900009,119.1429977,0
4/17/2015,119.0540009,119.2350006,118.5599976,119.0439987,0
4/20/2015,118.8339996,119.3509979,118.5469971,118.8180008,0
4/21/2015,119.2269974,119.8239975,119.1949997,119.1949997,0
4/22/2015,119.6409988,119.9380035,119.3499985,119.6330032,0
4/23/2015,119.9639969,120.0780029,119.6009979,119.9499969,0
4/24/2015,119.5800018,119.6200027,118.8919983,119.5709991,0
4/27/2015,118.9150009,119.4309998,118.7750015,118.927002,0
4/28/2015,119.1320038,119.1829987,118.7799988,119.1259995,0
4/29/2015,118.8300018,119.3550034,118.7699966,118.822998,0
4/30/2015,118.9759979,119.875,118.5070038,118.9700012,0
5/1/2015,119.4919968,120.2689972,119.4520035,119.4520035,0
5/4/2015,120.1320038,120.2710037,119.9980011,120.1360016,0
5/5/2015,120.1070023,120.4960022,119.7360001,120.0999985,0
5/6/2015,119.9300003,120.0390015,119.237999,119.9219971,0
5/7/2015,119.3880005,119.7829971,119.0589981,119.3970032,0
5/8/2015,119.7160034,120.2190018,119.6259995,119.7089996,0
5/11/2015,119.8270035,120.0770035,119.711998,119.7799988,0
5/12/2015,120.1179962,120.2699966,119.7949982,120.1309967,0
5/13/2015,119.875,119.9520035,119.0199966,119.8349991,0
5/14/2015,119.1959991,119.3259964,118.8899994,119.1600037,0
5/15/2015,119.2060013,119.9209976,119.1699982,119.1910019,0
5/18/2015,119.3529968,119.8830032,119.3300018,119.3300018,0
5/19/2015,119.9229965,120.7109985,119.8499985,119.9000015,0
5/20/2015,120.6620026,121.3759995,120.6520004,120.6520004,0
5/21/2015,121.197998,121.2450027,120.8509979,121.211998,0
5/22/2015,121.0459976,121.5579987,120.6439972,121.0390015,0
5/25/2015,121.5599976,121.7630005,121.4400024,121.5709991,0
5/26/2015,121.6439972,123.310997,121.5999985,121.5999985,0
5/27/2015,122.9899979,123.8450012,122.7919998,122.9860001,0
5/28/2015,123.7080002,124.4449997,123.5049973,123.7399979,0
5/29/2015,123.8030014,124.1620026,123.6080017,123.8199997,0
6/1/2015,124.2450027,124.6640015,123.8880005,124.1930008,0
6/2/2015,124.8639984,125.0090027,123.7750015,124.8470001,0
6/3/2015,124.0599976,124.6660004,123.7900009,124.0360031,0
6/4/2015,124.3190002,124.6620026,123.802002,124.3040009,0
6/5/2015,124.3590012,125.8219986,124.3590012,124.3799973,0
6/8/2015,125.6019974,125.6289978,124.9700012,125.6289978,0
6/9/2015,124.5979996,124.7229996,123.9000015,124.5630035,0
6/10/2015,124.3830032,124.6179962,122.5220032,124.3389969,0
6/11/2015,122.9199982,124.0699997,122.8659973,122.8659973,0
6/12/2015,123.5979996,123.810997,123.1719971,123.5810013,0
6/15/2015,123.3450012,123.6470032,123.2900009,123.2900009,0
6/16/2015,123.435997,123.7310028,123.3079987,123.4199982,0
6/17/2015,123.4440002,124.2900009,123.3499985,123.439003,0
6/18/2015,123.5550003,123.5630035,122.5199966,123.5299988,0
6/19/2015,123.0309982,123.2080002,122.5690002,123.0019989,0
6/22/2015,122.7900009,123.3529968,122.5699997,122.7509995,0
6/23/2015,123.4140015,124.1669998,123.3679962,123.3789978,0
6/24/2015,123.8720016,124.3570023,123.6999969,123.8600006,0
6/25/2015,123.8600006,123.9489975,123.3379974,123.8509979,0
6/26/2015,123.6009979,123.9759979,123.2279968,123.5979996,0
6/29/2015,122.4660034,123.1790009,122.3479996,122.6119995,0
6/30/2015,122.7109985,122.7109985,122.0039978,122.6699982,0
7/1/2015,122.4079971,123.2139969,122.3799973,122.3860016,0
7/2/2015,123.3180008,123.6620026,122.9540024,123.3199997,0
7/3/2015,123.0540009,123.1699982,122.6009979,123.0589981,0
7/6/2015,122.3939972,122.8899994,122.1869965,122.4069977,0
7/7/2015,122.6520004,122.8690033,122.0500031,122.6110001,0
7/8/2015,122.5339966,122.5339966,120.5149994,122.4899979,0
7/9/2015,120.901001,121.5599976,120.5800018,120.8619995,0
7/10/2015,121.6969986,122.7440033,121.5319977,121.6999969,0
7/13/2015,122.5,123.5100021,122.4280014,122.4960022,0
7/14/2015,123.5810013,123.7020035,122.9499969,123.5699997,0
7/15/2015,123.3300018,123.961998,123.2649994,123.3199997,0
7/16/2015,123.8919983,124.1719971,123.7399979,123.8700027,0
7/17/2015,124.163002,124.2289963,123.9179993,124.1490021,0
7/20/2015,124.1360016,124.3929977,124.0800018,124.1419983,0
7/21/2015,124.2870026,124.4729996,123.7740021,124.2939987,0
7/22/2015,123.8659973,124.1220016,123.5699997,123.8600006,0
7/23/2015,124.0619965,124.1780014,123.6969986,124.0680008,0
7/24/2015,123.8769989,124.0899963,123.5999985,123.8759995,0
7/27/2015,123.7600021,123.7730026,123,123.7630005,0
7/28/2015,123.2699966,123.7900009,123.0749969,123.2399979,0
7/29/2015,123.5670013,123.8990021,123.3290024,123.5759964,0
7/30/2015,123.9589996,124.564003,123.9400024,123.9400024,0
7/31/2015,124.072998,124.3700027,123.5139999,124.0709991,0
8/3/2015,124.0419998,124.2679977,123.9140015,124.0400009,0
8/4/2015,123.9430008,124.1019974,123.814003,123.9449997,0
8/5/2015,124.3079987,124.9990005,124.0289993,124.2740021,0
8/6/2015,124.7839966,124.9410019,124.5709991,124.7300034,0
8/7/2015,124.7549973,125.0309982,124.125,124.7340012,0
8/10/2015,124.3499985,124.7770004,124.2799988,124.3000031,0
8/11/2015,124.6159973,125.052002,124.5800018,124.612999,0
8/12/2015,125.0800018,125.2720032,123.8190002,125.0699997,0
8/13/2015,124.2990036,124.6169968,124.0999985,124.2549973,0
8/14/2015,124.3840027,124.5179977,124.0479965,124.362999,0
8/17/2015,124.3779984,124.5660019,124.2300034,124.3499985,0
8/18/2015,124.4339981,124.5,124.1900024,124.4380035,0
8/19/2015,124.3929977,124.4639969,124.0699997,124.3710022,0
8/20/2015,123.9219971,124.1240005,123.4970016,123.8970032,0
8/21/2015,123.4599991,123.4869995,122.0199966,123.4199982,0
8/24/2015,121.7440033,121.9169998,116.5049973,121.7320023,0
8/25/2015,118.8320007,120.310997,118.6999969,118.8840027,0
8/26/2015,118.6579971,119.8889999,118.5400009,118.5400009,0
8/27/2015,119.9860001,120.8759995,119.8099976,120.0579987,0
8/28/2015,120.9820023,121.4329987,120.6539993,121.0029984,0
8/31/2015,121.2900009,121.4000015,120.8820038,121.2890015,0
9/1/2015,121.112999,121.112999,119.5350037,121.0889969,0
9/2/2015,119.7229996,120.4150009,119.7149963,119.7149963,0
9/3/2015,120.6230011,120.6790009,119.7089996,120.5800018,0
9/4/2015,120.1100006,120.1100006,118.7929993,120.0559998,0
9/7/2015,119.1490021,119.5599976,118.8010025,119.1640015,0
9/8/2015,119.4229965,120.1900024,118.8700027,119.4029999,0
9/9/2015,120.0780029,121.185997,120.0780029,120.0889969,0
9/10/2015,120.2340012,121.2949982,119.9800034,120.2779999,0
9/11/2015,120.6600037,120.9469986,120.3919983,120.6190033,0
9/14/2015,120.7900009,120.7959976,119.8809967,120.7959976,0
9/15/2015,120.3199997,120.6299973,119.4069977,120.3600006,0
9/16/2015,120.4000015,120.6819992,120.1090012,120.4339981,0
9/17/2015,120.5370026,120.9749985,120.3600006,120.5230026,0
9/18/2015,120.072998,120.2249985,119.0569992,120.0459976,0
9/21/2015,120,120.6419983,119.7249985,120.0009995,0
9/22/2015,120.4929962,120.526001,119.6999969,120.4980011,0
9/23/2015,120.0910034,120.5339966,119.6389999,120.0800018,0
9/24/2015,120.2200012,120.3840027,119.2210007,120.1999969,0
9/25/2015,120.2639999,121.2300034,120.0100021,120.2399979,0
9/28/2015,120.3499985,120.4560013,119.6999969,120.3679962,0
9/29/2015,119.7929993,120.1399994,119.2600021,119.8399963,0
9/30/2015,119.8580017,120.3349991,119.560997,119.8600006,0
10/1/2015,119.8690033,120.2730026,119.5,119.8590012,0
10/2/2015,119.8209991,120.3990021,118.6999969,119.8099976,0
10/5/2015,120,120.3550034,119.8679962,119.9950027,0
10/6/2015,120.4499969,120.5619965,120.1299973,120.4609985,0
10/7/2015,120.2200012,120.3499985,119.7529984,120.2399979,0
10/8/2015,119.9300003,120.0979996,119.6419983,119.9150009,0
10/9/2015,119.9240036,120.3320007,119.8399963,119.9290009,0
10/12/2015,120.1589966,120.2109985,119.9039993,120.1790009,0
10/13/2015,120.0279999,120.0299988,119.5479965,120.0110016,0
10/14/2015,119.7419968,119.7419968,119.0699997,119.7200012,0
10/15/2015,118.8199997,119.1539993,118.0810013,118.8300018,0
10/16/2015,119.0820007,119.6289978,118.9199982,119.0500031,0
10/19/2015,119.2399979,119.5599976,119.1299973,119.2699966,0
10/20/2015,119.4810028,119.9459991,119.4100037,119.5029984,0
10/21/2015,119.7949982,120.0820007,119.7799988,119.7799988,0
10/22/2015,119.8610001,120.4800034,119.6200027,119.8420029,0
10/23/2015,120.8899994,121.2470016,120.2519989,120.8600006,0
10/26/2015,121.314003,121.314003,120.6620026,121.2959976,0
10/27/2015,120.9570007,120.9570007,120.1750031,120.9489975,0
10/28/2015,120.4720001,120.5429993,120.2779999,120.4769974,0
10/29/2015,120.8789978,121.1539993,120.6299973,120.8600006,0
10/30/2015,121.0360031,121.4329987,120.3059998,121,0
11/2/2015,120.5100021,120.6880035,120.2600021,120.4950027,0
11/3/2015,120.8040009,121.2200012,120.5800018,120.788002,0
11/4/2015,121.0800018,121.689003,121.0189972,121.0950012,0
11/5/2015,121.5270004,121.9869995,121.3909988,121.4899979,0
11/6/2015,121.6949997,123.1750031,121.6200027,121.6699982,0
11/9/2015,123.1940002,123.5920029,123.1340027,123.1999969,0
11/10/2015,123.0490036,123.427002,123.0429993,123.0770035,0
11/11/2015,123.0889969,123.1999969,122.75,123.0839996,0
11/12/2015,122.7450027,123.064003,122.6669998,122.7570038,0
11/13/2015,122.5699997,122.8330002,122.4820023,122.5599976,0
11/16/2015,122.3010025,123.1650009,122.3010025,122.3639984,0
11/17/2015,123.2600021,123.4759979,123.1800003,123.2659988,0
11/18/2015,123.4400024,123.5589981,123.2200012,123.4449997,0
11/19/2015,123.5139999,123.5490036,122.7990036,123.5250015,0
11/20/2015,122.9000015,123.038002,122.7350006,122.9120026,0
11/23/2015,122.9199982,123.2490005,122.8000031,122.9229965,0
11/24/2015,122.9449997,122.9449997,122.3779984,122.9150009,0
11/25/2015,122.5149994,122.8980026,122.25,122.5049973,0
11/26/2015,122.6750031,122.689003,122.5,122.6800003,0
11/27/2015,122.6299973,122.7720032,122.3150024,122.6340027,0
11/30/2015,122.8199997,123.2519989,122.6800003,122.8300018,0
12/1/2015,123.1999969,123.2720032,122.6600037,123.2099991,0
12/2/2015,122.9100037,123.4410019,122.8339996,122.9150009,0
12/3/2015,123.2200012,123.5510025,122.8850021,123.2259979,0
12/4/2015,122.6399994,123.348999,122.4599991,122.6529999,0
12/7/2015,123.1940002,123.4700012,123.1500015,123.1900024,0
12/8/2015,123.3000031,123.3180008,122.7220001,123.2799988,0
12/9/2015,122.9300003,123.0370026,121.8440018,122.9120026,0
12/10/2015,121.6910019,121.8519974,121.2590027,121.6999969,0
12/11/2015,121.7030029,122.2099991,120.8509979,121.7099991,0
12/14/2015,120.8840027,121.336998,120.6480026,120.8929977,0
12/15/2015,121.1200027,121.723999,120.5960007,121.0899963,0
12/16/2015,121.6709976,122.0849991,121.5899963,121.6750031,0
12/17/2015,122.4810028,122.7600021,122.2279968,122.4629974,0
12/18/2015,122.4550018,123.3389969,121.0899963,122.4499969,0
12/21/2015,121.2929993,121.4960022,121.0599976,121.3000031,0
12/22/2015,121.2070007,121.3000031,120.7289963,121.2060013,0
12/23/2015,121.0270004,121.0449982,120.8199997,121.0299988,0
12/24/2015,120.9400024,120.9489975,120.25,120.9349976,0
12/25/2015,120.3249969,120.3259964,120.0390015,120.1699982,0
12/28/2015,120.2460022,120.625,120.2310028,120.2310028,0
12/29/2015,120.3349991,120.4899979,120.2200012,120.3499985,0
12/30/2015,120.5289993,120.6299973,120.3499985,120.5289993,0
12/31/2015,120.4499969,120.4899979,120.0039978,120.4499969,0
1/1/2016,120.288002,120.288002,120.288002,120.288002,0
1/4/2016,120.3170013,120.447998,118.7200012,120.310997,0
1/5/2016,119.473999,119.6800003,118.8010025,119.4670029,0
1/6/2016,119.0999985,119.1500015,118.2600021,119.1019974,0
1/7/2016,118.6090012,118.7529984,117.3639984,118.6100006,0
1/8/2016,117.5299988,118.7099991,117.512001,117.5400009,0
1/11/2016,117.072998,117.9919968,117.0090027,117.0800018,0
1/12/2016,117.6809998,118.0439987,117.2399979,117.6500015,0
1/13/2016,117.8310013,118.362999,117.7799988,117.8300018,0
1/14/2016,117.4000015,118.1610031,117.3099976,117.4250031,0
1/15/2016,118.2229996,118.2559967,116.6500015,118.2030029,0
1/18/2016,117.0100021,117.4339981,116.9309998,116.9899979,0
1/19/2016,117.3970032,118.0999985,117.2669983,117.3840027,0
1/20/2016,117.5599976,117.5650024,116.0169983,117.5650024,0
1/21/2016,117.2080002,117.4580002,116.4779968,117.1340027,0
1/22/2016,117.9250031,118.637001,117.5599976,117.9240036,0
1/25/2016,118.5599976,118.8440018,118.1819992,118.5719986,0
1/26/2016,118.2350006,118.5950012,117.6660004,118.2279968,0
1/27/2016,118.3840027,118.7389984,118.0530014,118.3799973,0
1/28/2016,118.4820023,118.9869995,118.4100037,118.4670029,0
1/29/2016,118.9300003,121.6610031,118.5199966,118.9300003,0
2/1/2016,121.3420029,121.4020004,120.6989975,121.3399963,0
2/2/2016,120.8539963,121,120.1999969,120.8399963,0
2/3/2016,119.8499985,120.038002,117.5790024,119.8560028,0
2/4/2016,118.1640015,118.1699982,116.8190002,118.1200027,0
2/5/2016,116.8519974,117.3590012,116.5199966,116.8659973,0
2/8/2016,116.9489975,117.5199966,115.5830002,116.9499969,0
2/9/2016,115.6500015,115.6679993,114.2710037,115.6679993,0
2/10/2016,115.1849976,115.1910019,114.2799988,115.1910019,0
2/11/2016,113.2389984,113.4629974,111.0810013,113.2519989,0
2/12/2016,112.4830017,113.1230011,111.7559967,112.4970016,0
2/15/2016,113.6750031,114.5469971,113.2779999,113.6699982,0
2/16/2016,114.3180008,114.8679962,113.6600037,114.3219986,0
2/17/2016,114.1340027,114.4950027,113.3889999,114.0800018,0
2/18/2016,114.2910004,114.2910004,113.6200027,114.2799988,0
2/19/2016,113.2710037,113.2720032,112.7310028,113.25,0
2/22/2016,112.526001,113.3649979,112.4889984,112.4889984,0
2/23/2016,112.9530029,112.9710007,111.7890015,112.9710007,0
2/24/2016,111.9110031,112.2200012,111.1119995,111.8799973,0
2/25/2016,112.0650024,112.9209976,111.9860001,112.1009979,0
2/26/2016,113.1380005,113.9300003,112.5599976,113.1179962,0
2/29/2016,113.7190018,113.8420029,112.6959991,113.6600037,0
3/1/2016,112.4209976,113.8000031,112.1729965,112.4300003,0
3/2/2016,113.9199982,114.5410004,113.7360001,113.9300003,0
3/3/2016,113.4909973,114.2600021,113.4599991,113.4660034,0
3/4/2016,113.6800003,114.1600037,113.1449966,113.6699982,0
3/7/2016,113.8199997,113.8199997,113.4059982,113.8030014,0
3/8/2016,113.4820023,113.4820023,112.4649963,113.4520035,0
3/9/2016,112.6800003,113.1429977,112.2399979,112.6600037,0
3/10/2016,113.2200012,114.4319992,113.1600037,113.2529984,0
3/11/2016,112.8389969,113.9110031,112.8300018,112.8600006,0
3/14/2016,113.7630005,113.9950027,113.5139999,113.7779999,0
3/15/2016,113.8270035,113.927002,112.6699982,113.8300018,0
3/16/2016,113.1009979,113.8089981,113.0210037,113.1050034,0
3/17/2016,112.7939987,112.9339981,110.6900024,112.7519989,0
3/18/2016,111.3840027,111.6039963,110.8239975,111.3499985,0
3/21/2016,111.4400024,111.8499985,111.2300034,111.4449997,0
3/22/2016,112.1439972,112.185997,111.4120026,112.1389999,0
3/23/2016,112.2610016,112.887001,112.1470032,112.2519989,0
3/24/2016,112.4240036,112.9840012,112.3000031,112.4000015,0
3/25/2016,112.8300018,113.2919998,112.8099976,112.8300018,0
3/28/2016,113.4710007,113.6800003,113.1549988,113.4499969,0
3/29/2016,113.3649979,113.7839966,113.2340012,113.3639984,0
3/30/2016,112.6470032,112.6949997,112.0319977,112.6800003,0
3/31/2016,112.3450012,112.6389999,112.1100006,112.3659973,0
4/1/2016,112.4800034,112.4800034,111.862999,112.4800034,0
4/4/2016,111.7050018,111.7330017,111.1350021,111.7220001,0
4/5/2016,111.2440033,111.25,110.0429993,111.25,0
4/6/2016,110.3690033,110.6289978,109.6340027,110.3779984,0
4/7/2016,109.7330017,109.7740021,107.7600021,109.6989975,0
4/8/2016,108.5159988,109.0899963,108.2210007,108.427002,0
4/11/2016,108.3119965,108.4199982,107.6640015,108.310997,0
4/12/2016,107.9499969,108.6600037,107.9039993,107.9300003,0
4/13/2016,108.6709976,109.3809967,108.5400009,108.6399994,0
4/14/2016,109.4140015,109.5329971,108.901001,109.4199982,0
4/15/2016,109.3270035,109.7300034,108.6159973,109.3160019,0
4/18/2016,108.1029968,108.9420013,107.8690033,108.0169983,0
4/19/2016,109.0599976,109.4700012,108.7969971,109.072998,0
4/20/2016,109.1809998,109.5100021,108.7699966,109.2399979,0
4/21/2016,109.8300018,109.8379974,109.3399963,109.8379974,0
4/22/2016,109.4810028,111.5299988,109.2799988,109.4369965,0
4/25/2016,111.4530029,111.4530029,110.8539963,111.435997,0
4/26/2016,111.1080017,111.3059998,110.6740036,111.1360016,0
4/27/2016,111.2340012,111.3860016,111.0270004,111.2300034,0
4/28/2016,111.5159988,111.8529968,107.9499969,111.5199966,0
4/29/2016,108.0899963,108.0899963,106.7080002,108.0759964,0
5/2/2016,106.4649963,106.788002,106.1959991,106.4530029,0
5/3/2016,106.4029999,106.4029999,105.5400009,106.3960037,0
5/4/2016,106.6959991,107.3499985,106.2839966,106.6800003,0
5/5/2016,106.9400024,107.4349976,106.8099976,106.9199982,0
5/6/2016,107.3570023,107.4219971,106.4720001,107.2750015,0
5/9/2016,107.3379974,108.5960007,107.2470016,107.3600006,0
5/10/2016,108.3700027,109.2610016,108.3170013,108.3310013,0
5/11/2016,109.2099991,109.2099991,108.4400024,109.1940002,0
5/12/2016,108.4400024,109.3779984,108.2419968,108.4150009,0
5/13/2016,109.1220016,109.4540024,108.5139999,109.0999985,0
5/16/2016,108.6709976,108.9700012,108.6330032,108.6610031,0
5/17/2016,109.0699997,109.6419983,108.8509979,109.0800018,0
5/18/2016,109.026001,109.8190002,108.7529984,108.9499969,0
5/19/2016,110.2009964,110.3560028,109.7050018,110.1399994,0
5/20/2016,109.9120026,110.5759964,109.8570023,109.8809967,0
5/23/2016,110.0660019,110.0660019,109.3399963,110.0500031,0
5/24/2016,109.3430023,110.0459976,109.1699982,109.3740005,0
5/25/2016,110.1600037,110.4430008,109.8600006,110.1699982,0
5/26/2016,110.098999,110.1259995,109.4250031,110.1110001,0
5/27/2016,109.6800003,109.9899979,109.487999,109.7129974,0
5/30/2016,110.762001,111.4199982,110.7200012,110.7699966,0
5/31/2016,110.8539963,111.3300018,110.7770004,110.8410034,0
6/1/2016,110.6500015,110.8239975,109.0599976,110.6699982,0
6/2/2016,109.401001,109.4769974,108.5270004,109.4769974,0
6/3/2016,108.9189987,109.1279984,106.637001,108.8600006,0
6/6/2016,106.6949997,107.4219971,106.5550003,106.7210007,0
6/7/2016,107.4000015,107.8730011,107.1900024,107.4380035,0
6/8/2016,107.2419968,107.2610016,106.6060028,107.2539978,0
6/9/2016,106.8040009,106.8639984,106.2779999,106.7799988,0
6/10/2016,107.0780029,107.2200012,106.6949997,107.0899963,0
6/13/2016,106.4820023,106.6259995,105.7450027,106.5039978,0
6/14/2016,106.1999969,106.4039993,105.6480026,106.2259979,0
6/15/2016,106.064003,106.3700027,105.7860031,106.086998,0
6/16/2016,105.8600006,105.8600006,103.6299973,105.8499985,0
6/17/2016,104.7730026,104.8059998,104.0999985,104.7429962,0
6/20/2016,104.6589966,104.8330002,104.3000031,104.6480026,0
6/21/2016,103.7929993,104.7399979,103.6149979,103.8239975,0
6/22/2016,104.6699982,104.7649994,104.3330002,104.6699982,0
6/23/2016,104.5849991,106,104.2529984,104.6500015,0
6/24/2016,104.9029999,105.4980011,99.97299957,104.8960037,0
6/27/2016,102.2200012,102.3980026,101.4499969,102.1269989,0
6/28/2016,101.7490005,102.7949982,101.5849991,101.8119965,0
6/29/2016,102.6900024,102.7860031,102.1900024,102.7009964,0
6/30/2016,102.7340012,102.939003,102.3939972,102.7779999,0
7/1/2016,103.0530014,103.1480026,102.4560013,103.072998,0
7/4/2016,102.4649963,102.7959976,102.4599991,102.487999,0
7/5/2016,102.5199966,102.5210037,101.4599991,102.5179977,0
7/6/2016,101.1600037,101.2730026,100.2149963,101.1409988,0
7/7/2016,101.0950012,101.2300034,100.6100006,101.1500015,0
7/8/2016,100.7969971,101.1529999,100.0960007,100.7900009,0
7/11/2016,100.6760025,102.6900024,100.5599976,100.6920013,0
7/12/2016,102.5029984,104.7929993,102.4649963,102.5240021,0
7/13/2016,104.7320023,104.8460007,103.9629974,104.7559967,0
7/14/2016,104.0360031,105.9089966,104.0360031,104.0759964,0
7/15/2016,105.1600037,106.3050003,105.1500015,105.1910019,0
7/18/2016,105.435997,106.1760025,105.3030014,105.4589996,0
7/19/2016,106.1380005,106.5309982,105.6740036,106.1460037,0
7/20/2016,106.1360016,106.7829971,105.8509979,106.137001,0
7/21/2016,107.1650009,107.4840012,105.4430008,107.2040024,0
7/22/2016,105.7949982,106.3840027,105.6019974,105.810997,0
7/25/2016,106.2639999,106.7040024,105.9469986,106.3259964,0
7/26/2016,105.5879974,105.6340027,104.0289993,105.5780029,0
7/27/2016,104.8330002,106.5100021,104.8330002,104.848999,0
7/28/2016,104.935997,105.1490021,104.5210037,104.9509964,0
7/29/2016,104.7720032,104.8059998,102.2779999,104.7450027,0
8/1/2016,102.3470001,102.6800003,102.1380005,102.3320007,0
8/2/2016,102.3069992,102.7949982,100.814003,102.3590012,0
8/3/2016,101.0780029,101.5459976,100.7480011,101.0680008,0
8/4/2016,101.3190002,101.663002,100.8669968,101.336998,0
8/5/2016,101.2269974,102.0309982,100.8880005,101.1989975,0
8/8/2016,102.038002,102.6269989,101.9100037,102.1449966,0
8/9/2016,102.2829971,102.5169983,101.8000031,102.288002,0
8/10/2016,101.9219971,101.9219971,100.9690018,101.9150009,0
8/11/2016,101.1360016,101.4950027,101.0250015,101.1330032,0
8/12/2016,101.8119965,102.2689972,100.8619995,101.8079987,0
8/15/2016,101.2639999,101.447998,100.887001,101.2829971,0
8/16/2016,101.2509995,101.2509995,99.57299805,101.2399979,0
8/17/2016,100.211998,101.1230011,100.1689987,100.1999969,0
8/18/2016,99.89299774,100.4720001,99.65200043,99.90599823,0
8/19/2016,100.1409988,100.4290009,100.0459976,100.1119995,0
8/22/2016,100.5410004,100.9260025,100.2249985,100.5540009,0
8/23/2016,100.3010025,100.3799973,99.95600128,100.2509995,0
8/24/2016,100.3479996,100.5780029,100.0979996,100.310997,0
8/25/2016,100.5490036,100.5950012,100.3079987,100.552002,0
8/26/2016,100.5569992,101.2890015,100.0879974,100.5550003,0
8/29/2016,101.9609985,102.3820038,101.8639984,101.9199982,0
8/30/2016,101.8119965,102.947998,101.7559967,101.8089981,0
8/31/2016,102.8730011,103.5199966,102.8679962,102.8679962,0
9/1/2016,103.3069992,103.9940033,103.0820007,103.302002,0
9/2/2016,103.2490005,104.2850037,102.8430023,103.2580032,0
9/5/2016,103.9580002,104.0110016,103.1539993,103.9339981,0
9/6/2016,103.5270004,103.8059998,102.0479965,103.5100021,0
9/7/2016,101.5429993,101.7559967,101.2289963,101.5250015,0
9/8/2016,101.8170013,102.2839966,101.447998,101.8290024,0
9/9/2016,102.3059998,103.0210037,101.987999,102.3059998,0
9/12/2016,102.4670029,102.6500015,101.7710037,102.4380035,0
9/13/2016,101.7559967,102.4100037,101.4720001,101.7509995,0
9/14/2016,102.5339966,103.3359985,102.3320007,102.5039978,0
9/15/2016,102.526001,102.7310028,101.9589996,102.5479965,0
9/16/2016,101.9840012,102.3949966,101.7740021,102.0080032,0
9/19/2016,102.3310013,102.362999,101.5810013,102.3069992,0
9/20/2016,101.9049988,102.0479965,101.572998,101.8460007,0
9/21/2016,101.5940018,102.7770004,100.5630035,101.5469971,0
9/22/2016,100.4020004,100.8919983,100.1009979,100.3929977,0
9/23/2016,100.8030014,101.2300034,100.689003,100.8310013,0
9/26/2016,100.9100037,101.0759964,100.2959976,100.8889999,0
9/27/2016,100.3840027,100.9759979,100.1409988,100.3590012,0
9/28/2016,100.4749985,100.8119965,100.4229965,100.4680023,0
9/29/2016,100.9440002,101.8099976,100.9209976,100.9349976,0
9/30/2016,101.1869965,101.6869965,100.7559967,101.1989975,0
10/3/2016,101.5390015,101.6520004,101.2149963,101.5630035,0
10/4/2016,101.8359985,102.862999,101.8170013,101.8170013,0
10/5/2016,102.8420029,103.5830002,102.6819992,102.8799973,0
10/6/2016,103.4489975,104.1460037,103.3470001,103.4599991,0
10/7/2016,103.7529984,103.9779968,102.8710022,103.7649994,0
10/10/2016,103.0579987,103.7440033,102.8180008,103.0179977,0
10/11/2016,103.7360001,104.064003,103.3160019,103.6969986,0
10/12/2016,103.3059998,104.4729996,103.3000031,103.3420029,0
10/13/2016,104.3170013,104.6110001,103.3590012,104.3040009,0
10/14/2016,103.7529984,104.4589996,103.6650009,103.7220001,0
10/17/2016,104.0800018,104.3519974,103.9020004,104.0390015,0
10/18/2016,103.8590012,104.1900024,103.689003,103.8509979,0
10/19/2016,103.8740005,103.935997,103.1829987,103.8649979,0
10/20/2016,103.439003,104.0739975,103.3909988,103.3909988,0
10/21/2016,104.1299973,104.1989975,103.5240021,104.1090012,0
10/24/2016,103.9069977,104.2990036,103.7200012,103.9169998,0
10/25/2016,104.2900009,104.8649979,104.25,104.3209991,0
10/26/2016,104.1439972,104.4690018,104.0240021,104.1539993,0
10/27/2016,104.5719986,105.1549988,104.3259964,104.5630035,0
10/28/2016,105.2350006,105.4950027,105.0660019,105.2089996,0
10/31/2016,104.5670013,105.2170029,104.5410004,104.5650024,0
11/1/2016,104.8290024,105.1200027,104.4570007,104.8199997,0
11/2/2016,104.0830002,104.1559982,103.1080017,104.0920029,0
11/3/2016,103.3929977,103.435997,102.5759964,103.3779984,0
11/4/2016,103.0449982,103.3430023,102.8420029,103.052002,0
11/7/2016,104.1800003,104.625,103.8470001,104.1949997,0
11/8/2016,104.4550018,104.8209991,104.302002,104.4380035,0
11/9/2016,104.9929962,105.4209976,101.2060013,105.0299988,0
11/10/2016,105.8499985,106.9349976,105.0230026,105.8529968,0
11/11/2016,106.8059998,106.9160004,106.0540009,106.8560028,0
11/14/2016,106.862999,108.4670029,106.862999,106.8710022,0
11/15/2016,108.2220001,108.9749985,107.7900009,108.2020035,0
11/16/2016,109.0059967,109.7470016,108.8089981,109.038002,0
11/17/2016,108.7819977,109.612999,108.572998,108.7850037,0
11/18/2016,110.2369995,110.8769989,109.8150024,110.2559967,0
11/21/2016,110.9290009,111.1640015,110.5059967,110.9729996,0
11/22/2016,110.677002,111.3539963,110.2850037,110.6500015,0
11/23/2016,110.9990005,112.9430008,110.862999,111.0059967,0
11/24/2016,112.512001,113.5110016,112.427002,112.5820007,0
11/25/2016,113.2730026,113.8899994,112.6100006,113.2919998,0
11/28/2016,112.6500015,112.7679977,111.3949966,112.6520004,0
11/29/2016,111.7050018,113.3000031,111.6900024,111.6900024,0
11/30/2016,112.5039978,113.9420013,112.0660019,112.4700012,0
12/1/2016,114.6709976,114.7129974,113.8410034,114.6940002,0
12/2/2016,113.9020004,114.1579971,113.3339996,113.9089966,0
12/5/2016,113.5250015,114.7710037,113.3349991,113.5049973,0
12/6/2016,113.8820038,114.1669998,113.5149994,113.862999,0
12/7/2016,114.0820007,114.3840027,113.5189972,114.052002,0
12/8/2016,113.7720032,114.3610001,113.2020035,113.7129974,0
12/9/2016,114.0630035,115.2659988,114.0199966,114.0749969,0
12/12/2016,115.4400024,116.0790024,115.1569977,115.4120026,0
12/13/2016,114.9929962,115.4680023,114.7770004,115.0019989,0
12/14/2016,115.1949997,115.3040009,114.7809982,115.223999,0
12/15/2016,117.2320023,118.6470032,117.1989975,117.2109985,0
12/16/2016,118.2679977,118.3980026,117.9264984,118.2409973,0
12/19/2016,117.8170013,117.8330002,116.8470001,117.7910004,0
12/20/2016,117.0439987,118.2310028,117,117.0370026,0
12/21/2016,117.8059998,118.0479965,117.112999,117.875,0
12/22/2016,117.6179962,117.8509979,117.3170013,117.6039963,0
12/23/2016,117.5599976,117.5599976,117.1760025,117.5419998,0
12/26/2016,117.3130035,117.3130035,117.0009995,117.3099976,0
12/27/2016,117.1829987,117.6009979,117.1829987,117.1920013,0
12/28/2016,117.4869995,117.8050003,117.3779984,117.4800034,0
12/29/2016,117.0469971,117.086998,116.2320023,117.086998,0
12/30/2016,116.3150024,117.1900024,116.1220016,116.2669983,0
1/2/2017,116.8099976,117.4850006,116.7249985,116.7949982,0
1/3/2017,117.487999,118.5930023,117.2860031,117.4950027,0
1/4/2017,117.6780014,118.1760025,117.0680008,117.6589966,0
1/5/2017,117.0559998,117.112999,115.2929993,117.112999,0
1/6/2017,115.3180008,116.7440033,115.2630005,115.2649994,0
1/9/2017,117.1589966,117.5240021,116.1829987,117.1500015,0
1/10/2017,115.9960022,116.3330002,115.2030029,115.9850006,0
1/11/2017,115.875,116.8349991,115.6809998,115.8720016,0
1/12/2017,115.0550003,115.2190018,113.7600021,115.0979996,0
1/13/2017,114.6959991,115.3880005,114.2839966,114.6640015,0
1/16/2017,114.262001,114.4489975,113.6959991,114.2269974,0
1/17/2017,114.1259995,114.276001,112.7399979,114.1520004,0
1/18/2017,112.9079971,113.5550003,112.6449966,112.8779984,0
1/19/2017,114.737999,115.5210037,114.4229965,114.762001,0
1/20/2017,114.8939972,115.3700027,114.5459976,114.9800034,0
1/23/2017,113.8529968,114.0360031,112.9749985,113.8099976,0
1/24/2017,112.8379974,113.4680023,112.5800018,112.7799988,0
1/25/2017,113.9029999,113.961998,113.0830002,113.8399963,0
1/26/2017,113.1920013,114.7679977,113.0670013,113.2929993,0
1/27/2017,114.4250031,115.3359985,114.401001,114.4550018,0
1/30/2017,114.6829987,114.9150009,113.7639999,114.6679993,0
1/31/2017,113.6940002,113.9319992,112.0830002,113.6500015,0
2/1/2017,112.7679977,113.9150009,112.7429962,112.7429962,0
2/2/2017,113.2429962,113.310997,112.0770035,113.310997,0
2/3/2017,112.7789993,113.2320023,112.3235016,112.7890015,0
2/6/2017,112.6470032,112.7710037,112.0279999,112.6389999,0
2/7/2017,111.7979965,112.5589981,111.598999,111.8270035,0
2/8/2017,112.4020004,112.5199966,111.6490021,112.387001,0
2/9/2017,111.9550018,113.1790009,111.9029999,111.9520035,0
2/10/2017,113.4369965,113.8399963,113.3740005,113.4339981,0
2/13/2017,113.9700012,114.1350021,113.4520035,113.9140015,0
2/14/2017,113.6729965,114.4329987,113.2710037,113.7050018,0
2/15/2017,114.2860031,114.9410019,114.2409973,114.3010025,0
2/16/2017,114.1360016,114.1360016,113.2279968,114.1119995,0
2/17/2017,113.3519974,113.4830017,112.6289978,113.3050003,0
2/20/2017,112.9000015,113.2320023,112.836998,112.9110031,0
2/21/2017,113.2429962,113.7539978,113.2429962,113.2799988,0
2/22/2017,113.6539993,113.6689987,112.913002,113.6689987,0
2/23/2017,113.375,113.4169998,112.5770035,113.4169998,0
2/24/2017,112.6760025,112.9499969,112.064003,112.6819992,0
2/27/2017,112.1740036,112.4680023,111.9349976,112.1880035,0
2/28/2017,112.7340012,112.7969971,111.7835007,112.7450027,0
3/1/2017,113.0339966,114.038002,112.814003,113.0770035,0
3/2/2017,114.0970001,114.5360031,113.8470001,114.1210022,0
3/3/2017,114.322998,114.5240021,114.0749969,114.3420029,0
3/6/2017,113.8239975,113.913002,113.5605011,113.8470001,0
3/7/2017,113.9160004,114.1409988,113.7389984,113.9169998,0
3/8/2017,113.9240036,114.7160034,113.6179962,113.9260025,0
3/9/2017,114.4059982,114.947998,114.3669968,114.4110031,0
3/10/2017,115.1389999,115.487999,114.8150024,115.1490021,0
3/13/2017,114.7750015,114.9120026,114.4830017,114.7320023,0
3/14/2017,114.913002,115.1760025,114.560997,114.9150009,0
3/15/2017,114.6529999,114.8809967,114.5634995,114.6589966,0
3/16/2017,113.4000015,113.5279999,112.9199982,113.4020004,0
3/17/2017,113.3479996,113.4899979,112.5514984,113.3399963,0
3/20/2017,112.6650009,112.8840027,112.4670029,112.6740036,0
3/21/2017,112.5739975,112.8580017,111.8339996,112.572998,0
3/22/2017,111.5630035,111.7539978,110.7649994,111.5319977,0
3/23/2017,111.3339996,111.5579987,110.6320038,111.3690033,0
3/24/2017,110.9919968,111.4759979,110.8799973,111.0039978,0
3/27/2017,110.5429993,110.5800018,110.1210022,110.552002,0
3/28/2017,110.7470016,110.8130035,110.2070007,110.7710037,0
3/29/2017,111.1880035,111.2959976,110.7549973,111.2259979,0
3/30/2017,111.1190033,111.4810028,110.9649963,111.1539993,0
3/31/2017,111.7409973,112.1809998,111.3929977,111.776001,0
4/3/2017,111.3130035,111.5739975,110.9229965,111.2649994,0
4/4/2017,110.7009964,110.8010025,110.2740021,110.7089996,0
4/5/2017,110.8270035,111.4160004,110.5449982,110.8539963,0
4/6/2017,110.3949966,111.1080017,110.2959976,110.3809967,0
4/7/2017,110.8929977,110.9899979,110.1520004,110.8970032,0
4/10/2017,111.2249985,111.5719986,110.939003,111.2249985,0
4/11/2017,110.6880035,110.8330002,109.6360016,110.7170029,0
4/12/2017,109.5849991,109.7549973,109.3659973,109.586998,0
4/13/2017,108.8730011,109.3710022,108.7409973,108.9020004,0
4/14/2017,109.1139984,109.2190018,108.5630035,109.1009979,0
4/17/2017,108.2959976,108.6259995,108.1419983,108.322998,0
4/18/2017,109.151001,109.211998,108.4140015,109.1119995,0
4/19/2017,108.5469971,109.1669998,108.4250031,108.5350037,0
4/20/2017,108.8410034,109.4110031,108.7200012,108.8339996,0
4/21/2017,109.3679962,109.3830032,108.9430008,109.375,0
4/24/2017,109.9929962,110.3259964,109.7210007,109.9779968,0
4/25/2017,109.6259995,110.9929962,109.6259995,109.6409988,0
4/26/2017,111.0619965,111.723999,111.0419998,111.0459976,0
4/27/2017,111.1750031,111.5910034,111.0524979,111.1910019,0
4/28/2017,111.2149963,111.6869965,111.0800018,111.2259979,0
5/1/2017,111.3030014,111.9000015,111.302002,111.302002,0
5/2/2017,111.8199997,112.2939987,111.8119965,111.8119965,0
5/3/2017,111.973999,112.4899979,111.9690018,111.9690018,0
5/4/2017,112.7990036,113.038002,112.6640015,112.7829971,0
5/5/2017,112.5309982,112.737999,112.0950012,112.5370026,0
5/8/2017,112.6920013,112.8730011,112.4029999,112.6839981,0
5/9/2017,113.2099991,114.2050018,113.1409988,113.2300034,0
5/10/2017,113.689003,114.1490021,113.6470032,113.697998,0
5/11/2017,114.3030014,114.3359985,113.4800034,114.3280029,0
5/12/2017,113.814003,113.9459991,113.2129974,113.8089981,0
5/15/2017,113.2649994,113.7220001,113.2559967,113.2710037,0
5/16/2017,113.6480026,113.7570038,112.9810028,113.6419983,0
5/17/2017,112.7180023,112.7200012,111.2389984,112.6460037,0
5/18/2017,111.1149979,111.4160004,110.2265015,111.1259995,0
5/19/2017,111.4219971,111.6829987,111.0690002,111.401001,0
5/22/2017,111.2679977,111.5899963,110.9609985,111.2839966,0
5/23/2017,110.9489975,111.6930008,110.8909988,110.8909988,0
5/24/2017,111.935997,112.1110001,111.7070007,111.9570007,0
5/25/2017,111.5199966,111.9349976,111.5199966,111.5240021,0
5/26/2017,111.7160034,111.7939987,110.887001,111.7300034,0
5/29/2017,111.2669983,111.4570007,111.2099991,111.2559967,0
5/30/2017,111.189003,111.2129974,110.6650009,111.1740036,0
5/31/2017,110.875,111.1910019,110.4960022,110.8389969,0
6/1/2017,110.7689972,111.4459991,110.7689972,110.7959976,0
6/2/2017,111.4599991,111.6989975,110.3420029,111.4369965,0
6/5/2017,110.4840012,110.7200012,110.3450012,110.4629974,0
6/6/2017,110.3799973,110.4369965,109.2419968,110.3809967,0
6/7/2017,109.4950027,109.6279984,109.1279984,109.5090027,0
6/8/2017,109.9179993,110.3690033,109.4100037,109.9000015,0
6/9/2017,109.9120026,110.7870026,109.8590012,109.8590012,0
6/12/2017,110.3079987,110.3160019,109.6760025,110.288002,0
6/13/2017,109.9160004,110.2659988,109.9160004,109.9209976,0
6/14/2017,110.0449982,110.336998,108.9440002,110.0550003,0
6/15/2017,109.3990021,110.7580032,109.3990021,109.4459991,0
6/16/2017,111.0469971,111.4039993,110.6610031,110.9520035,0
6/19/2017,110.9779968,111.3769989,110.9089966,110.9540024,0
6/20/2017,111.7389984,111.7669983,111.3270035,111.6729965,0
6/21/2017,111.3430023,111.7129974,111.0654984,111.3339996,0
6/22/2017,111.3339996,111.4329987,110.9560013,111.3099976,0
6/23/2017,111.3099976,111.4160004,111.1579971,111.2900009,0
6/26/2017,111.2549973,111.7109985,111.2220001,111.2389984,0
6/27/2017,111.9029999,112.4380035,111.4680023,111.8580017,0
6/28/2017,112.1740036,112.3990021,111.862999,112.1880035,0
6/29/2017,112.3669968,112.9199982,112.1539993,112.3539963,0
6/30/2017,111.9720001,112.3889999,111.7490005,112.0090027,0
7/3/2017,112.2429962,113.4169998,112.2040024,112.262001,0
7/4/2017,113.3690033,113.3860016,112.7789993,113.3860016,0
7/5/2017,112.9649963,113.6699982,112.8330002,112.961998,0
7/6/2017,113.223999,113.4509964,112.8960037,113.1869965,0
7/7/2017,113.1650009,114.1679993,113.1490021,113.1490021,0
7/10/2017,113.9430008,114.2929993,113.9260025,113.9850006,0
7/12/2017,113.7679977,113.7919998,112.9394989,113.7480011,0
7/13/2017,113.3040009,113.5139999,112.8740005,113.3349991,0
7/14/2017,113.4000015,113.5660019,112.2699966,113.4179993,0
7/17/2017,112.4219971,112.8479996,112.3420029,112.3970032,0
7/18/2017,112.5999985,112.6169968,111.7009964,112.5810013,0
7/19/2017,111.973999,112.2170029,111.5599976,111.9950027,0
7/20/2017,111.8550034,112.4069977,111.4909973,111.8769989,0
7/21/2017,111.8919983,112.0630035,111.0950012,111.8850021,0
7/24/2017,110.9440002,111.1559982,110.6279984,110.9449997,0
7/25/2017,111.223999,111.6620026,110.8310013,111.2320023,0
7/26/2017,112.0169983,112.1429977,111.723999,112.0029984,0
7/27/2017,111.1320038,111.6579971,110.7900009,111.1279984,0
7/28/2017,111.0670013,111.2789993,110.661499,111.0970001,0
7/31/2017,110.5220032,110.7529984,110.3529968,110.5100021,0
8/1/2017,110.3519974,110.5550003,109.9589996,110.3590012,0
8/2/2017,110.4580002,110.9599991,110.288002,110.4319992,0
8/3/2017,110.7639999,110.8079987,109.9789963,110.7570038,0
8/4/2017,109.8700027,111.0199966,109.8639984,109.9000015,0
8/7/2017,110.810997,110.9029999,110.6470032,110.7860031,0
8/8/2017,110.7539978,110.8209991,110.2509995,110.75,0
8/9/2017,110.0950012,110.1409988,109.5690002,110.1019974,0
8/10/2017,110.0439987,110.163002,109.2649994,110.0490036,0
8/11/2017,109.0899963,109.3789978,108.7969971,109.1060028,0
8/14/2017,109.25,109.7850037,109.2080002,109.2300034,0
8/15/2017,109.9449997,110.8399963,109.9319992,109.9319992,0
8/16/2017,110.572998,110.9410019,110.572998,110.5960007,0
8/17/2017,109.9830017,110.3119965,109.6340027,109.9990005,0
8/18/2017,109.3410034,109.5179977,108.6050034,109.3280029,0
8/21/2017,109.3239975,109.3639984,108.6330032,109.3199997,0
8/22/2017,109.0739975,109.5299988,108.9440002,108.9440002,0
8/23/2017,109.7559967,109.8059998,108.9990005,109.7310028,0
8/24/2017,108.9209976,109.4530029,108.9100037,108.9100037,0
8/25/2017,109.5,109.7969971,109.1230011,109.5139999,0
8/28/2017,109.3669968,109.3919983,109.0469971,109.3460007,0
8/29/2017,108.7310028,109.0599976,108.3280029,108.7369995,0
8/30/2017,109.7679977,110.4120026,109.6689987,109.7900009,0
8/31/2017,110.4680023,110.6449966,109.9520035,110.4599991,0
9/1/2017,110.1169968,110.3690033,109.5800018,110.1289978,0
9/4/2017,109.7770004,109.9079971,109.3970032,109.7949982,0
9/5/2017,109.7799988,109.8099976,108.8300018,109.8099976,0
9/6/2017,108.5970001,109.0960007,108.4830017,108.6019974,0
9/7/2017,109.1620026,109.197998,108.0719986,109.1340027,0
9/8/2017,108.2969971,108.4670029,107.3219986,108.2699966,0
9/11/2017,108.2850037,109.0910034,108.2310028,108.2310028,0
9/12/2017,109.413002,110.0589981,109.2939987,109.3949966,0
9/13/2017,110.2060013,110.677002,109.9189987,110.2259979,0
9/14/2017,110.5080032,110.9919968,110.3600006,110.5149994,0
9/15/2017,109.9189987,111.3209991,109.9189987,109.9189987,0
9/18/2017,111.1529999,111.5810013,111.1240005,111.1969986,0
9/19/2017,111.4869995,111.8619995,111.2720032,111.4960022,0
9/20/2017,111.5749969,111.6389999,111.2294998,111.5780029,0
9/21/2017,112.572998,112.7070007,112.1419983,112.5459976,0
9/22/2017,112.4469986,112.5339966,111.6750031,112.4520035,0
9/25/2017,112.4459991,112.4990005,111.5680008,112.4440002,0
9/26/2017,111.7509995,112.2850037,111.4990005,111.7610016,0
9/27/2017,112.4339981,113.2369995,112.2860031,112.3769989,0
9/28/2017,112.8539963,113.1900024,112.4810028,112.8600006,0
9/29/2017,112.5090027,112.7149963,112.2350006,112.4670029,0
10/2/2017,112.6829987,113.0479965,112.536499,112.6380005,0
10/3/2017,112.776001,113.1869965,112.6869965,112.7699966,0
10/4/2017,112.8460007,112.8789978,112.3259964,112.8479996,0
10/5/2017,112.8259964,112.9039993,112.4219971,112.822998,0
10/6/2017,112.7699966,113.4309998,112.651001,112.7740021,0
10/9/2017,112.5410004,112.7429962,112.5339966,112.5510025,0
10/10/2017,112.6839981,112.8209991,112.0039978,112.6579971,0
10/11/2017,112.3470001,112.5630035,112.0930023,112.3450012,0
10/12/2017,112.4029999,112.4580002,112.2099991,112.4339981,0
10/13/2017,112.2440033,112.2490005,111.6989975,112.2389984,0
10/16/2017,111.8769989,112.0759964,111.651001,111.8820038,0
10/17/2017,112.185997,112.4670029,112.0370026,112.1949997,0
10/18/2017,112.2030029,113.038002,112.1409988,112.2129974,0
10/19/2017,113.0009995,113.1409988,112.3290024,113.0130005,0
10/20/2017,112.6449966,113.5589981,112.6060028,112.6800003,0
10/23/2017,114.052002,114.0589981,113.6230011,114.0479965,0
10/24/2017,113.3199997,113.987999,113.262001,113.3399963,0
10/25/2017,113.935997,114.2399979,113.5759964,113.9459991,0
10/26/2017,113.5390015,114.0309982,113.3420029,113.5579987,0
10/27/2017,114.125,114.435997,113.7180023,114.1240005,0
10/30/2017,113.677002,113.8239975,113.1650009,113.7389984,0
10/31/2017,113.038002,113.6449966,112.973999,112.9960022,0
11/1/2017,113.6439972,114.2679977,113.6340027,113.6500015,0
11/2/2017,114.1709976,114.2080002,113.5490036,114.1520004,0
11/3/2017,114.0139999,114.4069977,113.6829987,114.0159988,0
11/6/2017,114.1900024,114.7249985,113.7890015,114.1780014,0
11/7/2017,113.7710037,114.3320007,113.7229996,113.7710037,0
11/8/2017,113.7320023,113.913002,113.4029999,113.7610016,0
11/9/2017,113.927002,114.0630035,113.2405014,113.927002,0
11/10/2017,113.3690033,113.6240005,113.2360001,113.375,0
11/13/2017,113.6900024,113.7050018,113.2460022,113.685997,0
11/14/2017,113.5999985,113.9069977,113.3099976,113.5849991,0
11/15/2017,113.4059982,113.487999,112.5139999,113.4020004,0
11/17/2017,113.0449982,113.0449982,111.9729996,113.0279999,0
11/20/2017,112.0189972,112.5289993,111.9609985,112.038002,0
11/21/2017,112.5479965,112.6999969,112.1839981,112.5510025,0
11/22/2017,112.3300018,112.3430023,111.5100021,112.3410034,0
11/23/2017,111.2850037,111.3769989,111.0709991,111.3130035,0
11/24/2017,111.2590027,111.5719986,111.2539978,111.2539978,0
11/27/2017,111.6490021,111.6709976,110.8470001,111.6709976,0
11/28/2017,111.1559982,111.4570007,110.9329987,111.1699982,0
11/29/2017,111.6110001,112.1309967,111.3850021,111.6480026,0
11/30/2017,112.0279999,112.4759979,111.7429962,112.0019989,0
12/1/2017,112.5550003,112.8519974,111.4550018,112.5559998,0
12/4/2017,112.8389969,113.0759964,112.6640015,112.8639984,0
12/5/2017,112.5080032,112.8580017,112.3769989,112.4990005,0
12/6/2017,112.4690018,112.5189972,112.0070038,112.4639969,0
12/7/2017,112.3219986,112.7939987,112.2910004,112.2910004,0
12/8/2017,113.1969986,113.5849991,113.1230011,113.1729965,0
12/11/2017,113.5270004,113.6809998,113.2409973,113.5429993,0
12/12/2017,113.5500031,113.7389984,113.3740005,113.5400009,0
12/13/2017,113.5130005,113.5449982,112.9660034,113.5449982,0
12/14/2017,112.7460022,112.8730011,112.4729996,112.7819977,0
12/15/2017,112.3880005,112.7269974,112.0429993,112.3960037,0
12/18/2017,112.7300034,112.8209991,112.3290024,112.7160034,0
12/19/2017,112.5899963,113.026001,112.5110016,112.5680008,0
12/20/2017,113.0029984,113.3479996,112.8619995,112.9830017,0
12/21/2017,113.2389984,113.6149979,113.237999,113.2409973,0
12/22/2017,113.2929993,113.4400024,113.2799988,113.322998,0
12/25/2017,113.2949982,113.3450012,113.2109985,113.3079987,0
12/26/2017,113.3089981,113.3440018,113.189003,113.3030014,0
12/27/2017,113.2009964,113.3509979,113.1549988,113.2030029,0
12/28/2017,113.2220001,113.2639999,112.6669998,113.2170029,0
12/29/2017,112.8759995,112.9660034,112.4680023,112.875,0
1/1/2018,112.6800003,112.6900024,112.6660004,112.6660004,0
1/2/2018,112.7699966,112.788002,112.0749969,112.7699966,0
1/3/2018,112.2639999,112.4850006,112.1930008,112.2440033,0
1/4/2018,112.6060028,112.8539963,112.5070038,112.6070023,0
1/5/2018,112.7900009,113.2890015,112.7310028,112.7829971,0
1/8/2018,113.151001,113.3700027,112.8929977,113.1539993,0
1/9/2018,113.1740036,113.1740036,112.3700027,113.1409988,0
1/10/2018,112.7699966,112.7699966,111.2809982,112.7549973,0
1/11/2018,111.4260025,111.8710022,111.3339996,111.4440002,0
1/12/2018,111.2890015,111.6699982,111.0029984,111.2939987,0
1/15/2018,111.1699982,111.1699982,110.4929962,111.0999985,0
1/16/2018,110.6279984,110.9729996,110.5810013,110.5810013,0
1/17/2018,110.3470001,110.9089966,110.2080002,110.3880005,0
1/18/2018,111.3410034,111.473999,110.7360001,111.3759995,0
1/19/2018,111.0049973,111.1060028,110.5049973,111.026001,0
1/22/2018,110.6969986,111.1480026,110.6139984,110.6839981,0
1/23/2018,110.973999,111.1600037,110.2559967,110.9660034,0
1/24/2018,110.1230011,110.2919998,109.0090027,110.1070023,0
1/25/2018,109.3059998,109.461998,108.5899963,109.3259964,0
1/26/2018,109.6620026,109.7549973,108.3359985,109.7040024,0
1/29/2018,108.6480026,109.189003,108.5110016,108.6389999,0
1/30/2018,108.9580002,109.1949997,108.4250031,108.9260025,0
1/31/2018,108.7559967,109.4209976,108.5999985,108.7320023,0
2/1/2018,109.1790009,109.7440033,109.1139984,109.2009964,0
2/2/2018,109.387001,110.4670029,109.3040009,109.4059982,0
2/5/2018,110.0220032,110.2539978,109.6689987,110.0350037,0
2/6/2018,109.0130005,109.6259995,108.4710007,109.0950012,0
2/7/2018,109.6190033,109.651001,108.9260025,109.6269989,0
2/8/2018,109.1309967,109.776001,108.8970032,109.1959991,0
2/9/2018,108.5770035,109.2860031,108.4440002,108.5289993,0
2/12/2018,108.7860031,108.8000031,108.4550018,108.8000031,0
2/13/2018,108.6740036,108.7529984,107.4339981,108.6900024,0
2/14/2018,107.7590027,107.8860016,106.723999,107.7639999,0
2/15/2018,106.5920029,106.8740005,106.1940002,106.586998,0
2/16/2018,106.0599976,106.3700027,105.5579987,106.1110001,0
2/19/2018,106.2699966,106.7129974,106.0979996,106.2610016,0
2/20/2018,106.723999,107.3460007,106.6449966,106.7089996,0
2/21/2018,107.3730011,107.8889999,107.3030014,107.3809967,0
2/22/2018,107.6299973,107.7570038,106.6490021,107.5550003,0
2/23/2018,106.8450012,107.1139984,106.5230026,106.814003,0
2/26/2018,107.052002,107.0739975,106.3830032,107.0739975,0
2/27/2018,107.0859985,107.6399994,106.7949982,107.0690002,0
2/28/2018,107.4639969,107.5220032,106.5830002,107.4260025,0
3/1/2018,106.6429977,107.1930008,106.5670013,106.6399994,0
3/2/2018,106.1750031,106.2829971,105.2634964,106.163002,0
3/5/2018,105.5599976,105.9830017,105.348999,105.5559998,0
3/6/2018,106.276001,106.4530029,105.8529968,106.25,0
3/7/2018,105.6139984,106.1800003,105.5110016,105.5370026,0
3/8/2018,106.1689987,106.2539978,105.8980026,106.185997,0
3/9/2018,106.4029999,107.0289993,106.3590012,106.4059982,0
3/12/2018,106.8860016,106.9660034,106.3740005,106.8909988,0
3/13/2018,106.3180008,107.2750015,106.2600021,106.2600021,0
3/14/2018,106.5490036,106.7340012,106.0839996,106.5080032,0
3/15/2018,106.1539993,106.1719971,105.7900009,106.1549988,0
3/16/2018,106.3280029,106.3280029,105.6070023,106.3089981,0
3/19/2018,105.9680023,106.2979965,105.6809998,105.9690018,0
3/20/2018,106.038002,106.5830002,105.9840012,105.9960022,0
3/21/2018,106.4800034,106.512001,106.1389999,106.4690018,0
3/22/2018,105.9169998,105.9609985,105.2829971,105.9290009,0
3/23/2018,104.9789963,105.2789993,104.6669998,104.9680023,0
3/26/2018,104.8399963,105.2440033,104.7360001,104.8590012,0
3/27/2018,105.5459976,105.8880005,105.4589996,105.5,0
3/28/2018,105.5220032,106.3239975,105.4309998,105.4929962,0
3/29/2018,106.7990036,106.9260025,106.2594986,106.8119965,0
3/30/2018,106.473999,106.5039978,106.1159973,106.4789963,0
4/2/2018,106.3180008,106.4459991,105.961998,106.3119965,0
4/3/2018,105.8050003,106.5899963,105.6949997,105.7990036,0
4/4/2018,106.4290009,106.6800003,105.9950027,106.435997,0
4/5/2018,106.7839966,107.4810028,106.7160034,106.7740021,0
4/6/2018,107.0810013,107.4540024,106.9690018,107.052002,0
4/9/2018,106.9499969,107.1989975,106.8529968,106.9680023,0
4/10/2018,106.7200012,107.3929977,106.6289978,106.7490005,0
4/11/2018,107.1110001,107.1490021,106.6539993,107.112999,0
4/12/2018,106.814003,107.4120026,106.7030029,106.8290024,0
4/13/2018,107.2799988,107.7740021,107.2220001,107.2220001,0
4/16/2018,107.487999,107.5049973,107.1360016,107.4980011,0
4/17/2018,107.0080032,107.1959991,106.8840027,107.0459976,0
4/18/2018,107.0279999,107.3779984,107.0070038,107.0159988,0
4/19/2018,107.3619995,107.5110016,107.2699966,107.3460007,0
4/20/2018,107.4400024,107.8479996,107.4049988,107.4319992,0
4/23/2018,107.8430023,108.6299973,107.7330017,107.8690033,0
4/24/2018,108.7480011,109.1880035,108.7020035,108.7610016,0
4/25/2018,108.802002,109.3740005,108.7890015,108.8030014,0
4/26/2018,109.3669968,109.447998,109.072998,109.3639984,0
4/27/2018,109.3150024,109.5329971,108.9800034,109.3000031,0
4/30/2018,109.0950012,109.4394989,109.0199966,109.0979996,0
5/1/2018,109.3059998,109.7870026,109.2580032,109.322998,0
5/2/2018,109.8460007,109.9980011,109.6520004,109.8720016,0
5/3/2018,109.8219986,109.8440018,108.9300003,109.8270035,0
5/4/2018,109.1190033,109.2610016,108.6490021,109.0960007,0
5/7/2018,109.1389999,109.3820038,108.7570038,109.1460037,0
5/8/2018,108.9400024,109.3310013,108.8580017,108.9430008,0
5/9/2018,109.0390015,109.8209991,109.0009995,109.0240021,0
5/10/2018,109.8259964,109.9869995,109.3320007,109.8470001,0
5/11/2018,109.4639969,109.5619965,109.1610031,109.435997,0
5/14/2018,109.3259964,109.6350021,109.2099991,109.3379974,0
5/15/2018,109.7289963,110.3619995,109.6729965,109.7310028,0
5/16/2018,110.2829971,110.3789978,110.0429993,110.2969971,0
5/17/2018,110.3799973,110.8580017,110.0950012,110.3590012,0
5/18/2018,110.8440018,111.0719986,110.6559982,110.8280029,0
5/21/2018,110.9179993,111.3850021,110.8799973,110.8799973,0
5/22/2018,111.0070038,111.1709976,110.8010025,110.9779968,0
5/23/2018,110.7300034,110.8740005,109.5589981,110.7259979,0
5/24/2018,109.9089966,109.913002,108.9759979,109.8690033,0
5/25/2018,109.3300018,109.7210007,109.1190033,109.3119965,0
5/28/2018,109.637001,109.7310028,109.2509995,109.6230011,0
5/29/2018,109.387001,109.3889999,108.4759979,109.3889999,0
5/30/2018,108.4489975,109.0599976,108.3939972,108.3939972,0
5/31/2018,108.723999,108.9840012,108.4000015,108.711998,0
6/1/2018,108.7649994,109.7200012,108.7490005,108.7490005,0
6/4/2018,109.5979996,109.7490005,109.3730011,109.5979996,0
6/5/2018,109.9729996,109.9860001,109.5930023,109.9629974,0
6/6/2018,109.8730011,110.2149963,109.8010025,109.8590012,0
6/7/2018,110.1169968,110.2149963,109.8499985,110.125,0
6/8/2018,109.7220001,109.8450012,109.1989975,109.6940002,0
6/11/2018,109.5100021,110.0469971,109.3990021,109.4430008,0
6/12/2018,110.3619995,110.4700012,110.0999985,110.3860016,0
6/13/2018,110.4660034,110.7040024,110.3430023,110.4520035,0
6/14/2018,110.2440033,110.4570007,109.9189987,110.2419968,0
6/15/2018,110.6610031,110.8970032,110.3919983,110.6449966,0
6/18/2018,110.6230011,110.6490021,110.3079987,110.6169968,0
6/19/2018,110.1689987,110.1930008,109.5589981,110.1380005,0
6/20/2018,110.0810013,110.2440033,109.8700027,110.0709991,0
6/21/2018,110.3440018,110.7490005,109.8860016,110.3519974,0
6/22/2018,109.935997,110.2089996,109.802002,109.9520035,0
6/25/2018,109.9349976,109.9369965,109.3809967,109.9369965,0
6/26/2018,109.6330032,110.0159988,109.3889999,109.6429977,0
6/27/2018,110.1299973,110.4789963,109.6880035,110.0970001,0
6/28/2018,110.2289963,110.4110031,109.973999,110.2149963,0
6/29/2018,110.4420013,110.8710022,110.3880005,110.4860001,0
7/2/2018,110.7450027,111.0530014,110.6060028,110.7099991,0
7/3/2018,110.887001,111.1259995,110.5100021,110.8710022,0
7/4/2018,110.4000015,110.5459976,110.2819977,110.4079971,0
7/5/2018,110.4970016,110.7030029,110.2949982,110.5019989,0
7/6/2018,110.5550003,110.7779999,110.3840027,110.5790024,0
7/9/2018,110.4229965,110.776001,110.3600006,110.4219971,0
7/10/2018,110.9410019,111.3430023,110.9240036,110.9530029,0
7/11/2018,110.875,111.6200027,110.7740021,110.8310013,0
7/12/2018,111.9860001,112.6159973,111.9580002,111.9580002,0
7/13/2018,112.6549988,112.7929993,112.3690033,112.6650009,0
7/16/2018,112.4029999,112.5490036,112.2509995,112.3990021,0
7/17/2018,112.362999,112.8990021,112.2350006,112.3740005,0
7/18/2018,112.9909973,113.1289978,112.7200012,113.012001,0
7/19/2018,112.802002,113.1470032,112.6539993,112.7910004,0
7/20/2018,112.3720016,112.612999,111.6460037,112.362999,0
7/23/2018,111.0579987,111.4209976,110.7789993,111.0530014,0
7/24/2018,111.4499969,111.4599991,110.9759979,111.4599991,0
7/25/2018,111.2679977,111.3600006,110.9049988,111.2409973,0
7/26/2018,110.8759995,111.1989975,110.6029968,110.8450012,0
7/27/2018,111.1389999,111.2160034,110.9049988,111.1460037,0
7/30/2018,110.9219971,111.1559982,110.8939972,110.9339981,0
7/31/2018,110.9889984,111.9530029,110.8590012,110.9940033,0
8/1/2018,111.7949982,112.137001,111.6999969,111.8079987,0
8/2/2018,111.637001,111.723999,111.3300018,111.6200027,0
8/3/2018,111.6989975,111.7829971,111.0999985,111.6900024,0
8/6/2018,111.2170029,111.5220032,111.1669998,111.2340012,0
8/7/2018,111.3280029,111.3639984,110.9990005,111.3399963,0
8/8/2018,111.3470001,111.4199982,110.8399963,111.3450012,0
8/9/2018,110.9029999,111.1780014,110.7099991,110.8919983,0
8/10/2018,111.064003,111.1279984,110.5179977,111.0910034,0
8/13/2018,110.6490021,110.927002,110.1149979,110.6289978,0
8/14/2018,110.5979996,111.1230011,110.5979996,110.6610031,0
8/15/2018,111.2529984,111.4179993,110.435997,111.2460022,0
8/16/2018,110.5849991,110.9100037,110.4720001,110.5759964,0
8/17/2018,110.9929962,111.0350037,110.322998,111.0039978,0
8/20/2018,110.4769974,110.6750031,110.3099976,110.4749985,0
8/21/2018,109.935997,110.4889984,109.776001,109.947998,0
8/22/2018,110.1009979,110.6090012,110.0299988,110.1340027,0
8/23/2018,110.5599976,111.2850037,110.552002,110.5879974,0
8/24/2018,111.3379974,111.4810028,111.1409988,111.3669968,0
8/27/2018,111.2890015,111.3379974,110.9440002,111.2819977,0
8/28/2018,111.1259995,111.3509979,110.9400024,111.137001,0
8/29/2018,111.1610031,111.8119965,111.1289978,111.1620026,0
8/30/2018,111.6910019,111.7460022,111.1360016,111.711998,0
8/31/2018,110.9980011,111.0859985,110.685997,110.9990005,0
9/3/2018,111.1409988,111.1660004,110.8509979,111.1439972,0
9/4/2018,111.060997,111.5250015,110.9169998,111.0879974,0
9/5/2018,111.4459991,111.7519989,111.4049988,111.4609985,0
9/6/2018,111.4309998,111.4489975,110.8470001,111.4489975,0
9/7/2018,110.4860001,111.2330017,110.3949966,110.4950027,0
9/10/2018,110.9140015,111.1849976,110.875,110.9199982,0
9/11/2018,111.1589966,111.5920029,111.1480026,111.1480026,0
9/12/2018,111.5979996,111.6070023,111.2190018,111.6070023,0
9/13/2018,111.1719971,111.9449997,111.1719971,111.2200012,0
9/14/2018,112.0469971,112.1650009,111.7539978,112.012001,0
9/17/2018,111.9509964,112.1169968,111.8570023,111.9530029,0
9/18/2018,111.6669998,112.375,111.6669998,111.6900024,0
9/19/2018,112.2870026,112.4260025,112.1900024,112.2770004,0
9/20/2018,112.3170013,112.5749969,112.0599976,112.3170013,0
9/21/2018,112.4830017,112.8710022,112.4639969,112.4950027,0
9/24/2018,112.5250015,112.6839981,112.4440002,112.5240021,0
9/25/2018,112.7949982,112.9570007,112.7399979,112.7860031,0
9/26/2018,112.9769974,113.0459976,112.7699966,112.9690018,0
9/27/2018,112.6999969,113.3949966,112.5699997,112.7040024,0
9/28/2018,113.3889999,113.6490021,113.3300018,113.3570023,0
10/1/2018,113.7839966,114.0540009,113.737999,113.7959976,0
10/2/2018,113.9580002,114.0070038,113.5279999,113.9459991,0
10/3/2018,113.5739975,114.223999,113.5179977,113.5770035,0
10/4/2018,114.4889984,114.5110016,113.6620026,114.4860001,0
10/5/2018,113.8990021,114.0859985,113.564003,113.8939972,0
10/8/2018,113.6959991,113.9400024,113.0019989,113.7149963,0
10/9/2018,113.0930023,113.3799973,112.9400024,113.0970001,0
10/10/2018,112.9990005,113.2720032,112.6050034,112.9980011,0
10/11/2018,112.1210022,112.5179977,111.9869995,112.0920029,0
10/12/2018,112.1019974,112.4899979,112.0070038,112.0800018,0
10/15/2018,112.2190018,112.2190018,111.6230011,112.1920013,0
10/16/2018,111.8470001,112.2850037,111.8130035,111.8410034,0
10/17/2018,112.314003,112.4140015,112.0179977,112.3420029,0
10/18/2018,112.6179962,112.7249985,112.0899963,112.6279984,0
10/19/2018,112.2109985,112.6230011,112.1849976,112.1849976,0
10/22/2018,112.4509964,112.8740005,112.3519974,112.4800034,0
10/23/2018,112.7409973,112.7949982,111.961998,112.7570038,0
10/24/2018,112.4469986,112.7369995,112.3310013,112.4440002,0
10/25/2018,112.0289993,112.6309967,111.8249969,112.012001,0
10/26/2018,112.3130035,112.4339981,111.3850021,112.3499985,0
10/29/2018,111.9120026,112.5510025,111.7900009,111.9079971,0
10/30/2018,112.3069992,112.9729996,112.3069992,112.3239975,0
10/31/2018,113.0569992,113.375,112.8280029,113.052002,0
11/1/2018,112.8460007,112.9950027,112.6419983,112.8509979,0
11/2/2018,112.7229996,113.1029968,112.6610031,112.7149963,0
11/5/2018,113.1330032,113.3209991,113.0749969,113.1389999,0
11/6/2018,113.2730026,113.435997,113.1080017,113.2460022,0
11/7/2018,113.3519974,113.8079987,112.9499969,113.362999,0
11/8/2018,113.5660019,113.875,113.5469971,113.5469971,0
11/9/2018,113.9589996,114.0019989,113.6559982,113.9530029,0
11/12/2018,113.8379974,114.1839981,113.6600037,113.8460007,0
11/13/2018,113.6600037,114.1399994,113.5920029,113.6959991,0
11/14/2018,113.7929993,113.9960022,113.6549988,113.7890015,0
11/15/2018,113.5589981,113.6500015,113.1009979,113.564003,0
11/16/2018,113.5589981,113.6019974,112.6790009,113.5550003,0
11/19/2018,112.7269974,112.8649979,112.4489975,112.7300034,0
11/20/2018,112.4560013,112.7310028,112.3000031,112.4430008,0
11/21/2018,112.711998,113.1419983,112.7020035,112.7030029,0
11/22/2018,113.0210037,113.1230011,112.8799973,113.0210037,0
11/23/2018,112.9980011,113.0049973,112.6640015,112.9779968,0
11/26/2018,112.9240036,113.5879974,112.9039993,112.9189987,0
11/27/2018,113.5149994,113.8320007,113.4059982,113.5039978,0
11/28/2018,113.7770004,114.0149994,113.7099991,113.7669983,0
11/29/2018,113.5699997,113.6080017,113.2009964,113.5550003,0
11/30/2018,113.4120026,113.5960007,113.3379974,113.4110031,0
12/3/2018,113.7580032,113.7630005,113.3730011,113.7630005,0
12/4/2018,113.5889969,113.6139984,112.7200012,113.586998,0
12/5/2018,112.6969986,113.2259979,112.6829987,112.6989975,0
12/6/2018,113.0619965,113.1529999,112.2399979,113.0510025,0
12/7/2018,112.7310028,112.9250031,112.5630035,112.689003,0
12/10/2018,112.5059967,113.0490036,112.2490005,112.5019989,0
12/11/2018,113.1999969,113.4530029,113.0059967,113.1809998,0
12/12/2018,113.3840027,113.512001,113.1600037,113.3840027,0
12/13/2018,113.2870026,113.7020035,113.2850037,113.2850037,0
12/14/2018,113.572998,113.6679993,113.3190002,113.5599976,0
12/17/2018,113.3909988,113.5169983,112.8769989,113.3899994,0
12/18/2018,112.8320007,112.8320007,112.25,112.8290024,0
12/19/2018,112.4970016,112.5839996,112.1330032,112.5240021,0
12/20/2018,112.4219971,112.598999,111.3310013,112.4100037,0
12/21/2018,111.197998,111.4499969,110.939003,111.1709976,0
12/24/2018,111.0999985,111.1399994,110.2669983,111.0540009,0
12/25/2018,110.314003,110.3440018,109.9909973,110.310997,0
12/26/2018,110.4309998,110.697998,110.2860031,110.4020004,0
12/27/2018,111.2210007,111.2220001,110.6529999,111.2060013,0
12/28/2018,110.8600006,110.9300003,110.2220001,110.8550034,0
12/31/2018,110.3239975,110.4680023,109.6589966,110.3300018,0
1/1/2019,109.6299973,109.6340027,109.5899963,109.6299973,0
1/2/2019,109.6600037,109.6740036,108.7300034,109.6679993,0
1/3/2019,107.4499969,108.2710037,106.776001,107.4410019,0
1/4/2019,107.8659973,108.5830002,107.5130005,107.8079987,0
1/7/2019,108.4889984,108.625,108.0360031,108.5220032,0
1/8/2019,108.6429977,109.0770035,108.4499969,108.6159973,0
1/9/2019,108.7509995,108.9800034,108.064003,108.776001,0
1/10/2019,108.1620026,108.322998,107.7730026,108.189003,0
1/11/2019,108.2870026,108.5709991,108.1539993,108.2979965,0
1/14/2019,108.4660034,108.4749985,107.9980011,108.4580002,0
1/15/2019,108.2450027,108.75,108.2070007,108.25,0
1/16/2019,108.6539993,108.9069977,108.3710022,108.6439972,0
1/17/2019,109.0360031,109.0879974,108.689003,109.0370026,0
1/18/2019,109.1429977,109.7919998,109.1429977,109.1529999,0
1/21/2019,109.6569977,109.697998,109.4820023,109.6610031,0
1/22/2019,109.663002,109.6780014,109.2799988,109.6699982,0
1/23/2019,109.3649979,109.973999,109.3550034,109.3550034,0
1/24/2019,109.4769974,109.7919998,109.427002,109.4919968,0
1/25/2019,109.5920029,109.9430008,109.5350037,109.5970001,0
1/28/2019,109.3880005,109.5189972,109.1640015,109.4000015,0
1/29/2019,109.2630005,109.5299988,109.1409988,109.2539978,0
1/30/2019,109.4120026,109.7360001,109.2259979,109.4169998,0
1/31/2019,108.9570007,108.9950027,108.5,108.9810028,0
2/1/2019,108.8460007,109.5619965,108.75,108.8440018,0
2/4/2019,109.4800034,110.1399994,109.4380035,109.4380035,0
2/5/2019,109.9850006,110.0339966,109.7870026,109.9609985,0
2/6/2019,109.9349976,110.0490036,109.5589981,109.9410019,0
2/7/2019,109.9860001,110.0770035,109.6039963,109.973999,0
2/8/2019,109.7600021,109.8899994,109.6539993,109.7559967,0
2/11/2019,109.8170013,110.4449997,109.7770004,109.8099976,0
2/12/2019,110.3919983,110.6449966,110.3479996,110.4000015,0
2/13/2019,110.5130005,110.8809967,110.5019989,110.5149994,0
2/14/2019,110.9380035,111.1210022,110.5110016,110.9229965,0
2/15/2019,110.5390015,110.637001,110.2600021,110.538002,0
2/18/2019,110.5429993,110.6070023,110.4639969,110.564003,0
2/19/2019,110.598999,110.810997,110.4540024,110.5910034,0
2/20/2019,110.5970001,110.9440002,110.5719986,110.5719986,0
2/21/2019,110.7789993,110.848999,110.5970001,110.7649994,0
2/22/2019,110.7009964,110.9000015,110.6299973,110.7080002,0
2/25/2019,110.7689972,111.0709991,110.5790024,110.7720032,0
2/26/2019,111.0350037,111.0660019,110.6699982,111.0459976,0
2/27/2019,110.5510025,110.9660034,110.3570023,110.5559998,0
2/28/2019,110.8730011,111.4349976,110.6600037,110.8619995,0
3/1/2019,111.3710022,111.9759979,111.3570023,111.3570023,0
3/4/2019,111.9229965,112.0070038,111.663002,111.9380035,0
3/5/2019,111.7600021,112.1289978,111.7600021,111.7770004,0
3/6/2019,111.8550034,111.9100037,111.6139984,111.8659973,0
3/7/2019,111.6419983,111.8410034,111.4800034,111.6230011,0
3/8/2019,111.6380005,111.6389999,110.8300018,111.6340027,0
3/11/2019,111.0770035,111.2959976,110.8779984,111.0800018,0
3/12/2019,111.3239975,111.4530029,111.1070023,111.3420029,0
3/13/2019,111.3219986,111.4550018,111.1449966,111.3059998,0
3/14/2019,111.1959991,111.7220001,111.1449966,111.1959991,0
3/15/2019,111.7710037,111.8960037,111.3899994,111.7529984,0
3/18/2019,111.5479965,111.6200027,111.4120026,111.560997,0
3/19/2019,111.3840027,111.4690018,111.1589966,111.3730011,0
3/20/2019,111.4280014,111.6880035,111.375,111.401001,0
3/21/2019,110.6439972,110.9449997,110.3089981,110.6600037,0
3/22/2019,110.8119965,110.8850021,109.7399979,110.8059998,0
3/25/2019,110.1200027,110.2289963,109.7289963,110.0810013,0
3/26/2019,110.064003,110.6750031,110.0009995,110.0680008,0
3/27/2019,110.5479965,110.6930008,110.2470016,110.5540009,0
3/28/2019,110.4850006,110.8170013,110.0309982,110.4899979,0
3/29/2019,110.6780014,110.935997,110.5400009,110.637001,0
4/1/2019,110.9929962,111.310997,110.862999,110.9950027,0
4/2/2019,111.4339981,111.4509964,111.2509995,111.4509964,0
4/3/2019,111.3199997,111.5739975,111.2099991,111.3050003,0
4/4/2019,111.3730011,111.6169968,111.3379974,111.3949966,0
4/5/2019,111.6569977,111.8160019,111.6100006,111.6579971,0
4/8/2019,111.6969986,111.7109985,111.2839966,111.7109985,0
4/9/2019,111.4499969,111.564003,110.9899979,111.4560013,0
4/10/2019,111.1050034,111.2399979,110.887001,111.1050034,0
4/11/2019,110.9909973,111.5210037,110.9850006,110.9850006,0
4/12/2019,111.6490021,112.0199966,111.6210022,111.6210022,0
4/15/2019,112.0350037,112.0830002,111.8880005,112.0279999,0
4/16/2019,111.9509964,112.0339966,111.848999,111.9430008,0
4/17/2019,111.9869995,112.1579971,111.9260025,111.9929962,0
4/18/2019,112.0439987,112.0439987,111.7819977,112.0360031,0
4/19/2019,111.9860001,112.0029984,111.8970032,111.9889984,0
4/22/2019,111.9089966,111.9869995,111.8840027,111.9100037,0
4/23/2019,111.9329987,112.0240021,111.6640015,111.9290009,0
4/24/2019,111.8649979,111.9680023,111.6900024,111.8769989,0
4/25/2019,112.1399994,112.2259979,111.401001,112.1299973,0
4/26/2019,111.5059967,111.9079971,111.427002,111.5390015,0
4/29/2019,111.6009979,111.8830032,111.5749969,111.5930023,0
4/30/2019,111.6780014,111.6780014,111.2300034,111.677002,0
5/1/2019,111.4039993,111.5439987,111.1360016,111.3949966,0
5/2/2019,111.4499969,111.6549988,111.3789978,111.4520035,0
5/3/2019,111.4869995,111.6220016,111.1500015,111.4950027,0
5/6/2019,110.598999,110.9459991,110.2990036,110.6230011,0
5/7/2019,110.8050003,110.8050003,110.3300018,110.8050003,0
5/8/2019,110.237999,110.2570038,109.9079971,110.2570038,0
5/9/2019,110.0220032,110.0660019,109.4759979,110.0279999,0
5/10/2019,109.8580017,110.038002,109.5039978,109.8069992,0
5/13/2019,109.637001,109.7969971,109.0289993,109.6539993,0
5/14/2019,109.1729965,109.7600021,109.1529999,109.1539993,0
5/15/2019,109.6809998,109.6959991,109.1610031,109.6709976,0
5/16/2019,109.4469986,109.9499969,109.348999,109.4749985,0
5/17/2019,109.8509979,110.0029984,109.5080032,109.8710022,0
5/20/2019,110.1539993,110.3030014,109.8099976,110.1600037,0
5/21/2019,110.1009979,110.6480026,110.0579987,110.0699997,0
5/23/2019,110.2249985,110.348999,109.5559998,110.2210007,0
5/24/2019,109.5559998,109.723999,109.2799988,109.5579987,0
5/27/2019,109.4000015,109.5749969,109.3799973,109.401001,0
5/28/2019,109.5029984,109.6220016,109.2099991,109.5090027,0
5/29/2019,109.3659973,109.4410019,109.1520004,109.3460007,0
5/30/2019,109.5550003,109.9209976,109.487999,109.5419998,0
5/31/2019,109.3000031,109.3880005,108.5630035,109.3570023,0
6/3/2019,108.2269974,108.4309998,108.0670013,108.211998,0
6/4/2019,108.0589981,108.3550034,107.8539963,108.0270004,0
6/5/2019,108.2289963,108.3539963,107.8199997,108.2539978,0
6/6/2019,108.3440018,108.4029999,108.0350037,108.3280029,0
6/7/2019,108.4570007,108.6039963,107.8980026,108.4540024,0
6/10/2019,108.4469986,108.7080002,108.3679962,108.4489975,0
6/11/2019,108.3669968,108.7969971,108.3590012,108.3590012,0
6/12/2019,108.4840012,108.5579987,108.2180023,108.473999,0
6/13/2019,108.5049973,108.5220032,108.1650009,108.487999,0
6/14/2019,108.3150024,108.4970016,108.1600037,108.3209991,0
6/17/2019,108.5619965,108.7229996,108.5279999,108.5759964,0
6/18/2019,108.538002,108.6740036,108.0970001,108.5390015,0
6/19/2019,108.5800018,108.6060028,108.25,108.572998,0
6/20/2019,108.1050034,108.1149979,107.4729996,108.1149979,0
6/21/2019,107.2949982,107.7229996,107.0459976,107.2770004,0
6/24/2019,107.3199997,107.5149994,107.2509995,107.3119965,0
6/25/2019,107.348999,107.4039993,106.7829971,107.3270035,0
6/26/2019,107.1829987,107.75,107.1640015,107.1660004,0
6/27/2019,107.7340012,108.1529999,107.6539993,107.737999,0
6/28/2019,107.7720032,107.8479996,107.564003,107.7470016,0
7/1/2019,108.3669968,108.5279999,108.1080017,108.3820038,0
7/2/2019,108.3860016,108.4660034,107.9280014,108.3659973,0
7/3/2019,107.822998,107.8619995,107.526001,107.8050003,0
7/4/2019,107.7559967,107.8300018,107.7070007,107.7789993,0
7/5/2019,107.814003,108.612999,107.8079987,107.8079987,0
7/8/2019,108.4749985,108.7249985,108.2779999,108.473999,0
7/9/2019,108.7320023,108.9580002,108.7160034,108.7210007,0
7/10/2019,108.9240036,108.9840012,108.3960037,108.9240036,0
7/11/2019,108.3320007,108.3460007,107.8590012,108.3339996,0
7/12/2019,108.5920029,108.5920029,107.9550018,108.5879974,0
7/15/2019,107.8280029,108.0960007,107.8079987,107.8320007,0
7/16/2019,107.8899994,108.3600006,107.8799973,107.8889999,0
7/17/2019,108.2109985,108.3180008,108.0680008,108.2009964,0
7/18/2019,107.9199982,107.9990005,107.6210022,107.9369965,0
7/19/2019,107.4100037,107.7829971,107.3379974,107.401001,0
7/22/2019,107.8320007,108.0589981,107.711998,107.8099976,0
7/23/2019,107.8820038,108.2750015,107.8379974,107.9039993,0
7/24/2019,108.2279968,108.2590027,107.9499969,108.2320023,0
7/25/2019,108.1790009,108.5820007,108.0400009,108.189003,0
7/26/2019,108.6689987,108.822998,108.5559998,108.6660004,0
7/29/2019,108.6269989,108.8909988,108.427002,108.6330032,0
7/30/2019,108.862999,108.9309998,108.4499969,108.8659973,0
7/31/2019,108.5530014,108.6470032,108.4950027,108.5619965,0
8/1/2019,108.8150024,109.2789993,108.1589966,108.8199997,0
8/2/2019,107.401001,107.4820023,106.5530014,107.4309998,0
8/5/2019,106.5960007,106.6169968,105.8099976,106.5770035,0
8/6/2019,105.6230011,107.0459976,105.5719986,105.5930023,0
8/7/2019,106.2900009,106.3519974,105.560997,106.336998,0
8/8/2019,106.125,106.2870026,105.913002,106.1210022,0
8/9/2019,105.875,106.0410004,105.3460007,105.8740005,0
8/12/2019,105.4000015,105.5589981,105.0490036,105.3820038,0
8/13/2019,105.3840027,106.9329987,105.072998,105.3580017,0
8/14/2019,106.5889969,106.598999,105.7080002,106.5899963,0
8/15/2019,105.9100037,106.5059967,105.7099991,105.9160004,0
8/16/2019,106.0920029,106.4769974,106.026001,106.0830002,0
8/19/2019,106.4120026,106.663002,106.2480011,106.4300003,0
8/20/2019,106.5680008,106.6839981,106.1839981,106.5739975,0
8/21/2019,106.2919998,106.5879974,106.2740021,106.2740021,0
8/22/2019,106.5999985,106.6470032,106.2699966,106.5970001,0
8/23/2019,106.4850006,106.7190018,105.2949982,106.4680023,0
8/26/2019,104.8710022,106.2870026,104.8519974,104.8519974,0
8/27/2019,105.987999,106.0569992,105.5859985,105.9779968,0
8/28/2019,105.7470016,105.9339981,105.6539993,105.737999,0
8/29/2019,106.0910034,106.5339966,105.8330002,106.0699997,0
8/30/2019,106.4660034,106.5370026,106.1159973,106.4380035,0
9/2/2019,106.1539993,106.3929977,106.0749969,106.1279984,0
9/3/2019,106.1940002,106.3779984,105.75,106.1930008,0
9/4/2019,105.862999,106.3209991,105.8320007,105.8610001,0
9/5/2019,106.3430023,107.1930008,106.3249969,106.3249969,0
9/6/2019,107.0699997,107.0899963,106.6299973,107.0719986,0
9/9/2019,106.9410019,107.1679993,106.7699966,106.9449997,0
9/10/2019,107.3170013,107.4960022,107.2050018,107.336998,0
9/11/2019,107.5820007,107.8470001,107.5589981,107.5999985,0
9/12/2019,107.9990005,108.1350021,107.5400009,108.0210037,0
9/13/2019,108.1780014,108.2549973,107.9199982,108.1760025,0
9/16/2019,107.7649994,108.0550003,107.4990005,107.7649994,0
9/17/2019,108.1449966,108.3399963,108.0270004,108.1610031,0
9/18/2019,108.1009979,108.2659988,108.086998,108.086998,0
9/19/2019,108.4349976,108.4639969,107.802002,108.4250031,0
9/20/2019,108.0680008,108.0680008,107.7699966,108.0410004,0
9/23/2019,107.6350021,107.7630005,107.3099976,107.6520004,0
9/24/2019,107.6070023,107.7649994,107.25,107.6139984,0
9/25/2019,107.177002,107.7910004,107.0049973,107.163002,0
9/26/2019,107.6819992,107.7210007,107.4349976,107.6920013,0
9/27/2019,107.7440033,108.1729965,107.6559982,107.7559967,0
9/30/2019,107.9319992,108.1399994,107.7450027,107.9440002,0
10/1/2019,108.0579987,108.447998,107.6699982,108.0690002,0
10/2/2019,107.7320023,107.8840027,107.1839981,107.7369995,0
10/3/2019,107.1500015,107.2910004,106.5059967,107.163002,0
10/4/2019,106.822998,107.1139984,106.6569977,106.8259964,0
10/7/2019,106.7630005,107.0680008,106.689003,106.7639999,0
10/8/2019,107.2559967,107.435997,106.810997,107.2509995,0
10/9/2019,106.9509964,107.4530029,106.9509964,106.9609985,0
10/10/2019,107.2229996,107.9720001,107.1780014,107.1780014,0
10/11/2019,107.8519974,108.6080017,107.8519974,107.8799973,0
10/14/2019,108.4589996,108.4589996,108.0510025,108.4589996,0
10/15/2019,108.3759995,108.8799973,108.1559982,108.3880005,0
10/16/2019,108.8170013,108.8399963,108.6050034,108.8170013,0
10/17/2019,108.6750031,108.9179993,108.512001,108.677002,0
10/18/2019,108.5910034,108.7170029,108.4199982,108.5810013,0
10/21/2019,108.4049988,108.6600037,108.3690033,108.4079971,0
10/22/2019,108.6029968,108.7170029,108.4660034,108.6009979,0
10/23/2019,108.4729996,108.663002,108.2529984,108.4830017,0
10/24/2019,108.6119995,108.7419968,108.5019989,108.6419983,0
10/25/2019,108.6119995,108.7580032,108.5159988,108.6060028,0
10/28/2019,108.7259979,109.0309982,108.6579971,108.7340012,0
10/29/2019,108.9690018,109.0429993,108.802002,108.9639969,0
10/30/2019,108.8860016,108.9690018,108.810997,108.8740005,0
10/31/2019,108.7939987,108.8550034,108.0540009,108.7890015,0
11/1/2019,108.0169983,108.2360001,107.9120026,107.9960022,0
11/4/2019,108.2099991,108.6090012,108.2050018,108.2200012,0
11/5/2019,108.697998,109.1900024,108.651001,108.6940002,0
11/6/2019,109.1320038,109.1740036,108.8290024,109.1460037,0
11/7/2019,108.9140015,109.4260025,108.6569977,108.913002,0
11/8/2019,109.2720032,109.4629974,109.0830002,109.2740021,0
11/11/2019,109.2109985,109.237999,108.9049988,109.2259979,0
11/12/2019,109.0469971,109.288002,108.9860001,109.0419998,0
11/13/2019,108.9970016,109.1409988,108.677002,108.9929962,0
11/14/2019,108.7870026,108.8570023,108.2740021,108.7979965,0
11/15/2019,108.4860001,108.8519974,108.4530029,108.4919968,0
11/18/2019,108.7030029,109.0630035,108.5159988,108.6989975,0
11/19/2019,108.6809998,108.8300018,108.4520035,108.6620026,0
11/20/2019,108.4850006,108.7210007,108.3580017,108.4449997,0
11/21/2019,108.4860001,108.6640015,108.2779999,108.4779968,0
11/22/2019,108.5790024,108.7170029,108.4769974,108.5849991,0
11/25/2019,108.7289963,108.9560013,108.6989975,108.7300034,0
11/26/2019,108.9929962,109.1709976,108.8769989,108.9919968,0
11/27/2019,109.0839996,109.3929977,109.0599976,109.0970001,0
11/28/2019,109.3759995,109.5429993,109.3430023,109.3669968,0
11/29/2019,109.5169983,109.6620026,109.4250031,109.512001,0
12/2/2019,109.5319977,109.7200012,108.9990005,109.5350037,0
12/3/2019,109.0139999,109.2040024,108.5,109.0220032,0
12/4/2019,108.6699982,108.8899994,108.4300003,108.6529999,0
12/5/2019,108.8379974,108.9869995,108.6709976,108.8320007,0
12/6/2019,108.7539978,108.9079971,108.5479965,108.737999,0
12/9/2019,108.6149979,108.6269989,108.4280014,108.6269989,0
12/10/2019,108.598999,108.7509995,108.5199966,108.5820007,0
12/11/2019,108.7710037,108.7829971,108.637001,108.7639999,0
12/12/2019,108.5410004,109.2990036,108.4570007,108.5490036,0
12/13/2019,109.4140015,109.6959991,109.2089996,109.413002,0
12/16/2019,109.3799973,109.6689987,109.3539963,109.4000015,0
12/17/2019,109.5719986,109.6279984,109.4629974,109.5759964,0
12/18/2019,109.5230026,109.6220016,109.3980026,109.5159988,0
12/19/2019,109.5449982,109.6699982,109.2149963,109.5510025,0
12/20/2019,109.3909988,109.4899979,109.2590027,109.3830032,0
12/23/2019,109.4929962,109.4990005,109.3379974,109.4990005,0
12/24/2019,109.3830032,109.4280014,109.322998,109.3820038,0
12/25/2019,109.3799973,109.7819977,109.3099976,109.3830032,0
12/26/2019,109.3730011,109.6819992,109.3669968,109.3690033,0
12/27/2019,109.538002,109.5859985,109.4260025,109.5419998,0
12/30/2019,109.4380035,109.4380035,108.7730026,109.4280014,0
12/31/2019,108.8679962,108.8730011,108.4690018,108.8730011,0
1/1/2020,108.6800003,111.4100037,108.6299973,108.6809998,0
1/2/2020,108.7139969,108.8600006,108.2210007,108.7129974,0
1/3/2020,108.5400009,108.5510025,107.9150009,108.5429993,0
1/6/2020,107.9990005,108.4100037,107.9219971,107.9639969,0
1/7/2020,108.4110031,108.6169968,108.2610016,108.4059982,0
1/8/2020,107.9779968,109.0889969,107.6569977,108.0159988,0
1/9/2020,109.0490036,109.5759964,109.0309982,109.0309982,0
1/10/2020,109.4990005,109.6750031,109.4560013,109.5070038,0
1/13/2020,109.5339966,109.9349976,109.5319977,109.5660019,0
1/14/2020,110,110.1709976,109.8909988,109.9919968,0
1/15/2020,109.8740005,109.9960022,109.7919998,109.8539963,0
1/16/2020,109.8759995,110.1699982,109.8759995,109.8830032,0
1/17/2020,110.1689987,110.2750015,110.0579987,110.1750031,0
1/20/2020,110.1949997,110.2129974,110.1139984,110.1800003,0
1/21/2020,110.1790009,110.2180023,109.8619995,110.1729965,0
1/22/2020,109.9189987,110.0770035,109.836998,109.9079971,0
1/23/2020,109.7360001,109.75,109.2689972,109.7279968,0
1/24/2020,109.5650024,109.6460037,109.3050003,109.552002,0
1/27/2020,108.814003,109.1320038,108.802002,108.802002,0
1/28/2020,108.9290009,109.1880035,108.762001,108.9199982,0
1/29/2020,109.1299973,109.2259979,108.9940033,109.1320038,0
1/30/2020,108.9960022,109.038002,108.6569977,108.9869995,0
1/31/2020,108.9089966,109.1149979,108.3410034,108.8769989,0
2/3/2020,108.3809967,108.7959976,108.3659973,108.3720016,0
2/4/2020,108.6100006,109.4380035,108.5579987,108.6119995,0
2/5/2020,109.4440002,109.8339996,109.3119965,109.4469986,0
2/6/2020,109.8040009,109.9800034,109.7809982,109.814003,0
2/7/2020,109.9550018,109.9789963,109.5309982,109.9680023,0
2/10/2020,109.6289978,109.8700027,109.6110001,109.6449966,0
2/11/2020,109.7580032,109.9540024,109.7419968,109.7659988,0
2/12/2020,109.836998,110.1210022,109.7900009,109.8430023,0
2/13/2020,109.8570023,109.9769974,109.6279984,109.8460007,0
2/14/2020,109.7860031,109.9079971,109.7050018,109.7580032,0
2/17/2020,109.7770004,109.9540024,109.7210007,109.7910004,0
2/18/2020,109.8290024,109.9400024,109.6559982,109.8300018,0
2/19/2020,109.9280014,111.302002,109.8659973,109.9189987,0
2/20/2020,111.2020035,112.185997,111.112999,111.2099991,0
2/21/2020,111.9670029,112.1679993,111.5169983,111.9540024,0
2/24/2020,111.5550003,111.6569977,110.5100021,111.5569992,0
2/25/2020,110.8669968,111.0350037,110.0390015,110.8570023,0
2/26/2020,110.2789993,110.689003,110.1480026,110.2860031,0
2/27/2020,110.3580017,110.3880005,109.7070007,110.362999,0
2/28/2020,109.6579971,109.6600037,107.7779999,109.6600037,0
3/2/2020,107.7519989,108.5579987,107.4150009,107.6969986,0
3/3/2020,108.4469986,108.4869995,107.2210007,108.4869995,0
3/4/2020,107.0690002,107.6709976,107.0370026,107.0370026,0
3/5/2020,107.6529999,107.677002,106.5080032,107.677002,0
3/6/2020,106.2610016,106.3359985,104.9960022,106.2480011,0
3/9/2020,103.9729996,104.2570038,101.2829971,103.9380035,0
3/10/2020,103.1080017,105.189003,102.7389984,103.1119995,0
3/11/2020,105.0709991,105.2809982,104.1190033,105.026001,0
3/12/2020,104.6399994,105.7160034,103.1380005,104.5500031,0
3/13/2020,104.7089996,107.4710007,104.6100006,104.6100006,0
3/16/2020,106.5790024,107.5289993,105.1470032,106.6880035,0
3/17/2020,106.2590027,107.560997,106.0790024,106.1750031,0
3/18/2020,107.3420029,108.487999,106.7590027,107.3769989,0
3/19/2020,108.413002,110.1389999,108.1969986,108.3600006,0
3/20/2020,111.3000031,111.336998,109.3759995,111.2910004,0
3/23/2020,110.4039993,111.348999,109.6809998,110.461998,0
3/24/2020,110.8639984,111.4869995,110.1139984,110.8270035,0
3/25/2020,111.1149979,111.6679993,110.7519989,111.1200027,0
3/26/2020,110.8580017,110.9339981,109.3610001,110.8759995,0
3/27/2020,109.1360016,109.3639984,107.8840027,109.1090012,0
3/30/2020,107.439003,108.2870026,107.1529999,107.413002,0
3/31/2020,108.0559998,108.711998,107.4649963,108.0350037,0
4/1/2020,107.4570007,107.8970032,107.0289993,107.5080032,0
4/2/2020,107.2860031,107.9779968,107.0339966,107.2570038,0
4/3/2020,108.0469971,108.6719971,107.8130035,108.0009995,0
4/6/2020,108.6790009,109.3529968,108.6790009,108.6930008,0
4/7/2020,109.0859985,109.1269989,108.6760025,109.1149979,0
4/8/2020,108.6650009,109.0739975,108.5130005,108.651001,0
4/9/2020,108.8990021,109.0579987,108.3600006,108.9219971,0
4/10/2020,108.5510025,108.564003,108.3290024,108.560997,0
4/13/2020,108.3499985,108.3710022,107.5630035,108.3359985,0
4/14/2020,107.6320038,107.7490005,107.072998,107.6230011,0
4/15/2020,107.1039963,107.836998,106.9300003,107.1039963,0
4/16/2020,107.6159973,108.0770035,107.185997,107.6090012,0
4/17/2020,107.9339981,107.9449997,107.3059998,107.9449997,0
4/20/2020,107.689003,107.9459991,107.6019974,107.6699982,0
4/21/2020,107.6709976,107.8119965,107.2959976,107.6689987,0
4/22/2020,107.75,107.9309998,107.526001,107.7210007,0
4/23/2020,107.8119965,107.9700012,107.3499985,107.8130035,0
4/24/2020,107.6490021,107.75,107.413002,107.6669998,0
4/27/2020,107.5039978,107.6159973,107,107.4950027,0
4/28/2020,107.2860031,107.3339996,106.5619965,107.2829971,0
4/29/2020,106.7519989,106.7580032,106.3639984,106.7409973,0
4/30/2020,106.6009979,107.1080017,106.4160004,106.6100006,0
5/1/2020,107.3050003,107.3990021,106.6100006,107.2850037,0
5/4/2020,106.7509995,107.0550003,106.6719971,106.737999,0
5/5/2020,106.6829987,106.8889999,106.4840012,106.6969986,0
5/6/2020,106.4309998,106.4520035,106.0240021,106.4520035,0
5/7/2020,106.2099991,106.6460037,106.1389999,106.1910019,0
5/8/2020,106.3899994,106.7200012,106.2330017,106.3590012,0
5/11/2020,106.9049988,107.7279968,106.7750015,106.9189987,0
5/12/2020,107.5879974,107.6729965,107.2160034,107.5660019,0
5/13/2020,107.163002,107.2509995,106.762001,107.1380005,0
5/14/2020,106.9140015,107.1640015,106.7850037,106.9329987,0
5/15/2020,107.3610001,107.4319992,106.8759995,107.3649979,0
5/18/2020,107.2289963,107.4950027,107.0670013,107.2080002,0
5/19/2020,107.3769989,108.0739975,107.3050003,107.3809967,0
5/20/2020,107.8190002,107.9749985,107.3460007,107.8099976,0
5/21/2020,107.598999,107.8470001,107.5749969,107.5910034,0
5/22/2020,107.6340027,107.7600021,107.3339996,107.6309967,0
5/25/2020,107.7399979,107.7720032,107.6299973,107.7350006,0
5/26/2020,107.6900024,107.9160004,107.4029999,107.6869965,0
5/27/2020,107.4889984,107.9319992,107.3720016,107.4909973,0
5/28/2020,107.8030014,107.8960037,107.5790024,107.7979965,0
5/29/2020,107.6259995,107.8119965,107.0899963,107.6429977,0
6/1/2020,107.7139969,107.8499985,107.3939972,107.7080002,0
6/2/2020,107.5459976,108.6579971,107.5169983,107.5479965,0
6/3/2020,108.8180008,108.973999,108.4209976,108.8089981,0
6/4/2020,108.9810028,109.1529999,108.6190033,108.9990005,0
6/5/2020,109.1200027,109.8460007,109.0479965,109.1500015,0
6/8/2020,109.5899963,109.6340027,108.413002,109.6340027,0
6/9/2020,108.3690033,108.4089966,107.6460037,108.4089966,0
6/10/2020,107.8170013,107.8669968,107.177002,107.7969971,0
6/11/2020,107.0149994,107.2269974,106.5979996,106.9810028,0
6/12/2020,106.8219986,107.5510025,106.6009979,106.8030014,0
6/15/2020,107.3069992,107.4769974,107,107.310997,0
6/16/2020,107.4649963,107.6200027,107.2399979,107.4639969,0
6/17/2020,107.3799973,107.4369965,107.163002,107.4100037,0
6/18/2020,106.862999,107.1230011,106.6660004,106.8939972,0
6/19/2020,106.9919968,107.0400009,106.7720032,107.0059967,0
6/22/2020,106.8180008,106.9980011,106.7829971,106.8310013,0
6/23/2020,106.8860016,107.2170029,106.0820007,106.9029999,0
6/24/2020,106.413002,106.9759979,106.3840027,106.4319992,0
6/25/2020,107.0319977,107.4449997,107.0299988,107.0439987,0
6/26/2020,107.1529999,107.348999,106.7979965,107.1549988,0
6/29/2020,107.2220001,107.8799973,107.0510025,107.2180023,0
6/30/2020,107.6009979,107.9219971,107.5299988,107.5899963,0
7/1/2020,107.9850006,108.1579971,107.3679962,107.9889984,0
7/2/2020,107.3580017,107.7170029,107.3470001,107.3659973,0
7/3/2020,107.5090027,107.5660019,107.439003,107.4970016,0
7/6/2020,107.5790024,107.7699966,107.4339981,107.5790024,0
7/7/2020,107.3529968,107.788002,107.2300034,107.3590012,0
7/8/2020,107.5739975,107.7050018,107.387001,107.5780029,0
7/9/2020,107.2649994,107.3919983,107.1029968,107.2829971,0
7/10/2020,107.2330017,107.262001,106.6650009,107.2360001,0
7/13/2020,106.9120026,107.310997,106.788002,106.9100037,0
7/14/2020,107.2900009,107.4120026,107.1200027,107.276001,0
7/15/2020,107.2450027,107.3050003,106.663002,107.2450027,0
7/16/2020,106.8840027,107.1969986,106.8379974,106.9169998,0
7/17/2020,107.288002,107.3529968,107.0599976,107.2779999,0
7/20/2020,107.0770035,107.5,107.0370026,107.0899963,0
7/21/2020,107.1709976,107.3639984,106.8050003,107.1959991,0
7/22/2020,106.814003,107.2020035,106.7180023,106.8320007,0
7/23/2020,107.1660004,107.2160034,106.8330002,107.1750031,0
7/24/2020,106.8359985,106.8379974,105.7590027,106.8379974,0
7/27/2020,105.9560013,106.0469971,105.1210022,105.9929962,0
7/28/2020,105.2910004,105.6790009,104.9580002,105.2610016,0
7/29/2020,105.1100006,105.2279968,104.8000031,105.1070023,0
7/30/2020,105.0159988,105.288002,104.9120026,105.0319977,0
7/31/2020,104.6669998,105.7959976,104.1989975,104.6829987,0
8/3/2020,105.8450012,106.4290009,105.5790024,105.8659973,0
8/4/2020,106.0469971,106.1920013,105.7269974,106.0299988,0
8/5/2020,105.5970001,105.8639984,105.3280029,105.6139984,0
8/6/2020,105.5500031,105.6910019,105.302002,105.5530014,0
8/7/2020,105.560997,106.0419998,105.4800034,105.5810013,0
8/10/2020,105.8519974,106.1940002,105.7099991,105.8499985,0
8/11/2020,105.9980011,106.5709991,105.9440002,105.9919968,0
8/12/2020,106.4580002,106.9980011,106.4580002,106.5210037,0
8/13/2020,106.8119965,106.9909973,106.5699997,106.8219986,0
8/14/2020,106.9649963,107.0270004,106.4459991,106.9860001,0
8/17/2020,106.5690002,106.6380005,105.9530029,106.5540009,0
8/18/2020,105.9860001,105.9950027,105.2939987,105.9950027,0
8/19/2020,105.2220001,105.7590027,105.1139984,105.223999,0
8/20/2020,106.0899963,106.197998,105.7720032,106.0790024,0
8/21/2020,105.6689987,106.0690002,105.4530029,105.6650009,0
8/24/2020,105.9029999,105.939003,105.6900024,105.8769989,0
8/25/2020,105.9919968,106.564003,105.8809967,105.9929962,0
8/26/2020,106.4219971,106.5510025,106.0630035,106.4049988,0
8/27/2020,105.8710022,106.552002,105.6230011,105.8560028,0
8/28/2020,106.6589966,106.9380035,105.2030029,106.637001,0
8/31/2020,105.5240021,106.0810013,105.3069992,105.5350037,0
9/1/2020,105.9899979,106.1360016,105.598999,106.0039978,0
9/2/2020,105.8639984,106.2969971,105.8639984,105.8960037,0
9/3/2020,106.2009964,106.5360031,106.0429993,106.2080002,0
9/4/2020,106.0910034,106.4950027,106.0859985,106.0859985,0
9/7/2020,106.2919998,106.3710022,106.1350021,106.310997,0
9/8/2020,106.2939987,106.3779984,105.9000015,106.3050003,0
9/9/2020,105.9599991,106.2559967,105.8130035,105.9680023,0
9/10/2020,106.237999,106.2829971,105.987999,106.2310028,0
9/11/2020,106.1449966,106.2440033,106.0800018,106.1429977,0
9/14/2020,106.1269989,106.163002,105.552002,106.1449966,0
9/15/2020,105.7440033,105.8150024,105.3000031,105.7149963,0
9/16/2020,105.3809967,105.3960037,104.8079987,105.3809967,0
9/17/2020,105.0490036,105.1640015,104.5240021,105.0619965,0
9/18/2020,104.689003,104.8590012,104.2730026,104.697998,0
9/21/2020,104.5339966,104.762001,104.0080032,104.5370026,0
9/22/2020,104.7190018,105.0660019,104.4110031,104.6900024,0
9/23/2020,105.0690002,105.3730011,104.9100037,105.0339966,0
9/24/2020,105.3249969,105.5199966,105.2149963,105.3040009,0
9/25/2020,105.435997,105.697998,105.2470016,105.4349976,0
9/28/2020,105.5839996,105.6589966,105.2639999,105.5739975,0
9/29/2020,105.439003,105.7220001,105.3479996,105.4329987,0
9/30/2020,105.6640015,105.7959976,105.4089966,105.6640015,0
10/1/2020,105.4489975,105.7220001,105.4179993,105.4509964,0
10/2/2020,105.564003,105.6650009,104.961998,105.5429993,0
10/5/2020,105.5350037,105.7529984,105.4100037,105.5100021,0
10/6/2020,105.7249985,105.737999,105.5100021,105.7070007,0
10/7/2020,105.6380005,106.1050034,105.6269989,105.6399994,0
10/8/2020,105.9729996,106.0830002,105.9229965,105.9649963,0
10/9/2020,106.0210037,106.0210037,105.6080017,106.0179977,0
10/12/2020,105.6380005,105.651001,105.2440033,105.6320038,0
10/13/2020,105.3479996,105.6259995,105.288002,105.3389969,0
10/14/2020,105.473999,105.5110016,105.038002,105.4700012,0
10/15/2020,105.1389999,105.3880005,105.1119995,105.1389999,0
10/16/2020,105.3550034,105.4369965,105.1900024,105.3600006,0
10/19/2020,105.4380035,105.4970016,105.3050003,105.427002,0
10/20/2020,105.4700012,105.7450027,105.4700012,105.4700012,0
10/21/2020,105.4749985,105.4769974,104.3499985,105.4769974,0
10/22/2020,104.651001,104.8799973,104.4599991,104.6760025,0
10/23/2020,104.9069977,104.9209976,104.5500031,104.9209976,0
10/26/2020,104.7070007,105.0390015,104.6490021,104.6829987,0
10/27/2020,104.8059998,104.8320007,104.3929977,104.8320007,0
10/28/2020,104.5410004,104.5449982,104.1149979,104.5449982,0
10/29/2020,104.3190002,104.7020035,104.0299988,104.3150024,0
10/30/2020,104.5579987,104.7210007,104.1389999,104.5540009,0
11/2/2020,104.6119995,104.9430008,104.5800018,104.5800018,0
11/3/2020,104.723999,104.8010025,104.4369965,104.7249985,0
11/4/2020,104.5059967,105.3410034,104.1610031,104.5459976,0
11/5/2020,104.435997,104.4499969,103.5739975,104.4380035,0
11/6/2020,103.5960007,103.7580032,103.1839981,103.6029968,0
11/9/2020,103.2399979,105.6360016,103.2399979,103.2529984,0
11/10/2020,105.1620026,105.4779968,104.8219986,105.137001,0
11/11/2020,105.2630005,105.6600037,105.012001,105.2600021,0
11/12/2020,105.4240036,105.4710007,105.1029968,105.4150009,0
11/13/2020,105.0849991,105.1449966,104.6110001,105.0899963,0
11/16/2020,104.6660004,105.0950012,104.3649979,104.6760025,0
11/17/2020,104.4950027,104.564003,104.0739975,104.5410004,0
11/18/2020,104.1529999,104.1809998,103.6640015,104.1809998,0
11/19/2020,103.9039993,104.2040024,103.7190018,103.8939972,0
11/20/2020,103.7929993,103.9049988,103.7060013,103.8249969,0
11/23/2020,103.8239975,104.6240005,103.6869965,103.8170013,0
11/24/2020,104.5569992,104.7450027,104.1490021,104.5250015,0
11/25/2020,104.5059967,104.5849991,104.2679977,104.5130005,0
11/26/2020,104.3789978,104.4000015,104.2259979,104.4000015,0
11/27/2020,104.2639999,104.2669983,103.9069977,104.2419968,0
11/30/2020,104.1009979,104.3840027,103.8300018,104.0820007,0
12/1/2020,104.3010025,104.572998,104.185997,104.2990036,0
12/2/2020,104.2890015,104.7470016,104.2249985,104.3089981,0
12/3/2020,104.4560013,104.5329971,103.6750031,104.4580002,0
12/4/2020,103.8239975,104.2419968,103.737999,103.822998,0
12/7/2020,104.2009964,104.3099976,103.9240036,104.197998,0
12/8/2020,104.0080032,104.1920013,103.9599991,103.9980011,0
12/9/2020,104.1330032,104.3010025,104.0530014,104.1350021,0
12/10/2020,104.2870026,104.5739975,104.2320023,104.2720032,0
12/11/2020,104.1679993,104.1819992,103.8259964,104.1819992,0
12/14/2020,103.961998,104.0830002,103.5139999,103.939003,0
12/15/2020,104.012001,104.1470032,103.6809998,104.0100021,0
12/16/2020,103.651001,103.7099991,103.262001,103.6340027,0
12/17/2020,103.4639969,103.5490036,102.8939972,103.4749985,0
12/18/2020,103.1490021,103.5899963,103.1289978,103.1309967,0
12/21/2020,103.4729996,103.8850021,103.2570038,103.4570007,0
12/22/2020,103.336998,103.7220001,103.2789993,103.3399963,0
12/23/2020,103.5270004,103.6350021,103.362999,103.5339966,0
12/24/2020,103.5250015,103.7559967,103.5,103.552002,0
12/25/2020,103.6210022,103.6549988,103.2139969,103.6529999,0
12/28/2020,103.526001,103.8939972,103.4000015,103.5329971,0
12/29/2020,103.6910019,103.7910004,103.4660034,103.689003,0
12/30/2020,103.552002,103.5699997,102.9629974,103.5589981,0
12/31/2020,103.1340027,103.2789993,103.0029984,103.1210022,0
1/1/2021,103.2259979,103.25,103.2259979,103.2259979,0
1/4/2021,103.2440033,103.2440033,102.7099991,103.2389984,0
1/5/2021,103.1419983,103.1800003,102.6719971,103.125,0
1/6/2021,102.6999969,103.4309998,102.5899963,102.6780014,0
1/7/2021,103.0279999,103.9509964,102.9560013,103.0240021,0
1/8/2021,103.7949982,104.0780029,103.6169968,103.7900009,0
1/11/2021,104.072998,104.3889999,104.0370026,104.0910034,0
1/12/2021,104.1320038,104.3190002,104.0899963,104.1279984,0
1/13/2021,103.7480011,103.987999,103.5400009,103.7519989,0
1/14/2021,103.8450012,104.1880035,103.6419983,103.836998,0
1/15/2021,103.836998,103.8850021,103.6200027,103.8280029,0
1/18/2021,103.9120026,103.9229965,103.6389999,103.9079971,0
1/19/2021,103.6959991,104.0820007,103.6500015,103.7030029,0
1/20/2021,103.8980026,103.9179993,103.4629974,103.8970032,0
1/21/2021,103.5569992,103.6589966,103.3259964,103.5550003,0
1/22/2021,103.512001,103.8820038,103.4950027,103.5059967,0
1/25/2021,103.7870026,103.9309998,103.677002,103.7770004,0
1/26/2021,103.762001,103.8270035,103.5550003,103.7600021,0
1/27/2021,103.6029968,104.1679993,103.5930023,103.6029968,0
1/28/2021,104.1360016,104.4520035,104.1360016,104.1429977,0
1/29/2021,104.3119965,104.9349976,104.2890015,104.2910004,0
2/1/2021,104.7190018,104.9899979,104.6240005,104.685997,0
2/2/2021,104.8779984,105.1620026,104.822998,104.8809967,0
2/3/2021,105.0220032,105.0970001,104.9240036,105.0279999,0
2/4/2021,104.9950027,105.4909973,104.9729996,104.9950027,0
2/5/2021,105.5680008,105.7630005,105.3310013,105.5719986,0
2/8/2021,105.3970032,105.6660004,105.1579971,105.4000015,0
2/9/2021,105.2269974,105.2269974,104.512001,105.2099991,0
2/10/2021,104.5820007,104.836998,104.4179993,104.5749969,0
2/11/2021,104.6190033,104.7799988,104.552002,104.6149979,0
2/12/2021,104.7549973,105.1699982,104.7200012,104.7409973,0
2/15/2021,105.060997,105.4049988,104.9830017,105.0589981,0
2/16/2021,105.3850021,105.8679962,105.1989975,105.387001,0
2/17/2021,106.1289978,106.2050018,105.8199997,106.1029968,0
2/18/2021,105.8560028,105.9179993,105.598999,105.8610001,0
2/19/2021,105.6679993,105.7269974,105.25,105.6520004,0
2/22/2021,105.5429993,105.8359985,105,105.5139999,0
2/23/2021,105.012001,105.4110031,104.9000015,104.9840012,0
2/24/2021,105.2870026,106.0940018,105.2679977,105.2829971,0
2/25/2021,105.9459991,106.2860031,105.8550034,105.9440002,0
2/26/2021,106.3899994,106.6819992,105.8570023,106.3789978,0
3/1/2021,106.473999,106.7730026,106.3759995,106.5029984,0
3/2/2021,106.8460007,106.9499969,106.6880035,106.8509979,0
3/3/2021,106.7539978,107.1389999,106.7009964,106.7580032,0
3/4/2021,107.0589981,107.6350021,106.9700012,107.0579987,0
3/5/2021,107.9609985,108.6090012,107.8259964,107.9550018,0
3/8/2021,108.3960037,108.9400024,108.314003,108.4189987,0
3/9/2021,108.9260025,109.2289963,108.5599976,108.939003,0
3/10/2021,108.564003,108.9199982,108.3389969,108.5770035,0
3/11/2021,108.435997,108.802002,108.362999,108.4319992,0
3/12/2021,108.5739975,109.1480026,108.5189972,108.5550003,0
3/15/2021,109.1139984,109.3560028,108.9309998,109.1169968,0
3/16/2021,109.1190033,109.276001,108.7829971,109.1340027,0
3/17/2021,109.0230026,109.276001,109.0139999,109.0289993,0
3/18/2021,108.9100037,109.2839966,108.6930008,108.8909988,0
3/19/2021,108.9319992,109.1009979,108.6119995,108.9309998,0
3/22/2021,108.8779984,108.947998,108.6210022,108.8710022,0
3/23/2021,108.7770004,108.8690033,108.4150009,108.776001,0
3/24/2021,108.5230026,108.9410019,108.4550018,108.5199966,0
3/25/2021,108.7839966,109.189003,108.7839966,108.7900009,0
3/26/2021,109.1819992,109.8339996,109.1389999,109.1790009,0
3/29/2021,109.7779999,109.7910004,109.3840027,109.7910004,0
3/30/2021,109.8300018,110.4189987,109.788002,109.8359985,0
3/31/2021,110.2929993,110.9530029,110.2779999,110.3050003,0
4/1/2021,110.737999,110.8450012,110.5630035,110.75,0
4/2/2021,110.6200027,110.7440033,110.3820038,110.612999,0
4/5/2021,110.6699982,110.711998,109.9570007,110.677002,0
4/6/2021,110.1940002,110.5479965,109.689003,110.1930008,0
4/7/2021,109.7829971,109.9349976,109.5920029,109.7929993,0
4/8/2021,109.8779984,109.8939972,109.0009995,109.8519974,0
4/9/2021,109.3249969,109.9520035,109.2220001,109.3300018,0
4/12/2021,109.7190018,109.7610016,109.2470016,109.6940002,0
4/13/2021,109.3799973,109.7470016,109.0429993,109.3740005,0
4/14/2021,108.9169998,109.0800018,108.7649994,108.9240036,0
4/15/2021,108.8860016,108.9509964,108.625,108.8939972,0
4/16/2021,108.6549988,108.9609985,108.625,108.689003,0
4/19/2021,108.6940002,108.7549973,108.0070038,108.7190018,0
4/20/2021,108.1050034,108.5220032,107.9800034,108.0979996,0
4/21/2021,108.1320038,108.2699966,107.8919983,108.1330032,0
4/22/2021,108.0270004,108.185997,107.8239975,108.0390015,0
4/23/2021,107.935997,108.1230011,107.4700012,107.9779968,0
4/26/2021,107.8809967,108.1869965,107.6520004,107.8740005,0
4/27/2021,108.1880035,108.5699997,108.1009979,108.2020035,0
4/28/2021,108.737999,109.0699997,108.7129974,108.75,0
4/29/2021,108.5049973,109.2190018,108.4380035,108.5049973,0
4/30/2021,108.9150009,109.3330002,108.7129974,108.9039993,0
5/3/2021,109.2990036,109.6930008,108.9059982,109.2829971,0
5/4/2021,109.0859985,109.4810028,109.0469971,109.086998,0
5/5/2021,109.3259964,109.4629974,109.1520004,109.3290024,0
5/6/2021,109.189003,109.4189987,109.0459976,109.2190018,0
5/7/2021,109.0139999,109.2779999,108.3470001,109.0500031,0
5/10/2021,108.5999985,109.0449982,108.5719986,108.5719986,0
5/11/2021,108.8349991,108.9660034,108.3789978,108.8440018,0
5/12/2021,108.7190018,109.5360031,108.6640015,108.7149963,0
5/13/2021,109.7229996,109.7770004,109.4759979,109.6640015,0
5/14/2021,109.5189972,109.6439972,109.2300034,109.5159988,0
5/17/2021,109.4120026,109.4960022,109.0699997,109.4120026,0
5/18/2021,109.276001,109.276001,108.8440018,109.2419968,0
5/19/2021,108.8570023,109.322998,108.5839996,108.8679962,0
5/20/2021,109.2610016,109.2829971,108.7529984,109.2730026,0
5/21/2021,108.8310013,108.973999,108.6090012,108.8600006,0
5/24/2021,108.9150009,108.9830017,108.697998,108.9189987,0
5/25/2021,108.8239975,109.0559998,108.5790024,108.8509979,0
5/26/2021,108.7910004,109.137001,108.723999,108.802002,0
5/27/2021,109.189003,109.8420029,109.0410004,109.1699982,0
5/28/2021,109.8420029,110.1959991,109.7939987,109.8089981,0
5/31/2021,109.9189987,109.9280014,109.3659973,109.9069977,0
6/1/2021,109.4779968,109.6930008,109.3330002,109.4929962,0
6/2/2021,109.4830017,109.8830032,109.4830017,109.4929962,0
6/3/2021,109.5930023,110.3099976,109.5830002,109.5950012,0
6/4/2021,110.2860031,110.322998,109.3710022,110.2659988,0
6/7/2021,109.6320038,109.6320038,109.1849976,109.6169968,0
6/8/2021,109.288002,109.5530014,109.2050018,109.2740021,0
6/9/2021,109.487999,109.637001,109.2340012,109.4690018,0
6/10/2021,109.6520004,109.7829971,109.4300003,109.6100006,0
6/11/2021,109.3929977,109.8359985,109.3239975,109.4089966,0
6/14/2021,109.7440033,109.9970016,109.6110001,109.7089996,0
6/15/2021,110.0250015,110.1620026,109.9899979,110.0410004,0
6/16/2021,110.0749969,110.1360016,109.8119965,110.0839996,0
6/17/2021,110.7799988,110.8170013,110.2109985,110.7699966,0
6/18/2021,110.3079987,110.4749985,109.9469986,110.3249969,0
6/21/2021,110.1920013,110.3280029,109.7360001,110.2009964,0
6/22/2021,110.3850021,110.788002,110.2210007,110.3740005,0
6/23/2021,110.6849976,111.0910034,110.6539993,110.6539993,0
6/24/2021,110.9860001,111.0950012,110.7099991,111.012001,0
6/25/2021,110.9169998,110.9749985,110.4820023,110.9209976,0
6/28/2021,110.8040009,110.9710007,110.5070038,110.8219986,0
6/29/2021,110.6039963,110.7460022,110.4420013,110.6029968,0
6/30/2021,110.5240021,111.0650024,110.4290009,110.5350037,0
7/1/2021,111.1289978,111.6220016,111.026001,111.1240005,0
7/2/2021,111.5839996,111.6559982,111.1549988,111.5719986,0
7/5/2021,111.1399994,111.1839981,110.7979965,111.1350021,0
7/6/2021,110.9069977,110.9160004,110.526001,110.9160004,0
7/7/2021,110.5699997,110.8069992,110.4020004,110.6019974,0
7/8/2021,110.6220016,110.6350021,109.5350037,110.6350021,0
7/9/2021,109.788002,110.2460022,109.7669983,109.8010025,0
7/12/2021,110.2080002,110.3889999,109.9820023,110.2149963,0
7/13/2021,110.3280029,110.5500031,110.2020035,110.3249969,0
7/14/2021,110.5960007,110.6940002,109.9850006,110.5950012,0
7/15/2021,109.9940033,110.0820007,109.7160034,109.9840012,0
7/16/2021,109.7570038,110.3359985,109.7330017,109.7779999,0
7/19/2021,109.9039993,110.0250015,109.0859985,109.8740005,0
7/20/2021,109.5270004,109.9540024,109.3339996,109.5339966,0
7/21/2021,109.9260025,110.3830032,109.8069992,109.9199982,0
7/22/2021,110.2389984,110.3479996,110.0240021,110.2549973,0
7/23/2021,110.1289978,110.5830002,110.1149979,110.1399994,0
7/26/2021,110.5429993,110.5800018,110.1259995,110.5439987,0
7/27/2021,110.3069992,110.3190002,109.625,110.302002,0
7/28/2021,109.7839966,110.2160034,109.7470016,109.8059998,0
7/29/2021,109.8789978,109.8909988,109.4710007,109.8909988,0
7/30/2021,109.3909988,109.7929993,109.3669968,109.4089966,0
8/2/2021,109.6940002,109.7440033,109.1959991,109.7060013,0
8/3/2021,109.2720032,109.3310013,108.8779984,109.2689972,0
8/4/2021,108.9860001,109.6460037,108.7289963,108.9909973,0
8/5/2021,109.5350037,109.7779999,109.4079971,109.5289993,0
8/6/2021,109.7509995,110.3450012,109.7020035,109.7519989,0
8/9/2021,110.2610016,110.310997,110.0279999,110.2590027,0
8/10/2021,110.3180008,110.5859985,110.3030014,110.3059998,0
8/11/2021,110.598999,110.8030014,110.387001,110.5979996,0
8/12/2021,110.3649979,110.526001,110.3160019,110.3740005,0
8/13/2021,110.4120026,110.4550018,109.7350006,110.4029999,0
8/16/2021,109.5940018,109.6240005,109.112999,109.6240005,0
8/17/2021,109.302002,109.6480026,109.1380005,109.2969971,0
8/18/2021,109.5410004,109.9440002,109.4830017,109.5370026,0
8/19/2021,109.8519974,110.2099991,109.4929962,109.8420029,0
8/20/2021,109.7819977,109.8850021,109.5780029,109.7679977,0
8/23/2021,109.8639984,110.1399994,109.7300034,109.8399963,0
8/24/2021,109.6719971,109.8769989,109.4219971,109.6780014,0
8/25/2021,109.7419968,110.0999985,109.6849976,109.7300034,0
8/26/2021,109.9970016,110.2220001,109.9260025,109.9759979,0
8/27/2021,110.038002,110.2570038,109.8359985,110.0479965,0
8/30/2021,109.8410034,109.9560013,109.7060013,109.8649979,0
8/31/2021,109.939003,110.0670013,109.6029968,109.9440002,0
9/1/2021,110.0619965,110.4100037,109.8830032,110.0559998,0
9/2/2021,110.1060028,110.1060028,109.9280014,110.0960007,0
9/3/2021,109.9449997,110.0660019,109.6039963,109.9449997,0
9/6/2021,109.7779999,109.9309998,109.7490005,109.7639999,0
9/7/2021,109.8190002,110.2509995,109.6869965,109.8199997,0
9/8/2021,110.2890015,110.4400024,110.1399994,110.2959976,0
9/9/2021,110.2200012,110.2679977,109.7529984,110.2180023,0
9/10/2021,109.7740021,109.9840012,109.7009964,109.7809982,0
9/13/2021,109.9089966,110.1559982,109.8990021,109.9150009,0
9/14/2021,109.9909973,110.1439972,109.6190033,109.9940033,0
9/15/2021,109.711998,109.7190018,109.1139984,109.7190018,0
9/16/2021,109.3909988,109.8239975,109.2149963,109.3830032,0
9/17/2021,109.685997,110.0719986,109.6679993,109.6989975,0
9/20/2021,109.9800034,110.0329971,109.4300003,109.9710007,0
9/21/2021,109.4339981,109.6949997,109.1900024,109.4369965,0
9/22/2021,109.1539993,109.6399994,109.1299973,109.1490021,0
9/23/2021,109.8089981,110.1949997,109.7919998,109.8219986,0
9/24/2021,110.322998,110.7389984,110.310997,110.3259964,0
9/27/2021,110.75,111.0550003,110.5339966,110.7639999,0
9/28/2021,110.961998,111.6289978,110.9369965,110.9639969,0
9/29/2021,111.5130005,111.9169998,111.2190018,111.5279999,0
9/30/2021,111.9219971,112.0680008,111.4140015,111.935997,0
10/1/2021,111.4639969,111.4800034,110.9120026,111.4609985,0
10/4/2021,110.9629974,111.2979965,110.8420029,110.9469986,0
10/5/2021,110.9690018,111.5530014,110.8759995,110.9680023,0
10/6/2021,111.5199966,111.7730026,111.2050018,111.4869995,0
10/7/2021,111.4069977,111.5459976,111.2429962,111.413002,0
10/8/2021,111.6729965,112.177002,111.5220032,111.6620026,0
10/11/2021,112.2720032,113.3840027,112.1829987,112.2699966,0
10/12/2021,113.4110031,113.7770004,113.0169983,113.3880005,0
10/13/2021,113.5360031,113.788002,113.2480011,113.5189972,0
10/14/2021,113.2959976,113.7070007,113.2779999,113.3010025,0
10/15/2021,113.8359985,114.4469986,113.8160019,113.8339996,0
10/18/2021,114.3089981,114.435997,114.0199966,114.3239975,0
10/19/2021,114.2910004,114.3460007,113.8830032,114.2850037,0
10/20/2021,114.5270004,114.6849976,114.1409988,114.5429993,0
10/21/2021,114.3830032,114.3899994,113.6719971,114.3889999,0
10/22/2021,113.8479996,114.1849976,113.5149994,113.8499985,0
10/25/2021,113.6380005,113.8960037,113.4899979,113.6640015,0
10/26/2021,113.7559967,114.2979965,113.7249985,113.7649994,0
10/27/2021,114.1780014,114.2149963,113.4169998,114.1880035,0
10/28/2021,113.7710037,113.8560028,113.2549973,113.776001,0
10/29/2021,113.6439972,114.0859985,113.3949966,113.6159973,0
11/1/2021,114.2180023,114.4339981,114.0299988,114.2360001,0
11/2/2021,114.0839996,114.1340027,113.4660034,114.0940018,0
11/3/2021,113.9670029,114.1419983,113.7220001,113.961998,0
11/4/2021,114.0660019,114.2730026,113.5270004,114.0699997,0
11/5/2021,113.8249969,114,113.4280014,113.836998,0
11/8/2021,113.4629974,113.6620026,113.0820007,113.4749985,0
11/9/2021,113.2429962,113.2539978,112.7310028,113.2539978,0
11/10/2021,112.913002,113.935997,112.7740021,112.9120026,0
11/11/2021,113.9290009,114.1269989,113.814003,113.9049988,0
11/12/2021,114.0479965,114.2979965,113.7710037,114.0429993,0
11/15/2021,113.9909973,114.0410004,113.7600021,113.9810028,0
11/16/2021,114.1309967,114.6309967,114.1100006,114.1320038,0
11/17/2021,114.9160004,114.9420013,114.3300018,114.9039993,0
11/18/2021,114.2099991,114.4749985,113.8840027,114.1900024,0
11/19/2021,114.3199997,114.5210037,113.6039963,114.2819977,0
11/22/2021,114.1389999,114.8069992,114.0189972,114.1380005,0
11/23/2021,114.802002,115.1460037,114.5500031,114.7900009,0
11/24/2021,115.1569977,115.4759979,114.8290024,115.1409988,0
11/25/2021,115.4140015,115.435997,115.2360001,115.4079971,0
11/26/2021,115.1019974,115.1019974,113.0559998,115.0690002,0
11/29/2021,113.7050018,113.9339981,113.0350037,113.7190018,0
11/30/2021,113.8069992,113.8850021,112.5429993,113.8040009,0
12/1/2021,113.2630005,113.612999,112.7740021,113.2990036,0
12/2/2021,112.862999,113.3089981,112.7139969,112.8820038,0
12/3/2021,113.026001,113.6060028,112.8600006,113.0220032,0
12/6/2021,113.0110016,113.4820023,112.8560028,113.0419998,0
12/7/2021,113.4860001,113.7730026,113.4100037,113.4580002,0
12/8/2021,113.5159988,113.9300003,113.3239975,113.5250015,0
12/9/2021,113.7139969,113.8059998,113.2839966,113.6839981,0
12/10/2021,113.4380035,113.7860031,113.2369995,113.447998,0
12/13/2021,113.5100021,113.7210007,113.3860016,113.5009995,0
12/14/2021,113.5739975,113.7490005,113.439003,113.5770035,0
12/15/2021,113.7389984,113.8970032,113.6309967,113.7429962,0
12/16/2021,114.1559982,114.2450027,113.564003,114.1360016,0
12/17/2021,113.6800003,113.8450012,113.151001,113.663002,0
12/20/2021,113.5510025,113.6849976,113.3310013,113.5179977,0
12/21/2021,113.6589966,114.163002,113.5670013,113.6620026,0
12/22/2021,114.0149994,114.3619995,113.9940033,113.9940033,0
12/23/2021,114.1240005,114.4410019,114.1070023,114.1210022,0
12/24/2021,114.4570007,114.5049973,114.2990036,114.4580002,0
12/27/2021,114.3379974,114.901001,114.3190002,114.3330002,0
12/28/2021,114.788002,114.9339981,114.7089996,114.7919998,0
12/29/2021,114.7669983,115.0319977,114.6729965,114.7730026,0
12/30/2021,114.9570007,115.1999969,114.9469986,114.947998,0
12/31/2021,115.0589981,115.1920013,115.0049973,115.0630035,0
1/3/2022,115.1360016,115.3600006,114.973999,115.1419983,0
1/4/2022,115.3160019,116.3399963,115.2990036,115.3280029,0
1/5/2022,116.1650009,116.2350006,115.6269989,116.1740036,0
1/6/2022,116.1289978,116.1790009,115.6539993,116.1279984,0
1/7/2022,115.8700027,116.0299988,115.5910034,115.8649979,0
1/10/2022,115.6220016,115.8420029,115.0449982,115.6179962,0
1/11/2022,115.2829971,115.6760025,115.137001,115.2779999,0
1/12/2022,115.3310013,115.4589996,114.7149963,115.3310013,0
1/13/2022,114.6699982,114.6920013,114.0059967,114.6750031,0
1/14/2022,114.1009979,114.1709976,113.5049973,114.1179962,0
1/17/2022,114.3059998,114.6360016,114.2839966,114.3059998,0
1/18/2022,114.5709991,115.0309982,114.4499969,114.5709991,0
1/19/2022,114.5559998,114.7679977,114.2210007,114.5540009,0
1/20/2022,114.3470001,114.5309982,113.9779968,114.3470001,0
1/21/2022,113.9459991,114.0179977,113.6190033,113.9929962,0
1/24/2022,113.7860031,113.9899979,113.4889984,113.7850037,0
1/25/2022,114.0149994,114.1439972,113.6750031,114.0110016,0
1/26/2022,113.8909988,114.3769989,113.788002,113.875,0
1/27/2022,114.7170029,115.4810028,114.4860001,114.7210007,0
1/28/2022,115.3679962,115.6699982,115.137001,115.3519974,0
1/31/2022,115.2389984,115.5770035,115.1760025,115.262001,0
2/1/2022,115.1439972,115.1920013,114.5680008,115.1210022,0
2/2/2022,114.7249985,114.7959976,114.1930008,114.7360001,0
2/3/2022,114.3679962,114.9690018,114.3259964,114.3820038,0
2/4/2022,114.9690018,115.4260025,114.7809982,114.9570007,0
2/7/2022,115.2460022,115.3730011,114.9189987,115.223999,0
2/8/2022,115.0660019,115.6179962,115.0630035,115.0630035,0
2/9/2022,115.5419998,115.5830002,115.3190002,115.5309982,0
2/10/2022,115.5999985,116.3239975,115.4850006,115.6019974,0
2/11/2022,116.0490036,116.1660004,115.776001,116.0469971,0
2/14/2022,115.5589981,115.723999,115.0199966,115.5839996,0
2/15/2022,115.5419998,115.8690033,115.2559967,115.5360031,0
2/16/2022,115.6399994,115.7740021,115.3909988,115.6350021,0
2/17/2022,115.3939972,115.5279999,114.8610001,115.387001,0
2/18/2022,114.8560028,115.2639999,114.7870026,114.8659973,0
2/21/2022,114.9560013,115.1060028,114.7990036,114.9609985,0
2/22/2022,114.5830002,115.2320023,114.526001,114.6090012,0
2/23/2022,115.1019974,115.1849976,114.9670029,115.0960007,0
2/24/2022,114.9160004,115.6259995,114.4140015,114.8980026,0
2/25/2022,115.5469971,115.6309967,115.1520004,115.5709991,0
2/28/2022,115.5879974,115.6470032,115.0930023,115.5849991,0
3/1/2022,115.0820007,115.2649994,114.7190018,115.0780029,0
3/2/2022,114.8150024,115.6800003,114.7949982,114.8330002,0
3/3/2022,115.4970016,115.8000031,115.4950027,115.5189972,0
3/4/2022,115.4800034,115.5329971,114.651001,115.473999,0
3/7/2022,114.9369965,115.4710007,114.8420029,114.9499969,0
3/8/2022,115.3690033,115.776001,115.3320007,115.3730011,0
3/9/2022,115.7419968,115.9410019,115.5790024,115.7220001,0
3/10/2022,115.9110031,116.1900024,115.8199997,115.9089966,0
3/11/2022,116.1589966,117.1640015,116.1500015,116.1790009,0
3/14/2022,117.5039978,118.0589981,117.4670029,117.5289993,0
3/15/2022,118.2180023,118.4339981,117.7450027,118.2180023,0
3/16/2022,118.3119965,118.5009995,118.1719971,118.2919998,0
3/17/2022,118.8909988,118.9980011,118.4219971,118.8700027,0
3/18/2022,118.4850006,119.3889999,118.4850006,118.4860001,0
3/21/2022,119.2610016,119.2929993,119.0999985,119.2630005,0
3/22/2022,119.5940018,120.9759979,119.5940018,119.5940018,0
3/23/2022,121.2649994,121.3399963,120.6279984,121.3399963,0
3/24/2022,121.1380005,122.1029968,120.9800034,121.1269989,0
3/25/2022,122.3499985,122.3499985,121.2170029,122.3460007,0
3/28/2022,122.2699966,125.0550003,122.1589966,122.2699966,0
3/29/2022,123.6600037,124.2089996,122.0579987,123.6600037,0
3/30/2022,123.125,123.125,121.3160019,123.125,0
3/31/2022,122.0210037,122.4160004,121.2910004,122.0210037,0
4/1/2022,121.7559967,122.9970016,121.7429962,121.7559967,0
4/4/2022,122.6100006,122.9280014,122.288002,122.6100006,0
4/5/2022,122.8089981,123.4990005,122.4199982,122.8089981,0
4/6/2022,123.6559982,124.0439987,123.5879974,123.6559982,0
4/7/2022,123.7229996,123.9950027,123.5080032,123.7229996,0
4/8/2022,124.0960007,124.6500015,123.6829987,124.0960007,0
4/11/2022,124.3850021,125.7610016,124.302002,124.3850021,0
4/12/2022,125.4720001,125.7429962,124.8730011,125.4720001,0
4/13/2022,125.4160004,126.2969971,125.3710022,125.4160004,0
4/14/2022,125.3769989,125.987999,125.1309967,125.3769989,0
4/15/2022,126.1790009,126.6709976,126.0690002,126.1790009,0
4/18/2022,126.6179962,126.7900009,126.2630005,126.6179962,0
4/19/2022,127.0979996,128.8609924,127.0390015,127.0979996,0
4/20/2022,129.3329926,129.3739929,127.5110016,129.3329926,0
4/21/2022,128.0130005,128.6959991,127.8270035,128.0130005,0
4/22/2022,128.4080048,129.0590057,127.8069992,128.4080048,0
4/25/2022,128.6049957,128.8220062,127.5250015,128.6049957,0
4/26/2022,127.7440033,128.1880035,127.0439987,127.7440033,0
4/27/2022,127.2659988,128.5780029,127.2590027,127.2659988,0
4/28/2022,128.3939972,131.220993,128.3679962,128.3939972,0
4/29/2022,130.8110046,130.8110046,129.4600067,130.8110046,0
5/2/2022,130.0110016,130.470993,129.6159973,130.0110016,0
5/3/2022,130.1119995,130.2799988,129.7189941,130.1119995,0
5/4/2022,130.1159973,130.197998,129.8029938,130.1159973,0
5/5/2022,129.2230072,130.4320068,128.7749939,129.2230072,0
5/6/2022,130.3300018,130.8049927,130.220993,130.3300018,0
5/9/2022,130.7489929,131.3249969,130.1499939,130.7489929,0
5/10/2022,130.3769989,130.5279999,129.8150024,130.3769989,0
5/11/2022,130.3509979,130.7830048,129.6119995,130.3509979,0
5/12/2022,129.8350067,129.897995,127.5849991,129.8350067,0
5/13/2022,128.5879974,129.4369965,128.3659973,128.5879974,0
5/16/2022,129.4320068,129.6040039,128.7059937,129.4320068,0
5/17/2022,128.9230042,129.75,128.8399963,128.9230042,0
5/18/2022,129.4539948,129.4539948,128.1199951,129.4539948,0
5/19/2022,127.9140015,128.9380035,127.0289993,127.9140015,0
5/20/2022,127.8320007,128.2839966,127.5370026,127.8320007,0
5/23/2022,127.9029999,127.9329987,127.1669998,127.9029999,0
5/24/2022,127.8460007,128.0500031,126.3919983,127.8460007,0
5/25/2022,126.7689972,127.4150009,126.6750031,126.7689972,0
5/26/2022,127.1520004,127.5599976,126.5690002,127.1520004,0
5/27/2022,127.0449982,127.2109985,126.677002,127.0449982,0
5/30/2022,127.2850037,127.8059998,126.8700027,127.2850037,0
5/31/2022,127.7839966,128.878006,127.6529999,127.7839966,0
6/1/2022,128.7359924,130.1159973,128.7359924,128.7359924,0
6/2/2022,130.121994,130.1809998,129.5269928,130.121994,0
6/3/2022,129.9179993,130.970993,129.6950073,129.9179993,0
6/6/2022,130.7070007,131.6759949,130.4730072,130.7070007,0
6/7/2022,132.1759949,132.9880066,132.0970001,132.1759949,0
6/8/2022,132.8470001,134.4360046,132.7330017,132.8470001,0
6/9/2022,134.4299927,134.5540009,133.1909943,134.4299927,0
6/10/2022,134.4179993,134.4179993,133.3869934,134.4179993,0
6/13/2022,134.8139954,135.1580048,133.6089935,134.8139954,0
6/14/2022,134.2250061,134.9680023,133.8999939,134.2250061,0
6/15/2022,135.2940063,135.2940063,134.2969971,135.2940063,0
6/16/2022,134.1150055,134.6719971,131.5469971,134.1150055,0
6/17/2022,132.4210052,135.4120026,132.1869965,132.4210052,0
6/20/2022,135.276001,135.4120026,134.548996,135.276001,0
6/21/2022,135.0870056,136.3289948,134.9450073,135.0870056,0
6/22/2022,136.2689972,136.5950012,135.7510071,136.2689972,0
6/23/2022,136.0240021,136.1809998,134.2940063,136.0240021,0
6/24/2022,134.8399963,135.2720032,134.3699951,134.8399963,0
6/27/2022,135.0619965,135.5390015,134.5350037,135.0619965,0
6/28/2022,135.4349976,136.3029938,135.1239929,135.4349976,0
6/29/2022,136.0469971,136.996994,135.8110046,136.0469971,0
6/30/2022,136.5890045,136.798996,135.6869965,136.5890045,0
7/1/2022,135.7859955,135.977005,134.7960052,135.7859955,0
7/4/2022,135.0429993,135.7709961,134.7980042,135.0429993,0
7/5/2022,135.8399963,136.3450012,135.5549927,135.8399963,0
7/6/2022,135.5209961,135.9620056,134.9750061,135.5209961,0
7/7/2022,135.9660034,136.2039948,135.5700073,135.9660034,0
7/8/2022,135.9129944,136.5440063,135.3569946,135.9129944,0
7/11/2022,136.3009949,137.7449951,136.2700043,136.3009949,0
7/12/2022,137.3880005,137.5019989,136.4960022,137.3880005,0
7/13/2022,136.7259979,137.8580017,136.7259979,136.7259979,0
7/14/2022,137.628006,139.3769989,137.6049957,137.628006,0
7/15/2022,138.9669952,139.0740051,138.404007,138.9669952,0
7/18/2022,138.3139954,138.4369965,137.8959961,138.3139954,0
7/19/2022,138.2290039,138.3869934,137.3860016,138.2290039,0
7/20/2022,138.1909943,138.3650055,137.9140015,138.1909943,0
7/21/2022,138.3950043,138.8670044,137.7220001,138.3950043,0
7/22/2022,137.0980072,137.9389954,135.595993,137.0980072,0
7/25/2022,136.3119965,136.7830048,135.9360046,136.3119965,0
7/26/2022,136.4309998,136.8339996,136.2920074,136.4309998,0
7/27/2022,136.9700012,137.3430023,136.5509949,136.9700012,0
7/28/2022,136.1109924,136.4109955,134.3549957,136.1109924,0
7/29/2022,134.3970032,134.6499939,132.552002,134.3970032,0
8/1/2022,133.4069977,133.4069977,131.621994,133.4069977,0
8/2/2022,131.5720062,132.3659973,130.4299927,131.5720062,0
8/3/2022,133.3789978,134.5299988,132.3410034,133.3789978,0
8/4/2022,133.9620056,134.3880005,133.0700073,133.9620056,0
8/5/2022,132.6210022,135.4559937,132.5899963,132.6210022,0
8/8/2022,135.0570068,135.5180054,134.3820038,135.0570068,0
8/9/2022,134.8399963,135.1699982,134.6860046,134.8399963,0
8/10/2022,135.1869965,135.2949982,132.0630035,135.1869965,0
8/11/2022,132.8300018,133.3049927,131.7859955,132.8300018,0
8/12/2022,132.9940033,133.8690033,132.9199982,132.9940033,0
8/15/2022,133.2879944,133.5359955,132.5839996,133.2879944,0
8/16/2022,133.1430054,134.654007,132.973999,133.1430054,0
8/17/2022,134.2769928,135.4889984,133.9230042,134.2769928,0
8/18/2022,134.9440002,135.4069977,134.654007,134.9440002,0
8/19/2022,135.7949982,137.1999969,135.7949982,135.7949982,0
8/22/2022,137.0410004,137.6470032,136.7369995,137.0410004,0
8/23/2022,137.5460052,137.6929932,135.8820038,137.5460052,0
8/24/2022,136.7330017,137.2250061,136.1929932,136.7330017,0
8/25/2022,137.0809937,137.1799927,136.326004,137.0809937,0
8/26/2022,136.5630035,137.4329987,136.3600006,136.5630035,0
8/29/2022,137.6300049,138.9949951,137.5200043,137.5200043,0
8/30/2022,138.595993,139.0559998,138.0529938,138.595993,0
8/31/2022,138.7339935,138.8760071,138.276001,138.7339935,0
9/1/2022,139.2960052,140.2180023,139.0859985,139.2960052,0
9/2/2022,140.0809937,140.7949982,139.878006,140.0809937,0
9/5/2022,140.4869995,140.6470032,140.1289978,140.4869995,0
9/6/2022,140.4299927,142.9680023,140.2519989,140.4299927,0
9/7/2022,143.151001,144.9819946,142.9799957,143.151001,0
9/8/2022,144.128006,144.5039978,143.3379974,144.128006,0
9/9/2022,143.8560028,143.9470062,141.5059967,143.8560028,0
9/12/2022,142.595993,143.4859924,142.2570038,142.595993,0
9/13/2022,142.5850067,144.677002,141.8959961,142.5850067,0
9/14/2022,144.404007,144.826004,142.5570068,144.404007,0
9/15/2022,142.9230042,143.7940063,142.9230042,142.9230042,0
9/16/2022,143.3650055,143.6719971,142.8710022,143.3650055,0
9/19/2022,142.7649994,143.6340027,142.6959991,142.7649994,0
9/20/2022,143.2230072,143.901001,142.9620056,143.2230072,0
9/21/2022,143.602005,144.1869965,143.378006,143.602005,0
9/22/2022,144.3159943,145.8829956,140.3970032,144.3159943,0
9/23/2022,142.2799988,143.3170013,141.7819977,142.2799988,0
9/26/2022,143.5110016,144.4859924,143.4380035,143.5110016,0
9/27/2022,144.4589996,144.8399963,144.0820007,144.4589996,0
9/28/2022,144.6909943,144.8179932,144.147995,144.6909943,0
9/29/2022,144.397995,144.7850037,144.2100067,144.397995,0
9/30/2022,144.4309998,144.7799988,144.2140045,144.4309998,0
10/3/2022,144.8159943,145.2779999,144.1609955,144.8159943,0
10/4/2022,144.5189972,144.9210052,144.3190002,144.5189972,0
10/5/2022,143.7870026,144.8439941,143.5559998,143.7870026,0
10/6/2022,144.4490051,145.1329956,144.3869934,144.4490051,0
10/7/2022,145.0390015,145.326004,144.7599945,145.0390015,0
10/10/2022,145.4819946,145.8179932,145.2359924,145.4819946,0
10/11/2022,145.673996,145.845993,145.5050049,145.673996,0
10/12/2022,145.8699951,146.9609985,145.8699951,145.8699951,0
10/13/2022,146.7369995,147.6009979,146.6629944,146.7369995,0
10/14/2022,147.2929993,148.4920044,147.1100006,147.2929993,0
10/17/2022,148.6320038,148.8899994,148.4309998,148.6320038,0
10/18/2022,148.970993,149.2850037,148.6929932,148.970993,0
10/19/2022,149.2089996,149.7810059,149.1239929,149.2089996,0
10/20/2022,149.8209991,149.9889984,149.5670013,149.8209991,0
10/21/2022,150.1759949,151.9369965,146.3200073,150.1759949,0
10/24/2022,147.8190002,149.4519958,147.8090057,147.8190002,0
10/25/2022,148.8869934,148.9960022,147.5549927,148.8869934,0
10/26/2022,147.9799957,148.4029999,146.4089966,147.9799957,0
10/27/2022,146.1340027,146.8609924,145.1560059,146.1340027,0
10/28/2022,146.2740021,147.8480072,146.0279999,146.2740021,0
10/31/2022,147.8119965,148.8419952,147.75,147.8119965,0
11/1/2022,148.7369995,148.8070068,146.9909973,148.7369995,0
11/2/2022,147.9149933,147.9649963,146.852005,147.9149933,0
11/3/2022,147.8919983,148.4340057,147.1100006,147.8919983,0
11/4/2022,148.3930054,148.3930054,146.5789948,148.3930054,0
11/7/2022,146.8410034,147.5529938,146.1139984,146.8410034,0
11/8/2022,146.6239929,146.927002,145.3130035,146.6239929,0
11/9/2022,145.2949982,146.5579987,145.2189941,145.2949982,0
11/10/2022,146.2089996,146.5820007,141.5379944,146.2089996,0
11/11/2022,141.7339935,142.4660034,138.8880005,141.7339935,0
11/14/2022,139.5529938,140.7689972,138.8690033,139.5529938,0
11/15/2022,140.1150055,140.5809937,137.8090057,140.1150055,0
11/16/2022,138.9649963,140.2850037,138.8939972,138.9649963,0
11/17/2022,139.3220062,140.7140045,138.9060059,139.3220062,0
11/18/2022,140.4120026,140.4700012,139.6499939,140.4120026,0
11/21/2022,140.253006,142.0180054,140.2030029,140.253006,0
11/22/2022,142.0980072,142.2389984,141.0859985,142.0980072,0
11/23/2022,141.1549988,141.5740051,139.5870056,141.1549988,0
11/24/2022,139.2779999,139.4859924,138.0950012,139.2779999,0
11/25/2022,138.6029968,139.5910034,138.3890076,138.6029968,0
11/28/2022,139.3099976,139.4199982,137.5140076,139.1000061,0
11/29/2022,138.7189941,139.3209991,137.8860016,138.7189941,0
11/30/2022,138.7449951,139.8829956,138.3379974,138.7449951,0
12/1/2022,137.3589935,137.5160065,135.5390015,137.3589935,0
12/2/2022,135.1499939,135.9759979,133.6730042,135.1499939,0
12/5/2022,134.4750061,136.5809937,134.1340027,134.4750061,0
12/6/2022,136.6519928,137.4129944,136.0079956,136.6519928,0
12/7/2022,136.8860016,137.8379974,136.4179993,136.8860016,0
12/8/2022,136.3809967,137.223999,136.2960052,136.3809967,0
12/9/2022,136.6139984,136.8659973,135.6119995,136.6139984,0
12/12/2022,136.7120056,137.6179962,136.6329956,136.7120056,0
12/13/2022,137.5039978,137.9420013,134.6880035,137.5039978,0
12/14/2022,135.5839996,135.6820068,134.6809998,135.5839996,0
12/15/2022,135.3480072,137.9210052,135.2830048,135.3480072,0
12/16/2022,137.7510071,137.7510071,136.4100037,137.7510071,0
12/19/2022,136.0299988,137.1499939,135.772995,136.6900024,0
12/20/2022,136.9949951,137.4519958,131.0169983,136.9949951,0
12/21/2022,131.8919983,132.4759979,131.5220032,131.8919983,0
12/22/2022,132.3699951,132.6809998,131.6549988,132.3699951,0
12/23/2022,132.3569946,133.1210022,132.2910004,132.3569946,0
12/26/2022,132.7700043,133.2369995,132.3300018,132.7899933,0
12/27/2022,132.7640076,133.5870056,132.647995,132.7640076,0
12/28/2022,133.4859924,134.3950043,133.4109955,133.4859924,0
12/29/2022,134.0339966,134.1880035,132.9360046,134.0339966,0
12/30/2022,132.9160004,132.9170074,131.5410004,132.9160004,0
1/2/2023,130.8450012,131.0350037,130.6210022,130.8450012,0
1/3/2023,130.7940063,131.1820068,129.5339966,130.7940063,0
1/4/2023,131.2480011,132.1699982,129.9640045,131.2480011,0
1/5/2023,132.2460022,133.9920044,131.7299957,132.2460022,0
1/6/2023,133.3070068,134.7409973,132.1869965,133.3070068,0
1/9/2023,131.8619995,132.6450043,131.3269958,131.8619995,0
1/10/2023,131.7290039,132.4660034,131.4329987,131.7290039,0
1/11/2023,132.1009979,132.8540039,132.1009979,132.1009979,0
1/12/2023,131.9019928,132.0209961,129.5690002,131.9019928,0
1/13/2023,129.1719971,129.3419952,127.4680023,129.1719971,0
1/16/2023,128.026001,128.8099976,127.2539978,128.026001,0
1/17/2023,128.3209991,129.1159973,128.0220032,128.3209991,0
1/18/2023,128.2810059,131.5590057,127.6070023,128.2810059,0
1/19/2023,128.5390015,128.772995,127.7770004,128.5390015,0
1/20/2023,128.3699951,130.6040039,128.3549957,128.3699951,0
1/23/2023,129.3849945,130.875,129.0619965,129.3540039,0
1/24/2023,130.5970001,131.0690002,129.7440033,130.5970001,0
1/25/2023,130.2389984,130.5679932,129.2929993,130.2389984,0
1/26/2023,129.2369995,130.5829926,129.0350037,129.2369995,0
1/27/2023,129.8000031,130.2550049,129.5460052,129.8000031,0
1/30/2023,129.8540039,130.4609985,129.2050018,129.8540039,0
1/31/2023,130.4790039,130.4790039,129.7689972,130.4790039,0
2/1/2023,130.1100006,130.3959961,129.2100067,130.1100006,0
2/2/2023,128.621994,129.0910034,128.0930023,128.621994,0
2/3/2023,128.7460022,131.1369934,128.3359985,128.7460022,0
2/6/2023,132.0090027,132.8919983,131.5910034,132.0090027,0
2/7/2023,132.6230011,132.6230011,131.1600037,132.6230011,0
2/8/2023,131.0420074,131.5140076,130.6089935,131.0420074,0
2/9/2023,131.3869934,131.8090057,130.352005,131.3869934,0
2/10/2023,131.5189972,131.8320007,129.8339996,131.5189972,0
2/13/2023,131.5509949,132.8639984,131.4660034,131.5509949,0
2/14/2023,132.3370056,133.1179962,131.6620026,132.3370056,0
2/15/2023,132.9909973,134.3240051,132.5549927,132.9909973,0
2/16/2023,133.9029999,134.4429932,133.6089935,133.9029999,0
2/17/2023,134.0740051,135.0800018,134.0720062,134.0740051,0
2/20/2023,134.3070068,134.5299988,133.9290009,134.3070068,0
2/21/2023,134.3359985,135.1909943,134.1560059,134.3359985,0
2/22/2023,134.9759979,135.0480042,134.3829956,134.9759979,0
2/23/2023,134.9320068,135.3430023,134.6439972,134.9320068,0
2/24/2023,134.628006,136.423996,134.1809998,134.628006,0
2/27/2023,136.3950043,136.4759979,135.9290009,136.3950043,0
2/28/2023,136.3170013,136.9089966,136.0220032,136.3170013,0
3/1/2023,136.3480072,136.4620056,135.2599945,136.3480072,0
3/2/2023,136.1940002,137.0650024,136.0879974,136.1940002,0
3/3/2023,136.7050018,136.7400055,135.8280029,136.7050018,0
3/6/2023,135.8699951,136.1790009,135.3950043,135.8600006,0
3/7/2023,135.9989929,136.9470062,135.5809937,135.9989929,0
3/8/2023,137.3910065,137.8959961,136.5059967,137.3910065,0
3/9/2023,137.2259979,137.2519989,135.9900055,137.2259979,0
3/10/2023,136.3950043,136.9790039,134.1719971,136.3950043,0
3/13/2023,134.9700012,135.0200043,132.2929993,134.9799957,0
3/14/2023,133.1139984,134.8730011,133.0709991,133.1139984,0
3/15/2023,134.3970032,135.0579987,132.2519989,134.3970032,0
3/16/2023,132.9290009,133.4579926,131.7440033,132.9290009,0
3/17/2023,133.3679962,133.5659943,131.8370056,133.3679962,0
3/20/2023,132.2839966,132.6300049,130.5579987,132.2839966,0
3/21/2023,131.3919983,132.4369965,131.0480042,131.3919983,0
3/22/2023,132.3480072,132.9929962,132.2669983,132.3480072,0
3/23/2023,131.1790009,131.6360016,130.447998,131.1790009,0
3/24/2023,130.8650055,130.9190063,129.673996,130.8650055,0
3/27/2023,130.845993,131.7409973,130.5090027,130.845993,0
3/28/2023,131.2330017,131.276001,130.4459991,131.2330017,0
3/29/2023,131.0460052,132.697998,130.9279938,131.0460052,0
3/30/2023,132.576004,132.9329987,132.2220001,132.576004,0
3/31/2023,133.201004,133.5639954,132.7259979,133.201004,0
4/3/2023,133.3470001,133.7310028,132.220993,133.3470001,0
4/4/2023,132.298996,133.1399994,131.5740051,132.298996,0
4/5/2023,131.4850006,131.8390045,130.6840057,131.4850006,0
4/6/2023,130.9340057,131.8529968,130.7910004,130.9340057,0
4/7/2023,131.6690063,132.3159943,131.5249939,131.6690063,0
4/10/2023,132.0970001,133.8419952,132.0140076,132.0970001,0
4/11/2023,133.4689941,133.6660004,132.9810028,133.4689941,0
4/12/2023,133.5939941,134.022995,132.7810059,133.5939941,0
4/13/2023,133.0850067,133.3670044,132.0299988,133.0850067,0
4/14/2023,132.4869995,133.7559967,132.1759949,132.4869995,0
4/17/2023,133.970993,134.5650024,133.7140045,133.970993,0
4/18/2023,134.4250031,134.6929932,133.8679962,134.4250031,0
4/19/2023,134.0440063,135.0469971,133.9609985,134.0440063,0
4/20/2023,134.7039948,134.9600067,134.0269928,134.7039948,0
4/21/2023,133.9960022,134.4649963,133.5549927,133.9960022,0
4/24/2023,133.9609985,134.7250061,133.8899994,133.9609985,0
4/25/2023,134.0839996,134.4490051,133.746994,134.0839996,0
4/26/2023,133.7109985,133.8659973,133.026001,133.7109985,0
4/27/2023,133.4649963,134.1820068,133.2949982,133.4649963,0
4/28/2023,133.802002,136.529007,133.7339935,133.802002,0
5/1/2023,136.3860016,137.4019928,136.2630005,136.3860016,0
5/2/2023,137.5209961,137.7649994,136.4089966,137.5209961,0
5/3/2023,136.4660034,136.5690002,135.0720062,136.4660034,0
5/4/2023,134.5440063,134.8699951,133.6860046,134.5440063,0
5/5/2023,134.1790009,135.0850067,133.8860016,134.1790009,0
5/8/2023,135.1990051,135.2059937,134.6640015,135.1990051,0
5/9/2023,135.072998,135.3359985,134.7369995,135.072998,0
5/10/2023,135.2879944,135.4559937,134.3099976,135.2879944,0
5/11/2023,134.0870056,134.8410034,133.7519989,134.0870056,0
5/12/2023,134.4980011,135.6289978,134.4019928,134.4980011,0
5/15/2023,135.8220062,136.3119965,135.7160034,135.8220062,0
5/16/2023,136.0449982,136.6750031,135.697998,136.0449982,0
5/17/2023,136.4299927,137.5659943,136.3040009,136.4299927,0
5/18/2023,137.6139984,138.6589966,137.3110046,137.6139984,0
5/19/2023,138.6199951,138.6470032,137.4620056,138.6199951,0
5/22/2023,137.6920013,138.6589966,137.5039978,137.6920013,0
5/23/2023,138.6719971,138.8760071,138.253006,138.6719971,0
5/24/2023,138.5980072,139.177002,138.2489929,138.5980072,0
5/25/2023,139.2830048,139.8760071,139.2059937,139.2830048,0
5/26/2023,140.0169983,140.6809998,139.5140076,140.0169983,0
5/29/2023,140.8710022,140.901001,140.1199951,140.8710022,0
5/30/2023,140.4409943,140.9029999,139.5800018,140.4409943,0
5/31/2023,139.7920074,140.3410034,139.3159943,139.7920074,0
6/1/2023,139.1269989,139.9459991,138.496994,139.1269989,0
6/2/2023,138.7480011,139.7969971,138.6100006,138.7480011,0
6/5/2023,140.2070007,140.4450073,139.2559967,140.2070007,0
6/6/2023,139.3829956,139.9609985,139.1170044,139.3829956,0
6/7/2023,139.5269928,140.026001,139.0429993,139.5269928,0
6/8/2023,139.8990021,140.0899963,138.8249969,139.8990021,0
6/9/2023,138.8630066,139.7149963,138.8630066,138.8630066,0
6/12/2023,139.3710022,139.7250061,139.0709991,139.3710022,0
6/13/2023,139.4600067,140.1069946,139.0160065,139.4600067,0
6/14/2023,140.177002,140.1929932,139.2969971,140.177002,0
6/15/2023,139.977005,141.4759979,139.9600067,139.977005,0
6/16/2023,140.2680054,141.8659973,139.8619995,140.2680054,0
6/19/2023,141.8670044,141.9960022,141.4539948,141.8670044,0
6/20/2023,141.8990021,142.223999,141.2449951,141.8990021,0
6/21/2023,141.3350067,142.3289948,141.3350067,141.3350067,0
6/22/2023,141.6880035,142.9340057,141.6260071,141.6880035,0
6/23/2023,143.0299988,143.8540039,142.7619934,143.0299988,0
6/26/2023,143.5410004,143.6820068,142.9730072,143.5410004,0
6/27/2023,143.4600067,144.1629944,143.2920074,143.4600067,0
6/28/2023,143.8820038,144.5950012,143.7359924,143.8820038,0
6/29/2023,144.3890076,144.8919983,144.1380005,144.3890076,0
6/30/2023,144.7799988,145.0330048,144.2279968,144.7799988,0
7/3/2023,144.397995,144.9089966,144.022995,144.397995,0
7/4/2023,144.5839996,144.6730042,144.2100067,144.5839996,0
7/5/2023,144.4060059,144.7250061,144.0899963,144.4060059,0
7/6/2023,144.4889984,144.6419983,143.5829926,144.4889984,0
7/7/2023,143.951004,144.1929932,142.1100006,143.951004,0
7/10/2023,142.2089996,142.9989929,141.5279999,142.2089996,0
7/11/2023,141.2969971,141.4409943,140.1649933,141.2969971,0
7/12/2023,140.1179962,140.1179962,138.2050018,140.1179962,0
7/13/2023,138.3150024,138.9369965,138.0559998,138.3150024,0
7/14/2023,138.0749969,139.1009979,137.3150024,138.0749969,0
7/17/2023,138.6820068,139.3939972,138.0149994,138.6820068,0
7/18/2023,138.7290039,138.9559937,137.8280029,138.7290039,0
7/19/2023,139.0269928,139.9900055,138.8760071,139.0269928,0
7/20/2023,139.5980072,140.4029999,139.1230011,139.5980072,0
7/21/2023,139.8639984,141.9369965,139.7519989,139.8639984,0
7/24/2023,141.75,141.7709961,140.8860016,141.75,0
7/25/2023,141.5220032,141.6900024,140.9149933,141.5220032,0
7/26/2023,140.9129944,141.1790009,140.1889954,140.9129944,0
7/27/2023,140.3670044,141.2810059,139.397995,140.3670044,0
7/28/2023,138.8639984,140.9570007,138.0899963,138.8639984,0
7/31/2023,141.1399994,142.6889954,140.6880035,142.2709961,0
8/1/2023,142.322998,143.4530029,142.2899933,142.322998,0
8/2/2023,142.8179932,143.4759979,142.2279968,143.3240051,0
8/3/2023,143.3439941,143.878006,142.0930023,143.3439941,0
8/4/2023,142.5160065,142.9029999,141.5480042,141.7100067,0
8/7/2023,141.8760071,142.4880066,141.522995,141.8760071,0
8/8/2023,142.4810028,143.4920044,142.3800049,143.3040009,0
8/9/2023,143.6690063,143.6820068,143.647995,143.6699982,0
8/10/2023,143.6690063,144.8170013,143.2740021,144.7039948,0
8/11/2023,144.8540039,144.9629974,144.4369965,144.8540039,0
8/14/2023,144.9299927,145.5800018,144.6490021,145.4989929,0
8/15/2023,145.4369965,145.8580017,145.1069946,145.4369965,0
8/16/2023,145.6080017,145.8829956,145.3190002,145.6080017,0
8/17/2023,146.3329926,146.5249939,145.6380005,146.3329926,0
8/18/2023,145.7140045,145.7740021,145.1340027,145.7140045,0
8/21/2023,145.3800049,146.404007,145.1399994,146.1889954,0
8/22/2023,146.2030029,146.401001,145.4909973,145.8549957,0
8/23/2023,145.8450012,145.8769989,144.5299988,144.7929993,0
8/24/2023,144.7830048,145.9579926,144.5800018,145.7839966,0
8/25/2023,145.8049927,146.6349945,145.7189941,146.404007,0
8/28/2023,146.5310059,146.7160034,146.2779999,146.5310059,0
8/29/2023,146.4640045,147.3439941,145.852005,146.4640045,0
8/30/2023,145.9880066,146.522995,145.5579987,145.9880066,0
8/31/2023,146.1309967,146.2279968,145.3450012,145.5110016,0
9/1/2023,145.522995,146.2940063,144.4389954,146.1929932,0
9/4/2023,146.048996,146.4949951,146.0180054,146.4499969,0
9/5/2023,146.4589996,147.802002,146.4309998,147.6719971,0
9/6/2023,147.6730042,147.8179932,147.0119934,147.6159973,0
9/7/2023,147.7089996,147.8650055,147.0570068,147.7089996,0
9/8/2023,147.2740021,147.8699951,146.5829926,147.8099976,0
9/11/2023,147.8099976,147.8099976,145.8990021,146.5610046,0
9/12/2023,146.6779938,147.2189941,146.4730072,146.6779938,0
9/13/2023,147.1580048,147.6150055,147.1119995,147.1580048,0
9/14/2023,147.3540039,147.5659943,147.0119934,147.4369965,0
9/15/2023,147.4819946,147.9490051,147.3410034,147.4819946,0
9/18/2023,147.8679962,147.8679962,147.5599976,147.8679962,0
9/19/2023,147.5839996,147.9210052,147.4900055,147.8509979,0
9/20/2023,147.7420044,148.1629944,147.6230011,147.7420044,0
9/21/2023,148.1909943,148.4579926,147.3179932,147.5700073,0
9/25/2023,148.3600006,148.9649963,148.2100067,148.8410034,0
9/26/2023,148.8350067,149.1860046,148.701004,149.0169983,0
9/27/2023,149.0010071,149.7079926,148.8560028,149.5310059,0
9/28/2023,149.5480042,149.5590057,149.1430054,149.2910004,0
9/29/2023,149.3370056,149.4459991,148.5310059,149.3370056,0
10/2/2023,149.3300018,149.878006,149.3300018,149.8329926,0
10/3/2023,149.8509979,150.1419983,148.7120056,149.8509979,0
10/4/2023,149.0509949,149.3179932,148.7299957,149.0269928,0
10/5/2023,149.0209961,149.1159973,148.2550049,148.4539948,0
10/6/2023,148.4909973,149.5359955,148.3540039,149.2740021,0
10/9/2023,149.0460052,149.2400055,148.427002,148.496994,0
10/10/2023,148.5220032,149.0970001,148.1580048,148.6759949,0
10/11/2023,148.6950073,149.3240051,148.4199982,149.0839996,0
10/12/2023,149.076004,149.8289948,148.951004,149.7940063,0
10/13/2023,149.7899933,149.822998,149.4559937,149.7899933,0
10/16/2023,149.5149994,149.7640076,149.3179932,149.5160065,0
10/17/2023,149.5780029,149.7890015,149.3190002,149.5780029,0
10/18/2023,149.7689972,149.9360046,149.4810028,149.8269958,0
10/19/2023,149.7420044,149.9320068,149.7070007,149.7420044,0
10/20/2023,149.802002,149.9920044,149.802002,149.802002,0
10/23/2023,149.7590027,150.0659943,149.5469971,149.6600037,0
10/24/2023,149.673996,149.9290009,149.3179932,149.8329926,0
10/25/2023,149.8500061,150.3150024,149.7879944,150.1139984,0
10/26/2023,150.1049957,150.7779999,149.8300018,150.3760071,0
10/27/2023,150.345993,150.4109955,149.4559937,149.598999,0
10/30/2023,149.7330017,149.845993,148.8139954,149.7330017,0
10/31/2023,149.029007,151.727005,148.996994,151.6159973,0
11/1/2023,151.6069946,151.6600037,150.6580048,150.8860016,0
11/2/2023,150.8950043,150.9340057,149.8399963,150.4470062,0
11/3/2023,150.447998,150.5169983,149.1809998,149.3329926,0
11/6/2023,149.2409973,150.0630035,149.2180023,150.0440063,0
11/7/2023,149.9620056,150.6909943,149.8959961,150.3939972,0
11/8/2023,150.3569946,151.0559998,150.3099976,150.9859924,0
11/9/2023,150.8639984,151.1759949,150.7980042,150.8639984,0
11/10/2023,151.348999,151.5590057,151.2250061,151.348999,0
11/13/2023,151.4689941,151.9029999,151.2400055,151.4689941,0
11/14/2023,151.6459961,151.7749939,150.6970062,151.6459961,0
11/15/2023,150.4850006,151.2319946,150.2599945,150.4850006,0
11/16/2023,151.2149963,151.4210052,150.2969971,151.2149963,0
11/17/2023,150.7050018,150.7689972,149.2149963,150.7050018,0
11/20/2023,149.9420013,149.9689941,148.1089935,149.9420013,0
11/21/2023,148.3090057,148.5939941,147.147995,148.352005,0
11/22/2023,148.1519928,149.7440033,148.0939941,148.1519928,0
11/23/2023,149.4960022,149.6909943,148.8829956,149.5590057,0
11/24/2023,149.4900055,149.7089996,149.1920013,149.4689941,0
11/27/2023,149.4100037,149.6759949,148.5440063,148.6690063,0
11/28/2023,148.4519958,148.7960052,147.3999939,148.4519958,0
11/29/2023,147.0630035,147.8880005,146.6990051,147.0630035,0
11/30/2023,147.0390015,148.4600067,146.8860016,147.0390015,0
12/1/2023,147.9989929,148.3139954,146.8509979,147.9989929,0
12/4/2023,146.3930054,147.2230072,146.2539978,146.3930054,0
12/5/2023,147.1380005,147.3899994,146.5570068,147.2140045,0
12/6/2023,147.1060028,147.4989929,146.8910065,147.3670044,0
12/7/2023,147.1840057,147.1840057,143.8569946,147.1840057,0
12/8/2023,144.2779999,145.147995,142.522995,144.2779999,0
12/11/2023,144.8119965,146.5890045,144.7640076,146.1679993,0
12/12/2023,146.0850067,146.1159973,144.8150024,146.0850067,0
12/13/2023,145.2799988,145.977005,145.0619965,145.2799988,0
12/14/2023,142.772995,142.8730011,141.0440063,142.772995,0
12/15/2023,141.8999939,142.4640045,141.4259949,142.2799988,0
12/18/2023,142.3130035,143.1269989,142.076004,142.3130035,0
12/19/2023,142.7220001,144.9349976,142.2630005,142.7220001,0
12/20/2023,143.8890076,144.0630035,143.302002,143.8890076,0
12/21/2023,143.522995,143.548996,142.0599976,143.522995,0
12/22/2023,142.0700073,142.6459961,141.8840027,142.0700073,0
12/25/2023,142.423996,142.5410004,142.0870056,142.404007,0
12/26/2023,142.3079987,142.6340027,142.0839996,142.4250031,0
12/27/2023,142.3619995,142.8480072,141.5460052,141.7980042,0
12/28/2023,141.3990021,141.6519928,140.2899933,141.3990021,0
12/29/2023,141.4299927,141.8990021,140.8289948,141.4299927,0
1/1/2024,140.9519958,141.0249939,140.9519958,140.9519958,0
1/2/2024,141.1260071,142.1860046,141.1069946,141.1260071,0
1/3/2024,142.1549988,143.6929932,141.8690033,142.1549988,0
1/4/2024,142.9989929,144.8320007,142.8679962,142.9989929,0
1/5/2024,144.7649994,145.9579926,143.8480072,144.7649994,0
1/8/2024,144.5659943,144.9190063,143.6560059,144.2019958,0
1/9/2024,144.2299957,144.4320068,143.4530029,144.2299957,0
1/10/2024,144.4279938,145.8099976,144.4279938,144.4279938,0
1/11/2024,145.7339935,146.3589935,145.279007,145.7339935,0
1/15/2024,145.1490021,145.9340057,145.0970001,145.1490021,0
1/16/2024,147.0809937,147.1719971,147.072998,147.1190033,0
1/17/2024,147.0809937,148.5240021,147.072998,148.0720062,0
1/18/2024,148.1040039,148.3000031,147.6499939,148.1230011,0
1/19/2024,148.1230011,148.8040009,147.8339996,148.128006,0
1/22/2024,148.1210022,148.276001,147.6410065,148.1210022,0
1/23/2024,147.9779968,148.6959991,146.9669952,148.2980042,0
1/24/2024,148.3410034,148.3910065,146.6439972,147.4400024,0
1/25/2024,147.5910034,147.8580017,147.1089935,147.5910034,0
1/29/2024,148.1399994,148.3329926,147.2480011,147.4589996,0
1/30/2024,147.5039978,147.927002,147.0939941,147.5809937,0
1/31/2024,147.5879974,147.897995,146.0050049,146.8860016,0
2/1/2024,146.8769989,147.1139984,145.8910065,146.477005,0
2/2/2024,146.4120026,148.5839996,146.2369995,148.3079987,0
2/5/2024,148.5010071,148.8800049,148.2799988,148.5010071,0
2/6/2024,148.654007,148.7890015,147.7969971,147.897995,0
2/7/2024,147.9089966,148.2579956,147.6179962,148.0740051,0
2/8/2024,148.022995,149.4790039,147.9250031,149.3009949,0
2/9/2024,149.2740021,149.5749969,149.0019989,149.2559967,0
2/12/2024,149.2039948,149.4810028,148.9219971,149.3139954,0
2/13/2024,149.3110046,150.8849945,149.223999,150.7599945,0
2/14/2024,150.723999,150.7740021,150.3630066,150.723999,0
2/15/2024,150.4750061,150.5700073,149.5220032,149.8959961,0
2/19/2024,150.1390076,150.1869965,149.8829956,150.0910034,0
2/20/2024,150.1750031,150.4380035,149.6790009,149.9470062,0
2/21/2024,150.1750031,150.3930054,149.8480072,150.2740021,0
2/22/2024,150.3119965,150.6889954,150.0119934,150.5010071,0
2/26/2024,150.4400024,150.8379974,150.2879944,150.6840057,0
2/27/2024,150.6419983,150.7030029,150.0679932,150.4790039,0
2/28/2024,150.4819946,150.8439941,150.3679962,150.6300049,0
2/29/2024,150.6560059,150.6560059,149.2149963,150.6560059,0
3/1/2024,149.9850006,150.7200012,149.9320068,150.0639954,0
3/4/2024,150.1049957,150.5659943,149.8439941,150.1049957,0
3/5/2024,150.4420013,150.5460052,149.6999969,150.0549927,0
3/6/2024,150.048996,150.076004,149.1390076,150.048996,0
3/7/2024,149.2689972,149.2689972,147.5829926,149.2689972,0
3/11/2024,146.7740021,147.125,146.4949951,146.7740021,0
3/12/2024,146.7319946,147.9559937,146.6450043,146.7319946,0
3/13/2024,147.6320038,147.6829987,147.6009979,147.6549988,0
3/14/2024,147.6210022,148.3029938,147.5090027,147.6210022,0
3/15/2024,148.2810059,149.1640015,148.0279999,149.0330048,0
3/18/2024,148.9550018,149.3209991,148.9290009,148.9550018,0
3/19/2024,150.7960052,150.8679962,150.776001,150.8500061,0
3/20/2024,151.1950073,151.2149963,150.9609985,150.9869995,0
3/21/2024,151.602005,151.6340027,151.5559998,151.602005,0
3/22/2024,151.602005,151.8619995,150.9980011,151.4290009,0
3/25/2024,151.404007,151.4100037,151.3529968,151.3580017,0
3/26/2024,151.5010071,151.5399933,151.4920044,151.5019989,0
3/27/2024,151.5299988,151.9440002,151.0379944,151.5299988,0
3/28/2024,151.3679962,151.4459991,151.3540039,151.423996,0
4/1/2024,151.6360016,151.6499939,151.5970001,151.6100006,0
4/2/2024,151.548996,151.5700073,151.4850006,151.5070038,0
4/3/2024,151.5399933,151.9470062,151.4589996,151.5399933,0
4/4/2024,151.5809937,151.7630005,151.5119934,151.5809937,0
4/5/2024,151.2920074,151.7429962,150.8540039,151.2920074,0
4/8/2024,151.8190002,151.8480072,151.7689972,151.7960052,0
4/9/2024,151.7409973,151.7850037,151.7259979,151.7579956,0
4/10/2024,151.7769928,152.9259949,151.6829987,151.7769928,0
4/11/2024,152.9640045,153.3090057,152.7669983,152.9640045,0
4/12/2024,153.1940002,153.3860016,152.5879974,153.2400055,0
4/15/2024,153.2830048,154.4360046,153.2830048,153.2830048,0
4/16/2024,154.2059937,154.7610016,154.1499939,154.2059937,0
4/17/2024,154.3220062,154.3309937,154.2519989,154.253006,0
4/18/2024,154.3419952,154.6410065,153.9850006,154.3419952,0
4/19/2024,154.5919952,154.6730042,153.5839996,154.5619965,0
4/22/2024,154.6289978,154.7839966,154.5870056,154.6399994,0
4/23/2024,154.8130035,154.8710022,154.5939941,154.8130035,0
4/24/2024,154.7440033,155.1300049,154.7400055,154.7440033,0
4/25/2024,155.2590027,155.7359924,155.2590027,155.2590027,0
4/26/2024,155.5970001,157.6660004,155.4790039,155.5970001,0
4/29/2024,158.223999,159.9609985,154.548996,158.223999,0
4/30/2024,157.7050018,157.8119965,157.6390076,157.7129974,0
5/1/2024,157.7220001,157.9819946,157.4210052,157.7220001,0
5/2/2024,155.7039948,156.2510071,153.4949951,155.7039948,0
5/3/2024,153.0449982,153.4100037,151.8809967,153.0449982,0
5/6/2024,153.5659943,154.0050049,153.3209991,153.5659943,0
5/7/2024,154.2369995,154.6399994,153.8939972,154.2369995,0
5/8/2024,154.7480011,155.6499939,154.6940002,154.7480011,0
5/9/2024,155.4190063,155.9470062,155.2259979,155.4190063,0
5/10/2024,155.3890076,155.8860016,155.3809967,155.3890076,0
5/13/2024,156.2030029,156.2149963,156.1649933,156.1999969,0
5/14/2024,156.3970032,156.4689941,156.378006,156.4340057,0
5/15/2024,154.8110046,154.8300018,154.5429993,154.5590057,0
5/16/2024,155.3509979,155.3890076,155.2940063,155.3670044,0
5/17/2024,155.3509979,155.977005,155.2449951,155.6190033,0
5/20/2024,156.1959991,156.2619934,156.1849976,156.2449951,0
5/21/2024,156.1210022,156.1690063,156.1069946,156.1369934,0
5/22/2024,156.7019958,156.7779999,156.6210022,156.7610016,0
5/23/2024,156.7039948,157.1629944,156.529007,156.7039948,0
5/24/2024,156.9389954,157.1459961,156.8179932,156.9429932,0
5/27/2024,156.8699951,156.9550018,156.6779938,156.8699951,0
5/28/2024,156.8450012,156.9889984,156.6119995,156.8450012,0
5/29/2024,157.5789948,157.6670074,157.5529938,157.6329956,0
5/30/2024,157.6080017,157.6269989,156.427002,157.6080017,0
5/31/2024,156.9530029,157.3619995,156.5700073,156.9530029,0
6/3/2024,157.1799927,157.451004,155.970993,157.1799927,0
6/4/2024,154.8450012,154.8619995,154.7709961,154.8159943,0
6/5/2024,155.1239929,156.4730072,155.1109924,155.1239929,0
6/6/2024,155.9290009,156.3959961,155.4069977,155.9290009,0
6/7/2024,155.6970062,157.0670013,155.1419983,155.6970062,0
6/10/2024,157.0010071,157.0160065,156.947998,156.9680023,0
6/11/2024,157.1100006,157.1230011,157.0420074,157.1049957,0
6/12/2024,156.5910034,156.677002,156.5469971,156.654007,0
6/13/2024,156.8000031,157.3000031,156.5769958,156.8000031,0
6/14/2024,156.9810028,158.2570038,156.7949982,157.322998,0
6/17/2024,157.5460052,157.9519958,157.1699982,157.5460052,0
6/18/2024,157.8170013,157.8769989,157.7709961,157.8670044,0
6/19/2024,157.8710022,157.9450073,157.6130066,157.8710022,0
6/20/2024,158.9120026,158.9340057,158.8739929,158.9259949,0
6/21/2024,158.9120026,159.8350067,158.6640015,159.7669983,0
6/24/2024,159.6040039,159.6269989,159.5379944,159.602005,0
6/25/2024,159.6860046,159.75,159.253006,159.6860046,0
6/26/2024,159.6860046,160.8029938,159.6629944,159.6860046,0
6/27/2024,160.6210022,160.723999,160.3139954,160.6210022,0
6/28/2024,160.6869965,161.2409973,160.2769928,160.6869965,0
7/1/2024,161.4680023,161.4900055,161.3910065,161.4100037,0
7/2/2024,161.4360046,161.4360046,161.3809967,161.427002,0
7/3/2024,161.5579987,161.6340027,161.5209961,161.6130066,0
7/4/2024,161.2299957,161.2460022,161.1640015,161.223999,0
7/5/2024,161.2299957,161.3990021,160.326004,160.7189941,0
7/8/2024,160.6380005,161.1069946,160.2720032,160.6380005,0
7/9/2024,161.2649994,161.2949982,161.2359924,161.2879944,0
7/10/2024,161.3309937,161.7400055,161.3000031,161.3309937,0
7/11/2024,161.6069946,161.746994,157.4889984,161.6069946,0
7/12/2024,158.897995,159.4450073,157.3589935,157.8480072,0
7/15/2024,158.3130035,158.3580017,157.7539978,158.3130035,0
7/16/2024,158.3240051,158.3869934,158.2859955,158.3600006,0
7/17/2024,156.1790009,156.2440033,155.9830017,156.0570068,0
7/18/2024,155.6860046,156.9850006,155.496994,155.6860046,0
7/19/2024,157.3280029,157.8619995,157.0579987,157.4400024,0
7/22/2024,156.9259949,157.0440063,156.8939972,157.0359955,0
7/23/2024,156.8910065,156.9029999,155.8289948,156.8910065,0
7/24/2024,155.7680054,155.977005,153.1109924,155.7680054,0
7/25/2024,153.8910065,154.151001,151.9669952,153.8910065,0
7/26/2024,153.9149933,154.7380066,153.0879974,153.7180023,0
7/29/2024,154.1390076,154.3370056,153.0630035,154.1390076,0
7/30/2024,152.7579956,152.7879944,152.4100037,152.6000061,0
7/31/2024,149.9199982,150.0119934,149.7769928,149.9499969,0
8/1/2024,149.7440033,150.8569946,148.5050049,149.7440033,0
8/2/2024,149.3399963,149.7740021,146.4120026,146.5189972,0
8/5/2024,145.5839996,145.9179993,141.6970062,145.5839996,0
8/6/2024,145.7899933,146.2570038,144.0630035,145.7899933,0
8/7/2024,144.7319946,147.8220062,144.5540009,144.7319946,0
8/8/2024,146.1239929,147.4750061,145.470993,146.1239929,0
8/9/2024,147.1710052,147.8130035,146.2649994,146.6340027,0
8/12/2024,147.1679993,147.223999,147.0769958,147.1529999,0
8/13/2024,146.9819946,147.9299927,146.9109955,146.9819946,0
8/14/2024,146.970993,147.552002,146.0809937,146.970993,0
8/15/2024,147.253006,149.2630005,147.0630035,147.253006,0
8/16/2024,149.2220001,149.2299957,147.6390076,149.2220001,0
8/19/2024,147.9559937,147.9589996,145.220993,147.9559937,0
8/20/2024,146.6990051,147.3190002,145.5339966,146.6990051,0
8/21/2024,145.1179962,145.1710052,144.9550018,145.0429993,0
8/22/2024,146.2380066,146.276001,146.1569977,146.1880035,0
8/23/2024,146.2019958,146.4730072,144.6049957,146.2019958,0
8/26/2024,144,144.5789948,143.4600067,144,0
8/27/2024,143.9120026,143.9429932,143.677002,143.7310028,0
8/28/2024,143.9120026,145.0390015,143.677002,144.4779968,0
8/29/2024,144.4329987,145.5249939,144.2830048,144.4329987,0
8/30/2024,144.9880066,146.246994,144.6470032,146.1759949,0
9/2/2024,146.8800049,146.9120026,146.822998,146.8699951,0
9/4/2024,145.3529968,145.5379944,144.0269928,145.3529968,0
9/5/2024,143.4199982,143.4530029,143.3130035,143.3730011,0
9/6/2024,143.4199982,144.0410004,141.7649994,142.2510071,0
9/9/2024,143.1399994,143.1499939,142.8650055,142.8650055,0
9/10/2024,143.177002,143.6750031,142.2619934,143.177002,0
9/11/2024,142.2339935,142.4680023,140.7180023,142.2339935,0
9/12/2024,141.8209991,141.875,141.6900024,141.772995,0
9/13/2024,141.4989929,141.5269928,140.3619995,141.4989929,0
9/16/2024,140.5919952,140.7160034,140.5919952,140.6629944,0
9/17/2024,142.3070068,142.3760071,142.2380066,142.246994,0
9/18/2024,142.1589966,142.1790009,141.8760071,141.947998,0
9/19/2024,142.7100067,143.9349976,142.0650024,142.7100067,0
9/20/2024,142.6340027,144.4949951,141.7330017,143.8079987,0
9/23/2024,144.0039978,144.4389954,143.1959991,144.0039978,0
9/24/2024,143.173996,143.2460022,143.1239929,143.1549988,0
9/25/2024,142.9629974,144.5879974,142.9360046,142.9629974,0
9/26/2024,144.7550049,144.9700012,144.7429962,144.9250031,0
9/27/2024,144.7550049,146.4909973,142.0619965,142.1499939,0
9/30/2024,143.5690002,143.6999969,143.5330048,143.5809937,0
10/1/2024,143.7100067,144.4960022,143.022995,143.7100067,0
10/2/2024,143.7359924,146.2519989,143.5319977,143.7359924,0
10/3/2024,146.5820007,147.2100067,146.3329926,146.5820007,0
10/4/2024,146.8269958,149.0050049,145.9120026,148.6790009,0
10/8/2024,148.1459961,148.3509979,147.3880005,148.1459961,0
10/9/2024,149.1620026,149.298996,149.1329956,149.2599945,0
10/10/2024,148.5099945,148.6519928,148.5,148.6470032,0
10/11/2024,148.7039948,149.2630005,148.3990021,148.7039948,0
10/14/2024,149.7619934,149.7859955,149.7059937,149.7720032,0
10/15/2024,149.2089996,149.2389984,149.147995,149.2079926,0
10/16/2024,149.5670013,149.628006,149.5160065,149.6210022,0
10/17/2024,150.173996,150.1849976,150.1239929,150.151001,0
10/18/2024,150.1000061,150.1390076,149.5149994,150.1000061,0
10/21/2024,149.6000061,150.4869995,149.095993,149.6000061,0
10/22/2024,151.0330048,151.0800018,150.9900055,151.0269928,0
10/23/2024,152.6779938,152.8269958,152.651001,152.7949982,0
10/24/2024,151.8079987,151.8280029,151.7299957,151.746994,0
10/25/2024,151.8079987,152.3800049,151.4519958,152.2440033,0
10/28/2024,153.2319946,153.3339996,153.2030029,153.2859955,0
10/29/2024,153.1790009,153.8399963,152.7680054,153.1790009,0
10/30/2024,153.2740021,153.4720001,152.8000031,153.2740021,0
10/31/2024,153.2039948,153.5559998,151.9219971,153.2039948,0
11/1/2024,152.0119934,153.0939941,151.7779999,152.9459991,0
11/4/2024,152.2870026,152.2870026,151.5509949,152.2870026,0
11/5/2024,152.1109924,152.5440063,151.3320007,151.5429993,0
11/6/2024,151.5010071,154.697998,151.2819977,154.5359955,0
11/7/2024,154.5269928,154.7129974,152.6869965,152.9049988,0
11/11/2024,152.904007,153.9440002,152.8699951,152.904007,0
11/12/2024,153.7200012,154.9250031,153.4029999,154.6380005,0
11/13/2024,154.6549988,155.2920074,154.3500061,154.6549988,0
11/14/2024,155.4190063,156.4190063,155.3150024,156.2310028,0
11/15/2024,156.2339935,156.7480011,153.8569946,154.3090057,0
11/18/2024,154.2259979,155.3589935,153.8339996,154.6150055,0
11/19/2024,154.6289978,154.7819977,153.2720032,154.6309967,0
11/20/2024,154.5410004,155.8860016,154.5180054,155.3549957,0
11/21/2024,155.3090057,155.3699951,153.9019928,154.4730072,0
11/22/2024,154.4830017,154.9779968,153.9600067,154.7299957,0
11/25/2024,154.4400024,154.7230072,153.5449982,154.1799927,0
11/26/2024,154.1080017,154.4850006,152.9830017,153.0590057,0
11/27/2024,153.0639954,153.2330017,150.4490051,151.0720062,0
11/28/2024,151.0310059,151.9499969,150.8910065,151.5180054,0
12/2/2024,149.8159943,150.7400055,149.1179962,149.897995,0
12/3/2024,149.5140076,150.2359924,148.6410065,149.5789948,0
12/4/2024,149.5879974,151.2310028,149.5149994,150.4349976,0
12/5/2024,150.5019989,150.7740021,149.6560059,150.0079956,0
12/9/2024,150.0420074,151.3470001,149.6840057,151.2610016,0
12/10/2024,151.2319946,152.1809998,150.8930054,151.9389954,0
12/11/2024,151.9349976,152.8639984,151,152.4029999,0
12/12/2024,152.2449951,152.7680054,151.8359985,152.2449951,0
12/16/2024,153.7449951,154.4779968,153.3200073,154.0939941,0
12/17/2024,154.0859985,154.3280029,153.3999939,154.0859985,0
12/18/2024,153.5720062,154.072998,153.3379974,153.5720062,0
12/19/2024,154.6730042,157.7910004,154.4629974,154.6730042,0
12/20/2024,157.4369965,157.9250031,155.9470062,156.4069977,0
12/23/2024,156.3450012,157.2669983,156.3289948,157.1260071,0
12/25/2024,157.1399994,157.3930054,156.8840027,157.1109924,0
12/26/2024,157.1329956,158.0749969,157.0800018,157.1329956,0
12/27/2024,157.7480011,157.9149933,157.352005,157.7480011,0
12/30/2024,157.6029968,158.0749969,156.6660004,156.9049988,0
12/31/2024,156.9949951,157.4100037,156.0429993,156.9949951,0
1/1/2025,157.2669983,157.272995,157.0800018,157.2590027,0
1/2/2025,157.2310028,157.852005,156.4299927,157.4470062,0
1/3/2025,157.4400024,157.5639954,156.8699951,157.272995,0
1/6/2025,156.9759979,157.9609985,156.2359924,157.5820007,0
1/7/2025,157.7429962,158.4210052,157.3899994,157.7429962,0
1/8/2025,158.0240021,158.5540009,157.897995,158.2380066,0
1/9/2025,158.1920013,158.3040009,157.5809937,158.1920013,0
1/13/2025,157.8869934,157.9550018,156.9089966,157.8869934,0
1/14/2025,157.3639984,158.121994,157.1490021,157.3639984,0
1/15/2025,157.9340057,158.0820007,155.9349976,156.3560028,0
1/16/2025,156.3350067,156.5279999,155.0429993,155.1459961,0
1/17/2025,155.197998,156.3739929,154.9730072,156.2660065,0
1/20/2025,156.2689972,156.5809937,155.4049988,155.6130066,0
1/21/2025,155.6349945,156.2350006,154.7700043,155.4689941,0
1/22/2025,155.7740021,156.6349945,155.3849945,155.7740021,0
1/23/2025,156.4199982,156.7510071,155.7380066,156.0169983,0
1/27/2025,155.651001,156.2480011,153.7079926,154.4980011,0
1/28/2025,154.5350037,155.9779968,154.5,155.4980011,0
1/29/2025,155.5209961,155.7920074,154.9340057,155.2160034,0
1/30/2025,155.1560059,155.2359924,153.7850037,154.2100067,0
1/31/2025,154.0970001,154.9940033,153.9320068,154.0970001,0
2/3/2025,155.3630066,155.8639984,154.0189972,155.3630066,0
2/4/2025,155.2769928,155.4909973,154.473999,155.2769928,0
2/5/2025,154.1329956,154.348999,152.1170044,154.1329956,0
2/6/2025,152.6060028,152.8609924,151.6840057,152.6060028,0
2/7/2025,151.1929932,152.2769928,150.9440002,151.1929932,0
2/10/2025,151.845993,152.5249939,151.5789948,151.845993,0
2/11/2025,151.7590027,152.5789948,151.6869965,151.7590027,0
2/12/2025,152.7389984,154.7920074,152.7389984,152.7389984,0
2/13/2025,154.2550049,154.6470032,152.9320068,154.2550049,0
2/14/2025,152.9889984,153.0789948,152.029007,152.9889984,0
2/17/2025,152.022995,152.0950012,151.3379974,152.022995,0
2/18/2025,151.4440002,152.2070007,151.4360046,151.4440002,0
2/19/2025,151.9309998,152.2980042,151.2550049,151.9309998,0
2/20/2025,151.2200012,151.2200012,149.4920044,151.2200012,0
2/21/2025,149.4080048,150.7350006,149.4080048,149.4080048,0
2/24/2025,149.3119965,149.875,148.8390045,149.6929932,0
2/25/2025,149.6990051,150.3009949,148.5619965,149.0540009,0
2/26/2025,149.0800018,149.8869934,148.6150055,149.0359955,0
2/27/2025,148.9940033,150.1629944,148.7409973,149.772995,0
2/28/2025,150.0119934,150.9649963,149.1069946,150.0119934,0
3/3/2025,150.6009979,151.3029938,149.095993,149.5119934,0
3/4/2025,149.5970001,149.8769989,148.0930023,149.7610016,0
3/5/2025,149.6990051,150.1840057,148.3820038,148.8200073,0
3/6/2025,148.8690033,149.3309937,147.3079987,147.8679962,0
3/7/2025,148.1080017,148.1369934,146.9900055,148.1080017,0
3/10/2025,147.6080017,147.7830048,146.6380005,147.6080017,0
3/11/2025,147.7310028,147.8399963,147.6909943,147.7899933,0
3/12/2025,148.2070007,148.2929993,148.154007,148.1959991,0
3/13/2025,147.7429962,147.9360046,147.6950073,147.9109955,0
3/14/2025,147.7429962,149.0240021,147.6950073,148.6100006,0
3/17/2025,149.1309967,149.2519989,149.0980072,149.2100067,0
3/18/2025,149.25,149.3070068,149.177002,149.2929993,0
3/19/2025,148.8000031,148.871994,148.6210022,148.7290039,0
3/20/2025,148.7660065,148.7940063,148.6719971,148.776001,0
3/21/2025,148.7660065,149.6620026,148.5769958,149.2749939,0
3/24/2025,150.6670074,150.7610016,150.6289978,150.6950073,0
3/25/2025,149.8690033,149.9470062,149.8410034,149.9259949,0
3/26/2025,150.5299988,150.5970001,150.3170013,150.4089966,0
3/27/2025,151.0110016,151.1159973,150.9819946,151.1000061,0
3/28/2025,150.8470001,151.1999969,149.9230042,150.8470001,0
3/31/2025,149.8930054,149.9850006,149.8289948,149.878006,0
4/1/2025,149.9129944,149.9799957,148.977005,149.9129944,0
4/2/2025,149.7830048,150.076004,149.1109924,149.7830048,0
4/3/2025,147.871994,148.3179932,145.3390045,147.871994,0
4/4/2025,145.9199982,147.4320068,144.5440063,146.9349976,0
4/7/2025,147.7079926,148.1179962,147.6860046,148.0850067,0
4/8/2025,146.2749939,146.3450012,145.9669952,146.1309967,0
4/9/2025,145.8450012,145.8849945,144.0449982,145.8450012,0
4/10/2025,144.4900055,144.552002,143.9669952,144.2559967,0
4/11/2025,144.4900055,144.552002,142.0599976,143.4900055,0
4/14/2025,142.9799957,143.1799927,142.9029999,143.0700073,0
4/15/2025,143.220993,143.5789948,142.6119995,143.220993,0
4/16/2025,141.7380066,141.9389954,141.7039948,141.8760071,0
4/17/2025,142.3959961,142.4669952,142.3450012,142.3860016,0
4/18/2025,142.3959961,142.4700012,142.0980072,142.1499939,0
4/21/2025,140.7899933,140.8609924,140.7039948,140.7279968,0
4/22/2025,142.3659973,143.0099945,142.3540039,142.9680023,0
4/23/2025,143.1320038,143.1869965,142.8699951,143.0780029,0
4/24/2025,142.673996,142.7899933,142.6320038,142.7189941,0
4/25/2025,142.673996,144.0299988,142.6320038,143.6230011,0
4/28/2025,142.048996,142.223999,141.9960022,142.1600037,0
4/29/2025,142.2700043,142.3130035,142.1869965,142.2839966,0
4/30/2025,142.298996,143.1430054,142.1710052,142.298996,0
5/1/2025,143.0090027,145.6340027,142.8899994,143.0090027,0
5/2/2025,145.447998,145.9060059,143.7380066,145.447998,0
5/5/2025,144.6239929,144.7769928,143.5440063,144.6239929,0
5/6/2025,143.654007,144.25,142.3630066,143.654007,0
5/7/2025,142.4519958,143.3099976,142.3890076,143.1380005,0
5/8/2025,145.8359985,145.9620056,145.7859955,145.8209991,0
5/9/2025,145.8359985,146.1869965,144.8200073,145.322998,0
5/12/2025,148.3600006,148.4369965,148.3059998,148.352005,0
5/13/2025,147.447998,147.4900055,147.298996,147.3880005,0
5/14/2025,146.6450043,146.6880035,146.5509949,146.6560059,0
5/15/2025,146.6499939,146.720993,145.4160004,146.6499939,0
5/16/2025,145.6300049,146.1029968,144.9160004,145.5809937,0
5/19/2025,144.8849945,144.9559937,144.8240051,144.9069977,0
5/20/2025,144.9750061,145.4490051,144.0970001,144.9750061,0
5/21/2025,143.6119995,144.397995,143.595993,144.2279968,0
5/22/2025,144.0220032,144.0809937,143.8139954,143.8869934,0
5/23/2025,143.8580017,144.0099945,142.4689941,143.8580017,0
5/26/2025,142.7449951,142.7720032,142.6549988,142.6869965,0
5/27/2025,144.2700043,144.298996,144.1600037,144.2070007,0
5/28/2025,144.2700043,144.8000031,144.2700043,144.8000031,0
5/29/2025,144.1210022,144.1569977,143.9349976,143.9349976,0
5/30/2025,144.1210022,144.4429932,143.4299927,144.0209961,0
6/2/2025,142.6690063,142.701004,142.5339966,142.5529938,0
6/3/2025,143.9380035,144.0429993,143.8930054,144.0079956,0
6/4/2025,142.7799988,142.8289948,142.7169952,142.7700043,0
6/5/2025,143.5189972,143.5579987,143.4429932,143.5330048,0
6/6/2025,143.5420074,145.0749969,143.5420074,143.5420074,0
6/9/2025,144.6909943,144.9409943,143.9839935,144.6909943,0
6/10/2025,144.8410034,144.901001,144.8130035,144.8650055,0
6/11/2025,144.5019989,144.552002,144.3529968,144.3910065,0
6/12/2025,143.4550018,143.5429993,143.3800049,143.4660034,0
6/13/2025,143.4550018,144.4839935,142.7899933,144.0670013,0
6/16/2025,144.7030029,144.8240051,144.6889954,144.7429962,0
6/17/2025,145.2440033,145.2799988,145.1880035,145.2669983,0
6/18/2025,145.0619965,145.1459961,144.8890076,144.923996,0
6/19/2025,145.4029999,145.5579987,145.371994,145.4790039,0
6/20/2025,145.2180023,145.9530029,145.1470032,145.2180023,0
6/23/2025,146.223999,148.0019989,146.1410065,146.223999,0
6/24/2025,145.9279938,145.9279938,144.526001,145.9279938,0
6/25/2025,144.8500061,145.6790009,144.6040039,145.6529999,0
6/26/2025,144.3580017,144.5350037,144.3200073,144.503006,0
6/27/2025,144.6940002,144.9309998,144.1959991,144.6940002,0
6/30/2025,144.0039978,144.029007,143.8509979,143.9069977,0
7/1/2025,143.3869934,143.4389954,143.3329926,143.4259949,0
7/2/2025,143.647995,143.6580048,143.5509949,143.5590057,0
7/3/2025,144.9230042,144.9600067,144.8849945,144.9450073,0
7/4/2025,144.9230042,144.9669952,144.1799927,144.4429932,0
7/7/2025,146.0039978,146.0330048,145.8419952,145.9019928,0
7/8/2025,146.5540009,146.6139984,146.5169983,146.5809937,0
7/9/2025,146.2669983,146.3209991,146.2160034,146.2689972,0
7/10/2025,146.1139984,146.7630005,145.7649994,146.1139984,0
7/11/2025,146.2180023,147.522995,146.1260071,147.3820038,0
7/14/2025,147.6880035,147.7579956,147.6580048,147.7250061,0
7/15/2025,148.8789978,148.927002,148.8049927,148.9049988,0
7/16/2025,147.8090057,147.9299927,147.7169952,147.8289948,0
7/17/2025,148.003006,149.0140076,148.003006,148.003006,0
7/18/2025,148.5529938,148.8840027,148.1799927,148.7489929,0
7/21/2025,147.2830048,147.3860016,147.253006,147.3739929,0
7/22/2025,147.4089966,147.9299927,146.3450012,147.4089966,0
7/23/2025,146.7850037,147.1849976,146.1360016,146.7850037,0
7/24/2025,147.0599976,147.2330017,147.0460052,147.1009979,0
7/25/2025,147.0599976,147.9400024,146.8079987,147.621994,0
7/28/2025,148.5480042,148.5800018,148.5079956,148.5339966,0
7/29/2025,148.4170074,148.4909973,148.4160004,148.4680023,0
7/30/2025,149.4420013,149.4660034,149.3390045,149.3760071,0
7/31/2025,150.6849976,150.7969971,150.6600037,150.7409973,0
8/1/2025,150.6849976,150.9190063,147.2879944,147.375,0
8/4/2025,147.3430023,148.0670013,146.878006,147.3430023,0
8/5/2025,147.552002,147.6159973,147.5330048,147.5850067,0
8/6/2025,147.5599976,147.8739929,147.2290039,147.5599976,0
8/7/2025,147.0850067,147.0930023,146.9689941,147.0130005,0
8/8/2025,147.0850067,147.904007,146.7160034,147.6929932,0
8/11/2025,147.6640015,148.098999,147.3529968,147.6640015,0
8/12/2025,147.8379974,147.848999,147.7579956,147.7830048,0
8/13/2025,147.7579956,148.1609955,147.1040039,147.7579956,0
8/14/2025,147.7539978,147.7949982,147.7339935,147.7899933,0
8/15/2025,147.7539978,147.8679962,146.7339935,147.177002,0
8/18/2025,147.8040009,147.8800049,147.7519989,147.871994,0
8/19/2025,147.6300049,147.6399994,147.5460052,147.6060028,0
8/20/2025,147.2929993,147.3699951,147.2480011,147.3370056,0
8/21/2025,148.3589935,148.3809967,148.3119965,148.3269958,0
8/22/2025,148.3589935,148.7779999,146.5679932,146.9029999,0
8/25/2025,147.7089996,147.7920074,147.6450043,147.7510071,0
8/26/2025,147.8220062,147.8950043,147.0039978,147.8220062,0
8/27/2025,147.4620056,148.1660004,147.4019928,147.4620056,0
8/28/2025,146.8639984,146.9949951,146.826004,146.970993,0
8/29/2025,146.7899933,147.3890076,146.7700043,146.7899933,0
9/1/2025,147.1730042,147.1999969,147.1300049,147.1300049,0
9/2/2025,148.322998,148.3829956,148.2960052,148.3410034,0
9/3/2025,148.5480042,149.1159973,147.9530029,148.5480042,0
9/4/2025,148.4069977,148.5019989,148.3580017,148.4429932,0
9/5/2025,148.4069977,148.5149994,146.8119965,147.3939972,0
9/8/2025,147.5070038,147.5110016,147.4279938,147.4629974,0
9/9/2025,147.3699951,147.4149933,147.3569946,147.3999939,0
9/10/2025,147.3919983,147.595993,147.128006,147.3919983,0
9/11/2025,147.1529999,147.197998,147.1100006,147.1490021,0
9/12/2025,147.1529999,148.0720062,147.1100006,147.6450043,0
9/15/2025,147.720993,147.779007,147.2259979,147.3450012,0
9/16/2025,147.4049988,147.5370026,146.5070038,147.4049988,0
9/17/2025,146.9049988,146.9830017,146.8569946,146.8869934,0
9/18/2025,146.8910065,148.2570038,146.8650055,146.8910065,0
9/19/2025,147.9490051,148.2830048,147.1920013,147.9120026,0
9/22/2025,148.0950012,148.3699951,147.7369995,148.0950012,0
9/23/2025,147.5839996,147.6289978,147.5350037,147.6029968,0
9/24/2025,148.7830048,148.848999,148.7409973,148.8119965,0
9/25/2025,149.7489929,149.8009949,149.7100067,149.7720032,0
9/26/2025,149.7489929,149.9559937,149.3999939,149.4539948,0
9/30/2025,147.8650055,147.9089966,147.8000031,147.8939972,0
10/1/2025,147.0209961,147.0659943,147.0039978,147.0319977,0
10/2/2025,147.2019958,147.223999,147.1519928,147.1880035,0
10/3/2025,147.2019958,147.8150024,147.0180054,147.3990021,0
10/6/2025,150.2359924,150.2510071,150.2180023,150.2460022,0
10/7/2025,151.8350067,151.8910065,151.7290039,151.8430023,0
10/8/2025,152.0509949,152.9909973,152.0509949,152.0509949,0
10/9/2025,153.0410004,153.0839996,152.9680023,153.0599976,0
10/10/2025,153.0410004,153.2749939,151.1190033,151.1190033,0
10/13/2025,152.0559998,152.4409943,151.7350006,152.0559998,0
10/14/2025,151.7409973,151.8699951,151.6779938,151.7859955,0
10/15/2025,151.0319977,151.1660004,150.9960022,151.048996,0
10/16/2025,150.397995,150.4340057,150.2489929,150.3329926,0
10/17/2025,150.397995,150.6399994,149.3699951,150.5839996,0
10/20/2025,150.8999939,151.1990051,150.2859955,150.8999939,0
10/21/2025,151.8710022,151.8990021,151.848999,151.8710022,0
10/22/2025,151.8910065,151.9129944,151.8130035,151.8619995,0
10/23/2025,151.9539948,152.7859955,151.9539948,151.9539948,0
10/24/2025,152.5630035,153.0619965,152.2169952,152.8099976,0
10/27/2025,152.8329926,152.8560028,152.7380066,152.7870026,0
10/28/2025,152.1040039,152.1589966,152.0200043,152.1349945,0
10/29/2025,152.6430054,152.7039948,152.602005,152.6900024,0
10/30/2025,154.0780029,154.1159973,154.0240021,154.0410004,0
10/31/2025,154.0780029,154.4129944,153.6450043,153.9400024,0
11/3/2025,153.9400024,154.2960052,153.8840027,154.2050018,0
11/4/2025,154.1889954,154.4819946,153.3110046,153.6170044,0
11/5/2025,153.5570068,154.352005,152.9810028,153.5570068,0
11/6/2025,154.0670013,154.1399994,152.826004,153.0449982,0
11/7/2025,153.0399933,153.5950012,152.8139954,153.378006,0
11/10/2025,153.5449982,154.2350006,153.5449982,153.8170013,0
11/11/2025,154.0610046,154.4949951,153.6600037,154.1260071,0
11/12/2025,154.0319977,155.0460052,154.0240021,154.7619934,0
11/13/2025,154.6970062,155.0149994,154.121994,154.4790039,0
11/14/2025,154.5,154.7630005,153.6109924,154.4929962,0
11/17/2025,154.3070068,155.3040009,154.3070068,155.2070007,0
11/18/2025,155.25,155.4949951,154.8350067,155.272995,0
11/19/2025,155.5119934,157.1849976,155.2059937,157.0780029,0
11/20/2025,157.0679932,157.8919983,156.8730011,157.4869995,0
11/21/2025,157.4259949,157.5410004,156.1920013,156.378006,0
11/24/2025,156.6620026,157.1699982,156.4989929,156.6880035,0
11/25/2025,156.8200073,156.9889984,155.7969971,156.102005,0
11/26/2025,156.0180054,156.7409973,155.6450043,156.4129944,0
11/27/2025,156.3990021,156.4250031,155.7160034,156.2929993,0
11/28/2025,156.2700043,156.5820007,155.9759979,156.1369934,0
12/1/2025,156.0549927,156.1719971,154.6589966,155.4440002,0
12/2/2025,155.4210052,156.1889954,155.3990021,155.8300018,0
12/3/2025,155.8200073,155.9069977,155.0050049,155.1529999,0
12/4/2025,155.0970001,155.5299988,154.5189972,155.1069946,0
12/5/2025,155.0480042,155.4940033,154.3379974,155.298996,0
12/8/2025,155.1470032,155.9869995,154.8939972,155.8399963,0
12/9/2025,155.9199982,156.9550018,155.7359924,156.8609924,0
12/10/2025,156.8220062,156.9389954,155.7870026,155.9389954,0
12/11/2025,155.9609985,156.1649933,154.9400024,155.526001,0
12/12/2025,155.477005,156.121994,155.4609985,155.5670013,0
12/15/2025,155.8589935,155.9680023,154.8500061,155.8880005,0
12/16/2025,155.0240021,155.1109924,154.4700012,155.0149994,0
12/17/2025,154.7680054,155.6269989,154.5140076,154.7779999,0
12/18/2025,155.4799957,155.9649963,155.2890015,155.4949951,0
12/19/2025,155.5279999,157.3970032,155.5059967,157.302002,0
12/22/2025,157.75,157.75,156.6999969,157.0209961,0
12/23/2025,157.0090027,157.0249939,155.6410065,156.1750031,0
12/24/2025,156.177002,156.2839966,155.5509949,155.7640076,0
12/25/2025,155.7400055,156.1199951,155.5769958,155.8710022,0
12/26/2025,155.8049927,156.7299957,155.7339935,156.5579987,0
12/29/2025,156.4880066,156.5549927,155.9100037,155.973999,0
12/30/2025,156.0379944,156.5679932,155.7359924,156.3500061,0
1/1/2026,156.3359985,156.9940033,156.3179932,156.7460022,0
1/2/2026,156.7369995,156.9920044,156.5099945,156.7310028,0
1/5/2026,156.9660034,157.2920074,156.3150024,156.9889984,0
1/6/2026,156.4559937,156.7969971,156.1560059,156.5980072,0
1/7/2026,156.6569977,156.7940063,156.298996,156.6799927,0
1/8/2026,156.6820068,157.0720062,156.451004,156.802002,0
1/9/2026,156.8009949,158.1869965,156.7810059,157.8589935,0
1/12/2026,158,158.2050018,157.5070038,158.095993,0
1/13/2026,157.9960022,159.1869965,157.9649963,157.9859924,0
1/14/2026,159.1490021,159.4550018,158.0970001,158.4029999,0
1/15/2026,158.272995,158.8789978,158.220993,158.6000061,0
1/16/2026,158.5720062,158.6759949,157.8209991,158.595993,0
1/19/2026,157.9810028,158.1660004,157.4149933,158.0169983,0
1/20/2026,158.1799927,158.5919952,157.5659943,158.177002,0
1/21/2026,158.1410065,158.5339966,157.7400055,158.3090057,0
1/22/2026,158.3049927,158.8930054,158.1710052,158.3379974,0
1/23/2026,158.4880066,159.2070007,157.3919983,158.5010071,0
1/26/2026,155.529007,155.5650024,153.2980042,154.1380005,0
1/27/2026,154.1159973,154.878006,152.0850067,152.201004,0
1/28/2026,152.3159943,154.0469971,152.2149963,153.3950043,0
1/29/2026,153.1239929,153.5059967,152.7590027,153.095993,0
1/30/2026,152.9799957,154.7610016,152.8560028,154.7299957,0
2/2/2026,154.7799988,155.7870026,154.5420074,155.5919952,0
2/3/2026,155.529007,156.0829926,155.2949982,155.7189941,0
2/4/2026,155.7319946,156.9470062,155.677002,156.8099976,0
2/5/2026,156.802002,157.3370056,156.5240021,157.0420074,0
2/6/2026,157.0240021,157.2709961,156.5039978,157.1840057,0
2/9/2026,157.4329987,157.720993,155.5140076,155.8329926,0
2/10/2026,155.8269958,156.2940063,154.0469971,154.3699951,0
2/11/2026,154.3589935,154.654007,152.5429993,153.128006,0
2/12/2026,153.0590057,153.7579956,152.2590027,152.7550049,0
2/13/2026,152.7570038,153.6549988,152.7449951,152.8209991,0
2/16/2026,152.6109924,153.6369934,152.5220032,153.4689941,0
2/17/2026,153.5500031,153.8869934,152.701004,153.6089935,0
2/18/2026,153.2489929,154.8699951,153.0599976,154.7200012,0
2/19/2026,154.6840057,155.3119965,154.5379944,154.6929932,0
2/20/2026,154.9279938,155.6430054,154.7059937,154.9889984,0
2/23/2026,154.845993,155.0440063,153.9880066,154.6139984,0
2/24/2026,154.595993,156.2810059,154.5140076,155.8379974,0
2/25/2026,155.8000031,156.8240051,155.3329926,156.2369995,0
2/26/2026,156.3029938,156.4320068,155.6900024,156.0480042,0
2/27/2026,155.8710022,156.2169952,155.5410004,155.8589935,0
3/2/2026,156.0350037,157.753006,155.9360046,157.3829956,0
3/3/2026,157.2720032,157.9660034,157.1529999,157.2570038,0
3/4/2026,157.5540009,157.8609924,156.8430023,157.0220032,0
3/5/2026,157.0189972,157.852005,156.4420013,157.5,0
3/6/2026,157.529007,158.0879974,157.352005,157.7640076,0
3/9/2026,157.6730042,157.9029999,157.6109924,157.8500061,0
3/10/2026,158.0509949,158.1399994,158.029007,158.1360016,0
3/11/2026,158.0679932,158.8390045,157.8699951,158.1139984,0
3/12/2026,159.3569946,159.427002,159.2689972,159.2949982,0
3/13/2026,159.2100067,159.6309967,159.0039978,159.2059937,0
3/16/2026,159.5119934,159.6210022,158.8540039,159.5679932,0
3/17/2026,159.1390076,159.4869995,158.7250061,159.1049957,0
3/18/2026,159.7160034,159.8470001,159.6900024,159.8029938,0
3/19/2026,157.7380066,157.8179932,157.6809998,157.772995,0
3/20/2026,157.7380066,159.3860016,157.6809998,159.2200012,0
3/23/2026,159.1399994,159.6499939,158.2250061,159.2339935,0
3/24/2026,158.6260071,158.7640076,158.5879974,158.6580048,0
3/25/2026,159.4559937,159.4629974,159.3410034,159.4440002,0
3/26/2026,159.6309967,159.7429962,159.6139984,159.673996,0
3/27/2026,159.6309967,160.4140015,159.4420013,160.2859955,0
3/30/2026,159.7089996,159.7680054,159.6759949,159.7359924,0
3/31/2026,158.7070007,158.8190002,158.6609955,158.7359924,0
4/1/2026,158.6799927,158.7319946,158.6380005,158.6459961,0
4/2/2026,159.5429993,159.6009979,159.5090027,159.5350037,0
4/3/2026,159.5429993,159.822998,159.4179993,159.6320038,0
4/6/2026,159.6239929,159.625,159.6109924,159.6109924,0
4/7/2026,159.7059937,160.0149994,159.4730072,159.6829987,0
4/8/2026,158.647995,158.746994,157.8930054,158.7160034,0
4/9/2026,158.9600067,159.0410004,158.9230042,159.0339966,0
4/10/2026,159.0890045,159.3639984,159.0090027,159.1119995,0
4/13/2026,159.3470001,159.8609924,159.3350067,159.7380066,0
4/14/2026,158.7969971,158.8150024,158.7339935,158.7929993,0
4/15/2026,158.9579926,158.9629974,158.8309937,158.9080048,0
4/16/2026,159.1179962,159.1399994,158.9989929,159.0930023,0
4/17/2026,159.1179962,159.529007,157.5870056,158.5839996,0
4/20/2026,159.1529999,159.177002,158.5509949,159.1609955,0
4/21/2026,159.401001,159.4219971,159.3249969,159.3730011,0
4/22/2026,159.378006,159.4859924,159.3619995,159.4680023,0
4/23/2026,159.6699982,159.6990051,159.6060028,159.6710052,0
4/24/2026,159.6699982,159.8399963,159.2920074,159.3329926,0
4/27/2026,159.4019928,159.4609985,159.3619995,159.4109955,0
4/28/2026,159.3589935,159.7839966,158.9700012,159.3569946,0
4/29/2026,160.3159943,160.4400024,160.2920074,160.3280029,0
4/30/2026,160.1929932,160.7019958,155.5509949,160.1840057,0
5/1/2026,156.5619965,157.326004,155.4530029,157.0330048,0
5/4/2026,157.1649933,157.2689972,157.098999,157.2100067,0
5/5/2026,157.8470001,157.9299927,157.8269958,157.8679962,0
5/6/2026,156.2680054,156.3789978,156.2019958,156.3569946,0
5/7/2026,156.875,156.9530029,156.7700043,156.8820038,0
5/8/2026,156.875,156.9920044,156.4250031,156.6210022,0
5/11/2026,156.8890076,157.1690063,156.8549957,156.8580017,0
5/12/2026,157.5639954,157.6199951,157.5269928,157.6029968,0
5/13/2026,157.8549957,157.8630066,157.7180023,157.7859955,0
5/14/2026,158.3480072,158.3939972,158.2749939,158.3739929,0
5/15/2026,158.3480072,158.8450012,158.2749939,158.7310028,0
5/18/2026,158.7400055,158.8179932,158.7070007,158.8159943,0
5/19/2026,159.0579987,159.1170044,159.0140076,159.0700073,0
5/20/2026,158.8350067,158.9219971,158.7960052,158.8639984,0
5/21/2026,158.9340057,159.0220032,158.9179993,158.9980011,0
5/22/2026,158.9340057,159.2350006,158.9179993,159.1549988,0
5/25/2026,158.8619995,158.9660034,158.8480072,158.9259949,0
5/26/2026,159.2839966,159.302002,159.2070007,159.272995,0
5/27/2026,159.223999,159.5180054,159.173996,159.2429962,0
5/28/2026,159.5740051,159.6430054,159.1660004,159.5679932,0
5/29/2026,159.2610016,159.3760071,159.098999,159.2700043,0
6/1/2026,159.5939941,159.673996,159.5310059,159.6549988,0
6/2/2026,159.8760071,159.9779968,159.8450012,159.923996,0
6/3/2026,159.9980011,160.0829926,159.9539948,160.0079956,0
6/4/2026,159.9190063,160.0160065,159.9190063,159.970993,0
6/5/2026,159.9190063,160.3430023,159.7059937,160.2929993,0
6/8/2026,160.1560059,160.1869965,160.0800018,160.1600037,0
6/9/2026,160.3220062,160.401001,160.2969971,160.3670044,0
6/10/2026,160.4810028,160.5650024,160.4190063,160.5279999,0
6/11/2026,160.5079956,160.5859985,160.427002,160.5269928,0
6/12/2026,160.1679993,160.3690033,159.9730072,160.1300049,0
6/15/2026,160.3280029,160.3569946,160.2709961,160.3209991,0
6/16/2026,160.3880005,160.4420013,160.3569946,160.4089966,0
6/17/2026,160.5339966,160.6549988,160.5110016,160.6239929,0
6/18/2026,161.3059998,161.4290009,161.2599945,161.352005,0
6/19/2026,161.3059998,161.4589996,160.9759979,161.2799988,0
6/22/2026,161.5379944,161.6399994,161.4869995,161.5919952,0
6/23/2026,161.5469971,161.7330017,161.3099976,161.5700073,0
6/24/2026,161.75,161.7830048,161.6889954,161.7429962,0
6/25/2026,161.746994,161.8079987,161.6889954,161.7700043,0
6/26/2026,161.746994,161.8500061,161.5249939,161.7299957,0
6/29/2026,161.8690033,161.9440002,161.8289948,161.9380035,0
6/30/2026,162.5480042,162.6269989,162.4869995,162.6100006,0
7/1/2026,162.5079956,162.5720062,162.5039978,162.5480042,0
7/2/2026,161.1000061,161.1490021,160.9989929,161.1309967,0
7/3/2026,161.1000061,161.5240021,160.4660034,161.3370056,0
7/6/2026,162.0679932,162.1130066,162.0149994,162.0650024,0
7/7/2026,162.1399994,162.2039948,162.0910034,162.128006,0
7/8/2026,162.3619995,162.697998,162.0800018,162.3630066,0
7/9/2026,162.5099945,162.5650024,162.246994,162.5390015,0
7/10/2026,162.3619995,162.4290009,161.276001,161.6719971,0
7/13/2026,162.4309998,162.4730072,162.4029999,162.4290009,0
7/14/2026,162.1880035,162.2660065,162.1580048,162.2079926,0
7/15/2026,162.1040039,162.1519928,162.0440063,162.0930023,0
7/16/2026,162.3529968,162.3829956,162.2949982,162.352005,0
7/17/2026,162.3529968,162.5189972,162.1109924,162.3529968,0
7/20/2026,162.5249939,162.5829926,162.2709961,162.5119934,0
7/21/2026,162.4799957,163.0310059,162.4400024,162.4869995,0
7/22/2026,163.0899963,163.1320038,163.0509949,163.0980072,0
7/23/2026,163.7619934,163.8509979,163.7400055,163.8359985,0
7/24/2026,163.7619934,163.9400024,163.6360016,163.7910004,0
7/27/2026,163.5879974,163.7610016,163.326004,163.6109924,0
7/28/2026,163.7879944,163.8899994,163.7689972,163.8399963,0
7/29/2026,163.397995,163.4539948,163.3589935,163.4400024,0
7/30/2026,159.598999,159.7839966,159.401001,159.7250061,0
7/31/2026,160.1790009,160.8359985,158.6679993,160.1829987,0
8/3/2026,157.1900024,157.4380035,157.1309967,157.3869934,0
8/4/2026,157.5390015,157.9519958,157.2310028,157.529007,0
8/5/2026,157.6620026,157.7169952,157.6159973,157.697998,0
8/6/2026,157.6640015,158.4799957,157.598999,157.6000061,0
8/7/2026,158.4519958,158.576004,156.6519928,157.7449951,0
8/10/2026,159.2220001,159.3090057,159.1990051,159.2879944,0
8/11/2026,159.2680054,159.3049927,159.2559967,159.2890015,0
8/12/2026,159.397995,159.4539948,159.3840027,159.4179993,0
8/13/2026,159.3179932,159.4759979,159.0269928,159.3280029,0
8/14/2026,159.427002,159.4949951,158.6369934,159.4259949,0
8/17/2026,159.2250061,159.4019928,158.8560028,159.2230072,0
8/18/2026,159.5700073,159.6450043,159.5540009,159.6179962,0
8/19/2026,159.529007,159.5500031,158.052002,159.5500031,0
8/20/2026,159.0509949,159.0789948,158.9450073,158.9819946,0
8/21/2026,159.0509949,159.1340027,158.3470001,158.8619995,0
8/24/2026,159.0769958,159.121994,159.003006,159.1100006,0
8/25/2026,159.201004,159.2359924,159.1809998,159.1970062,0
8/26/2026,159.25,159.3329926,159.2389984,159.2680054,0
8/27/2026,159.2510071,159.5099945,159.1159973,159.2550049,0
8/28/2026,159.375,160.2019958,159.2920074,160.0379944,0
8/31/2026,159.7429962,159.7839966,159.6940002,159.7460022,0
9/1/2026,160.1419983,160.1820068,160.102005,160.173996,0
9/2/2026,158.6640015,158.7960052,158.6560059,158.7720032,0
9/3/2026,155.8249969,155.8809967,155.7740021,155.8639984,0
9/4/2026,155.8249969,156.7519989,155.2819977,156.220993,0
9/7/2026,156.2089996,156.2460022,154.0639954,156.1970062,0
9/8/2026,153.8549957,153.973999,153.6289978,153.6419983,0
9/9/2026,153.5099945,153.5950012,153.3470001,153.3580017,0
9/10/2026,153.5590057,154.621994,153.3090057,153.572998,0
9/11/2026,154.3659973,154.6170044,153.2339935,153.5540009,0
9/14/2026,154.279007,154.3699951,154.2720032,154.3410034,0
9/15/2026,155.0809937,155.1159973,155.0269928,155.072998,0
9/16/2026,156.2319946,156.3179932,156.1950073,156.2220001,0
9/17/2026,156.029007,156.272995,155.3399963,156.0140076,0
9/18/2026,155.9129944,158.0540009,155.8639984,156.8549957,0
9/21/2026,157.0090027,157.522995,156.5919952,157.0460052,0
9/22/2026,157.3609924,157.7720032,156.8269958,157.3690033,0
9/23/2026,158.2969971,158.3190002,158.2279968,158.2689972,0
9/24/2026,158.7779999,158.8560028,158.7330017,158.7669983,0
9/25/2026,158.7779999,158.8560028,156.9320068,157.1849976,0
9/28/2026,157.3760071,157.4170074,157.348999,157.3849945,0
9/29/2026,157.348999,157.6880035,157.0050049,157.3609924,0
9/30/2026,157.3309937,157.4490051,157.3029938,157.4349976,0
